block,model,expr,depth,nodes,gates,time_min,mean,sem,n,prediction
RhoA perturbation; Cdc42 response,linear_R,R,0,1,0,0.0,-0.027923615520833316,0.45900898728135897,96.0,-0.04675631889313984
RhoA perturbation; Cdc42 response,linear_R,R,0,1,0,0.3333333,9.572856721979164,1.7117579212037075,96.0,9.845135110096985
RhoA perturbation; Cdc42 response,linear_R,R,0,1,0,0.6666667,12.723626935312508,2.055170942837916,96.0,14.130548071462451
RhoA perturbation; Cdc42 response,linear_R,R,0,1,0,1.0,16.123369902708337,2.3761519061971845,96.0,15.987094185749031
RhoA perturbation; Cdc42 response,linear_R,R,0,1,0,1.333333,19.43115996822917,2.575528577353306,96.0,16.791395439375634
RhoA perturbation; Cdc42 response,linear_R,R,0,1,0,1.666667,21.223441842604178,2.6249579919655845,96.0,17.139839575376115
RhoA perturbation; Cdc42 response,linear_R,R,0,1,0,2.0,22.44582539614582,2.7499625308181033,96.0,17.290793642521432
RhoA perturbation; Cdc42 response,linear_R,R,0,1,0,2.333333,25.041849861666687,2.7677347746441052,96.0,17.356190728962446
RhoA perturbation; Cdc42 response,linear_R,R,0,1,0,2.666667,26.21257579843751,2.839828056336364,96.0,17.384522440717387
RhoA perturbation; Cdc42 response,linear_R,R,0,1,0,3.0,26.586747623541658,2.997138272755855,96.0,17.39679639420585
RhoA perturbation; Cdc42 response,linear_R,R,0,1,0,3.333333,28.537379678437492,2.997536296801952,96.0,17.40211377857606
RhoA perturbation; Cdc42 response,linear_R,R,0,1,0,3.666667,28.538720332499988,3.061047342985218,96.0,17.404417407215583
RhoA perturbation; Cdc42 response,linear_R,R,0,1,0,4.0,30.86264847822916,3.086591456183257,96.0,17.405415392477497
RhoA perturbation; Cdc42 response,linear_R,R,0,1,0,4.333334,30.073681551770832,3.221420673684088,96.0,17.40584774554267
RhoA perturbation; Cdc42 response,linear_R,R,0,1,0,4.666667,31.353581760729174,3.2429259411199145,96.0,17.406035050900655
RhoA perturbation; Cdc42 response,linear_R,R,0,1,0,5.0,31.513904618333342,3.3185235093304732,96.0,17.406116196277644
RhoA perturbation; Cdc42 response,linear_R,R,0,1,0,5.333334,32.65468524489584,3.318451354211551,96.0,17.406151350556776
RhoA perturbation; Cdc42 response,linear_R,R,0,1,0,5.666667,32.21263448333334,3.443925762912029,96.0,17.406166580204413
RhoA perturbation; Cdc42 response,linear_R,R,0,1,0,6.0,33.98101023406249,3.5208243092732365,96.0,17.40617317806959
RhoA perturbation; Cdc42 response,linear_R,R,0,1,0,6.333334,34.32541528458332,3.625770168494379,96.0,17.406176036435685
RhoA perturbation; Cdc42 response,linear_R,R,0,1,0,6.666667,35.020071923124995,3.6337098474294653,96.0,17.406177274746053
RhoA perturbation; Cdc42 response,linear_R,R,0,1,0,7.0,35.68365437302082,3.680654227050923,96.0,17.40617781121315
RhoA perturbation; Cdc42 response,linear_R,R,0,1,0,7.333334,34.79511669166665,3.7492912875266424,96.0,17.406178043624593
RhoA perturbation; Cdc42 response,linear_R,R,0,1,0,7.666667,36.316073593124976,3.754161885758576,96.0,17.406178144310612
RhoA perturbation; Cdc42 response,linear_R,R,0,1,0,8.0,36.42803883604166,3.7540435656026254,96.0,17.40617818793032
RhoA perturbation; Cdc42 response,linear_R,R,0,1,0,8.333333,38.05664679145834,3.818279822517446,96.0,17.40617820682747
RhoA perturbation; Cdc42 response,linear_R,R,0,1,0,8.666667,37.498483035,3.89908045696899,96.0,17.406178215014204
RhoA perturbation; Cdc42 response,linear_R,R,0,1,0,9.0,38.373461548125,3.940671824462212,96.0,17.40617821856089
RhoA perturbation; Cdc42 response,linear_R,R,0,1,0,9.333333,39.71396570666666,3.967479363055417,96.0,17.406178220097402
RhoA perturbation; Cdc42 response,linear_R,R,0,1,0,9.666667,39.59648601916666,3.8734463426419445,96.0,17.406178220763056
RhoA perturbation; Cdc42 response,linear_R,R,0,1,0,10.0,39.06948966406249,3.942890003765534,96.0,17.406178221051434
RhoA perturbation; Cdc42 response,linear_R,R,0,1,0,10.33333,38.990662630520845,4.005894386001017,96.0,17.406178221176365
RhoA perturbation; Cdc42 response,linear_R,R,0,1,0,10.66667,39.45031246177082,3.988341174717161,96.0,17.40617822123049
RhoA perturbation; Cdc42 response,linear_R,R,0,1,0,11.0,40.623721676354144,4.047509465116343,96.0,17.40617822125394
RhoA perturbation; Cdc42 response,linear_R,R,0,1,0,11.33333,40.7664319459375,4.065565791294083,96.0,17.4061782212641
RhoA perturbation; Cdc42 response,linear_R,R,0,1,0,11.66667,39.61090631427084,4.05057942385462,96.0,17.406178221268497
RhoA perturbation; Cdc42 response,linear_R,R,0,1,0,12.0,40.80843216510416,4.060803887249427,96.0,17.406178221270405
RhoA perturbation; Cdc42 response,linear_R,R,0,1,0,12.33333,40.69041874479168,4.1171645311356455,96.0,17.40617822127123
RhoA perturbation; Cdc42 response,linear_R,R,0,1,0,12.66667,41.37944060083334,4.085218575245882,96.0,17.40617822127159
RhoA perturbation; Cdc42 response,linear_R,R,0,1,0,13.0,41.696821155,4.0695263217148785,96.0,17.406178221271745
RhoA perturbation; Cdc42 response,linear_R,R,0,1,0,13.33333,40.61681270593751,4.080936214401611,96.0,17.406178221271812
RhoA perturbation; Cdc42 response,linear_R,R,0,1,0,13.66667,40.04831553375,4.03329878824528,96.0,17.40617822127184
RhoA perturbation; Cdc42 response,linear_R,R,0,1,0,14.0,42.655246395208344,3.9080439270441727,96.0,17.40617822127185
RhoA perturbation; Cdc42 response,linear_R,R,0,1,0,14.33333,42.664869551979166,4.035669535095019,96.0,17.40617822127186
RhoA perturbation; Cdc42 response,linear_R,R,0,1,0,14.66667,41.769536490104194,4.038248231195513,96.0,17.40617822127186
RhoA perturbation; Cdc42 response,linear_R,R,0,1,0,15.0,41.51994889124999,4.068766455442411,96.0,17.406178221271862
RhoA perturbation; Cdc42 response,linear_R,R,0,1,0,15.33333,44.23900240135416,4.041993409643368,96.0,17.406178221271862
RhoA perturbation; Cdc42 response,linear_R,R,0,1,0,15.66667,43.1206390258333,4.166837456238659,96.0,17.406178221271862
RhoA perturbation; Cdc42 response,linear_R,R,0,1,0,16.0,44.839397978854144,4.1520711466138955,96.0,17.406178221271862
RhoA perturbation; Cdc42 response,linear_R,R,0,1,0,16.33333,43.06918511302083,4.230287234171569,96.0,17.406178221271862
RhoA perturbation; Cdc42 response,linear_R,R,0,1,0,16.66667,44.09113680843748,4.289577947853359,96.0,17.406178221271862
RhoA perturbation; Cdc42 response,linear_R,R,0,1,0,17.0,44.53816757677084,4.342622278026322,96.0,17.406178221271862
RhoA perturbation; Cdc42 response,linear_R,R,0,1,0,17.33333,43.110703397187514,4.418435420544268,96.0,17.406178221271862
RhoA perturbation; Cdc42 response,linear_R,R,0,1,0,17.66667,42.82344298583332,4.336818418553825,96.0,17.406178221271862
RhoA perturbation; Cdc42 response,linear_R,R,0,1,0,18.0,44.090536348854165,4.30851623883757,96.0,17.406178221271862
RhoA perturbation; Cdc42 response,linear_R,R,0,1,0,18.33333,44.142052664375,4.218111446909127,96.0,17.406178221271862
RhoA perturbation; Cdc42 response,linear_R,R,0,1,0,18.66667,44.263298895312516,4.2360150986473375,96.0,17.406178221271862
RhoA perturbation; Cdc42 response,linear_R,R,0,1,0,19.0,43.36335120822915,4.265969838916123,96.0,17.406178221271862
RhoA perturbation; Cdc42 response,linear_R,R,0,1,0,19.33333,43.08669481947916,4.228434709868423,96.0,17.406178221271862
RhoA perturbation; Cdc42 response,linear_R,R,0,1,0,19.66667,44.81050446312499,4.269012995669736,96.0,17.406178221271862
RhoA perturbation; Cdc42 response,linear_R,R,0,1,0,20.0,44.510929666354166,4.220252827470473,96.0,17.406178221271862
RhoA perturbation; Cdc42 response,linear_R,R,0,1,0,20.33333,41.54642154458333,3.9541869881523812,96.0,17.406178221271862
RhoA perturbation; Cdc42 response,linear_R,R,0,1,0,20.66667,40.047226886562505,3.798215134748698,96.0,17.406178221271862
RhoA perturbation; Cdc42 response,linear_R,R,0,1,0,21.0,39.69214392583333,3.6206287350291313,96.0,17.406178221271862
RhoA perturbation; Cdc42 response,linear_R,R,0,1,0,21.33333,37.600583485520836,3.454382500683567,96.0,17.406178221271862
RhoA perturbation; Cdc42 response,linear_R,R,0,1,0,21.66667,35.40411080218749,3.3247934197075897,96.0,17.406178221271862
RhoA perturbation; Cdc42 response,linear_R,R,0,1,0,22.0,34.32286644083334,3.2697660006155878,96.0,17.406178221271862
RhoA perturbation; Cdc42 response,linear_R,R,0,1,0,22.33333,33.45373635354167,3.0377326972496514,96.0,17.406178221271862
RhoA perturbation; Cdc42 response,linear_R,R,0,1,0,22.66667,32.43612773666668,2.9611556203085705,96.0,17.406178221271862
RhoA perturbation; Cdc42 response,linear_R,R,0,1,0,23.0,31.586112918854173,2.8418174843343205,96.0,17.406178221271862
RhoA perturbation; Cdc42 response,linear_R,R,0,1,0,23.33333,30.50887267749999,2.744782090490418,96.0,17.406178221271862
RhoA perturbation; Cdc42 response,linear_R,R,0,1,0,23.66667,28.655807943750002,2.672413285493715,96.0,17.406178221271862
RhoA perturbation; Cdc42 response,linear_R,R,0,1,0,24.0,27.546000784895835,2.5318502427937117,96.0,17.406178221271862
RhoA perturbation; Cdc42 response,linear_R,R,0,1,0,24.33333,27.06587826302082,2.4677824051400767,96.0,17.406178221271862
RhoA perturbation; Cdc42 response,linear_R,R,0,1,0,24.66667,25.482764552604163,2.4126124028827096,96.0,17.406178221271862
RhoA perturbation; Cdc42 response,linear_R,R,0,1,0,25.0,25.59795988135417,2.287605835685528,96.0,17.406178221271862
RhoA perturbation; Cdc42 response,linear_R,R,0,1,0,25.33333,24.447861462395817,2.167375122557263,96.0,17.406178221271862
RhoA perturbation; Cdc42 response,linear_R,R,0,1,0,25.66667,24.01868832989582,2.1371376446013857,96.0,17.406178221271862
RhoA perturbation; Cdc42 response,linear_R,R,0,1,0,26.0,22.78127678479167,2.086312559586399,96.0,17.406178221271862
RhoA perturbation; Cdc42 response,linear_R,R,0,1,0,26.33333,21.891632093854167,2.0150716631938677,96.0,17.406178221271862
RhoA perturbation; Cdc42 response,linear_R,R,0,1,0,26.66667,20.945023626458326,1.8698014129842881,96.0,17.406178221271862
RhoA perturbation; Cdc42 response,linear_R,R,0,1,0,27.0,20.629967116875008,1.861930411470987,96.0,17.406178221271862
RhoA perturbation; Cdc42 response,linear_R,R,0,1,0,27.33333,20.088517467916663,1.7512042470241485,96.0,17.406178221271862
RhoA perturbation; Cdc42 response,linear_R,R,0,1,0,27.66667,18.69201190260416,1.76465998919581,96.0,17.406178221271862
RhoA perturbation; Cdc42 response,linear_R,R,0,1,0,28.0,18.56528418562501,1.6893769747792127,96.0,17.406178221271862
RhoA perturbation; Cdc42 response,linear_R,R,0,1,0,28.33333,17.870653391875,1.6870169662889802,96.0,17.406178221271862
RhoA perturbation; Cdc42 response,linear_R,R,0,1,0,28.66667,17.339744944374996,1.588282207627887,96.0,17.406178221271862
RhoA perturbation; Cdc42 response,linear_R,R,0,1,0,29.0,16.46350753833333,1.5832712268805966,96.0,17.406178221271862
RhoA perturbation; Cdc42 response,linear_R,R,0,1,0,29.33333,15.708429160104162,1.5227800474289892,96.0,17.406178221271862
RhoA perturbation; Cdc42 response,linear_R,R,0,1,0,29.66667,14.33290780020833,1.561889817872484,96.0,17.406178221271862
RhoA perturbation; Cdc42 response,linear_R,R,0,1,0,30.0,14.203605272812503,1.520699141885573,96.0,17.406178221271862
RhoA perturbation; Cdc42 response,linear_R,R,0,1,0,30.33333,13.213554077812503,1.4664462570194274,96.0,17.406178221271862
RhoA perturbation; Cdc42 response,linear_R,R,0,1,0,30.66667,13.623335934583336,1.4679404139860608,96.0,17.406178221271862
RhoA perturbation; Cdc42 response,linear_R,R,0,1,0,31.0,14.018861143125,1.424568590609521,96.0,17.406178221271862
RhoA perturbation; Cdc42 response,linear_R,R,0,1,0,31.33333,12.624694368645834,1.4073758356256998,96.0,17.406178221271862
RhoA perturbation; Cdc42 response,linear_R,R,0,1,0,31.66667,12.349149456979164,1.4168910701793418,96.0,17.406178221271862
RhoA perturbation; Cdc42 response,linear_R,R,0,1,0,32.0,12.131231478541672,1.391732624306371,96.0,17.406178221271862
RhoA perturbation; Cdc42 response,linear_R,R,0,1,0,32.33333,11.920231513020832,1.4139563056828284,96.0,17.406178221271862
RhoA perturbation; Cdc42 response,linear_R,R,0,1,0,32.66667,11.742871103854158,1.2917756055122211,96.0,17.406178221271862
RhoA perturbation; Cdc42 response,linear_R,R,0,1,0,33.0,11.112344080729164,1.4687470751248861,96.0,17.406178221271862
RhoA perturbation; Cdc42 response,linear_R,R,0,1,0,33.33333,11.448311698749997,1.414622672158428,96.0,17.406178221271862
RhoA perturbation; Cdc42 response,linear_R,R,0,1,0,33.66667,10.631778282604168,1.3965004285988596,96.0,17.406178221271862
RhoA perturbation; Cdc42 response,linear_R,R,0,1,0,34.0,11.341713643020832,1.3230561965793761,96.0,17.406178221271862
RhoA perturbation; Cdc42 response,linear_R,R,0,1,0,34.33333,10.709179328645837,1.4557604762070828,96.0,17.406178221271862
RhoA perturbation; Cdc42 response,linear_R,R,0,1,0,34.66667,9.830198902812496,1.4290151201499555,96.0,17.406178221271862
RhoA perturbation; Cdc42 response,linear_R,R,0,1,0,35.0,10.293112988541665,1.391162024914986,96.0,17.406178221271862
RhoA perturbation; Cdc42 response,linear_R,R,0,1,0,35.33333,9.332255931770835,1.437777702942255,96.0,17.406178221271862
RhoA perturbation; Cdc42 response,linear_R,R,0,1,0,35.66667,10.107261608437506,1.3874154515894122,96.0,17.406178221271862
RhoA perturbation; Cdc42 response,linear_R,R,0,1,0,36.0,9.827691570208332,1.480774129190423,96.0,17.406178221271862
RhoA perturbation; Cdc42 response,linear_R,R,0,1,0,36.33333,9.709041730833333,1.5384837646541616,96.0,17.406178221271862
RhoA perturbation; Cdc42 response,linear_R,R,0,1,0,36.66667,9.315187174791669,1.7393612509974656,96.0,17.406178221271862
RhoA perturbation; Cdc42 response,linear_R,R,0,1,0,37.0,9.948737530729167,1.4400767516664625,96.0,17.406178221271862
RhoA perturbation; Cdc42 response,linear_R,R,0,1,0,37.33333,10.02341929479167,1.4218773780945793,96.0,17.406178221271862
RhoA perturbation; Cdc42 response,linear_R,R,0,1,0,37.66667,9.403855300208333,1.3853093435826955,96.0,17.406178221271862
RhoA perturbation; Cdc42 response,linear_R,R,0,1,0,38.0,9.14292041989584,1.5458551676916175,96.0,17.406178221271862
RhoA perturbation; Cdc42 response,linear_R,R,0,1,0,38.33333,9.17049158197917,1.4355564822468991,96.0,17.406178221271862
RhoA perturbation; Cdc42 response,linear_R,R,0,1,0,38.66667,7.807129513541668,1.498602070455668,96.0,17.406178221271862
RhoA perturbation; Cdc42 response,linear_R,R,0,1,0,39.0,8.327797780416672,1.2036795151143105,96.0,17.406178221271862
RhoA perturbation; Cdc42 response,linear_R,R,0,1,0,39.33333,8.926327779166662,1.3951379373455004,96.0,17.406178221271862
RhoA perturbation; Cdc42 response,linear_R,R,0,1,0,39.66667,8.345374473020836,1.3024730221384018,96.0,17.406178221271862
RhoA perturbation; Cdc42 response,linear_R,R,0,1,0,40.0,7.4125334264583325,1.2672893637109905,96.0,17.406178221271862
RhoA perturbation; Cdc42 response,simple_hill,H(R),1,2,1,0.0,-0.027923615520833316,0.45900898728135897,96.0,23.21908338182547
RhoA perturbation; Cdc42 response,simple_hill,H(R),1,2,1,0.3333333,9.572856721979164,1.7117579212037075,96.0,23.21908338182547
RhoA perturbation; Cdc42 response,simple_hill,H(R),1,2,1,0.6666667,12.723626935312508,2.055170942837916,96.0,23.21908338182547
RhoA perturbation; Cdc42 response,simple_hill,H(R),1,2,1,1.0,16.123369902708337,2.3761519061971845,96.0,23.21908338182547
RhoA perturbation; Cdc42 response,simple_hill,H(R),1,2,1,1.333333,19.43115996822917,2.575528577353306,96.0,23.21908338182547
RhoA perturbation; Cdc42 response,simple_hill,H(R),1,2,1,1.666667,21.223441842604178,2.6249579919655845,96.0,23.21908338182547
RhoA perturbation; Cdc42 response,simple_hill,H(R),1,2,1,2.0,22.44582539614582,2.7499625308181033,96.0,23.21908338182547
RhoA perturbation; Cdc42 response,simple_hill,H(R),1,2,1,2.333333,25.041849861666687,2.7677347746441052,96.0,23.21908338182547
RhoA perturbation; Cdc42 response,simple_hill,H(R),1,2,1,2.666667,26.21257579843751,2.839828056336364,96.0,23.21908338182547
RhoA perturbation; Cdc42 response,simple_hill,H(R),1,2,1,3.0,26.586747623541658,2.997138272755855,96.0,23.21908338182547
RhoA perturbation; Cdc42 response,simple_hill,H(R),1,2,1,3.333333,28.537379678437492,2.997536296801952,96.0,23.21908338182547
RhoA perturbation; Cdc42 response,simple_hill,H(R),1,2,1,3.666667,28.538720332499988,3.061047342985218,96.0,23.21908338182547
RhoA perturbation; Cdc42 response,simple_hill,H(R),1,2,1,4.0,30.86264847822916,3.086591456183257,96.0,23.21908338182547
RhoA perturbation; Cdc42 response,simple_hill,H(R),1,2,1,4.333334,30.073681551770832,3.221420673684088,96.0,23.21908338182547
RhoA perturbation; Cdc42 response,simple_hill,H(R),1,2,1,4.666667,31.353581760729174,3.2429259411199145,96.0,23.21908338182547
RhoA perturbation; Cdc42 response,simple_hill,H(R),1,2,1,5.0,31.513904618333342,3.3185235093304732,96.0,23.21908338182547
RhoA perturbation; Cdc42 response,simple_hill,H(R),1,2,1,5.333334,32.65468524489584,3.318451354211551,96.0,23.21908338182547
RhoA perturbation; Cdc42 response,simple_hill,H(R),1,2,1,5.666667,32.21263448333334,3.443925762912029,96.0,23.21908338182547
RhoA perturbation; Cdc42 response,simple_hill,H(R),1,2,1,6.0,33.98101023406249,3.5208243092732365,96.0,23.21908338182547
RhoA perturbation; Cdc42 response,simple_hill,H(R),1,2,1,6.333334,34.32541528458332,3.625770168494379,96.0,23.219083381825467
RhoA perturbation; Cdc42 response,simple_hill,H(R),1,2,1,6.666667,35.020071923124995,3.6337098474294653,96.0,23.21908338182545
RhoA perturbation; Cdc42 response,simple_hill,H(R),1,2,1,7.0,35.68365437302082,3.680654227050923,96.0,23.219083381825396
RhoA perturbation; Cdc42 response,simple_hill,H(R),1,2,1,7.333334,34.79511669166665,3.7492912875266424,96.0,23.219083381825214
RhoA perturbation; Cdc42 response,simple_hill,H(R),1,2,1,7.666667,36.316073593124976,3.754161885758576,96.0,23.219083381824646
RhoA perturbation; Cdc42 response,simple_hill,H(R),1,2,1,8.0,36.42803883604166,3.7540435656026254,96.0,23.21908338182295
RhoA perturbation; Cdc42 response,simple_hill,H(R),1,2,1,8.333333,38.05664679145834,3.818279822517446,96.0,23.21908338181817
RhoA perturbation; Cdc42 response,simple_hill,H(R),1,2,1,8.666667,37.498483035,3.89908045696899,96.0,23.219083381805294
RhoA perturbation; Cdc42 response,simple_hill,H(R),1,2,1,9.0,38.373461548125,3.940671824462212,96.0,23.219083381772126
RhoA perturbation; Cdc42 response,simple_hill,H(R),1,2,1,9.333333,39.71396570666666,3.967479363055417,96.0,23.219083381690076
RhoA perturbation; Cdc42 response,simple_hill,H(R),1,2,1,9.666667,39.59648601916666,3.8734463426419445,96.0,23.219083381494645
RhoA perturbation; Cdc42 response,simple_hill,H(R),1,2,1,10.0,39.06948966406249,3.942890003765534,96.0,23.219083381045216
RhoA perturbation; Cdc42 response,simple_hill,H(R),1,2,1,10.33333,38.990662630520845,4.005894386001017,96.0,23.21908338004505
RhoA perturbation; Cdc42 response,simple_hill,H(R),1,2,1,10.66667,39.45031246177082,3.988341174717161,96.0,23.219083377886424
RhoA perturbation; Cdc42 response,simple_hill,H(R),1,2,1,11.0,40.623721676354144,4.047509465116343,96.0,23.219083373359933
RhoA perturbation; Cdc42 response,simple_hill,H(R),1,2,1,11.33333,40.7664319459375,4.065565791294083,96.0,23.219083364120934
RhoA perturbation; Cdc42 response,simple_hill,H(R),1,2,1,11.66667,39.61090631427084,4.05057942385462,96.0,23.219083345735704
RhoA perturbation; Cdc42 response,simple_hill,H(R),1,2,1,12.0,40.80843216510416,4.060803887249427,96.0,23.219083310017965
RhoA perturbation; Cdc42 response,simple_hill,H(R),1,2,1,12.33333,40.69041874479168,4.1171645311356455,96.0,23.21908324217759
RhoA perturbation; Cdc42 response,simple_hill,H(R),1,2,1,12.66667,41.37944060083334,4.085218575245882,96.0,23.219083116045503
RhoA perturbation; Cdc42 response,simple_hill,H(R),1,2,1,13.0,41.696821155,4.0695263217148785,96.0,23.219082886248238
RhoA perturbation; Cdc42 response,simple_hill,H(R),1,2,1,13.33333,40.61681270593751,4.080936214401611,96.0,23.219082475535483
RhoA perturbation; Cdc42 response,simple_hill,H(R),1,2,1,13.66667,40.04831553375,4.03329878824528,96.0,23.21908175470245
RhoA perturbation; Cdc42 response,simple_hill,H(R),1,2,1,14.0,42.655246395208344,3.9080439270441727,96.0,23.21908051138688
RhoA perturbation; Cdc42 response,simple_hill,H(R),1,2,1,14.33333,42.664869551979166,4.035669535095019,96.0,23.219078401894308
RhoA perturbation; Cdc42 response,simple_hill,H(R),1,2,1,14.66667,41.769536490104194,4.038248231195513,96.0,23.219074878434906
RhoA perturbation; Cdc42 response,simple_hill,H(R),1,2,1,15.0,41.51994889124999,4.068766455442411,96.0,23.219069081122097
RhoA perturbation; Cdc42 response,simple_hill,H(R),1,2,1,15.33333,44.23900240135416,4.041993409643368,96.0,23.219059677804097
RhoA perturbation; Cdc42 response,simple_hill,H(R),1,2,1,15.66667,43.1206390258333,4.166837456238659,96.0,23.219044632065078
RhoA perturbation; Cdc42 response,simple_hill,H(R),1,2,1,16.0,44.839397978854144,4.1520711466138955,96.0,23.219020872510765
RhoA perturbation; Cdc42 response,simple_hill,H(R),1,2,1,16.33333,43.06918511302083,4.230287234171569,96.0,23.218983818648823
RhoA perturbation; Cdc42 response,simple_hill,H(R),1,2,1,16.66667,44.09113680843748,4.289577947853359,96.0,23.218926719297787
RhoA perturbation; Cdc42 response,simple_hill,H(R),1,2,1,17.0,44.53816757677084,4.342622278026322,96.0,23.218839742903597
RhoA perturbation; Cdc42 response,simple_hill,H(R),1,2,1,17.33333,43.110703397187514,4.418435420544268,96.0,23.21870870979609
RhoA perturbation; Cdc42 response,simple_hill,H(R),1,2,1,17.66667,42.82344298583332,4.336818418553825,96.0,23.218513382283167
RhoA perturbation; Cdc42 response,simple_hill,H(R),1,2,1,18.0,44.090536348854165,4.30851623883757,96.0,23.218225189453378
RhoA perturbation; Cdc42 response,simple_hill,H(R),1,2,1,18.33333,44.142052664375,4.218111446909127,96.0,23.217804129618216
RhoA perturbation; Cdc42 response,simple_hill,H(R),1,2,1,18.66667,44.263298895312516,4.2360150986473375,96.0,23.217194723685374
RhoA perturbation; Cdc42 response,simple_hill,H(R),1,2,1,19.0,43.36335120822915,4.265969838916123,96.0,23.21632079389159
RhoA perturbation; Cdc42 response,simple_hill,H(R),1,2,1,19.33333,43.08669481947916,4.228434709868423,96.0,23.21507848950159
RhoA perturbation; Cdc42 response,simple_hill,H(R),1,2,1,19.66667,44.81050446312499,4.269012995669736,96.0,23.21332745906532
RhoA perturbation; Cdc42 response,simple_hill,H(R),1,2,1,20.0,44.510929666354166,4.220252827470473,96.0,23.210879803030743
RhoA perturbation; Cdc42 response,simple_hill,H(R),1,2,1,20.33333,41.54642154458333,3.9541869881523812,96.0,23.207485550083014
RhoA perturbation; Cdc42 response,simple_hill,H(R),1,2,1,20.66667,40.047226886562505,3.798215134748698,96.0,23.202814894896452
RhoA perturbation; Cdc42 response,simple_hill,H(R),1,2,1,21.0,39.69214392583333,3.6206287350291313,96.0,23.196436713593528
RhoA perturbation; Cdc42 response,simple_hill,H(R),1,2,1,21.33333,37.600583485520836,3.454382500683567,96.0,23.18779074591617
RhoA perturbation; Cdc42 response,simple_hill,H(R),1,2,1,21.66667,35.40411080218749,3.3247934197075897,96.0,23.17615503651461
RhoA perturbation; Cdc42 response,simple_hill,H(R),1,2,1,22.0,34.32286644083334,3.2697660006155878,96.0,23.160608336432105
RhoA perturbation; Cdc42 response,simple_hill,H(R),1,2,1,22.33333,33.45373635354167,3.0377326972496514,96.0,23.139982398117546
RhoA perturbation; Cdc42 response,simple_hill,H(R),1,2,1,22.66667,32.43612773666668,2.9611556203085705,96.0,23.112809991314588
RhoA perturbation; Cdc42 response,simple_hill,H(R),1,2,1,23.0,31.586112918854173,2.8418174843343205,96.0,23.0772697567251
RhoA perturbation; Cdc42 response,simple_hill,H(R),1,2,1,23.33333,30.50887267749999,2.744782090490418,96.0,23.03111901174438
RhoA perturbation; Cdc42 response,simple_hill,H(R),1,2,1,23.66667,28.655807943750002,2.672413285493715,96.0,22.971631802176372
RhoA perturbation; Cdc42 response,simple_hill,H(R),1,2,1,24.0,27.546000784895835,2.5318502427937117,96.0,22.8955481270532
RhoA perturbation; Cdc42 response,simple_hill,H(R),1,2,1,24.33333,27.06587826302082,2.4677824051400767,96.0,22.799020246066966
RhoA perturbation; Cdc42 response,simple_hill,H(R),1,2,1,24.66667,25.482764552604163,2.4126124028827096,96.0,22.677599548644423
RhoA perturbation; Cdc42 response,simple_hill,H(R),1,2,1,25.0,25.59795988135417,2.287605835685528,96.0,22.526279300995057
RhoA perturbation; Cdc42 response,simple_hill,H(R),1,2,1,25.33333,24.447861462395817,2.167375122557263,96.0,22.33956807631938
RhoA perturbation; Cdc42 response,simple_hill,H(R),1,2,1,25.66667,24.01868832989582,2.1371376446013857,96.0,22.111680475324544
RhoA perturbation; Cdc42 response,simple_hill,H(R),1,2,1,26.0,22.78127678479167,2.086312559586399,96.0,21.836858286973214
RhoA perturbation; Cdc42 response,simple_hill,H(R),1,2,1,26.33333,21.891632093854167,2.0150716631938677,96.0,21.50975020223111
RhoA perturbation; Cdc42 response,simple_hill,H(R),1,2,1,26.66667,20.945023626458326,1.8698014129842881,96.0,21.12596602842848
RhoA perturbation; Cdc42 response,simple_hill,H(R),1,2,1,27.0,20.629967116875008,1.861930411470987,96.0,20.682746848684
RhoA perturbation; Cdc42 response,simple_hill,H(R),1,2,1,27.33333,20.088517467916663,1.7512042470241485,96.0,20.179544479050367
RhoA perturbation; Cdc42 response,simple_hill,H(R),1,2,1,27.66667,18.69201190260416,1.76465998919581,96.0,19.618612918788838
RhoA perturbation; Cdc42 response,simple_hill,H(R),1,2,1,28.0,18.56528418562501,1.6893769747792127,96.0,19.00542322660226
RhoA perturbation; Cdc42 response,simple_hill,H(R),1,2,1,28.33333,17.870653391875,1.6870169662889802,96.0,18.34859227570225
RhoA perturbation; Cdc42 response,simple_hill,H(R),1,2,1,28.66667,17.339744944374996,1.588282207627887,96.0,17.65955814697501
RhoA perturbation; Cdc42 response,simple_hill,H(R),1,2,1,29.0,16.46350753833333,1.5832712268805966,96.0,16.95188542678436
RhoA perturbation; Cdc42 response,simple_hill,H(R),1,2,1,29.33333,15.708429160104162,1.5227800474289892,96.0,16.240082753467647
RhoA perturbation; Cdc42 response,simple_hill,H(R),1,2,1,29.66667,14.33290780020833,1.561889817872484,96.0,15.538482246655033
RhoA perturbation; Cdc42 response,simple_hill,H(R),1,2,1,30.0,14.203605272812503,1.520699141885573,96.0,14.860195630248985
RhoA perturbation; Cdc42 response,simple_hill,H(R),1,2,1,30.33333,13.213554077812503,1.4664462570194274,96.0,14.216125010709222
RhoA perturbation; Cdc42 response,simple_hill,H(R),1,2,1,30.66667,13.623335934583336,1.4679404139860608,96.0,13.614514236210088
RhoA perturbation; Cdc42 response,simple_hill,H(R),1,2,1,31.0,14.018861143125,1.424568590609521,96.0,13.060844848956073
RhoA perturbation; Cdc42 response,simple_hill,H(R),1,2,1,31.33333,12.624694368645834,1.4073758356256998,96.0,12.557882403009575
RhoA perturbation; Cdc42 response,simple_hill,H(R),1,2,1,31.66667,12.349149456979164,1.4168910701793418,96.0,12.106106092343925
RhoA perturbation; Cdc42 response,simple_hill,H(R),1,2,1,32.0,12.131231478541672,1.391732624306371,96.0,11.704222050957828
RhoA perturbation; Cdc42 response,simple_hill,H(R),1,2,1,32.33333,11.920231513020832,1.4139563056828284,96.0,11.349583886243574
RhoA perturbation; Cdc42 response,simple_hill,H(R),1,2,1,32.66667,11.742871103854158,1.2917756055122211,96.0,11.038701891160972
RhoA perturbation; Cdc42 response,simple_hill,H(R),1,2,1,33.0,11.112344080729164,1.4687470751248861,96.0,10.767652654106485
RhoA perturbation; Cdc42 response,simple_hill,H(R),1,2,1,33.33333,11.448311698749997,1.414622672158428,96.0,10.53232471716505
RhoA perturbation; Cdc42 response,simple_hill,H(R),1,2,1,33.66667,10.631778282604168,1.3965004285988596,96.0,10.328669118654542
RhoA perturbation; Cdc42 response,simple_hill,H(R),1,2,1,34.0,11.341713643020832,1.3230561965793761,96.0,10.152858137986188
RhoA perturbation; Cdc42 response,simple_hill,H(R),1,2,1,34.33333,10.709179328645837,1.4557604762070828,96.0,10.001336032361337
RhoA perturbation; Cdc42 response,simple_hill,H(R),1,2,1,34.66667,9.830198902812496,1.4290151201499555,96.0,9.870884346046568
RhoA perturbation; Cdc42 response,simple_hill,H(R),1,2,1,35.0,10.293112988541665,1.391162024914986,96.0,9.75864325956393
RhoA perturbation; Cdc42 response,simple_hill,H(R),1,2,1,35.33333,9.332255931770835,1.437777702942255,96.0,9.662080678659867
RhoA perturbation; Cdc42 response,simple_hill,H(R),1,2,1,35.66667,10.107261608437506,1.3874154515894122,96.0,9.578985958615826
RhoA perturbation; Cdc42 response,simple_hill,H(R),1,2,1,36.0,9.827691570208332,1.480774129190423,96.0,9.507448229655335
RhoA perturbation; Cdc42 response,simple_hill,H(R),1,2,1,36.33333,9.709041730833333,1.5384837646541616,96.0,9.445811566226515
RhoA perturbation; Cdc42 response,simple_hill,H(R),1,2,1,36.66667,9.315187174791669,1.7393612509974656,96.0,9.392653505611774
RhoA perturbation; Cdc42 response,simple_hill,H(R),1,2,1,37.0,9.948737530729167,1.4400767516664625,96.0,9.346759439954305
RhoA perturbation; Cdc42 response,simple_hill,H(R),1,2,1,37.33333,10.02341929479167,1.4218773780945793,96.0,9.307086221358517
RhoA perturbation; Cdc42 response,simple_hill,H(R),1,2,1,37.66667,9.403855300208333,1.3853093435826955,96.0,9.272743508595774
RhoA perturbation; Cdc42 response,simple_hill,H(R),1,2,1,38.0,9.14292041989584,1.5458551676916175,96.0,9.242974455790375
RhoA perturbation; Cdc42 response,simple_hill,H(R),1,2,1,38.33333,9.17049158197917,1.4355564822468991,96.0,9.217130672762323
RhoA perturbation; Cdc42 response,simple_hill,H(R),1,2,1,38.66667,7.807129513541668,1.498602070455668,96.0,9.194659449016118
RhoA perturbation; Cdc42 response,simple_hill,H(R),1,2,1,39.0,8.327797780416672,1.2036795151143105,96.0,9.175091107885201
RhoA perturbation; Cdc42 response,simple_hill,H(R),1,2,1,39.33333,8.926327779166662,1.3951379373455004,96.0,9.15802286675527
RhoA perturbation; Cdc42 response,simple_hill,H(R),1,2,1,39.66667,8.345374473020836,1.3024730221384018,96.0,9.143110854563988
RhoA perturbation; Cdc42 response,simple_hill,H(R),1,2,1,40.0,7.4125334264583325,1.2672893637109905,96.0,9.130062308514457
RhoA perturbation; Cdc42 response,Hill_expr,R,0,1,0,0.0,-0.027923615520833316,0.45900898728135897,96.0,0.0
RhoA perturbation; Cdc42 response,Hill_expr,R,0,1,0,0.3333333,9.572856721979164,1.7117579212037075,96.0,0.9993567100121487
RhoA perturbation; Cdc42 response,Hill_expr,R,0,1,0,0.6666667,12.723626935312508,2.055170942837916,96.0,0.9999995861789038
RhoA perturbation; Cdc42 response,Hill_expr,R,0,1,0,1.0,16.123369902708337,2.3761519061971845,96.0,0.999999999733793
RhoA perturbation; Cdc42 response,Hill_expr,R,0,1,0,1.333333,19.43115996822917,2.575528577353306,96.0,0.9999999999998288
RhoA perturbation; Cdc42 response,Hill_expr,R,0,1,0,1.666667,21.223441842604178,2.6249579919655845,96.0,0.9999999999999999
RhoA perturbation; Cdc42 response,Hill_expr,R,0,1,0,2.0,22.44582539614582,2.7499625308181033,96.0,1.0
RhoA perturbation; Cdc42 response,Hill_expr,R,0,1,0,2.333333,25.041849861666687,2.7677347746441052,96.0,1.0
RhoA perturbation; Cdc42 response,Hill_expr,R,0,1,0,2.666667,26.21257579843751,2.839828056336364,96.0,1.0
RhoA perturbation; Cdc42 response,Hill_expr,R,0,1,0,3.0,26.586747623541658,2.997138272755855,96.0,1.0
RhoA perturbation; Cdc42 response,Hill_expr,R,0,1,0,3.333333,28.537379678437492,2.997536296801952,96.0,1.0
RhoA perturbation; Cdc42 response,Hill_expr,R,0,1,0,3.666667,28.538720332499988,3.061047342985218,96.0,1.0
RhoA perturbation; Cdc42 response,Hill_expr,R,0,1,0,4.0,30.86264847822916,3.086591456183257,96.0,1.0
RhoA perturbation; Cdc42 response,Hill_expr,R,0,1,0,4.333334,30.073681551770832,3.221420673684088,96.0,1.0
RhoA perturbation; Cdc42 response,Hill_expr,R,0,1,0,4.666667,31.353581760729174,3.2429259411199145,96.0,1.0
RhoA perturbation; Cdc42 response,Hill_expr,R,0,1,0,5.0,31.513904618333342,3.3185235093304732,96.0,1.0
RhoA perturbation; Cdc42 response,Hill_expr,R,0,1,0,5.333334,32.65468524489584,3.318451354211551,96.0,1.0
RhoA perturbation; Cdc42 response,Hill_expr,R,0,1,0,5.666667,32.21263448333334,3.443925762912029,96.0,1.0
RhoA perturbation; Cdc42 response,Hill_expr,R,0,1,0,6.0,33.98101023406249,3.5208243092732365,96.0,1.0
RhoA perturbation; Cdc42 response,Hill_expr,R,0,1,0,6.333334,34.32541528458332,3.625770168494379,96.0,1.0
RhoA perturbation; Cdc42 response,Hill_expr,R,0,1,0,6.666667,35.020071923124995,3.6337098474294653,96.0,1.0
RhoA perturbation; Cdc42 response,Hill_expr,R,0,1,0,7.0,35.68365437302082,3.680654227050923,96.0,1.0
RhoA perturbation; Cdc42 response,Hill_expr,R,0,1,0,7.333334,34.79511669166665,3.7492912875266424,96.0,1.0
RhoA perturbation; Cdc42 response,Hill_expr,R,0,1,0,7.666667,36.316073593124976,3.754161885758576,96.0,1.0
RhoA perturbation; Cdc42 response,Hill_expr,R,0,1,0,8.0,36.42803883604166,3.7540435656026254,96.0,1.0
RhoA perturbation; Cdc42 response,Hill_expr,R,0,1,0,8.333333,38.05664679145834,3.818279822517446,96.0,1.0
RhoA perturbation; Cdc42 response,Hill_expr,R,0,1,0,8.666667,37.498483035,3.89908045696899,96.0,1.0
RhoA perturbation; Cdc42 response,Hill_expr,R,0,1,0,9.0,38.373461548125,3.940671824462212,96.0,1.0
RhoA perturbation; Cdc42 response,Hill_expr,R,0,1,0,9.333333,39.71396570666666,3.967479363055417,96.0,1.0
RhoA perturbation; Cdc42 response,Hill_expr,R,0,1,0,9.666667,39.59648601916666,3.8734463426419445,96.0,1.0
RhoA perturbation; Cdc42 response,Hill_expr,R,0,1,0,10.0,39.06948966406249,3.942890003765534,96.0,1.0
RhoA perturbation; Cdc42 response,Hill_expr,R,0,1,0,10.33333,38.990662630520845,4.005894386001017,96.0,1.0
RhoA perturbation; Cdc42 response,Hill_expr,R,0,1,0,10.66667,39.45031246177082,3.988341174717161,96.0,1.0
RhoA perturbation; Cdc42 response,Hill_expr,R,0,1,0,11.0,40.623721676354144,4.047509465116343,96.0,1.0
RhoA perturbation; Cdc42 response,Hill_expr,R,0,1,0,11.33333,40.7664319459375,4.065565791294083,96.0,1.0
RhoA perturbation; Cdc42 response,Hill_expr,R,0,1,0,11.66667,39.61090631427084,4.05057942385462,96.0,1.0
RhoA perturbation; Cdc42 response,Hill_expr,R,0,1,0,12.0,40.80843216510416,4.060803887249427,96.0,1.0
RhoA perturbation; Cdc42 response,Hill_expr,R,0,1,0,12.33333,40.69041874479168,4.1171645311356455,96.0,1.0
RhoA perturbation; Cdc42 response,Hill_expr,R,0,1,0,12.66667,41.37944060083334,4.085218575245882,96.0,1.0
RhoA perturbation; Cdc42 response,Hill_expr,R,0,1,0,13.0,41.696821155,4.0695263217148785,96.0,1.0
RhoA perturbation; Cdc42 response,Hill_expr,R,0,1,0,13.33333,40.61681270593751,4.080936214401611,96.0,1.0
RhoA perturbation; Cdc42 response,Hill_expr,R,0,1,0,13.66667,40.04831553375,4.03329878824528,96.0,1.0
RhoA perturbation; Cdc42 response,Hill_expr,R,0,1,0,14.0,42.655246395208344,3.9080439270441727,96.0,1.0
RhoA perturbation; Cdc42 response,Hill_expr,R,0,1,0,14.33333,42.664869551979166,4.035669535095019,96.0,1.0
RhoA perturbation; Cdc42 response,Hill_expr,R,0,1,0,14.66667,41.769536490104194,4.038248231195513,96.0,1.0
RhoA perturbation; Cdc42 response,Hill_expr,R,0,1,0,15.0,41.51994889124999,4.068766455442411,96.0,1.0
RhoA perturbation; Cdc42 response,Hill_expr,R,0,1,0,15.33333,44.23900240135416,4.041993409643368,96.0,1.0
RhoA perturbation; Cdc42 response,Hill_expr,R,0,1,0,15.66667,43.1206390258333,4.166837456238659,96.0,1.0
RhoA perturbation; Cdc42 response,Hill_expr,R,0,1,0,16.0,44.839397978854144,4.1520711466138955,96.0,1.0
RhoA perturbation; Cdc42 response,Hill_expr,R,0,1,0,16.33333,43.06918511302083,4.230287234171569,96.0,1.0
RhoA perturbation; Cdc42 response,Hill_expr,R,0,1,0,16.66667,44.09113680843748,4.289577947853359,96.0,1.0
RhoA perturbation; Cdc42 response,Hill_expr,R,0,1,0,17.0,44.53816757677084,4.342622278026322,96.0,1.0
RhoA perturbation; Cdc42 response,Hill_expr,R,0,1,0,17.33333,43.110703397187514,4.418435420544268,96.0,1.0
RhoA perturbation; Cdc42 response,Hill_expr,R,0,1,0,17.66667,42.82344298583332,4.336818418553825,96.0,1.0
RhoA perturbation; Cdc42 response,Hill_expr,R,0,1,0,18.0,44.090536348854165,4.30851623883757,96.0,1.0
RhoA perturbation; Cdc42 response,Hill_expr,R,0,1,0,18.33333,44.142052664375,4.218111446909127,96.0,1.0
RhoA perturbation; Cdc42 response,Hill_expr,R,0,1,0,18.66667,44.263298895312516,4.2360150986473375,96.0,1.0
RhoA perturbation; Cdc42 response,Hill_expr,R,0,1,0,19.0,43.36335120822915,4.265969838916123,96.0,1.0
RhoA perturbation; Cdc42 response,Hill_expr,R,0,1,0,19.33333,43.08669481947916,4.228434709868423,96.0,1.0
RhoA perturbation; Cdc42 response,Hill_expr,R,0,1,0,19.66667,44.81050446312499,4.269012995669736,96.0,1.0
RhoA perturbation; Cdc42 response,Hill_expr,R,0,1,0,20.0,44.510929666354166,4.220252827470473,96.0,1.0
RhoA perturbation; Cdc42 response,Hill_expr,R,0,1,0,20.33333,41.54642154458333,3.9541869881523812,96.0,1.0
RhoA perturbation; Cdc42 response,Hill_expr,R,0,1,0,20.66667,40.047226886562505,3.798215134748698,96.0,1.0
RhoA perturbation; Cdc42 response,Hill_expr,R,0,1,0,21.0,39.69214392583333,3.6206287350291313,96.0,1.0
RhoA perturbation; Cdc42 response,Hill_expr,R,0,1,0,21.33333,37.600583485520836,3.454382500683567,96.0,1.0
RhoA perturbation; Cdc42 response,Hill_expr,R,0,1,0,21.66667,35.40411080218749,3.3247934197075897,96.0,1.0
RhoA perturbation; Cdc42 response,Hill_expr,R,0,1,0,22.0,34.32286644083334,3.2697660006155878,96.0,1.0
RhoA perturbation; Cdc42 response,Hill_expr,R,0,1,0,22.33333,33.45373635354167,3.0377326972496514,96.0,1.0
RhoA perturbation; Cdc42 response,Hill_expr,R,0,1,0,22.66667,32.43612773666668,2.9611556203085705,96.0,1.0
RhoA perturbation; Cdc42 response,Hill_expr,R,0,1,0,23.0,31.586112918854173,2.8418174843343205,96.0,1.0
RhoA perturbation; Cdc42 response,Hill_expr,R,0,1,0,23.33333,30.50887267749999,2.744782090490418,96.0,1.0
RhoA perturbation; Cdc42 response,Hill_expr,R,0,1,0,23.66667,28.655807943750002,2.672413285493715,96.0,1.0
RhoA perturbation; Cdc42 response,Hill_expr,R,0,1,0,24.0,27.546000784895835,2.5318502427937117,96.0,1.0
RhoA perturbation; Cdc42 response,Hill_expr,R,0,1,0,24.33333,27.06587826302082,2.4677824051400767,96.0,1.0
RhoA perturbation; Cdc42 response,Hill_expr,R,0,1,0,24.66667,25.482764552604163,2.4126124028827096,96.0,1.0
RhoA perturbation; Cdc42 response,Hill_expr,R,0,1,0,25.0,25.59795988135417,2.287605835685528,96.0,1.0
RhoA perturbation; Cdc42 response,Hill_expr,R,0,1,0,25.33333,24.447861462395817,2.167375122557263,96.0,1.0
RhoA perturbation; Cdc42 response,Hill_expr,R,0,1,0,25.66667,24.01868832989582,2.1371376446013857,96.0,1.0
RhoA perturbation; Cdc42 response,Hill_expr,R,0,1,0,26.0,22.78127678479167,2.086312559586399,96.0,1.0
RhoA perturbation; Cdc42 response,Hill_expr,R,0,1,0,26.33333,21.891632093854167,2.0150716631938677,96.0,1.0
RhoA perturbation; Cdc42 response,Hill_expr,R,0,1,0,26.66667,20.945023626458326,1.8698014129842881,96.0,1.0
RhoA perturbation; Cdc42 response,Hill_expr,R,0,1,0,27.0,20.629967116875008,1.861930411470987,96.0,1.0
RhoA perturbation; Cdc42 response,Hill_expr,R,0,1,0,27.33333,20.088517467916663,1.7512042470241485,96.0,1.0
RhoA perturbation; Cdc42 response,Hill_expr,R,0,1,0,27.66667,18.69201190260416,1.76465998919581,96.0,1.0
RhoA perturbation; Cdc42 response,Hill_expr,R,0,1,0,28.0,18.56528418562501,1.6893769747792127,96.0,1.0
RhoA perturbation; Cdc42 response,Hill_expr,R,0,1,0,28.33333,17.870653391875,1.6870169662889802,96.0,1.0
RhoA perturbation; Cdc42 response,Hill_expr,R,0,1,0,28.66667,17.339744944374996,1.588282207627887,96.0,1.0
RhoA perturbation; Cdc42 response,Hill_expr,R,0,1,0,29.0,16.46350753833333,1.5832712268805966,96.0,1.0
RhoA perturbation; Cdc42 response,Hill_expr,R,0,1,0,29.33333,15.708429160104162,1.5227800474289892,96.0,1.0
RhoA perturbation; Cdc42 response,Hill_expr,R,0,1,0,29.66667,14.33290780020833,1.561889817872484,96.0,1.0
RhoA perturbation; Cdc42 response,Hill_expr,R,0,1,0,30.0,14.203605272812503,1.520699141885573,96.0,1.0
RhoA perturbation; Cdc42 response,Hill_expr,R,0,1,0,30.33333,13.213554077812503,1.4664462570194274,96.0,1.0
RhoA perturbation; Cdc42 response,Hill_expr,R,0,1,0,30.66667,13.623335934583336,1.4679404139860608,96.0,1.0
RhoA perturbation; Cdc42 response,Hill_expr,R,0,1,0,31.0,14.018861143125,1.424568590609521,96.0,1.0
RhoA perturbation; Cdc42 response,Hill_expr,R,0,1,0,31.33333,12.624694368645834,1.4073758356256998,96.0,1.0
RhoA perturbation; Cdc42 response,Hill_expr,R,0,1,0,31.66667,12.349149456979164,1.4168910701793418,96.0,1.0
RhoA perturbation; Cdc42 response,Hill_expr,R,0,1,0,32.0,12.131231478541672,1.391732624306371,96.0,1.0
RhoA perturbation; Cdc42 response,Hill_expr,R,0,1,0,32.33333,11.920231513020832,1.4139563056828284,96.0,1.0
RhoA perturbation; Cdc42 response,Hill_expr,R,0,1,0,32.66667,11.742871103854158,1.2917756055122211,96.0,1.0
RhoA perturbation; Cdc42 response,Hill_expr,R,0,1,0,33.0,11.112344080729164,1.4687470751248861,96.0,1.0
RhoA perturbation; Cdc42 response,Hill_expr,R,0,1,0,33.33333,11.448311698749997,1.414622672158428,96.0,1.0
RhoA perturbation; Cdc42 response,Hill_expr,R,0,1,0,33.66667,10.631778282604168,1.3965004285988596,96.0,1.0
RhoA perturbation; Cdc42 response,Hill_expr,R,0,1,0,34.0,11.341713643020832,1.3230561965793761,96.0,1.0
RhoA perturbation; Cdc42 response,Hill_expr,R,0,1,0,34.33333,10.709179328645837,1.4557604762070828,96.0,1.0
RhoA perturbation; Cdc42 response,Hill_expr,R,0,1,0,34.66667,9.830198902812496,1.4290151201499555,96.0,1.0
RhoA perturbation; Cdc42 response,Hill_expr,R,0,1,0,35.0,10.293112988541665,1.391162024914986,96.0,1.0
RhoA perturbation; Cdc42 response,Hill_expr,R,0,1,0,35.33333,9.332255931770835,1.437777702942255,96.0,1.0
RhoA perturbation; Cdc42 response,Hill_expr,R,0,1,0,35.66667,10.107261608437506,1.3874154515894122,96.0,1.0
RhoA perturbation; Cdc42 response,Hill_expr,R,0,1,0,36.0,9.827691570208332,1.480774129190423,96.0,1.0
RhoA perturbation; Cdc42 response,Hill_expr,R,0,1,0,36.33333,9.709041730833333,1.5384837646541616,96.0,1.0
RhoA perturbation; Cdc42 response,Hill_expr,R,0,1,0,36.66667,9.315187174791669,1.7393612509974656,96.0,1.0
RhoA perturbation; Cdc42 response,Hill_expr,R,0,1,0,37.0,9.948737530729167,1.4400767516664625,96.0,1.0
RhoA perturbation; Cdc42 response,Hill_expr,R,0,1,0,37.33333,10.02341929479167,1.4218773780945793,96.0,1.0
RhoA perturbation; Cdc42 response,Hill_expr,R,0,1,0,37.66667,9.403855300208333,1.3853093435826955,96.0,1.0
RhoA perturbation; Cdc42 response,Hill_expr,R,0,1,0,38.0,9.14292041989584,1.5458551676916175,96.0,1.0
RhoA perturbation; Cdc42 response,Hill_expr,R,0,1,0,38.33333,9.17049158197917,1.4355564822468991,96.0,1.0
RhoA perturbation; Cdc42 response,Hill_expr,R,0,1,0,38.66667,7.807129513541668,1.498602070455668,96.0,1.0
RhoA perturbation; Cdc42 response,Hill_expr,R,0,1,0,39.0,8.327797780416672,1.2036795151143105,96.0,1.0
RhoA perturbation; Cdc42 response,Hill_expr,R,0,1,0,39.33333,8.926327779166662,1.3951379373455004,96.0,1.0
RhoA perturbation; Cdc42 response,Hill_expr,R,0,1,0,39.66667,8.345374473020836,1.3024730221384018,96.0,1.0
RhoA perturbation; Cdc42 response,Hill_expr,R,0,1,0,40.0,7.4125334264583325,1.2672893637109905,96.0,1.0
RhoA perturbation; Cdc42 response,Hill_expr,(R+R),0,3,0,0.0,-0.027923615520833316,0.45900898728135897,96.0,0.0
RhoA perturbation; Cdc42 response,Hill_expr,(R+R),0,3,0,0.3333333,9.572856721979164,1.7117579212037075,96.0,1.9987134200242973
RhoA perturbation; Cdc42 response,Hill_expr,(R+R),0,3,0,0.6666667,12.723626935312508,2.055170942837916,96.0,1.9999991723578077
RhoA perturbation; Cdc42 response,Hill_expr,(R+R),0,3,0,1.0,16.123369902708337,2.3761519061971845,96.0,1.999999999467586
RhoA perturbation; Cdc42 response,Hill_expr,(R+R),0,3,0,1.333333,19.43115996822917,2.575528577353306,96.0,1.9999999999996576
RhoA perturbation; Cdc42 response,Hill_expr,(R+R),0,3,0,1.666667,21.223441842604178,2.6249579919655845,96.0,1.9999999999999998
RhoA perturbation; Cdc42 response,Hill_expr,(R+R),0,3,0,2.0,22.44582539614582,2.7499625308181033,96.0,2.0
RhoA perturbation; Cdc42 response,Hill_expr,(R+R),0,3,0,2.333333,25.041849861666687,2.7677347746441052,96.0,2.0
RhoA perturbation; Cdc42 response,Hill_expr,(R+R),0,3,0,2.666667,26.21257579843751,2.839828056336364,96.0,2.0
RhoA perturbation; Cdc42 response,Hill_expr,(R+R),0,3,0,3.0,26.586747623541658,2.997138272755855,96.0,2.0
RhoA perturbation; Cdc42 response,Hill_expr,(R+R),0,3,0,3.333333,28.537379678437492,2.997536296801952,96.0,2.0
RhoA perturbation; Cdc42 response,Hill_expr,(R+R),0,3,0,3.666667,28.538720332499988,3.061047342985218,96.0,2.0
RhoA perturbation; Cdc42 response,Hill_expr,(R+R),0,3,0,4.0,30.86264847822916,3.086591456183257,96.0,2.0
RhoA perturbation; Cdc42 response,Hill_expr,(R+R),0,3,0,4.333334,30.073681551770832,3.221420673684088,96.0,2.0
RhoA perturbation; Cdc42 response,Hill_expr,(R+R),0,3,0,4.666667,31.353581760729174,3.2429259411199145,96.0,2.0
RhoA perturbation; Cdc42 response,Hill_expr,(R+R),0,3,0,5.0,31.513904618333342,3.3185235093304732,96.0,2.0
RhoA perturbation; Cdc42 response,Hill_expr,(R+R),0,3,0,5.333334,32.65468524489584,3.318451354211551,96.0,2.0
RhoA perturbation; Cdc42 response,Hill_expr,(R+R),0,3,0,5.666667,32.21263448333334,3.443925762912029,96.0,2.0
RhoA perturbation; Cdc42 response,Hill_expr,(R+R),0,3,0,6.0,33.98101023406249,3.5208243092732365,96.0,2.0
RhoA perturbation; Cdc42 response,Hill_expr,(R+R),0,3,0,6.333334,34.32541528458332,3.625770168494379,96.0,2.0
RhoA perturbation; Cdc42 response,Hill_expr,(R+R),0,3,0,6.666667,35.020071923124995,3.6337098474294653,96.0,2.0
RhoA perturbation; Cdc42 response,Hill_expr,(R+R),0,3,0,7.0,35.68365437302082,3.680654227050923,96.0,2.0
RhoA perturbation; Cdc42 response,Hill_expr,(R+R),0,3,0,7.333334,34.79511669166665,3.7492912875266424,96.0,2.0
RhoA perturbation; Cdc42 response,Hill_expr,(R+R),0,3,0,7.666667,36.316073593124976,3.754161885758576,96.0,2.0
RhoA perturbation; Cdc42 response,Hill_expr,(R+R),0,3,0,8.0,36.42803883604166,3.7540435656026254,96.0,2.0
RhoA perturbation; Cdc42 response,Hill_expr,(R+R),0,3,0,8.333333,38.05664679145834,3.818279822517446,96.0,2.0
RhoA perturbation; Cdc42 response,Hill_expr,(R+R),0,3,0,8.666667,37.498483035,3.89908045696899,96.0,2.0
RhoA perturbation; Cdc42 response,Hill_expr,(R+R),0,3,0,9.0,38.373461548125,3.940671824462212,96.0,2.0
RhoA perturbation; Cdc42 response,Hill_expr,(R+R),0,3,0,9.333333,39.71396570666666,3.967479363055417,96.0,2.0
RhoA perturbation; Cdc42 response,Hill_expr,(R+R),0,3,0,9.666667,39.59648601916666,3.8734463426419445,96.0,2.0
RhoA perturbation; Cdc42 response,Hill_expr,(R+R),0,3,0,10.0,39.06948966406249,3.942890003765534,96.0,2.0
RhoA perturbation; Cdc42 response,Hill_expr,(R+R),0,3,0,10.33333,38.990662630520845,4.005894386001017,96.0,2.0
RhoA perturbation; Cdc42 response,Hill_expr,(R+R),0,3,0,10.66667,39.45031246177082,3.988341174717161,96.0,2.0
RhoA perturbation; Cdc42 response,Hill_expr,(R+R),0,3,0,11.0,40.623721676354144,4.047509465116343,96.0,2.0
RhoA perturbation; Cdc42 response,Hill_expr,(R+R),0,3,0,11.33333,40.7664319459375,4.065565791294083,96.0,2.0
RhoA perturbation; Cdc42 response,Hill_expr,(R+R),0,3,0,11.66667,39.61090631427084,4.05057942385462,96.0,2.0
RhoA perturbation; Cdc42 response,Hill_expr,(R+R),0,3,0,12.0,40.80843216510416,4.060803887249427,96.0,2.0
RhoA perturbation; Cdc42 response,Hill_expr,(R+R),0,3,0,12.33333,40.69041874479168,4.1171645311356455,96.0,2.0
RhoA perturbation; Cdc42 response,Hill_expr,(R+R),0,3,0,12.66667,41.37944060083334,4.085218575245882,96.0,2.0
RhoA perturbation; Cdc42 response,Hill_expr,(R+R),0,3,0,13.0,41.696821155,4.0695263217148785,96.0,2.0
RhoA perturbation; Cdc42 response,Hill_expr,(R+R),0,3,0,13.33333,40.61681270593751,4.080936214401611,96.0,2.0
RhoA perturbation; Cdc42 response,Hill_expr,(R+R),0,3,0,13.66667,40.04831553375,4.03329878824528,96.0,2.0
RhoA perturbation; Cdc42 response,Hill_expr,(R+R),0,3,0,14.0,42.655246395208344,3.9080439270441727,96.0,2.0
RhoA perturbation; Cdc42 response,Hill_expr,(R+R),0,3,0,14.33333,42.664869551979166,4.035669535095019,96.0,2.0
RhoA perturbation; Cdc42 response,Hill_expr,(R+R),0,3,0,14.66667,41.769536490104194,4.038248231195513,96.0,2.0
RhoA perturbation; Cdc42 response,Hill_expr,(R+R),0,3,0,15.0,41.51994889124999,4.068766455442411,96.0,2.0
RhoA perturbation; Cdc42 response,Hill_expr,(R+R),0,3,0,15.33333,44.23900240135416,4.041993409643368,96.0,2.0
RhoA perturbation; Cdc42 response,Hill_expr,(R+R),0,3,0,15.66667,43.1206390258333,4.166837456238659,96.0,2.0
RhoA perturbation; Cdc42 response,Hill_expr,(R+R),0,3,0,16.0,44.839397978854144,4.1520711466138955,96.0,2.0
RhoA perturbation; Cdc42 response,Hill_expr,(R+R),0,3,0,16.33333,43.06918511302083,4.230287234171569,96.0,2.0
RhoA perturbation; Cdc42 response,Hill_expr,(R+R),0,3,0,16.66667,44.09113680843748,4.289577947853359,96.0,2.0
RhoA perturbation; Cdc42 response,Hill_expr,(R+R),0,3,0,17.0,44.53816757677084,4.342622278026322,96.0,2.0
RhoA perturbation; Cdc42 response,Hill_expr,(R+R),0,3,0,17.33333,43.110703397187514,4.418435420544268,96.0,2.0
RhoA perturbation; Cdc42 response,Hill_expr,(R+R),0,3,0,17.66667,42.82344298583332,4.336818418553825,96.0,2.0
RhoA perturbation; Cdc42 response,Hill_expr,(R+R),0,3,0,18.0,44.090536348854165,4.30851623883757,96.0,2.0
RhoA perturbation; Cdc42 response,Hill_expr,(R+R),0,3,0,18.33333,44.142052664375,4.218111446909127,96.0,2.0
RhoA perturbation; Cdc42 response,Hill_expr,(R+R),0,3,0,18.66667,44.263298895312516,4.2360150986473375,96.0,2.0
RhoA perturbation; Cdc42 response,Hill_expr,(R+R),0,3,0,19.0,43.36335120822915,4.265969838916123,96.0,2.0
RhoA perturbation; Cdc42 response,Hill_expr,(R+R),0,3,0,19.33333,43.08669481947916,4.228434709868423,96.0,2.0
RhoA perturbation; Cdc42 response,Hill_expr,(R+R),0,3,0,19.66667,44.81050446312499,4.269012995669736,96.0,2.0
RhoA perturbation; Cdc42 response,Hill_expr,(R+R),0,3,0,20.0,44.510929666354166,4.220252827470473,96.0,2.0
RhoA perturbation; Cdc42 response,Hill_expr,(R+R),0,3,0,20.33333,41.54642154458333,3.9541869881523812,96.0,2.0
RhoA perturbation; Cdc42 response,Hill_expr,(R+R),0,3,0,20.66667,40.047226886562505,3.798215134748698,96.0,2.0
RhoA perturbation; Cdc42 response,Hill_expr,(R+R),0,3,0,21.0,39.69214392583333,3.6206287350291313,96.0,2.0
RhoA perturbation; Cdc42 response,Hill_expr,(R+R),0,3,0,21.33333,37.600583485520836,3.454382500683567,96.0,2.0
RhoA perturbation; Cdc42 response,Hill_expr,(R+R),0,3,0,21.66667,35.40411080218749,3.3247934197075897,96.0,2.0
RhoA perturbation; Cdc42 response,Hill_expr,(R+R),0,3,0,22.0,34.32286644083334,3.2697660006155878,96.0,2.0
RhoA perturbation; Cdc42 response,Hill_expr,(R+R),0,3,0,22.33333,33.45373635354167,3.0377326972496514,96.0,2.0
RhoA perturbation; Cdc42 response,Hill_expr,(R+R),0,3,0,22.66667,32.43612773666668,2.9611556203085705,96.0,2.0
RhoA perturbation; Cdc42 response,Hill_expr,(R+R),0,3,0,23.0,31.586112918854173,2.8418174843343205,96.0,2.0
RhoA perturbation; Cdc42 response,Hill_expr,(R+R),0,3,0,23.33333,30.50887267749999,2.744782090490418,96.0,2.0
RhoA perturbation; Cdc42 response,Hill_expr,(R+R),0,3,0,23.66667,28.655807943750002,2.672413285493715,96.0,2.0
RhoA perturbation; Cdc42 response,Hill_expr,(R+R),0,3,0,24.0,27.546000784895835,2.5318502427937117,96.0,2.0
RhoA perturbation; Cdc42 response,Hill_expr,(R+R),0,3,0,24.33333,27.06587826302082,2.4677824051400767,96.0,2.0
RhoA perturbation; Cdc42 response,Hill_expr,(R+R),0,3,0,24.66667,25.482764552604163,2.4126124028827096,96.0,2.0
RhoA perturbation; Cdc42 response,Hill_expr,(R+R),0,3,0,25.0,25.59795988135417,2.287605835685528,96.0,2.0
RhoA perturbation; Cdc42 response,Hill_expr,(R+R),0,3,0,25.33333,24.447861462395817,2.167375122557263,96.0,2.0
RhoA perturbation; Cdc42 response,Hill_expr,(R+R),0,3,0,25.66667,24.01868832989582,2.1371376446013857,96.0,2.0
RhoA perturbation; Cdc42 response,Hill_expr,(R+R),0,3,0,26.0,22.78127678479167,2.086312559586399,96.0,2.0
RhoA perturbation; Cdc42 response,Hill_expr,(R+R),0,3,0,26.33333,21.891632093854167,2.0150716631938677,96.0,2.0
RhoA perturbation; Cdc42 response,Hill_expr,(R+R),0,3,0,26.66667,20.945023626458326,1.8698014129842881,96.0,2.0
RhoA perturbation; Cdc42 response,Hill_expr,(R+R),0,3,0,27.0,20.629967116875008,1.861930411470987,96.0,2.0
RhoA perturbation; Cdc42 response,Hill_expr,(R+R),0,3,0,27.33333,20.088517467916663,1.7512042470241485,96.0,2.0
RhoA perturbation; Cdc42 response,Hill_expr,(R+R),0,3,0,27.66667,18.69201190260416,1.76465998919581,96.0,2.0
RhoA perturbation; Cdc42 response,Hill_expr,(R+R),0,3,0,28.0,18.56528418562501,1.6893769747792127,96.0,2.0
RhoA perturbation; Cdc42 response,Hill_expr,(R+R),0,3,0,28.33333,17.870653391875,1.6870169662889802,96.0,2.0
RhoA perturbation; Cdc42 response,Hill_expr,(R+R),0,3,0,28.66667,17.339744944374996,1.588282207627887,96.0,2.0
RhoA perturbation; Cdc42 response,Hill_expr,(R+R),0,3,0,29.0,16.46350753833333,1.5832712268805966,96.0,2.0
RhoA perturbation; Cdc42 response,Hill_expr,(R+R),0,3,0,29.33333,15.708429160104162,1.5227800474289892,96.0,2.0
RhoA perturbation; Cdc42 response,Hill_expr,(R+R),0,3,0,29.66667,14.33290780020833,1.561889817872484,96.0,2.0
RhoA perturbation; Cdc42 response,Hill_expr,(R+R),0,3,0,30.0,14.203605272812503,1.520699141885573,96.0,2.0
RhoA perturbation; Cdc42 response,Hill_expr,(R+R),0,3,0,30.33333,13.213554077812503,1.4664462570194274,96.0,2.0
RhoA perturbation; Cdc42 response,Hill_expr,(R+R),0,3,0,30.66667,13.623335934583336,1.4679404139860608,96.0,2.0
RhoA perturbation; Cdc42 response,Hill_expr,(R+R),0,3,0,31.0,14.018861143125,1.424568590609521,96.0,2.0
RhoA perturbation; Cdc42 response,Hill_expr,(R+R),0,3,0,31.33333,12.624694368645834,1.4073758356256998,96.0,2.0
RhoA perturbation; Cdc42 response,Hill_expr,(R+R),0,3,0,31.66667,12.349149456979164,1.4168910701793418,96.0,2.0
RhoA perturbation; Cdc42 response,Hill_expr,(R+R),0,3,0,32.0,12.131231478541672,1.391732624306371,96.0,2.0
RhoA perturbation; Cdc42 response,Hill_expr,(R+R),0,3,0,32.33333,11.920231513020832,1.4139563056828284,96.0,2.0
RhoA perturbation; Cdc42 response,Hill_expr,(R+R),0,3,0,32.66667,11.742871103854158,1.2917756055122211,96.0,2.0
RhoA perturbation; Cdc42 response,Hill_expr,(R+R),0,3,0,33.0,11.112344080729164,1.4687470751248861,96.0,2.0
RhoA perturbation; Cdc42 response,Hill_expr,(R+R),0,3,0,33.33333,11.448311698749997,1.414622672158428,96.0,2.0
RhoA perturbation; Cdc42 response,Hill_expr,(R+R),0,3,0,33.66667,10.631778282604168,1.3965004285988596,96.0,2.0
RhoA perturbation; Cdc42 response,Hill_expr,(R+R),0,3,0,34.0,11.341713643020832,1.3230561965793761,96.0,2.0
RhoA perturbation; Cdc42 response,Hill_expr,(R+R),0,3,0,34.33333,10.709179328645837,1.4557604762070828,96.0,2.0
RhoA perturbation; Cdc42 response,Hill_expr,(R+R),0,3,0,34.66667,9.830198902812496,1.4290151201499555,96.0,2.0
RhoA perturbation; Cdc42 response,Hill_expr,(R+R),0,3,0,35.0,10.293112988541665,1.391162024914986,96.0,2.0
RhoA perturbation; Cdc42 response,Hill_expr,(R+R),0,3,0,35.33333,9.332255931770835,1.437777702942255,96.0,2.0
RhoA perturbation; Cdc42 response,Hill_expr,(R+R),0,3,0,35.66667,10.107261608437506,1.3874154515894122,96.0,2.0
RhoA perturbation; Cdc42 response,Hill_expr,(R+R),0,3,0,36.0,9.827691570208332,1.480774129190423,96.0,2.0
RhoA perturbation; Cdc42 response,Hill_expr,(R+R),0,3,0,36.33333,9.709041730833333,1.5384837646541616,96.0,2.0
RhoA perturbation; Cdc42 response,Hill_expr,(R+R),0,3,0,36.66667,9.315187174791669,1.7393612509974656,96.0,2.0
RhoA perturbation; Cdc42 response,Hill_expr,(R+R),0,3,0,37.0,9.948737530729167,1.4400767516664625,96.0,2.0
RhoA perturbation; Cdc42 response,Hill_expr,(R+R),0,3,0,37.33333,10.02341929479167,1.4218773780945793,96.0,2.0
RhoA perturbation; Cdc42 response,Hill_expr,(R+R),0,3,0,37.66667,9.403855300208333,1.3853093435826955,96.0,2.0
RhoA perturbation; Cdc42 response,Hill_expr,(R+R),0,3,0,38.0,9.14292041989584,1.5458551676916175,96.0,2.0
RhoA perturbation; Cdc42 response,Hill_expr,(R+R),0,3,0,38.33333,9.17049158197917,1.4355564822468991,96.0,2.0
RhoA perturbation; Cdc42 response,Hill_expr,(R+R),0,3,0,38.66667,7.807129513541668,1.498602070455668,96.0,2.0
RhoA perturbation; Cdc42 response,Hill_expr,(R+R),0,3,0,39.0,8.327797780416672,1.2036795151143105,96.0,2.0
RhoA perturbation; Cdc42 response,Hill_expr,(R+R),0,3,0,39.33333,8.926327779166662,1.3951379373455004,96.0,2.0
RhoA perturbation; Cdc42 response,Hill_expr,(R+R),0,3,0,39.66667,8.345374473020836,1.3024730221384018,96.0,2.0
RhoA perturbation; Cdc42 response,Hill_expr,(R+R),0,3,0,40.0,7.4125334264583325,1.2672893637109905,96.0,2.0
RhoA perturbation; Cdc42 response,Hill_expr,((R+R)+R),0,5,0,0.0,-0.027923615520833316,0.45900898728135897,96.0,0.0
RhoA perturbation; Cdc42 response,Hill_expr,((R+R)+R),0,5,0,0.3333333,9.572856721979164,1.7117579212037075,96.0,2.99872701913904
RhoA perturbation; Cdc42 response,Hill_expr,((R+R)+R),0,5,0,0.6666667,12.723626935312508,2.055170942837916,96.0,2.9999994598411677
RhoA perturbation; Cdc42 response,Hill_expr,((R+R)+R),0,5,0,1.0,16.123369902708337,2.3761519061971845,96.0,2.999999999770796
RhoA perturbation; Cdc42 response,Hill_expr,((R+R)+R),0,5,0,1.333333,19.43115996822917,2.575528577353306,96.0,2.9999999999999027
RhoA perturbation; Cdc42 response,Hill_expr,((R+R)+R),0,5,0,1.666667,21.223441842604178,2.6249579919655845,96.0,3.0
RhoA perturbation; Cdc42 response,Hill_expr,((R+R)+R),0,5,0,2.0,22.44582539614582,2.7499625308181033,96.0,3.0
RhoA perturbation; Cdc42 response,Hill_expr,((R+R)+R),0,5,0,2.333333,25.041849861666687,2.7677347746441052,96.0,3.0
RhoA perturbation; Cdc42 response,Hill_expr,((R+R)+R),0,5,0,2.666667,26.21257579843751,2.839828056336364,96.0,3.0
RhoA perturbation; Cdc42 response,Hill_expr,((R+R)+R),0,5,0,3.0,26.586747623541658,2.997138272755855,96.0,3.0
RhoA perturbation; Cdc42 response,Hill_expr,((R+R)+R),0,5,0,3.333333,28.537379678437492,2.997536296801952,96.0,3.0
RhoA perturbation; Cdc42 response,Hill_expr,((R+R)+R),0,5,0,3.666667,28.538720332499988,3.061047342985218,96.0,3.0
RhoA perturbation; Cdc42 response,Hill_expr,((R+R)+R),0,5,0,4.0,30.86264847822916,3.086591456183257,96.0,3.0
RhoA perturbation; Cdc42 response,Hill_expr,((R+R)+R),0,5,0,4.333334,30.073681551770832,3.221420673684088,96.0,3.0
RhoA perturbation; Cdc42 response,Hill_expr,((R+R)+R),0,5,0,4.666667,31.353581760729174,3.2429259411199145,96.0,3.0
RhoA perturbation; Cdc42 response,Hill_expr,((R+R)+R),0,5,0,5.0,31.513904618333342,3.3185235093304732,96.0,3.0
RhoA perturbation; Cdc42 response,Hill_expr,((R+R)+R),0,5,0,5.333334,32.65468524489584,3.318451354211551,96.0,3.0
RhoA perturbation; Cdc42 response,Hill_expr,((R+R)+R),0,5,0,5.666667,32.21263448333334,3.443925762912029,96.0,3.0
RhoA perturbation; Cdc42 response,Hill_expr,((R+R)+R),0,5,0,6.0,33.98101023406249,3.5208243092732365,96.0,3.0
RhoA perturbation; Cdc42 response,Hill_expr,((R+R)+R),0,5,0,6.333334,34.32541528458332,3.625770168494379,96.0,3.0
RhoA perturbation; Cdc42 response,Hill_expr,((R+R)+R),0,5,0,6.666667,35.020071923124995,3.6337098474294653,96.0,3.0
RhoA perturbation; Cdc42 response,Hill_expr,((R+R)+R),0,5,0,7.0,35.68365437302082,3.680654227050923,96.0,3.0
RhoA perturbation; Cdc42 response,Hill_expr,((R+R)+R),0,5,0,7.333334,34.79511669166665,3.7492912875266424,96.0,3.0
RhoA perturbation; Cdc42 response,Hill_expr,((R+R)+R),0,5,0,7.666667,36.316073593124976,3.754161885758576,96.0,3.0
RhoA perturbation; Cdc42 response,Hill_expr,((R+R)+R),0,5,0,8.0,36.42803883604166,3.7540435656026254,96.0,3.0
RhoA perturbation; Cdc42 response,Hill_expr,((R+R)+R),0,5,0,8.333333,38.05664679145834,3.818279822517446,96.0,3.0
RhoA perturbation; Cdc42 response,Hill_expr,((R+R)+R),0,5,0,8.666667,37.498483035,3.89908045696899,96.0,3.0
RhoA perturbation; Cdc42 response,Hill_expr,((R+R)+R),0,5,0,9.0,38.373461548125,3.940671824462212,96.0,3.0
RhoA perturbation; Cdc42 response,Hill_expr,((R+R)+R),0,5,0,9.333333,39.71396570666666,3.967479363055417,96.0,3.0
RhoA perturbation; Cdc42 response,Hill_expr,((R+R)+R),0,5,0,9.666667,39.59648601916666,3.8734463426419445,96.0,3.0
RhoA perturbation; Cdc42 response,Hill_expr,((R+R)+R),0,5,0,10.0,39.06948966406249,3.942890003765534,96.0,3.0
RhoA perturbation; Cdc42 response,Hill_expr,((R+R)+R),0,5,0,10.33333,38.990662630520845,4.005894386001017,96.0,3.0
RhoA perturbation; Cdc42 response,Hill_expr,((R+R)+R),0,5,0,10.66667,39.45031246177082,3.988341174717161,96.0,3.0
RhoA perturbation; Cdc42 response,Hill_expr,((R+R)+R),0,5,0,11.0,40.623721676354144,4.047509465116343,96.0,3.0
RhoA perturbation; Cdc42 response,Hill_expr,((R+R)+R),0,5,0,11.33333,40.7664319459375,4.065565791294083,96.0,3.0
RhoA perturbation; Cdc42 response,Hill_expr,((R+R)+R),0,5,0,11.66667,39.61090631427084,4.05057942385462,96.0,3.0
RhoA perturbation; Cdc42 response,Hill_expr,((R+R)+R),0,5,0,12.0,40.80843216510416,4.060803887249427,96.0,3.0
RhoA perturbation; Cdc42 response,Hill_expr,((R+R)+R),0,5,0,12.33333,40.69041874479168,4.1171645311356455,96.0,3.0
RhoA perturbation; Cdc42 response,Hill_expr,((R+R)+R),0,5,0,12.66667,41.37944060083334,4.085218575245882,96.0,3.0
RhoA perturbation; Cdc42 response,Hill_expr,((R+R)+R),0,5,0,13.0,41.696821155,4.0695263217148785,96.0,3.0
RhoA perturbation; Cdc42 response,Hill_expr,((R+R)+R),0,5,0,13.33333,40.61681270593751,4.080936214401611,96.0,3.0
RhoA perturbation; Cdc42 response,Hill_expr,((R+R)+R),0,5,0,13.66667,40.04831553375,4.03329878824528,96.0,3.0
RhoA perturbation; Cdc42 response,Hill_expr,((R+R)+R),0,5,0,14.0,42.655246395208344,3.9080439270441727,96.0,3.0
RhoA perturbation; Cdc42 response,Hill_expr,((R+R)+R),0,5,0,14.33333,42.664869551979166,4.035669535095019,96.0,3.0
RhoA perturbation; Cdc42 response,Hill_expr,((R+R)+R),0,5,0,14.66667,41.769536490104194,4.038248231195513,96.0,3.0
RhoA perturbation; Cdc42 response,Hill_expr,((R+R)+R),0,5,0,15.0,41.51994889124999,4.068766455442411,96.0,3.0
RhoA perturbation; Cdc42 response,Hill_expr,((R+R)+R),0,5,0,15.33333,44.23900240135416,4.041993409643368,96.0,3.0
RhoA perturbation; Cdc42 response,Hill_expr,((R+R)+R),0,5,0,15.66667,43.1206390258333,4.166837456238659,96.0,3.0
RhoA perturbation; Cdc42 response,Hill_expr,((R+R)+R),0,5,0,16.0,44.839397978854144,4.1520711466138955,96.0,3.0
RhoA perturbation; Cdc42 response,Hill_expr,((R+R)+R),0,5,0,16.33333,43.06918511302083,4.230287234171569,96.0,3.0
RhoA perturbation; Cdc42 response,Hill_expr,((R+R)+R),0,5,0,16.66667,44.09113680843748,4.289577947853359,96.0,3.0
RhoA perturbation; Cdc42 response,Hill_expr,((R+R)+R),0,5,0,17.0,44.53816757677084,4.342622278026322,96.0,3.0
RhoA perturbation; Cdc42 response,Hill_expr,((R+R)+R),0,5,0,17.33333,43.110703397187514,4.418435420544268,96.0,3.0
RhoA perturbation; Cdc42 response,Hill_expr,((R+R)+R),0,5,0,17.66667,42.82344298583332,4.336818418553825,96.0,3.0
RhoA perturbation; Cdc42 response,Hill_expr,((R+R)+R),0,5,0,18.0,44.090536348854165,4.30851623883757,96.0,3.0
RhoA perturbation; Cdc42 response,Hill_expr,((R+R)+R),0,5,0,18.33333,44.142052664375,4.218111446909127,96.0,3.0
RhoA perturbation; Cdc42 response,Hill_expr,((R+R)+R),0,5,0,18.66667,44.263298895312516,4.2360150986473375,96.0,3.0
RhoA perturbation; Cdc42 response,Hill_expr,((R+R)+R),0,5,0,19.0,43.36335120822915,4.265969838916123,96.0,3.0
RhoA perturbation; Cdc42 response,Hill_expr,((R+R)+R),0,5,0,19.33333,43.08669481947916,4.228434709868423,96.0,3.0
RhoA perturbation; Cdc42 response,Hill_expr,((R+R)+R),0,5,0,19.66667,44.81050446312499,4.269012995669736,96.0,3.0
RhoA perturbation; Cdc42 response,Hill_expr,((R+R)+R),0,5,0,20.0,44.510929666354166,4.220252827470473,96.0,3.0
RhoA perturbation; Cdc42 response,Hill_expr,((R+R)+R),0,5,0,20.33333,41.54642154458333,3.9541869881523812,96.0,3.0
RhoA perturbation; Cdc42 response,Hill_expr,((R+R)+R),0,5,0,20.66667,40.047226886562505,3.798215134748698,96.0,3.0
RhoA perturbation; Cdc42 response,Hill_expr,((R+R)+R),0,5,0,21.0,39.69214392583333,3.6206287350291313,96.0,3.0
RhoA perturbation; Cdc42 response,Hill_expr,((R+R)+R),0,5,0,21.33333,37.600583485520836,3.454382500683567,96.0,3.0
RhoA perturbation; Cdc42 response,Hill_expr,((R+R)+R),0,5,0,21.66667,35.40411080218749,3.3247934197075897,96.0,3.0
RhoA perturbation; Cdc42 response,Hill_expr,((R+R)+R),0,5,0,22.0,34.32286644083334,3.2697660006155878,96.0,3.0
RhoA perturbation; Cdc42 response,Hill_expr,((R+R)+R),0,5,0,22.33333,33.45373635354167,3.0377326972496514,96.0,3.0
RhoA perturbation; Cdc42 response,Hill_expr,((R+R)+R),0,5,0,22.66667,32.43612773666668,2.9611556203085705,96.0,3.0
RhoA perturbation; Cdc42 response,Hill_expr,((R+R)+R),0,5,0,23.0,31.586112918854173,2.8418174843343205,96.0,3.0
RhoA perturbation; Cdc42 response,Hill_expr,((R+R)+R),0,5,0,23.33333,30.50887267749999,2.744782090490418,96.0,3.0
RhoA perturbation; Cdc42 response,Hill_expr,((R+R)+R),0,5,0,23.66667,28.655807943750002,2.672413285493715,96.0,3.0
RhoA perturbation; Cdc42 response,Hill_expr,((R+R)+R),0,5,0,24.0,27.546000784895835,2.5318502427937117,96.0,3.0
RhoA perturbation; Cdc42 response,Hill_expr,((R+R)+R),0,5,0,24.33333,27.06587826302082,2.4677824051400767,96.0,3.0
RhoA perturbation; Cdc42 response,Hill_expr,((R+R)+R),0,5,0,24.66667,25.482764552604163,2.4126124028827096,96.0,3.0
RhoA perturbation; Cdc42 response,Hill_expr,((R+R)+R),0,5,0,25.0,25.59795988135417,2.287605835685528,96.0,3.0
RhoA perturbation; Cdc42 response,Hill_expr,((R+R)+R),0,5,0,25.33333,24.447861462395817,2.167375122557263,96.0,3.0
RhoA perturbation; Cdc42 response,Hill_expr,((R+R)+R),0,5,0,25.66667,24.01868832989582,2.1371376446013857,96.0,3.0
RhoA perturbation; Cdc42 response,Hill_expr,((R+R)+R),0,5,0,26.0,22.78127678479167,2.086312559586399,96.0,3.0
RhoA perturbation; Cdc42 response,Hill_expr,((R+R)+R),0,5,0,26.33333,21.891632093854167,2.0150716631938677,96.0,3.0
RhoA perturbation; Cdc42 response,Hill_expr,((R+R)+R),0,5,0,26.66667,20.945023626458326,1.8698014129842881,96.0,3.0
RhoA perturbation; Cdc42 response,Hill_expr,((R+R)+R),0,5,0,27.0,20.629967116875008,1.861930411470987,96.0,3.0
RhoA perturbation; Cdc42 response,Hill_expr,((R+R)+R),0,5,0,27.33333,20.088517467916663,1.7512042470241485,96.0,3.0
RhoA perturbation; Cdc42 response,Hill_expr,((R+R)+R),0,5,0,27.66667,18.69201190260416,1.76465998919581,96.0,3.0
RhoA perturbation; Cdc42 response,Hill_expr,((R+R)+R),0,5,0,28.0,18.56528418562501,1.6893769747792127,96.0,3.0
RhoA perturbation; Cdc42 response,Hill_expr,((R+R)+R),0,5,0,28.33333,17.870653391875,1.6870169662889802,96.0,3.0
RhoA perturbation; Cdc42 response,Hill_expr,((R+R)+R),0,5,0,28.66667,17.339744944374996,1.588282207627887,96.0,3.0
RhoA perturbation; Cdc42 response,Hill_expr,((R+R)+R),0,5,0,29.0,16.46350753833333,1.5832712268805966,96.0,3.0
RhoA perturbation; Cdc42 response,Hill_expr,((R+R)+R),0,5,0,29.33333,15.708429160104162,1.5227800474289892,96.0,3.0
RhoA perturbation; Cdc42 response,Hill_expr,((R+R)+R),0,5,0,29.66667,14.33290780020833,1.561889817872484,96.0,3.0
RhoA perturbation; Cdc42 response,Hill_expr,((R+R)+R),0,5,0,30.0,14.203605272812503,1.520699141885573,96.0,3.0
RhoA perturbation; Cdc42 response,Hill_expr,((R+R)+R),0,5,0,30.33333,13.213554077812503,1.4664462570194274,96.0,3.0
RhoA perturbation; Cdc42 response,Hill_expr,((R+R)+R),0,5,0,30.66667,13.623335934583336,1.4679404139860608,96.0,3.0
RhoA perturbation; Cdc42 response,Hill_expr,((R+R)+R),0,5,0,31.0,14.018861143125,1.424568590609521,96.0,3.0
RhoA perturbation; Cdc42 response,Hill_expr,((R+R)+R),0,5,0,31.33333,12.624694368645834,1.4073758356256998,96.0,3.0
RhoA perturbation; Cdc42 response,Hill_expr,((R+R)+R),0,5,0,31.66667,12.349149456979164,1.4168910701793418,96.0,3.0
RhoA perturbation; Cdc42 response,Hill_expr,((R+R)+R),0,5,0,32.0,12.131231478541672,1.391732624306371,96.0,3.0
RhoA perturbation; Cdc42 response,Hill_expr,((R+R)+R),0,5,0,32.33333,11.920231513020832,1.4139563056828284,96.0,3.0
RhoA perturbation; Cdc42 response,Hill_expr,((R+R)+R),0,5,0,32.66667,11.742871103854158,1.2917756055122211,96.0,3.0
RhoA perturbation; Cdc42 response,Hill_expr,((R+R)+R),0,5,0,33.0,11.112344080729164,1.4687470751248861,96.0,3.0
RhoA perturbation; Cdc42 response,Hill_expr,((R+R)+R),0,5,0,33.33333,11.448311698749997,1.414622672158428,96.0,3.0
RhoA perturbation; Cdc42 response,Hill_expr,((R+R)+R),0,5,0,33.66667,10.631778282604168,1.3965004285988596,96.0,3.0
RhoA perturbation; Cdc42 response,Hill_expr,((R+R)+R),0,5,0,34.0,11.341713643020832,1.3230561965793761,96.0,3.0
RhoA perturbation; Cdc42 response,Hill_expr,((R+R)+R),0,5,0,34.33333,10.709179328645837,1.4557604762070828,96.0,3.0
RhoA perturbation; Cdc42 response,Hill_expr,((R+R)+R),0,5,0,34.66667,9.830198902812496,1.4290151201499555,96.0,3.0
RhoA perturbation; Cdc42 response,Hill_expr,((R+R)+R),0,5,0,35.0,10.293112988541665,1.391162024914986,96.0,3.0
RhoA perturbation; Cdc42 response,Hill_expr,((R+R)+R),0,5,0,35.33333,9.332255931770835,1.437777702942255,96.0,3.0
RhoA perturbation; Cdc42 response,Hill_expr,((R+R)+R),0,5,0,35.66667,10.107261608437506,1.3874154515894122,96.0,3.0
RhoA perturbation; Cdc42 response,Hill_expr,((R+R)+R),0,5,0,36.0,9.827691570208332,1.480774129190423,96.0,3.0
RhoA perturbation; Cdc42 response,Hill_expr,((R+R)+R),0,5,0,36.33333,9.709041730833333,1.5384837646541616,96.0,3.0
RhoA perturbation; Cdc42 response,Hill_expr,((R+R)+R),0,5,0,36.66667,9.315187174791669,1.7393612509974656,96.0,3.0
RhoA perturbation; Cdc42 response,Hill_expr,((R+R)+R),0,5,0,37.0,9.948737530729167,1.4400767516664625,96.0,3.0
RhoA perturbation; Cdc42 response,Hill_expr,((R+R)+R),0,5,0,37.33333,10.02341929479167,1.4218773780945793,96.0,3.0
RhoA perturbation; Cdc42 response,Hill_expr,((R+R)+R),0,5,0,37.66667,9.403855300208333,1.3853093435826955,96.0,3.0
RhoA perturbation; Cdc42 response,Hill_expr,((R+R)+R),0,5,0,38.0,9.14292041989584,1.5458551676916175,96.0,3.0
RhoA perturbation; Cdc42 response,Hill_expr,((R+R)+R),0,5,0,38.33333,9.17049158197917,1.4355564822468991,96.0,3.0
RhoA perturbation; Cdc42 response,Hill_expr,((R+R)+R),0,5,0,38.66667,7.807129513541668,1.498602070455668,96.0,3.0
RhoA perturbation; Cdc42 response,Hill_expr,((R+R)+R),0,5,0,39.0,8.327797780416672,1.2036795151143105,96.0,3.0
RhoA perturbation; Cdc42 response,Hill_expr,((R+R)+R),0,5,0,39.33333,8.926327779166662,1.3951379373455004,96.0,3.0
RhoA perturbation; Cdc42 response,Hill_expr,((R+R)+R),0,5,0,39.66667,8.345374473020836,1.3024730221384018,96.0,3.0
RhoA perturbation; Cdc42 response,Hill_expr,((R+R)+R),0,5,0,40.0,7.4125334264583325,1.2672893637109905,96.0,3.0
RhoA perturbation; Cdc42 response,Hill_expr,H(R),1,2,1,0.0,-0.027923615520833316,0.45900898728135897,96.0,23.218990631645294
RhoA perturbation; Cdc42 response,Hill_expr,H(R),1,2,1,0.3333333,9.572856721979164,1.7117579212037075,96.0,23.218990631645294
RhoA perturbation; Cdc42 response,Hill_expr,H(R),1,2,1,0.6666667,12.723626935312508,2.055170942837916,96.0,23.218990631645294
RhoA perturbation; Cdc42 response,Hill_expr,H(R),1,2,1,1.0,16.123369902708337,2.3761519061971845,96.0,23.218990631645294
RhoA perturbation; Cdc42 response,Hill_expr,H(R),1,2,1,1.333333,19.43115996822917,2.575528577353306,96.0,23.218990631645294
RhoA perturbation; Cdc42 response,Hill_expr,H(R),1,2,1,1.666667,21.223441842604178,2.6249579919655845,96.0,23.218990631645294
RhoA perturbation; Cdc42 response,Hill_expr,H(R),1,2,1,2.0,22.44582539614582,2.7499625308181033,96.0,23.218990631645294
RhoA perturbation; Cdc42 response,Hill_expr,H(R),1,2,1,2.333333,25.041849861666687,2.7677347746441052,96.0,23.218990631645294
RhoA perturbation; Cdc42 response,Hill_expr,H(R),1,2,1,2.666667,26.21257579843751,2.839828056336364,96.0,23.218990631645294
RhoA perturbation; Cdc42 response,Hill_expr,H(R),1,2,1,3.0,26.586747623541658,2.997138272755855,96.0,23.218990631645294
RhoA perturbation; Cdc42 response,Hill_expr,H(R),1,2,1,3.333333,28.537379678437492,2.997536296801952,96.0,23.218990631645294
RhoA perturbation; Cdc42 response,Hill_expr,H(R),1,2,1,3.666667,28.538720332499988,3.061047342985218,96.0,23.218990631645294
RhoA perturbation; Cdc42 response,Hill_expr,H(R),1,2,1,4.0,30.86264847822916,3.086591456183257,96.0,23.218990631645294
RhoA perturbation; Cdc42 response,Hill_expr,H(R),1,2,1,4.333334,30.073681551770832,3.221420673684088,96.0,23.218990631645294
RhoA perturbation; Cdc42 response,Hill_expr,H(R),1,2,1,4.666667,31.353581760729174,3.2429259411199145,96.0,23.218990631645294
RhoA perturbation; Cdc42 response,Hill_expr,H(R),1,2,1,5.0,31.513904618333342,3.3185235093304732,96.0,23.218990631645294
RhoA perturbation; Cdc42 response,Hill_expr,H(R),1,2,1,5.333334,32.65468524489584,3.318451354211551,96.0,23.218990631645294
RhoA perturbation; Cdc42 response,Hill_expr,H(R),1,2,1,5.666667,32.21263448333334,3.443925762912029,96.0,23.218990631645294
RhoA perturbation; Cdc42 response,Hill_expr,H(R),1,2,1,6.0,33.98101023406249,3.5208243092732365,96.0,23.218990631645294
RhoA perturbation; Cdc42 response,Hill_expr,H(R),1,2,1,6.333334,34.32541528458332,3.625770168494379,96.0,23.21899063164529
RhoA perturbation; Cdc42 response,Hill_expr,H(R),1,2,1,6.666667,35.020071923124995,3.6337098474294653,96.0,23.218990631645273
RhoA perturbation; Cdc42 response,Hill_expr,H(R),1,2,1,7.0,35.68365437302082,3.680654227050923,96.0,23.21899063164522
RhoA perturbation; Cdc42 response,Hill_expr,H(R),1,2,1,7.333334,34.79511669166665,3.7492912875266424,96.0,23.21899063164504
RhoA perturbation; Cdc42 response,Hill_expr,H(R),1,2,1,7.666667,36.316073593124976,3.754161885758576,96.0,23.21899063164447
RhoA perturbation; Cdc42 response,Hill_expr,H(R),1,2,1,8.0,36.42803883604166,3.7540435656026254,96.0,23.21899063164278
RhoA perturbation; Cdc42 response,Hill_expr,H(R),1,2,1,8.333333,38.05664679145834,3.818279822517446,96.0,23.218990631638
RhoA perturbation; Cdc42 response,Hill_expr,H(R),1,2,1,8.666667,37.498483035,3.89908045696899,96.0,23.218990631625143
RhoA perturbation; Cdc42 response,Hill_expr,H(R),1,2,1,9.0,38.373461548125,3.940671824462212,96.0,23.218990631592018
RhoA perturbation; Cdc42 response,Hill_expr,H(R),1,2,1,9.333333,39.71396570666666,3.967479363055417,96.0,23.218990631510078
RhoA perturbation; Cdc42 response,Hill_expr,H(R),1,2,1,9.666667,39.59648601916666,3.8734463426419445,96.0,23.218990631314888
RhoA perturbation; Cdc42 response,Hill_expr,H(R),1,2,1,10.0,39.06948966406249,3.942890003765534,96.0,23.21899063086601
RhoA perturbation; Cdc42 response,Hill_expr,H(R),1,2,1,10.33333,38.990662630520845,4.005894386001017,96.0,23.218990629867047
RhoA perturbation; Cdc42 response,Hill_expr,H(R),1,2,1,10.66667,39.45031246177082,3.988341174717161,96.0,23.21899062771097
RhoA perturbation; Cdc42 response,Hill_expr,H(R),1,2,1,11.0,40.623721676354144,4.047509465116343,96.0,23.21899062318971
RhoA perturbation; Cdc42 response,Hill_expr,H(R),1,2,1,11.33333,40.7664319459375,4.065565791294083,96.0,23.21899061396117
RhoA perturbation; Cdc42 response,Hill_expr,H(R),1,2,1,11.66667,39.61090631427084,4.05057942385462,96.0,23.21899059559632
RhoA perturbation; Cdc42 response,Hill_expr,H(R),1,2,1,12.0,40.80843216510416,4.060803887249427,96.0,23.21899055991733
RhoA perturbation; Cdc42 response,Hill_expr,H(R),1,2,1,12.33333,40.69041874479168,4.1171645311356455,96.0,23.218990492148958
RhoA perturbation; Cdc42 response,Hill_expr,H(R),1,2,1,12.66667,41.37944060083334,4.085218575245882,96.0,23.21899036614779
RhoA perturbation; Cdc42 response,Hill_expr,H(R),1,2,1,13.0,41.696821155,4.0695263217148785,96.0,23.218990136583674
RhoA perturbation; Cdc42 response,Hill_expr,H(R),1,2,1,13.33333,40.61681270593751,4.080936214401611,96.0,23.218989726278085
RhoA perturbation; Cdc42 response,Hill_expr,H(R),1,2,1,13.66667,40.04831553375,4.03329878824528,96.0,23.218989006142966
RhoA perturbation; Cdc42 response,Hill_expr,H(R),1,2,1,14.0,42.655246395208344,3.9080439270441727,96.0,23.218987764002517
RhoA perturbation; Cdc42 response,Hill_expr,H(R),1,2,1,14.33333,42.664869551979166,4.035669535095019,96.0,23.218985656455267
RhoA perturbation; Cdc42 response,Hill_expr,H(R),1,2,1,14.66667,41.769536490104194,4.038248231195513,96.0,23.218982136164495
RhoA perturbation; Cdc42 response,Hill_expr,H(R),1,2,1,15.0,41.51994889124999,4.068766455442411,96.0,23.218976343933043
RhoA perturbation; Cdc42 response,Hill_expr,H(R),1,2,1,15.33333,44.23900240135416,4.041993409643368,96.0,23.21896694864361
RhoA perturbation; Cdc42 response,Hill_expr,H(R),1,2,1,15.66667,43.1206390258333,4.166837456238659,96.0,23.218951915410432
RhoA perturbation; Cdc42 response,Hill_expr,H(R),1,2,1,16.0,44.839397978854144,4.1520711466138955,96.0,23.21892817506963
RhoA perturbation; Cdc42 response,Hill_expr,H(R),1,2,1,16.33333,43.06918511302083,4.230287234171569,96.0,23.218891150340554
RhoA perturbation; Cdc42 response,Hill_expr,H(R),1,2,1,16.66667,44.09113680843748,4.289577947853359,96.0,23.21883409460677
RhoA perturbation; Cdc42 response,Hill_expr,H(R),1,2,1,17.0,44.53816757677084,4.342622278026322,96.0,23.218747182716378
RhoA perturbation; Cdc42 response,Hill_expr,H(R),1,2,1,17.33333,43.110703397187514,4.418435420544268,96.0,23.21861624388085
RhoA perturbation; Cdc42 response,Hill_expr,H(R),1,2,1,17.66667,42.82344298583332,4.336818418553825,96.0,23.21842105258218
RhoA perturbation; Cdc42 response,Hill_expr,H(R),1,2,1,18.0,44.090536348854165,4.30851623883757,96.0,23.218133054385728
RhoA perturbation; Cdc42 response,Hill_expr,H(R),1,2,1,18.33333,44.142052664375,4.218111446909127,96.0,23.21771226968496
RhoA perturbation; Cdc42 response,Hill_expr,H(R),1,2,1,18.66667,44.263298895312516,4.2360150986473375,96.0,23.217103248643223
RhoA perturbation; Cdc42 response,Hill_expr,H(R),1,2,1,19.0,43.36335120822915,4.265969838916123,96.0,23.21622985177802
RhoA perturbation; Cdc42 response,Hill_expr,H(R),1,2,1,19.33333,43.08669481947916,4.228434709868423,96.0,23.214988277982307
RhoA perturbation; Cdc42 response,Hill_expr,H(R),1,2,1,19.66667,44.81050446312499,4.269012995669736,96.0,23.213238239404134
RhoA perturbation; Cdc42 response,Hill_expr,H(R),1,2,1,20.0,44.510929666354166,4.220252827470473,96.0,23.210791916943272
RhoA perturbation; Cdc42 response,Hill_expr,H(R),1,2,1,20.33333,41.54642154458333,3.9541869881523812,96.0,23.20739944009751
RhoA perturbation; Cdc42 response,Hill_expr,H(R),1,2,1,20.66667,40.047226886562505,3.798215134748698,96.0,23.202731128260396
RhoA perturbation; Cdc42 response,Hill_expr,H(R),1,2,1,21.0,39.69214392583333,3.6206287350291313,96.0,23.196356009560986
RhoA perturbation; Cdc42 response,Hill_expr,H(R),1,2,1,21.33333,37.600583485520836,3.454382500683567,96.0,23.187714006911428
RhoA perturbation; Cdc42 response,Hill_expr,H(R),1,2,1,21.66667,35.40411080218749,3.3247934197075897,96.0,23.176083382065464
RhoA perturbation; Cdc42 response,Hill_expr,H(R),1,2,1,22.0,34.32286644083334,3.2697660006155878,96.0,23.16054313817086
RhoA perturbation; Cdc42 response,Hill_expr,H(R),1,2,1,22.33333,33.45373635354167,3.0377326972496514,96.0,23.139925315271483
RhoA perturbation; Cdc42 response,Hill_expr,H(R),1,2,1,22.66667,32.43612773666668,2.9611556203085705,96.0,23.112763002326083
RhoA perturbation; Cdc42 response,Hill_expr,H(R),1,2,1,23.0,31.586112918854173,2.8418174843343205,96.0,23.07723518135961
RhoA perturbation; Cdc42 response,Hill_expr,H(R),1,2,1,23.33333,30.50887267749999,2.744782090490418,96.0,23.03109951999238
RhoA perturbation; Cdc42 response,Hill_expr,H(R),1,2,1,23.66667,28.655807943750002,2.672413285493715,96.0,22.971630398767502
RhoA perturbation; Cdc42 response,Hill_expr,H(R),1,2,1,24.0,27.546000784895835,2.5318502427937117,96.0,22.89556809899315
RhoA perturbation; Cdc42 response,Hill_expr,H(R),1,2,1,24.33333,27.06587826302082,2.4677824051400767,96.0,22.799065065265108
RhoA perturbation; Cdc42 response,Hill_expr,H(R),1,2,1,24.66667,25.482764552604163,2.4126124028827096,96.0,22.67767271110162
RhoA perturbation; Cdc42 response,Hill_expr,H(R),1,2,1,25.0,25.59795988135417,2.287605835685528,96.0,22.526384087845795
RhoA perturbation; Cdc42 response,Hill_expr,H(R),1,2,1,25.33333,24.447861462395817,2.167375122557263,96.0,22.339707237053798
RhoA perturbation; Cdc42 response,Hill_expr,H(R),1,2,1,25.66667,24.01868832989582,2.1371376446013857,96.0,22.11185582868893
RhoA perturbation; Cdc42 response,Hill_expr,H(R),1,2,1,26.0,22.78127678479167,2.086312559586399,96.0,21.837070258443948
RhoA perturbation; Cdc42 response,Hill_expr,H(R),1,2,1,26.33333,21.891632093854167,2.0150716631938677,96.0,21.509997352838326
RhoA perturbation; Cdc42 response,Hill_expr,H(R),1,2,1,26.66667,20.945023626458326,1.8698014129842881,96.0,21.12624463742612
RhoA perturbation; Cdc42 response,Hill_expr,H(R),1,2,1,27.0,20.629967116875008,1.861930411470987,96.0,20.683050647808958
RhoA perturbation; Cdc42 response,Hill_expr,H(R),1,2,1,27.33333,20.088517467916663,1.7512042470241485,96.0,20.179864653008842
RhoA perturbation; Cdc42 response,Hill_expr,H(R),1,2,1,27.66667,18.69201190260416,1.76465998919581,96.0,19.6189384500927
RhoA perturbation; Cdc42 response,Hill_expr,H(R),1,2,1,28.0,18.56528418562501,1.6893769747792127,96.0,19.005741623522454
RhoA perturbation; Cdc42 response,Hill_expr,H(R),1,2,1,28.33333,17.870653391875,1.6870169662889802,96.0,18.34889063308526
RhoA perturbation; Cdc42 response,Hill_expr,H(R),1,2,1,28.66667,17.339744944374996,1.588282207627887,96.0,17.659824392142113
RhoA perturbation; Cdc42 response,Hill_expr,H(R),1,2,1,29.0,16.46350753833333,1.5832712268805966,96.0,16.952109543049836
RhoA perturbation; Cdc42 response,Hill_expr,H(R),1,2,1,29.33333,15.708429160104162,1.5227800474289892,96.0,16.240257742786152
RhoA perturbation; Cdc42 response,Hill_expr,H(R),1,2,1,29.66667,14.33290780020833,1.561889817872484,96.0,15.538604664940145
RhoA perturbation; Cdc42 response,Hill_expr,H(R),1,2,1,30.0,14.203605272812503,1.520699141885573,96.0,14.860265629136164
RhoA perturbation; Cdc42 response,Hill_expr,H(R),1,2,1,30.33333,13.213554077812503,1.4664462570194274,96.0,14.216145917296057
RhoA perturbation; Cdc42 response,Hill_expr,H(R),1,2,1,30.66667,13.623335934583336,1.4679404139860608,96.0,13.614491821238746
RhoA perturbation; Cdc42 response,Hill_expr,H(R),1,2,1,31.0,14.018861143125,1.424568590609521,96.0,13.060786455160782
RhoA perturbation; Cdc42 response,Hill_expr,H(R),1,2,1,31.33333,12.624694368645834,1.4073758356256998,96.0,12.55779608254003
RhoA perturbation; Cdc42 response,Hill_expr,H(R),1,2,1,31.66667,12.349149456979164,1.4168910701793418,96.0,12.105999880144012
RhoA perturbation; Cdc42 response,Hill_expr,H(R),1,2,1,32.0,12.131231478541672,1.391732624306371,96.0,11.704103427517436
RhoA perturbation; Cdc42 response,Hill_expr,H(R),1,2,1,32.33333,11.920231513020832,1.4139563056828284,96.0,11.349459434247262
RhoA perturbation; Cdc42 response,Hill_expr,H(R),1,2,1,32.66667,11.742871103854158,1.2917756055122211,96.0,11.038577128447594
RhoA perturbation; Cdc42 response,Hill_expr,H(R),1,2,1,33.0,11.112344080729164,1.4687470751248861,96.0,10.767531999808435
RhoA perturbation; Cdc42 response,Hill_expr,H(R),1,2,1,33.33333,11.448311698749997,1.414622672158428,96.0,10.532211549445949
RhoA perturbation; Cdc42 response,Hill_expr,H(R),1,2,1,33.66667,10.631778282604168,1.3965004285988596,96.0,10.328565887104231
RhoA perturbation; Cdc42 response,Hill_expr,H(R),1,2,1,34.0,11.341713643020832,1.3230561965793761,96.0,10.152766499763834
RhoA perturbation; Cdc42 response,Hill_expr,H(R),1,2,1,34.33333,10.709179328645837,1.4557604762070828,96.0,10.001256994972323
RhoA perturbation; Cdc42 response,Hill_expr,H(R),1,2,1,34.66667,9.830198902812496,1.4290151201499555,96.0,9.870818401469949
RhoA perturbation; Cdc42 response,Hill_expr,H(R),1,2,1,35.0,10.293112988541665,1.391162024914986,96.0,9.758590502277563
RhoA perturbation; Cdc42 response,Hill_expr,H(R),1,2,1,35.33333,9.332255931770835,1.437777702942255,96.0,9.662040908434353
RhoA perturbation; Cdc42 response,Hill_expr,H(R),1,2,1,35.66667,10.107261608437506,1.3874154515894122,96.0,9.578958764273418
RhoA perturbation; Cdc42 response,Hill_expr,H(R),1,2,1,36.0,9.827691570208332,1.480774129190423,96.0,9.507433055155623
RhoA perturbation; Cdc42 response,Hill_expr,H(R),1,2,1,36.33333,9.709041730833333,1.5384837646541616,96.0,9.44580776445633
RhoA perturbation; Cdc42 response,Hill_expr,H(R),1,2,1,36.66667,9.315187174791669,1.7393612509974656,96.0,9.39266037863215
RhoA perturbation; Cdc42 response,Hill_expr,H(R),1,2,1,37.0,9.948737530729167,1.4400767516664625,96.0,9.346776268240033
RhoA perturbation; Cdc42 response,Hill_expr,H(R),1,2,1,37.33333,10.02341929479167,1.4218773780945793,96.0,9.307112286819047
RhoA perturbation; Cdc42 response,Hill_expr,H(R),1,2,1,37.66667,9.403855300208333,1.3853093435826955,96.0,9.27277811012231
RhoA perturbation; Cdc42 response,Hill_expr,H(R),1,2,1,38.0,9.14292041989584,1.5458551676916175,96.0,9.243016919158785
RhoA perturbation; Cdc42 response,Hill_expr,H(R),1,2,1,38.33333,9.17049158197917,1.4355564822468991,96.0,9.217180358279593
RhoA perturbation; Cdc42 response,Hill_expr,H(R),1,2,1,38.66667,7.807129513541668,1.498602070455668,96.0,9.194715755467
RhoA perturbation; Cdc42 response,Hill_expr,H(R),1,2,1,39.0,8.327797780416672,1.2036795151143105,96.0,9.175153473870735
RhoA perturbation; Cdc42 response,Hill_expr,H(R),1,2,1,39.33333,8.926327779166662,1.3951379373455004,96.0,9.158090771704344
RhoA perturbation; Cdc42 response,Hill_expr,H(R),1,2,1,39.66667,8.345374473020836,1.3024730221384018,96.0,9.143183818009149
RhoA perturbation; Cdc42 response,Hill_expr,H(R),1,2,1,40.0,7.4125334264583325,1.2672893637109905,96.0,9.130139888253302
RhoA perturbation; Cdc42 response,Hill_expr,(H(R)+R),1,4,1,0.0,-0.027923615520833316,0.45900898728135897,96.0,-0.02775344538082613
RhoA perturbation; Cdc42 response,Hill_expr,(H(R)+R),1,4,1,0.3333333,9.572856721979164,1.7117579212037075,96.0,1.88141156670315
RhoA perturbation; Cdc42 response,Hill_expr,(H(R)+R),1,4,1,0.6666667,12.723626935312508,2.055170942837916,96.0,12.684327848745621
RhoA perturbation; Cdc42 response,Hill_expr,(H(R)+R),1,4,1,1.0,16.123369902708337,2.3761519061971845,96.0,16.685562050163878
RhoA perturbation; Cdc42 response,Hill_expr,(H(R)+R),1,4,1,1.333333,19.43115996822917,2.575528577353306,96.0,17.31024049542208
RhoA perturbation; Cdc42 response,Hill_expr,(H(R)+R),1,4,1,1.666667,21.223441842604178,2.6249579919655845,96.0,17.396572583786494
RhoA perturbation; Cdc42 response,Hill_expr,(H(R)+R),1,4,1,2.0,22.44582539614582,2.7499625308181033,96.0,17.408309922231116
RhoA perturbation; Cdc42 response,Hill_expr,(H(R)+R),1,4,1,2.333333,25.041849861666687,2.7677347746441052,96.0,17.409902155721287
RhoA perturbation; Cdc42 response,Hill_expr,(H(R)+R),1,4,1,2.666667,26.21257579843751,2.839828056336364,96.0,17.410118086073776
RhoA perturbation; Cdc42 response,Hill_expr,(H(R)+R),1,4,1,3.0,26.586747623541658,2.997138272755855,96.0,17.410147367990692
RhoA perturbation; Cdc42 response,Hill_expr,(H(R)+R),1,4,1,3.333333,28.537379678437492,2.997536296801952,96.0,17.410151338863034
RhoA perturbation; Cdc42 response,Hill_expr,(H(R)+R),1,4,1,3.666667,28.538720332499988,3.061047342985218,96.0,17.41015187734654
RhoA perturbation; Cdc42 response,Hill_expr,(H(R)+R),1,4,1,4.0,30.86264847822916,3.086591456183257,96.0,17.410151950368842
RhoA perturbation; Cdc42 response,Hill_expr,(H(R)+R),1,4,1,4.333334,30.073681551770832,3.221420673684088,96.0,17.410151960271293
RhoA perturbation; Cdc42 response,Hill_expr,(H(R)+R),1,4,1,4.666667,31.353581760729174,3.2429259411199145,96.0,17.410151961614154
RhoA perturbation; Cdc42 response,Hill_expr,(H(R)+R),1,4,1,5.0,31.513904618333342,3.3185235093304732,96.0,17.410151961796217
RhoA perturbation; Cdc42 response,Hill_expr,(H(R)+R),1,4,1,5.333334,32.65468524489584,3.318451354211551,96.0,17.410151961820944
RhoA perturbation; Cdc42 response,Hill_expr,(H(R)+R),1,4,1,5.666667,32.21263448333334,3.443925762912029,96.0,17.410151961824297
RhoA perturbation; Cdc42 response,Hill_expr,(H(R)+R),1,4,1,6.0,33.98101023406249,3.5208243092732365,96.0,17.41015196182476
RhoA perturbation; Cdc42 response,Hill_expr,(H(R)+R),1,4,1,6.333334,34.32541528458332,3.625770168494379,96.0,17.410151961824823
RhoA perturbation; Cdc42 response,Hill_expr,(H(R)+R),1,4,1,6.666667,35.020071923124995,3.6337098474294653,96.0,17.410151961824823
RhoA perturbation; Cdc42 response,Hill_expr,(H(R)+R),1,4,1,7.0,35.68365437302082,3.680654227050923,96.0,17.410151961824823
RhoA perturbation; Cdc42 response,Hill_expr,(H(R)+R),1,4,1,7.333334,34.79511669166665,3.7492912875266424,96.0,17.410151961824823
RhoA perturbation; Cdc42 response,Hill_expr,(H(R)+R),1,4,1,7.666667,36.316073593124976,3.754161885758576,96.0,17.410151961824823
RhoA perturbation; Cdc42 response,Hill_expr,(H(R)+R),1,4,1,8.0,36.42803883604166,3.7540435656026254,96.0,17.410151961824823
RhoA perturbation; Cdc42 response,Hill_expr,(H(R)+R),1,4,1,8.333333,38.05664679145834,3.818279822517446,96.0,17.410151961824823
RhoA perturbation; Cdc42 response,Hill_expr,(H(R)+R),1,4,1,8.666667,37.498483035,3.89908045696899,96.0,17.410151961824823
RhoA perturbation; Cdc42 response,Hill_expr,(H(R)+R),1,4,1,9.0,38.373461548125,3.940671824462212,96.0,17.410151961824823
RhoA perturbation; Cdc42 response,Hill_expr,(H(R)+R),1,4,1,9.333333,39.71396570666666,3.967479363055417,96.0,17.410151961824823
RhoA perturbation; Cdc42 response,Hill_expr,(H(R)+R),1,4,1,9.666667,39.59648601916666,3.8734463426419445,96.0,17.410151961824823
RhoA perturbation; Cdc42 response,Hill_expr,(H(R)+R),1,4,1,10.0,39.06948966406249,3.942890003765534,96.0,17.410151961824823
RhoA perturbation; Cdc42 response,Hill_expr,(H(R)+R),1,4,1,10.33333,38.990662630520845,4.005894386001017,96.0,17.410151961824823
RhoA perturbation; Cdc42 response,Hill_expr,(H(R)+R),1,4,1,10.66667,39.45031246177082,3.988341174717161,96.0,17.410151961824823
RhoA perturbation; Cdc42 response,Hill_expr,(H(R)+R),1,4,1,11.0,40.623721676354144,4.047509465116343,96.0,17.410151961824823
RhoA perturbation; Cdc42 response,Hill_expr,(H(R)+R),1,4,1,11.33333,40.7664319459375,4.065565791294083,96.0,17.410151961824823
RhoA perturbation; Cdc42 response,Hill_expr,(H(R)+R),1,4,1,11.66667,39.61090631427084,4.05057942385462,96.0,17.410151961824823
RhoA perturbation; Cdc42 response,Hill_expr,(H(R)+R),1,4,1,12.0,40.80843216510416,4.060803887249427,96.0,17.410151961824823
RhoA perturbation; Cdc42 response,Hill_expr,(H(R)+R),1,4,1,12.33333,40.69041874479168,4.1171645311356455,96.0,17.410151961824823
RhoA perturbation; Cdc42 response,Hill_expr,(H(R)+R),1,4,1,12.66667,41.37944060083334,4.085218575245882,96.0,17.410151961824823
RhoA perturbation; Cdc42 response,Hill_expr,(H(R)+R),1,4,1,13.0,41.696821155,4.0695263217148785,96.0,17.410151961824823
RhoA perturbation; Cdc42 response,Hill_expr,(H(R)+R),1,4,1,13.33333,40.61681270593751,4.080936214401611,96.0,17.410151961824823
RhoA perturbation; Cdc42 response,Hill_expr,(H(R)+R),1,4,1,13.66667,40.04831553375,4.03329878824528,96.0,17.410151961824823
RhoA perturbation; Cdc42 response,Hill_expr,(H(R)+R),1,4,1,14.0,42.655246395208344,3.9080439270441727,96.0,17.410151961824823
RhoA perturbation; Cdc42 response,Hill_expr,(H(R)+R),1,4,1,14.33333,42.664869551979166,4.035669535095019,96.0,17.410151961824823
RhoA perturbation; Cdc42 response,Hill_expr,(H(R)+R),1,4,1,14.66667,41.769536490104194,4.038248231195513,96.0,17.410151961824823
RhoA perturbation; Cdc42 response,Hill_expr,(H(R)+R),1,4,1,15.0,41.51994889124999,4.068766455442411,96.0,17.410151961824823
RhoA perturbation; Cdc42 response,Hill_expr,(H(R)+R),1,4,1,15.33333,44.23900240135416,4.041993409643368,96.0,17.410151961824823
RhoA perturbation; Cdc42 response,Hill_expr,(H(R)+R),1,4,1,15.66667,43.1206390258333,4.166837456238659,96.0,17.410151961824823
RhoA perturbation; Cdc42 response,Hill_expr,(H(R)+R),1,4,1,16.0,44.839397978854144,4.1520711466138955,96.0,17.410151961824823
RhoA perturbation; Cdc42 response,Hill_expr,(H(R)+R),1,4,1,16.33333,43.06918511302083,4.230287234171569,96.0,17.410151961824823
RhoA perturbation; Cdc42 response,Hill_expr,(H(R)+R),1,4,1,16.66667,44.09113680843748,4.289577947853359,96.0,17.410151961824823
RhoA perturbation; Cdc42 response,Hill_expr,(H(R)+R),1,4,1,17.0,44.53816757677084,4.342622278026322,96.0,17.410151961824823
RhoA perturbation; Cdc42 response,Hill_expr,(H(R)+R),1,4,1,17.33333,43.110703397187514,4.418435420544268,96.0,17.410151961824823
RhoA perturbation; Cdc42 response,Hill_expr,(H(R)+R),1,4,1,17.66667,42.82344298583332,4.336818418553825,96.0,17.410151961824823
RhoA perturbation; Cdc42 response,Hill_expr,(H(R)+R),1,4,1,18.0,44.090536348854165,4.30851623883757,96.0,17.410151961824823
RhoA perturbation; Cdc42 response,Hill_expr,(H(R)+R),1,4,1,18.33333,44.142052664375,4.218111446909127,96.0,17.410151961824823
RhoA perturbation; Cdc42 response,Hill_expr,(H(R)+R),1,4,1,18.66667,44.263298895312516,4.2360150986473375,96.0,17.410151961824823
RhoA perturbation; Cdc42 response,Hill_expr,(H(R)+R),1,4,1,19.0,43.36335120822915,4.265969838916123,96.0,17.410151961824823
RhoA perturbation; Cdc42 response,Hill_expr,(H(R)+R),1,4,1,19.33333,43.08669481947916,4.228434709868423,96.0,17.410151961824823
RhoA perturbation; Cdc42 response,Hill_expr,(H(R)+R),1,4,1,19.66667,44.81050446312499,4.269012995669736,96.0,17.410151961824823
RhoA perturbation; Cdc42 response,Hill_expr,(H(R)+R),1,4,1,20.0,44.510929666354166,4.220252827470473,96.0,17.410151961824823
RhoA perturbation; Cdc42 response,Hill_expr,(H(R)+R),1,4,1,20.33333,41.54642154458333,3.9541869881523812,96.0,17.410151961824823
RhoA perturbation; Cdc42 response,Hill_expr,(H(R)+R),1,4,1,20.66667,40.047226886562505,3.798215134748698,96.0,17.410151961824823
RhoA perturbation; Cdc42 response,Hill_expr,(H(R)+R),1,4,1,21.0,39.69214392583333,3.6206287350291313,96.0,17.410151961824823
RhoA perturbation; Cdc42 response,Hill_expr,(H(R)+R),1,4,1,21.33333,37.600583485520836,3.454382500683567,96.0,17.410151961824823
RhoA perturbation; Cdc42 response,Hill_expr,(H(R)+R),1,4,1,21.66667,35.40411080218749,3.3247934197075897,96.0,17.410151961824823
RhoA perturbation; Cdc42 response,Hill_expr,(H(R)+R),1,4,1,22.0,34.32286644083334,3.2697660006155878,96.0,17.410151961824823
RhoA perturbation; Cdc42 response,Hill_expr,(H(R)+R),1,4,1,22.33333,33.45373635354167,3.0377326972496514,96.0,17.410151961824823
RhoA perturbation; Cdc42 response,Hill_expr,(H(R)+R),1,4,1,22.66667,32.43612773666668,2.9611556203085705,96.0,17.410151961824823
RhoA perturbation; Cdc42 response,Hill_expr,(H(R)+R),1,4,1,23.0,31.586112918854173,2.8418174843343205,96.0,17.410151961824823
RhoA perturbation; Cdc42 response,Hill_expr,(H(R)+R),1,4,1,23.33333,30.50887267749999,2.744782090490418,96.0,17.410151961824823
RhoA perturbation; Cdc42 response,Hill_expr,(H(R)+R),1,4,1,23.66667,28.655807943750002,2.672413285493715,96.0,17.410151961824823
RhoA perturbation; Cdc42 response,Hill_expr,(H(R)+R),1,4,1,24.0,27.546000784895835,2.5318502427937117,96.0,17.410151961824823
RhoA perturbation; Cdc42 response,Hill_expr,(H(R)+R),1,4,1,24.33333,27.06587826302082,2.4677824051400767,96.0,17.410151961824823
RhoA perturbation; Cdc42 response,Hill_expr,(H(R)+R),1,4,1,24.66667,25.482764552604163,2.4126124028827096,96.0,17.410151961824823
RhoA perturbation; Cdc42 response,Hill_expr,(H(R)+R),1,4,1,25.0,25.59795988135417,2.287605835685528,96.0,17.410151961824823
RhoA perturbation; Cdc42 response,Hill_expr,(H(R)+R),1,4,1,25.33333,24.447861462395817,2.167375122557263,96.0,17.410151961824823
RhoA perturbation; Cdc42 response,Hill_expr,(H(R)+R),1,4,1,25.66667,24.01868832989582,2.1371376446013857,96.0,17.410151961824823
RhoA perturbation; Cdc42 response,Hill_expr,(H(R)+R),1,4,1,26.0,22.78127678479167,2.086312559586399,96.0,17.410151961824823
RhoA perturbation; Cdc42 response,Hill_expr,(H(R)+R),1,4,1,26.33333,21.891632093854167,2.0150716631938677,96.0,17.410151961824823
RhoA perturbation; Cdc42 response,Hill_expr,(H(R)+R),1,4,1,26.66667,20.945023626458326,1.8698014129842881,96.0,17.410151961824823
RhoA perturbation; Cdc42 response,Hill_expr,(H(R)+R),1,4,1,27.0,20.629967116875008,1.861930411470987,96.0,17.410151961824823
RhoA perturbation; Cdc42 response,Hill_expr,(H(R)+R),1,4,1,27.33333,20.088517467916663,1.7512042470241485,96.0,17.410151961824823
RhoA perturbation; Cdc42 response,Hill_expr,(H(R)+R),1,4,1,27.66667,18.69201190260416,1.76465998919581,96.0,17.410151961824823
RhoA perturbation; Cdc42 response,Hill_expr,(H(R)+R),1,4,1,28.0,18.56528418562501,1.6893769747792127,96.0,17.410151961824823
RhoA perturbation; Cdc42 response,Hill_expr,(H(R)+R),1,4,1,28.33333,17.870653391875,1.6870169662889802,96.0,17.410151961824823
RhoA perturbation; Cdc42 response,Hill_expr,(H(R)+R),1,4,1,28.66667,17.339744944374996,1.588282207627887,96.0,17.410151961824823
RhoA perturbation; Cdc42 response,Hill_expr,(H(R)+R),1,4,1,29.0,16.46350753833333,1.5832712268805966,96.0,17.410151961824823
RhoA perturbation; Cdc42 response,Hill_expr,(H(R)+R),1,4,1,29.33333,15.708429160104162,1.5227800474289892,96.0,17.410151961824823
RhoA perturbation; Cdc42 response,Hill_expr,(H(R)+R),1,4,1,29.66667,14.33290780020833,1.561889817872484,96.0,17.410151961824823
RhoA perturbation; Cdc42 response,Hill_expr,(H(R)+R),1,4,1,30.0,14.203605272812503,1.520699141885573,96.0,17.410151961824823
RhoA perturbation; Cdc42 response,Hill_expr,(H(R)+R),1,4,1,30.33333,13.213554077812503,1.4664462570194274,96.0,17.410151961824823
RhoA perturbation; Cdc42 response,Hill_expr,(H(R)+R),1,4,1,30.66667,13.623335934583336,1.4679404139860608,96.0,17.410151961824823
RhoA perturbation; Cdc42 response,Hill_expr,(H(R)+R),1,4,1,31.0,14.018861143125,1.424568590609521,96.0,17.410151961824823
RhoA perturbation; Cdc42 response,Hill_expr,(H(R)+R),1,4,1,31.33333,12.624694368645834,1.4073758356256998,96.0,17.410151961824823
RhoA perturbation; Cdc42 response,Hill_expr,(H(R)+R),1,4,1,31.66667,12.349149456979164,1.4168910701793418,96.0,17.410151961824823
RhoA perturbation; Cdc42 response,Hill_expr,(H(R)+R),1,4,1,32.0,12.131231478541672,1.391732624306371,96.0,17.410151961824823
RhoA perturbation; Cdc42 response,Hill_expr,(H(R)+R),1,4,1,32.33333,11.920231513020832,1.4139563056828284,96.0,17.410151961824823
RhoA perturbation; Cdc42 response,Hill_expr,(H(R)+R),1,4,1,32.66667,11.742871103854158,1.2917756055122211,96.0,17.410151961824823
RhoA perturbation; Cdc42 response,Hill_expr,(H(R)+R),1,4,1,33.0,11.112344080729164,1.4687470751248861,96.0,17.410151961824823
RhoA perturbation; Cdc42 response,Hill_expr,(H(R)+R),1,4,1,33.33333,11.448311698749997,1.414622672158428,96.0,17.410151961824823
RhoA perturbation; Cdc42 response,Hill_expr,(H(R)+R),1,4,1,33.66667,10.631778282604168,1.3965004285988596,96.0,17.410151961824823
RhoA perturbation; Cdc42 response,Hill_expr,(H(R)+R),1,4,1,34.0,11.341713643020832,1.3230561965793761,96.0,17.410151961824823
RhoA perturbation; Cdc42 response,Hill_expr,(H(R)+R),1,4,1,34.33333,10.709179328645837,1.4557604762070828,96.0,17.410151961824823
RhoA perturbation; Cdc42 response,Hill_expr,(H(R)+R),1,4,1,34.66667,9.830198902812496,1.4290151201499555,96.0,17.410151961824823
RhoA perturbation; Cdc42 response,Hill_expr,(H(R)+R),1,4,1,35.0,10.293112988541665,1.391162024914986,96.0,17.410151961824823
RhoA perturbation; Cdc42 response,Hill_expr,(H(R)+R),1,4,1,35.33333,9.332255931770835,1.437777702942255,96.0,17.410151961824823
RhoA perturbation; Cdc42 response,Hill_expr,(H(R)+R),1,4,1,35.66667,10.107261608437506,1.3874154515894122,96.0,17.410151961824823
RhoA perturbation; Cdc42 response,Hill_expr,(H(R)+R),1,4,1,36.0,9.827691570208332,1.480774129190423,96.0,17.410151961824823
RhoA perturbation; Cdc42 response,Hill_expr,(H(R)+R),1,4,1,36.33333,9.709041730833333,1.5384837646541616,96.0,17.410151961824823
RhoA perturbation; Cdc42 response,Hill_expr,(H(R)+R),1,4,1,36.66667,9.315187174791669,1.7393612509974656,96.0,17.410151961824823
RhoA perturbation; Cdc42 response,Hill_expr,(H(R)+R),1,4,1,37.0,9.948737530729167,1.4400767516664625,96.0,17.410151961824823
RhoA perturbation; Cdc42 response,Hill_expr,(H(R)+R),1,4,1,37.33333,10.02341929479167,1.4218773780945793,96.0,17.410151961824823
RhoA perturbation; Cdc42 response,Hill_expr,(H(R)+R),1,4,1,37.66667,9.403855300208333,1.3853093435826955,96.0,17.410151961824823
RhoA perturbation; Cdc42 response,Hill_expr,(H(R)+R),1,4,1,38.0,9.14292041989584,1.5458551676916175,96.0,17.410151961824823
RhoA perturbation; Cdc42 response,Hill_expr,(H(R)+R),1,4,1,38.33333,9.17049158197917,1.4355564822468991,96.0,17.410151961824823
RhoA perturbation; Cdc42 response,Hill_expr,(H(R)+R),1,4,1,38.66667,7.807129513541668,1.498602070455668,96.0,17.410151961824823
RhoA perturbation; Cdc42 response,Hill_expr,(H(R)+R),1,4,1,39.0,8.327797780416672,1.2036795151143105,96.0,17.410151961824823
RhoA perturbation; Cdc42 response,Hill_expr,(H(R)+R),1,4,1,39.33333,8.926327779166662,1.3951379373455004,96.0,17.410151961824823
RhoA perturbation; Cdc42 response,Hill_expr,(H(R)+R),1,4,1,39.66667,8.345374473020836,1.3024730221384018,96.0,17.410151961824823
RhoA perturbation; Cdc42 response,Hill_expr,(H(R)+R),1,4,1,40.0,7.4125334264583325,1.2672893637109905,96.0,17.410151961824823
RhoA perturbation; Cdc42 response,Hill_expr,H((R+R)),1,4,1,0.0,-0.027923615520833316,0.45900898728135897,96.0,23.218962323778687
RhoA perturbation; Cdc42 response,Hill_expr,H((R+R)),1,4,1,0.3333333,9.572856721979164,1.7117579212037075,96.0,23.218962323778687
RhoA perturbation; Cdc42 response,Hill_expr,H((R+R)),1,4,1,0.6666667,12.723626935312508,2.055170942837916,96.0,23.218962323778687
RhoA perturbation; Cdc42 response,Hill_expr,H((R+R)),1,4,1,1.0,16.123369902708337,2.3761519061971845,96.0,23.218962323778687
RhoA perturbation; Cdc42 response,Hill_expr,H((R+R)),1,4,1,1.333333,19.43115996822917,2.575528577353306,96.0,23.218962323778687
RhoA perturbation; Cdc42 response,Hill_expr,H((R+R)),1,4,1,1.666667,21.223441842604178,2.6249579919655845,96.0,23.218962323778687
RhoA perturbation; Cdc42 response,Hill_expr,H((R+R)),1,4,1,2.0,22.44582539614582,2.7499625308181033,96.0,23.218962323778687
RhoA perturbation; Cdc42 response,Hill_expr,H((R+R)),1,4,1,2.333333,25.041849861666687,2.7677347746441052,96.0,23.218962323778687
RhoA perturbation; Cdc42 response,Hill_expr,H((R+R)),1,4,1,2.666667,26.21257579843751,2.839828056336364,96.0,23.218962323778687
RhoA perturbation; Cdc42 response,Hill_expr,H((R+R)),1,4,1,3.0,26.586747623541658,2.997138272755855,96.0,23.218962323778687
RhoA perturbation; Cdc42 response,Hill_expr,H((R+R)),1,4,1,3.333333,28.537379678437492,2.997536296801952,96.0,23.218962323778687
RhoA perturbation; Cdc42 response,Hill_expr,H((R+R)),1,4,1,3.666667,28.538720332499988,3.061047342985218,96.0,23.218962323778687
RhoA perturbation; Cdc42 response,Hill_expr,H((R+R)),1,4,1,4.0,30.86264847822916,3.086591456183257,96.0,23.218962323778687
RhoA perturbation; Cdc42 response,Hill_expr,H((R+R)),1,4,1,4.333334,30.073681551770832,3.221420673684088,96.0,23.218962323778687
RhoA perturbation; Cdc42 response,Hill_expr,H((R+R)),1,4,1,4.666667,31.353581760729174,3.2429259411199145,96.0,23.218962323778687
RhoA perturbation; Cdc42 response,Hill_expr,H((R+R)),1,4,1,5.0,31.513904618333342,3.3185235093304732,96.0,23.218962323778687
RhoA perturbation; Cdc42 response,Hill_expr,H((R+R)),1,4,1,5.333334,32.65468524489584,3.318451354211551,96.0,23.218962323778687
RhoA perturbation; Cdc42 response,Hill_expr,H((R+R)),1,4,1,5.666667,32.21263448333334,3.443925762912029,96.0,23.218962323778687
RhoA perturbation; Cdc42 response,Hill_expr,H((R+R)),1,4,1,6.0,33.98101023406249,3.5208243092732365,96.0,23.218962323778687
RhoA perturbation; Cdc42 response,Hill_expr,H((R+R)),1,4,1,6.333334,34.32541528458332,3.625770168494379,96.0,23.218962323778683
RhoA perturbation; Cdc42 response,Hill_expr,H((R+R)),1,4,1,6.666667,35.020071923124995,3.6337098474294653,96.0,23.218962323778666
RhoA perturbation; Cdc42 response,Hill_expr,H((R+R)),1,4,1,7.0,35.68365437302082,3.680654227050923,96.0,23.218962323778612
RhoA perturbation; Cdc42 response,Hill_expr,H((R+R)),1,4,1,7.333334,34.79511669166665,3.7492912875266424,96.0,23.21896232377843
RhoA perturbation; Cdc42 response,Hill_expr,H((R+R)),1,4,1,7.666667,36.316073593124976,3.754161885758576,96.0,23.218962323777863
RhoA perturbation; Cdc42 response,Hill_expr,H((R+R)),1,4,1,8.0,36.42803883604166,3.7540435656026254,96.0,23.21896232377617
RhoA perturbation; Cdc42 response,Hill_expr,H((R+R)),1,4,1,8.333333,38.05664679145834,3.818279822517446,96.0,23.218962323771397
RhoA perturbation; Cdc42 response,Hill_expr,H((R+R)),1,4,1,8.666667,37.498483035,3.89908045696899,96.0,23.218962323758543
RhoA perturbation; Cdc42 response,Hill_expr,H((R+R)),1,4,1,9.0,38.373461548125,3.940671824462212,96.0,23.21896232372543
RhoA perturbation; Cdc42 response,Hill_expr,H((R+R)),1,4,1,9.333333,39.71396570666666,3.967479363055417,96.0,23.218962323643517
RhoA perturbation; Cdc42 response,Hill_expr,H((R+R)),1,4,1,9.666667,39.59648601916666,3.8734463426419445,96.0,23.21896232344839
RhoA perturbation; Cdc42 response,Hill_expr,H((R+R)),1,4,1,10.0,39.06948966406249,3.942890003765534,96.0,23.218962322999662
RhoA perturbation; Cdc42 response,Hill_expr,H((R+R)),1,4,1,10.33333,38.990662630520845,4.005894386001017,96.0,23.21896232200102
RhoA perturbation; Cdc42 response,Hill_expr,H((R+R)),1,4,1,10.66667,39.45031246177082,3.988341174717161,96.0,23.218962319845623
RhoA perturbation; Cdc42 response,Hill_expr,H((R+R)),1,4,1,11.0,40.623721676354144,4.047509465116343,96.0,23.21896231532576
RhoA perturbation; Cdc42 response,Hill_expr,H((R+R)),1,4,1,11.33333,40.7664319459375,4.065565791294083,96.0,23.218962306100018
RhoA perturbation; Cdc42 response,Hill_expr,H((R+R)),1,4,1,11.66667,39.61090631427084,4.05057942385462,96.0,23.218962287740617
RhoA perturbation; Cdc42 response,Hill_expr,H((R+R)),1,4,1,12.0,40.80843216510416,4.060803887249427,96.0,23.218962252071993
RhoA perturbation; Cdc42 response,Hill_expr,H((R+R)),1,4,1,12.33333,40.69041874479168,4.1171645311356455,96.0,23.21896218432289
RhoA perturbation; Cdc42 response,Hill_expr,H((R+R)),1,4,1,12.66667,41.37944060083334,4.085218575245882,96.0,23.218962058356773
RhoA perturbation; Cdc42 response,Hill_expr,H((R+R)),1,4,1,13.0,41.696821155,4.0695263217148785,96.0,23.218961828855115
RhoA perturbation; Cdc42 response,Hill_expr,H((R+R)),1,4,1,13.33333,40.61681270593751,4.080936214401611,96.0,23.218961418658644
RhoA perturbation; Cdc42 response,Hill_expr,H((R+R)),1,4,1,13.66667,40.04831553375,4.03329878824528,96.0,23.21896069871067
RhoA perturbation; Cdc42 response,Hill_expr,H((R+R)),1,4,1,14.0,42.655246395208344,3.9080439270441727,96.0,23.21895945688549
RhoA perturbation; Cdc42 response,Hill_expr,H((R+R)),1,4,1,14.33333,42.664869551979166,4.035669535095019,96.0,23.21895734986045
RhoA perturbation; Cdc42 response,Hill_expr,H((R+R)),1,4,1,14.66667,41.769536490104194,4.038248231195513,96.0,23.21895383042078
RhoA perturbation; Cdc42 response,Hill_expr,H((R+R)),1,4,1,15.0,41.51994889124999,4.068766455442411,96.0,23.21894803955504
RhoA perturbation; Cdc42 response,Hill_expr,H((R+R)),1,4,1,15.33333,44.23900240135416,4.041993409643368,96.0,23.218938646424842
RhoA perturbation; Cdc42 response,Hill_expr,H((R+R)),1,4,1,15.66667,43.1206390258333,4.166837456238659,96.0,23.218923616557323
RhoA perturbation; Cdc42 response,Hill_expr,H((R+R)),1,4,1,16.0,44.839397978854144,4.1520711466138955,96.0,23.2188998813911
RhoA perturbation; Cdc42 response,Hill_expr,H((R+R)),1,4,1,16.33333,43.06918511302083,4.230287234171569,96.0,23.218862864513977
RhoA perturbation; Cdc42 response,Hill_expr,H((R+R)),1,4,1,16.66667,44.09113680843748,4.289577947853359,96.0,23.218805820545313
RhoA perturbation; Cdc42 response,Hill_expr,H((R+R)),1,4,1,17.0,44.53816757677084,4.342622278026322,96.0,23.218718926068405
RhoA perturbation; Cdc42 response,Hill_expr,H((R+R)),1,4,1,17.33333,43.110703397187514,4.418435420544268,96.0,23.218588012705005
RhoA perturbation; Cdc42 response,Hill_expr,H((R+R)),1,4,1,17.66667,42.82344298583332,4.336818418553825,96.0,23.218392858245455
RhoA perturbation; Cdc42 response,Hill_expr,H((R+R)),1,4,1,18.0,44.090536348854165,4.30851623883757,96.0,23.218104912739456
RhoA perturbation; Cdc42 response,Hill_expr,H((R+R)),1,4,1,18.33333,44.142052664375,4.218111446909127,96.0,23.217684202599997
RhoA perturbation; Cdc42 response,Hill_expr,H((R+R)),1,4,1,18.66667,44.263298895312516,4.2360150986473375,96.0,23.217075285979533
RhoA perturbation; Cdc42 response,Hill_expr,H((R+R)),1,4,1,19.0,43.36335120822915,4.265969838916123,96.0,23.216202033869447
RhoA perturbation; Cdc42 response,Hill_expr,H((R+R)),1,4,1,19.33333,43.08669481947916,4.228434709868423,96.0,23.214960658769908
RhoA perturbation; Cdc42 response,Hill_expr,H((R+R)),1,4,1,19.66667,44.81050446312499,4.269012995669736,96.0,23.2132108903071
RhoA perturbation; Cdc42 response,Hill_expr,H((R+R)),1,4,1,20.0,44.510929666354166,4.220252827470473,96.0,23.210764931548212
RhoA perturbation; Cdc42 response,Hill_expr,H((R+R)),1,4,1,20.33333,41.54642154458333,3.9541869881523812,96.0,23.207372939848664
RhoA perturbation; Cdc42 response,Hill_expr,H((R+R)),1,4,1,20.66667,40.047226886562505,3.798215134748698,96.0,23.202705269178033
RhoA perturbation; Cdc42 response,Hill_expr,H((R+R)),1,4,1,21.0,39.69214392583333,3.6206287350291313,96.0,23.196330989963773
RhoA perturbation; Cdc42 response,Hill_expr,H((R+R)),1,4,1,21.33333,37.600583485520836,3.454382500683567,96.0,23.187690076305053
RhoA perturbation; Cdc42 response,Hill_expr,H((R+R)),1,4,1,21.66667,35.40411080218749,3.3247934197075897,96.0,23.176060850928128
RhoA perturbation; Cdc42 response,Hill_expr,H((R+R)),1,4,1,22.0,34.32286644083334,3.2697660006155878,96.0,23.160522388207898
RhoA perturbation; Cdc42 response,Hill_expr,H((R+R)),1,4,1,22.33333,33.45373635354167,3.0377326972496514,96.0,23.13990681002862
RhoA perturbation; Cdc42 response,Hill_expr,H((R+R)),1,4,1,22.66667,32.43612773666668,2.9611556203085705,96.0,23.11274729701636
RhoA perturbation; Cdc42 response,Hill_expr,H((R+R)),1,4,1,23.0,31.586112918854173,2.8418174843343205,96.0,23.077222930402478
RhoA perturbation; Cdc42 response,Hill_expr,H((R+R)),1,4,1,23.33333,30.50887267749999,2.744782090490418,96.0,23.031091481303182
RhoA perturbation; Cdc42 response,Hill_expr,H((R+R)),1,4,1,23.66667,28.655807943750002,2.672413285493715,96.0,22.971627431744928
RhoA perturbation; Cdc42 response,Hill_expr,H((R+R)),1,4,1,24.0,27.546000784895835,2.5318502427937117,96.0,22.895571152712055
RhoA perturbation; Cdc42 response,Hill_expr,H((R+R)),1,4,1,24.33333,27.06587826302082,2.4677824051400767,96.0,22.799075154631318
RhoA perturbation; Cdc42 response,Hill_expr,H((R+R)),1,4,1,24.66667,25.482764552604163,2.4126124028827096,96.0,22.67769087564961
RhoA perturbation; Cdc42 response,Hill_expr,H((R+R)),1,4,1,25.0,25.59795988135417,2.287605835685528,96.0,22.52641132873534
RhoA perturbation; Cdc42 response,Hill_expr,H((R+R)),1,4,1,25.33333,24.447861462395817,2.167375122557263,96.0,22.339744431866983
RhoA perturbation; Cdc42 response,Hill_expr,H((R+R)),1,4,1,25.66667,24.01868832989582,2.1371376446013857,96.0,22.11190362193581
RhoA perturbation; Cdc42 response,Hill_expr,H((R+R)),1,4,1,26.0,22.78127678479167,2.086312559586399,96.0,21.837128931922496
RhoA perturbation; Cdc42 response,Hill_expr,H((R+R)),1,4,1,26.33333,21.891632093854167,2.0150716631938677,96.0,21.51006669005497
RhoA perturbation; Cdc42 response,Hill_expr,H((R+R)),1,4,1,26.66667,20.945023626458326,1.8698014129842881,96.0,21.126323798258053
RhoA perturbation; Cdc42 response,Hill_expr,H((R+R)),1,4,1,27.0,20.629967116875008,1.861930411470987,96.0,20.68313807990493
RhoA perturbation; Cdc42 response,Hill_expr,H((R+R)),1,4,1,27.33333,20.088517467916663,1.7512042470241485,96.0,20.179958072507908
RhoA perturbation; Cdc42 response,Hill_expr,H((R+R)),1,4,1,27.66667,18.69201190260416,1.76465998919581,96.0,19.619034914886075
RhoA perturbation; Cdc42 response,Hill_expr,H((R+R)),1,4,1,28.0,18.56528418562501,1.6893769747792127,96.0,19.005837713009974
RhoA perturbation; Cdc42 response,Hill_expr,H((R+R)),1,4,1,28.33333,17.870653391875,1.6870169662889802,96.0,18.348982725214714
RhoA perturbation; Cdc42 response,Hill_expr,H((R+R)),1,4,1,28.66667,17.339744944374996,1.588282207627887,96.0,17.65990900056775
RhoA perturbation; Cdc42 response,Hill_expr,H((R+R)),1,4,1,29.0,16.46350753833333,1.5832712268805966,96.0,16.95218365978475
RhoA perturbation; Cdc42 response,Hill_expr,H((R+R)),1,4,1,29.33333,15.708429160104162,1.5227800474289892,96.0,16.240319120994897
RhoA perturbation; Cdc42 response,Hill_expr,H((R+R)),1,4,1,29.66667,14.33290780020833,1.561889817872484,96.0,15.538651992855186
RhoA perturbation; Cdc42 response,Hill_expr,H((R+R)),1,4,1,30.0,14.203605272812503,1.520699141885573,96.0,14.860298572285945
RhoA perturbation; Cdc42 response,Hill_expr,H((R+R)),1,4,1,30.33333,13.213554077812503,1.4664462570194274,96.0,14.216165032489242
RhoA perturbation; Cdc42 response,Hill_expr,H((R+R)),1,4,1,30.66667,13.623335934583336,1.4679404139860608,96.0,13.6144983791563
RhoA perturbation; Cdc42 response,Hill_expr,H((R+R)),1,4,1,31.0,14.018861143125,1.424568590609521,96.0,13.060782216458101
RhoA perturbation; Cdc42 response,Hill_expr,H((R+R)),1,4,1,31.33333,12.624694368645834,1.4073758356256998,96.0,12.557783067716041
RhoA perturbation; Cdc42 response,Hill_expr,H((R+R)),1,4,1,31.66667,12.349149456979164,1.4168910701793418,96.0,12.105980169355968
RhoA perturbation; Cdc42 response,Hill_expr,H((R+R)),1,4,1,32.0,12.131231478541672,1.391732624306371,96.0,11.704079007160535
RhoA perturbation; Cdc42 response,Hill_expr,H((R+R)),1,4,1,32.33333,11.920231513020832,1.4139563056828284,96.0,11.349432093404921
RhoA perturbation; Cdc42 response,Hill_expr,H((R+R)),1,4,1,32.66667,11.742871103854158,1.2917756055122211,96.0,11.038548402647253
RhoA perturbation; Cdc42 response,Hill_expr,H((R+R)),1,4,1,33.0,11.112344080729164,1.4687470751248861,96.0,10.767503151667329
RhoA perturbation; Cdc42 response,Hill_expr,H((R+R)),1,4,1,33.33333,11.448311698749997,1.414622672158428,96.0,10.532183575309956
RhoA perturbation; Cdc42 response,Hill_expr,H((R+R)),1,4,1,33.66667,10.631778282604168,1.3965004285988596,96.0,10.32853954032123
RhoA perturbation; Cdc42 response,Hill_expr,H((R+R)),1,4,1,34.0,11.341713643020832,1.3230561965793761,96.0,10.152742322167327
RhoA perturbation; Cdc42 response,Hill_expr,H((R+R)),1,4,1,34.33333,10.709179328645837,1.4557604762070828,96.0,10.001235351485942
RhoA perturbation; Cdc42 response,Hill_expr,H((R+R)),1,4,1,34.66667,9.830198902812496,1.4290151201499555,96.0,9.870799513741156
RhoA perturbation; Cdc42 response,Hill_expr,H((R+R)),1,4,1,35.0,10.293112988541665,1.391162024914986,96.0,9.758574479007383
RhoA perturbation; Cdc42 response,Hill_expr,H((R+R)),1,4,1,35.33333,9.332255931770835,1.437777702942255,96.0,9.6620277721937
RhoA perturbation; Cdc42 response,Hill_expr,H((R+R)),1,4,1,35.66667,10.107261608437506,1.3874154515894122,96.0,9.578948473791328
RhoA perturbation; Cdc42 response,Hill_expr,H((R+R)),1,4,1,36.0,9.827691570208332,1.480774129190423,96.0,9.50742552323978
RhoA perturbation; Cdc42 response,Hill_expr,H((R+R)),1,4,1,36.33333,9.709041730833333,1.5384837646541616,96.0,9.445802872732886
RhoA perturbation; Cdc42 response,Hill_expr,H((R+R)),1,4,1,36.66667,9.315187174791669,1.7393612509974656,96.0,9.392657988829859
RhoA perturbation; Cdc42 response,Hill_expr,H((R+R)),1,4,1,37.0,9.948737530729167,1.4400767516664625,96.0,9.34677623060573
RhoA perturbation; Cdc42 response,Hill_expr,H((R+R)),1,4,1,37.33333,10.02341929479167,1.4218773780945793,96.0,9.307114446816142
RhoA perturbation; Cdc42 response,Hill_expr,H((R+R)),1,4,1,37.66667,9.403855300208333,1.3853093435826955,96.0,9.272782313150254
RhoA perturbation; Cdc42 response,Hill_expr,H((R+R)),1,4,1,38.0,9.14292041989584,1.5458551676916175,96.0,9.243023013746543
RhoA perturbation; Cdc42 response,Hill_expr,H((R+R)),1,4,1,38.33333,9.17049158197917,1.4355564822468991,96.0,9.217188198591145
RhoA perturbation; Cdc42 response,Hill_expr,H((R+R)),1,4,1,38.66667,7.807129513541668,1.498602070455668,96.0,9.194725202797255
RhoA perturbation; Cdc42 response,Hill_expr,H((R+R)),1,4,1,39.0,8.327797780416672,1.2036795151143105,96.0,9.175164397409814
RhoA perturbation; Cdc42 response,Hill_expr,H((R+R)),1,4,1,39.33333,8.926327779166662,1.3951379373455004,96.0,9.158103049141356
RhoA perturbation; Cdc42 response,Hill_expr,H((R+R)),1,4,1,39.66667,8.345374473020836,1.3024730221384018,96.0,9.14319733564791
RhoA perturbation; Cdc42 response,Hill_expr,H((R+R)),1,4,1,40.0,7.4125334264583325,1.2672893637109905,96.0,9.130154540800456
RhoA perturbation; Cdc42 response,Hill_expr,(H(R)+H(R)),1,5,2,0.0,-0.027923615520833316,0.45900898728135897,96.0,-0.040312565081753265
RhoA perturbation; Cdc42 response,Hill_expr,(H(R)+H(R)),1,5,2,0.3333333,9.572856721979164,1.7117579212037075,96.0,9.770213539036323
RhoA perturbation; Cdc42 response,Hill_expr,(H(R)+H(R)),1,5,2,0.6666667,12.723626935312508,2.055170942837916,96.0,13.634549012620143
RhoA perturbation; Cdc42 response,Hill_expr,(H(R)+H(R)),1,5,2,1.0,16.123369902708337,2.3761519061971845,96.0,16.4680536023704
RhoA perturbation; Cdc42 response,Hill_expr,(H(R)+H(R)),1,5,2,1.333333,19.43115996822917,2.575528577353306,96.0,18.759473436420837
RhoA perturbation; Cdc42 response,Hill_expr,(H(R)+H(R)),1,5,2,1.666667,21.223441842604178,2.6249579919655845,96.0,20.700749353107348
RhoA perturbation; Cdc42 response,Hill_expr,(H(R)+H(R)),1,5,2,2.0,22.44582539614582,2.7499625308181033,96.0,22.391382563185687
RhoA perturbation; Cdc42 response,Hill_expr,(H(R)+H(R)),1,5,2,2.333333,25.041849861666687,2.7677347746441052,96.0,23.891051309833884
RhoA perturbation; Cdc42 response,Hill_expr,(H(R)+H(R)),1,5,2,2.666667,26.21257579843751,2.839828056336364,96.0,25.23896484437547
RhoA perturbation; Cdc42 response,Hill_expr,(H(R)+H(R)),1,5,2,3.0,26.586747623541658,2.997138272755855,96.0,26.46255373054879
RhoA perturbation; Cdc42 response,Hill_expr,(H(R)+H(R)),1,5,2,3.333333,28.537379678437492,2.997536296801952,96.0,27.581938352970678
RhoA perturbation; Cdc42 response,Hill_expr,(H(R)+H(R)),1,5,2,3.666667,28.538720332499988,3.061047342985218,96.0,28.612404233358752
RhoA perturbation; Cdc42 response,Hill_expr,(H(R)+H(R)),1,5,2,4.0,30.86264847822916,3.086591456183257,96.0,29.5658877197709
RhoA perturbation; Cdc42 response,Hill_expr,(H(R)+H(R)),1,5,2,4.333334,30.073681551770832,3.221420673684088,96.0,30.45194310495428
RhoA perturbation; Cdc42 response,Hill_expr,(H(R)+H(R)),1,5,2,4.666667,31.353581760729174,3.2429259411199145,96.0,31.27834555479424
RhoA perturbation; Cdc42 response,Hill_expr,(H(R)+H(R)),1,5,2,5.0,31.513904618333342,3.3185235093304732,96.0,32.05153951029312
RhoA perturbation; Cdc42 response,Hill_expr,(H(R)+H(R)),1,5,2,5.333334,32.65468524489584,3.318451354211551,96.0,32.776933372237785
RhoA perturbation; Cdc42 response,Hill_expr,(H(R)+H(R)),1,5,2,5.666667,32.21263448333334,3.443925762912029,96.0,33.45911366455427
RhoA perturbation; Cdc42 response,Hill_expr,(H(R)+H(R)),1,5,2,6.0,33.98101023406249,3.5208243092732365,96.0,34.10202111796284
RhoA perturbation; Cdc42 response,Hill_expr,(H(R)+H(R)),1,5,2,6.333334,34.32541528458332,3.625770168494379,96.0,34.70906680674841
RhoA perturbation; Cdc42 response,Hill_expr,(H(R)+H(R)),1,5,2,6.666667,35.020071923124995,3.6337098474294653,96.0,35.28322188498564
RhoA perturbation; Cdc42 response,Hill_expr,(H(R)+H(R)),1,5,2,7.0,35.68365437302082,3.680654227050923,96.0,35.827102330893915
RhoA perturbation; Cdc42 response,Hill_expr,(H(R)+H(R)),1,5,2,7.333334,34.79511669166665,3.7492912875266424,96.0,36.343021409286095
RhoA perturbation; Cdc42 response,Hill_expr,(H(R)+H(R)),1,5,2,7.666667,36.316073593124976,3.754161885758576,96.0,36.83303205186707
RhoA perturbation; Cdc42 response,Hill_expr,(H(R)+H(R)),1,5,2,8.0,36.42803883604166,3.7540435656026254,96.0,37.29897372755744
RhoA perturbation; Cdc42 response,Hill_expr,(H(R)+H(R)),1,5,2,8.333333,38.05664679145834,3.818279822517446,96.0,37.742496695567766
RhoA perturbation; Cdc42 response,Hill_expr,(H(R)+H(R)),1,5,2,8.666667,37.498483035,3.89908045696899,96.0,38.165089681618106
RhoA perturbation; Cdc42 response,Hill_expr,(H(R)+H(R)),1,5,2,9.0,38.373461548125,3.940671824462212,96.0,38.56809504314534
RhoA perturbation; Cdc42 response,Hill_expr,(H(R)+H(R)),1,5,2,9.333333,39.71396570666666,3.967479363055417,96.0,38.95273254337119
RhoA perturbation; Cdc42 response,Hill_expr,(H(R)+H(R)),1,5,2,9.666667,39.59648601916666,3.8734463426419445,96.0,39.32010789692984
RhoA perturbation; Cdc42 response,Hill_expr,(H(R)+H(R)),1,5,2,10.0,39.06948966406249,3.942890003765534,96.0,39.67121894891115
RhoA perturbation; Cdc42 response,Hill_expr,(H(R)+H(R)),1,5,2,10.33333,38.990662630520845,4.005894386001017,96.0,40.00696524918051
RhoA perturbation; Cdc42 response,Hill_expr,(H(R)+H(R)),1,5,2,10.66667,39.45031246177082,3.988341174717161,96.0,40.32816465261051
RhoA perturbation; Cdc42 response,Hill_expr,(H(R)+H(R)),1,5,2,11.0,40.623721676354144,4.047509465116343,96.0,40.635505850214315
RhoA perturbation; Cdc42 response,Hill_expr,(H(R)+H(R)),1,5,2,11.33333,40.7664319459375,4.065565791294083,96.0,40.92960440897545
RhoA perturbation; Cdc42 response,Hill_expr,(H(R)+H(R)),1,5,2,11.66667,39.61090631427084,4.05057942385462,96.0,41.210962923837094
RhoA perturbation; Cdc42 response,Hill_expr,(H(R)+H(R)),1,5,2,12.0,40.80843216510416,4.060803887249427,96.0,41.4799338863208
RhoA perturbation; Cdc42 response,Hill_expr,(H(R)+H(R)),1,5,2,12.33333,40.69041874479168,4.1171645311356455,96.0,41.73675204584579
RhoA perturbation; Cdc42 response,Hill_expr,(H(R)+H(R)),1,5,2,12.66667,41.37944060083334,4.085218575245882,96.0,41.981484421151904
RhoA perturbation; Cdc42 response,Hill_expr,(H(R)+H(R)),1,5,2,13.0,41.696821155,4.0695263217148785,96.0,42.21398223732174
RhoA perturbation; Cdc42 response,Hill_expr,(H(R)+H(R)),1,5,2,13.33333,40.61681270593751,4.080936214401611,96.0,42.43389296232081
RhoA perturbation; Cdc42 response,Hill_expr,(H(R)+H(R)),1,5,2,13.66667,40.04831553375,4.03329878824528,96.0,42.640600840790164
RhoA perturbation; Cdc42 response,Hill_expr,(H(R)+H(R)),1,5,2,14.0,42.655246395208344,3.9080439270441727,96.0,42.83317154235842
RhoA perturbation; Cdc42 response,Hill_expr,(H(R)+H(R)),1,5,2,14.33333,42.664869551979166,4.035669535095019,96.0,43.01034962884863
RhoA perturbation; Cdc42 response,Hill_expr,(H(R)+H(R)),1,5,2,14.66667,41.769536490104194,4.038248231195513,96.0,43.17049862434837
RhoA perturbation; Cdc42 response,Hill_expr,(H(R)+H(R)),1,5,2,15.0,41.51994889124999,4.068766455442411,96.0,43.31155239328877
RhoA perturbation; Cdc42 response,Hill_expr,(H(R)+H(R)),1,5,2,15.33333,44.23900240135416,4.041993409643368,96.0,43.431013617728006
RhoA perturbation; Cdc42 response,Hill_expr,(H(R)+H(R)),1,5,2,15.66667,43.1206390258333,4.166837456238659,96.0,43.525915329548155
RhoA perturbation; Cdc42 response,Hill_expr,(H(R)+H(R)),1,5,2,16.0,44.839397978854144,4.1520711466138955,96.0,43.592807445412184
RhoA perturbation; Cdc42 response,Hill_expr,(H(R)+H(R)),1,5,2,16.33333,43.06918511302083,4.230287234171569,96.0,43.62778372411185
RhoA perturbation; Cdc42 response,Hill_expr,(H(R)+H(R)),1,5,2,16.66667,44.09113680843748,4.289577947853359,96.0,43.626500668464615
RhoA perturbation; Cdc42 response,Hill_expr,(H(R)+H(R)),1,5,2,17.0,44.53816757677084,4.342622278026322,96.0,43.584240090945976
RhoA perturbation; Cdc42 response,Hill_expr,(H(R)+H(R)),1,5,2,17.33333,43.110703397187514,4.418435420544268,96.0,43.495997284383854
RhoA perturbation; Cdc42 response,Hill_expr,(H(R)+H(R)),1,5,2,17.66667,42.82344298583332,4.336818418553825,96.0,43.35659572606249
RhoA perturbation; Cdc42 response,Hill_expr,(H(R)+H(R)),1,5,2,18.0,44.090536348854165,4.30851623883757,96.0,43.16085998028749
RhoA perturbation; Cdc42 response,Hill_expr,(H(R)+H(R)),1,5,2,18.33333,44.142052664375,4.218111446909127,96.0,42.9037765479868
RhoA perturbation; Cdc42 response,Hill_expr,(H(R)+H(R)),1,5,2,18.66667,44.263298895312516,4.2360150986473375,96.0,42.58071054317571
RhoA perturbation; Cdc42 response,Hill_expr,(H(R)+H(R)),1,5,2,19.0,43.36335120822915,4.265969838916123,96.0,42.18767371662113
RhoA perturbation; Cdc42 response,Hill_expr,(H(R)+H(R)),1,5,2,19.33333,43.08669481947916,4.228434709868423,96.0,41.72150346637037
RhoA perturbation; Cdc42 response,Hill_expr,(H(R)+H(R)),1,5,2,19.66667,44.81050446312499,4.269012995669736,96.0,41.180110260769965
RhoA perturbation; Cdc42 response,Hill_expr,(H(R)+H(R)),1,5,2,20.0,44.510929666354166,4.220252827470473,96.0,40.56273834459019
RhoA perturbation; Cdc42 response,Hill_expr,(H(R)+H(R)),1,5,2,20.33333,41.54642154458333,3.9541869881523812,96.0,39.87002668473572
RhoA perturbation; Cdc42 response,Hill_expr,(H(R)+H(R)),1,5,2,20.66667,40.047226886562505,3.798215134748698,96.0,39.10414588296052
RhoA perturbation; Cdc42 response,Hill_expr,(H(R)+H(R)),1,5,2,21.0,39.69214392583333,3.6206287350291313,96.0,38.26890283248281
RhoA perturbation; Cdc42 response,Hill_expr,(H(R)+H(R)),1,5,2,21.33333,37.600583485520836,3.454382500683567,96.0,37.36954860336784
RhoA perturbation; Cdc42 response,Hill_expr,(H(R)+H(R)),1,5,2,21.66667,35.40411080218749,3.3247934197075897,96.0,36.412704911821955
RhoA perturbation; Cdc42 response,Hill_expr,(H(R)+H(R)),1,5,2,22.0,34.32286644083334,3.2697660006155878,96.0,35.40625256401137
RhoA perturbation; Cdc42 response,Hill_expr,(H(R)+H(R)),1,5,2,22.33333,33.45373635354167,3.0377326972496514,96.0,34.358894315149655
RhoA perturbation; Cdc42 response,Hill_expr,(H(R)+H(R)),1,5,2,22.66667,32.43612773666668,2.9611556203085705,96.0,33.279931912341745
RhoA perturbation; Cdc42 response,Hill_expr,(H(R)+H(R)),1,5,2,23.0,31.586112918854173,2.8418174843343205,96.0,32.17904822698103
RhoA perturbation; Cdc42 response,Hill_expr,(H(R)+H(R)),1,5,2,23.33333,30.50887267749999,2.744782090490418,96.0,31.065797532801305
RhoA perturbation; Cdc42 response,Hill_expr,(H(R)+H(R)),1,5,2,23.66667,28.655807943750002,2.672413285493715,96.0,29.94941122218527
RhoA perturbation; Cdc42 response,Hill_expr,(H(R)+H(R)),1,5,2,24.0,27.546000784895835,2.5318502427937117,96.0,28.83865141849726
RhoA perturbation; Cdc42 response,Hill_expr,(H(R)+H(R)),1,5,2,24.33333,27.06587826302082,2.4677824051400767,96.0,27.741412719659582
RhoA perturbation; Cdc42 response,Hill_expr,(H(R)+H(R)),1,5,2,24.66667,25.482764552604163,2.4126124028827096,96.0,26.66468400576036
RhoA perturbation; Cdc42 response,Hill_expr,(H(R)+H(R)),1,5,2,25.0,25.59795988135417,2.287605835685528,96.0,25.614559273837664
RhoA perturbation; Cdc42 response,Hill_expr,(H(R)+H(R)),1,5,2,25.33333,24.447861462395817,2.167375122557263,96.0,24.596011027454676
RhoA perturbation; Cdc42 response,Hill_expr,(H(R)+H(R)),1,5,2,25.66667,24.01868832989582,2.1371376446013857,96.0,23.613003297008564
RhoA perturbation; Cdc42 response,Hill_expr,(H(R)+H(R)),1,5,2,26.0,22.78127678479167,2.086312559586399,96.0,22.668623281980082
RhoA perturbation; Cdc42 response,Hill_expr,(H(R)+H(R)),1,5,2,26.33333,21.891632093854167,2.0150716631938677,96.0,21.76497780822388
RhoA perturbation; Cdc42 response,Hill_expr,(H(R)+H(R)),1,5,2,26.66667,20.945023626458326,1.8698014129842881,96.0,20.903377998787533
RhoA perturbation; Cdc42 response,Hill_expr,(H(R)+H(R)),1,5,2,27.0,20.629967116875008,1.861930411470987,96.0,20.08451138463517
RhoA perturbation; Cdc42 response,Hill_expr,(H(R)+H(R)),1,5,2,27.33333,20.088517467916663,1.7512042470241485,96.0,19.308389608005356
RhoA perturbation; Cdc42 response,Hill_expr,(H(R)+H(R)),1,5,2,27.66667,18.69201190260416,1.76465998919581,96.0,18.574532272321736
RhoA perturbation; Cdc42 response,Hill_expr,(H(R)+H(R)),1,5,2,28.0,18.56528418562501,1.6893769747792127,96.0,17.882121904700337
RhoA perturbation; Cdc42 response,Hill_expr,(H(R)+H(R)),1,5,2,28.33333,17.870653391875,1.6870169662889802,96.0,17.22995832102213
RhoA perturbation; Cdc42 response,Hill_expr,(H(R)+H(R)),1,5,2,28.66667,17.339744944374996,1.588282207627887,96.0,16.616606953054383
RhoA perturbation; Cdc42 response,Hill_expr,(H(R)+H(R)),1,5,2,29.0,16.46350753833333,1.5832712268805966,96.0,16.040515425013236
RhoA perturbation; Cdc42 response,Hill_expr,(H(R)+H(R)),1,5,2,29.33333,15.708429160104162,1.5227800474289892,96.0,15.499960078597674
RhoA perturbation; Cdc42 response,Hill_expr,(H(R)+H(R)),1,5,2,29.66667,14.33290780020833,1.561889817872484,96.0,14.993153407263797
RhoA perturbation; Cdc42 response,Hill_expr,(H(R)+H(R)),1,5,2,30.0,14.203605272812503,1.520699141885573,96.0,14.518323683362624
RhoA perturbation; Cdc42 response,Hill_expr,(H(R)+H(R)),1,5,2,30.33333,13.213554077812503,1.4664462570194274,96.0,14.073654924686664
RhoA perturbation; Cdc42 response,Hill_expr,(H(R)+H(R)),1,5,2,30.66667,13.623335934583336,1.4679404139860608,96.0,13.65736096434447
RhoA perturbation; Cdc42 response,Hill_expr,(H(R)+H(R)),1,5,2,31.0,14.018861143125,1.424568590609521,96.0,13.26773746795562
RhoA perturbation; Cdc42 response,Hill_expr,(H(R)+H(R)),1,5,2,31.33333,12.624694368645834,1.4073758356256998,96.0,12.903100850732024
RhoA perturbation; Cdc42 response,Hill_expr,(H(R)+H(R)),1,5,2,31.66667,12.349149456979164,1.4168910701793418,96.0,12.561838865037544
RhoA perturbation; Cdc42 response,Hill_expr,(H(R)+H(R)),1,5,2,32.0,12.131231478541672,1.391732624306371,96.0,12.24244439543481
RhoA perturbation; Cdc42 response,Hill_expr,(H(R)+H(R)),1,5,2,32.33333,11.920231513020832,1.4139563056828284,96.0,11.943457913503629
RhoA perturbation; Cdc42 response,Hill_expr,(H(R)+H(R)),1,5,2,32.66667,11.742871103854158,1.2917756055122211,96.0,11.663502665397914
RhoA perturbation; Cdc42 response,Hill_expr,(H(R)+H(R)),1,5,2,33.0,11.112344080729164,1.4687470751248861,96.0,11.401307194432093
RhoA perturbation; Cdc42 response,Hill_expr,(H(R)+H(R)),1,5,2,33.33333,11.448311698749997,1.414622672158428,96.0,11.155653849055568
RhoA perturbation; Cdc42 response,Hill_expr,(H(R)+H(R)),1,5,2,33.66667,10.631778282604168,1.3965004285988596,96.0,10.925404129360857
RhoA perturbation; Cdc42 response,Hill_expr,(H(R)+H(R)),1,5,2,34.0,11.341713643020832,1.3230561965793761,96.0,10.709514420883167
RhoA perturbation; Cdc42 response,Hill_expr,(H(R)+H(R)),1,5,2,34.33333,10.709179328645837,1.4557604762070828,96.0,10.50699138712028
RhoA perturbation; Cdc42 response,Hill_expr,(H(R)+H(R)),1,5,2,34.66667,9.830198902812496,1.4290151201499555,96.0,10.316910994220244
RhoA perturbation; Cdc42 response,Hill_expr,(H(R)+H(R)),1,5,2,35.0,10.293112988541665,1.391162024914986,96.0,10.138430142734357
RhoA perturbation; Cdc42 response,Hill_expr,(H(R)+H(R)),1,5,2,35.33333,9.332255931770835,1.437777702942255,96.0,9.970748761074397
RhoA perturbation; Cdc42 response,Hill_expr,(H(R)+H(R)),1,5,2,35.66667,10.107261608437506,1.3874154515894122,96.0,9.813124654373155
RhoA perturbation; Cdc42 response,Hill_expr,(H(R)+H(R)),1,5,2,36.0,9.827691570208332,1.480774129190423,96.0,9.66488258231783
RhoA perturbation; Cdc42 response,Hill_expr,(H(R)+H(R)),1,5,2,36.33333,9.709041730833333,1.5384837646541616,96.0,9.525382381756359
RhoA perturbation; Cdc42 response,Hill_expr,(H(R)+H(R)),1,5,2,36.66667,9.315187174791669,1.7393612509974656,96.0,9.394030938372104
RhoA perturbation; Cdc42 response,Hill_expr,(H(R)+H(R)),1,5,2,37.0,9.948737530729167,1.4400767516664625,96.0,9.270289589619821
RhoA perturbation; Cdc42 response,Hill_expr,(H(R)+H(R)),1,5,2,37.33333,10.02341929479167,1.4218773780945793,96.0,9.15364744111271
RhoA perturbation; Cdc42 response,Hill_expr,(H(R)+H(R)),1,5,2,37.66667,9.403855300208333,1.3853093435826955,96.0,9.043631259052418
RhoA perturbation; Cdc42 response,Hill_expr,(H(R)+H(R)),1,5,2,38.0,9.14292041989584,1.5458551676916175,96.0,8.939811700881393
RhoA perturbation; Cdc42 response,Hill_expr,(H(R)+H(R)),1,5,2,38.33333,9.17049158197917,1.4355564822468991,96.0,8.841780997429908
RhoA perturbation; Cdc42 response,Hill_expr,(H(R)+H(R)),1,5,2,38.66667,7.807129513541668,1.498602070455668,96.0,8.749161273036087
RhoA perturbation; Cdc42 response,Hill_expr,(H(R)+H(R)),1,5,2,39.0,8.327797780416672,1.2036795151143105,96.0,8.661609899817307
RhoA perturbation; Cdc42 response,Hill_expr,(H(R)+H(R)),1,5,2,39.33333,8.926327779166662,1.3951379373455004,96.0,8.578800801026539
RhoA perturbation; Cdc42 response,Hill_expr,(H(R)+H(R)),1,5,2,39.66667,8.345374473020836,1.3024730221384018,96.0,8.500431536068369
RhoA perturbation; Cdc42 response,Hill_expr,(H(R)+H(R)),1,5,2,40.0,7.4125334264583325,1.2672893637109905,96.0,8.426227961772938
RhoA perturbation; Cdc42 response,Hill_expr,H(H(R)),2,3,2,0.0,-0.027923615520833316,0.45900898728135897,96.0,-0.026502053540807036
RhoA perturbation; Cdc42 response,Hill_expr,H(H(R)),2,3,2,0.3333333,9.572856721979164,1.7117579212037075,96.0,4.988540527385416
RhoA perturbation; Cdc42 response,Hill_expr,H(H(R)),2,3,2,0.6666667,12.723626935312508,2.055170942837916,96.0,12.687790826917762
RhoA perturbation; Cdc42 response,Hill_expr,H(H(R)),2,3,2,1.0,16.123369902708337,2.3761519061971845,96.0,16.532931055407783
RhoA perturbation; Cdc42 response,Hill_expr,H(H(R)),2,3,2,1.333333,19.43115996822917,2.575528577353306,96.0,17.312083498075378
RhoA perturbation; Cdc42 response,Hill_expr,H(H(R)),2,3,2,1.666667,21.223441842604178,2.6249579919655845,96.0,17.39602631868936
RhoA perturbation; Cdc42 response,Hill_expr,H(H(R)),2,3,2,2.0,22.44582539614582,2.7499625308181033,96.0,17.407991397563727
RhoA perturbation; Cdc42 response,Hill_expr,H(H(R)),2,3,2,2.333333,25.041849861666687,2.7677347746441052,96.0,17.410435199794833
RhoA perturbation; Cdc42 response,Hill_expr,H(H(R)),2,3,2,2.666667,26.21257579843751,2.839828056336364,96.0,17.411088164758972
RhoA perturbation; Cdc42 response,Hill_expr,H(H(R)),2,3,2,3.0,26.586747623541658,2.997138272755855,96.0,17.41130119072611
RhoA perturbation; Cdc42 response,Hill_expr,H(H(R)),2,3,2,3.333333,28.537379678437492,2.997536296801952,96.0,17.41138219062371
RhoA perturbation; Cdc42 response,Hill_expr,H(H(R)),2,3,2,3.666667,28.538720332499988,3.061047342985218,96.0,17.411416946394194
RhoA perturbation; Cdc42 response,Hill_expr,H(H(R)),2,3,2,4.0,30.86264847822916,3.086591456183257,96.0,17.41143338910289
RhoA perturbation; Cdc42 response,Hill_expr,H(H(R)),2,3,2,4.333334,30.073681551770832,3.221420673684088,96.0,17.411441819310003
RhoA perturbation; Cdc42 response,Hill_expr,H(H(R)),2,3,2,4.666667,31.353581760729174,3.2429259411199145,96.0,17.411446442038688
RhoA perturbation; Cdc42 response,Hill_expr,H(H(R)),2,3,2,5.0,31.513904618333342,3.3185235093304732,96.0,17.411449125494276
RhoA perturbation; Cdc42 response,Hill_expr,H(H(R)),2,3,2,5.333334,32.65468524489584,3.318451354211551,96.0,17.411450761081188
RhoA perturbation; Cdc42 response,Hill_expr,H(H(R)),2,3,2,5.666667,32.21263448333334,3.443925762912029,96.0,17.411451800905184
RhoA perturbation; Cdc42 response,Hill_expr,H(H(R)),2,3,2,6.0,33.98101023406249,3.5208243092732365,96.0,17.41145248671129
RhoA perturbation; Cdc42 response,Hill_expr,H(H(R)),2,3,2,6.333334,34.32541528458332,3.625770168494379,96.0,17.411452953845536
RhoA perturbation; Cdc42 response,Hill_expr,H(H(R)),2,3,2,6.666667,35.020071923124995,3.6337098474294653,96.0,17.411453281213355
RhoA perturbation; Cdc42 response,Hill_expr,H(H(R)),2,3,2,7.0,35.68365437302082,3.680654227050923,96.0,17.41145351650043
RhoA perturbation; Cdc42 response,Hill_expr,H(H(R)),2,3,2,7.333334,34.79511669166665,3.7492912875266424,96.0,17.41145368945815
RhoA perturbation; Cdc42 response,Hill_expr,H(H(R)),2,3,2,7.666667,36.316073593124976,3.754161885758576,96.0,17.41145381918676
RhoA perturbation; Cdc42 response,Hill_expr,H(H(R)),2,3,2,8.0,36.42803883604166,3.7540435656026254,96.0,17.411453918270873
RhoA perturbation; Cdc42 response,Hill_expr,H(H(R)),2,3,2,8.333333,38.05664679145834,3.818279822517446,96.0,17.41145399519651
RhoA perturbation; Cdc42 response,Hill_expr,H(H(R)),2,3,2,8.666667,37.498483035,3.89908045696899,96.0,17.411454055808907
RhoA perturbation; Cdc42 response,Hill_expr,H(H(R)),2,3,2,9.0,38.373461548125,3.940671824462212,96.0,17.411454104212222
RhoA perturbation; Cdc42 response,Hill_expr,H(H(R)),2,3,2,9.333333,39.71396570666666,3.967479363055417,96.0,17.4114541433403
RhoA perturbation; Cdc42 response,Hill_expr,H(H(R)),2,3,2,9.666667,39.59648601916666,3.8734463426419445,96.0,17.411454175324273
RhoA perturbation; Cdc42 response,Hill_expr,H(H(R)),2,3,2,10.0,39.06948966406249,3.942890003765534,96.0,17.41145420173527
RhoA perturbation; Cdc42 response,Hill_expr,H(H(R)),2,3,2,10.33333,38.990662630520845,4.005894386001017,96.0,17.411454223747892
RhoA perturbation; Cdc42 response,Hill_expr,H(H(R)),2,3,2,10.66667,39.45031246177082,3.988341174717161,96.0,17.411454242252304
RhoA perturbation; Cdc42 response,Hill_expr,H(H(R)),2,3,2,11.0,40.623721676354144,4.047509465116343,96.0,17.41145425792885
RhoA perturbation; Cdc42 response,Hill_expr,H(H(R)),2,3,2,11.33333,40.7664319459375,4.065565791294083,96.0,17.411454271305992
RhoA perturbation; Cdc42 response,Hill_expr,H(H(R)),2,3,2,11.66667,39.61090631427084,4.05057942385462,96.0,17.41145428279717
RhoA perturbation; Cdc42 response,Hill_expr,H(H(R)),2,3,2,12.0,40.80843216510416,4.060803887249427,96.0,17.41145429272813
RhoA perturbation; Cdc42 response,Hill_expr,H(H(R)),2,3,2,12.33333,40.69041874479168,4.1171645311356455,96.0,17.41145430135949
RhoA perturbation; Cdc42 response,Hill_expr,H(H(R)),2,3,2,12.66667,41.37944060083334,4.085218575245882,96.0,17.411454308900673
RhoA perturbation; Cdc42 response,Hill_expr,H(H(R)),2,3,2,13.0,41.696821155,4.0695263217148785,96.0,17.41145431552077
RhoA perturbation; Cdc42 response,Hill_expr,H(H(R)),2,3,2,13.33333,40.61681270593751,4.080936214401611,96.0,17.411454321358423
RhoA perturbation; Cdc42 response,Hill_expr,H(H(R)),2,3,2,13.66667,40.04831553375,4.03329878824528,96.0,17.411454326527544
RhoA perturbation; Cdc42 response,Hill_expr,H(H(R)),2,3,2,14.0,42.655246395208344,3.9080439270441727,96.0,17.411454331121963
RhoA perturbation; Cdc42 response,Hill_expr,H(H(R)),2,3,2,14.33333,42.664869551979166,4.035669535095019,96.0,17.411454335220224
RhoA perturbation; Cdc42 response,Hill_expr,H(H(R)),2,3,2,14.66667,41.769536490104194,4.038248231195513,96.0,17.411454338888078
RhoA perturbation; Cdc42 response,Hill_expr,H(H(R)),2,3,2,15.0,41.51994889124999,4.068766455442411,96.0,17.41145434218059
RhoA perturbation; Cdc42 response,Hill_expr,H(H(R)),2,3,2,15.33333,44.23900240135416,4.041993409643368,96.0,17.411454345144687
RhoA perturbation; Cdc42 response,Hill_expr,H(H(R)),2,3,2,15.66667,43.1206390258333,4.166837456238659,96.0,17.411454347820268
RhoA perturbation; Cdc42 response,Hill_expr,H(H(R)),2,3,2,16.0,44.839397978854144,4.1520711466138955,96.0,17.41145435024122
RhoA perturbation; Cdc42 response,Hill_expr,H(H(R)),2,3,2,16.33333,43.06918511302083,4.230287234171569,96.0,17.411454352436866
RhoA perturbation; Cdc42 response,Hill_expr,H(H(R)),2,3,2,16.66667,44.09113680843748,4.289577947853359,96.0,17.41145435443249
RhoA perturbation; Cdc42 response,Hill_expr,H(H(R)),2,3,2,17.0,44.53816757677084,4.342622278026322,96.0,17.411454356249802
RhoA perturbation; Cdc42 response,Hill_expr,H(H(R)),2,3,2,17.33333,43.110703397187514,4.418435420544268,96.0,17.41145435790786
RhoA perturbation; Cdc42 response,Hill_expr,H(H(R)),2,3,2,17.66667,42.82344298583332,4.336818418553825,96.0,17.411454359423278
RhoA perturbation; Cdc42 response,Hill_expr,H(H(R)),2,3,2,18.0,44.090536348854165,4.30851623883757,96.0,17.411454360810467
RhoA perturbation; Cdc42 response,Hill_expr,H(H(R)),2,3,2,18.33333,44.142052664375,4.218111446909127,96.0,17.41145436208223
RhoA perturbation; Cdc42 response,Hill_expr,H(H(R)),2,3,2,18.66667,44.263298895312516,4.2360150986473375,96.0,17.411454363249835
RhoA perturbation; Cdc42 response,Hill_expr,H(H(R)),2,3,2,19.0,43.36335120822915,4.265969838916123,96.0,17.411454364323156
RhoA perturbation; Cdc42 response,Hill_expr,H(H(R)),2,3,2,19.33333,43.08669481947916,4.228434709868423,96.0,17.411454365311037
RhoA perturbation; Cdc42 response,Hill_expr,H(H(R)),2,3,2,19.66667,44.81050446312499,4.269012995669736,96.0,17.411454366221346
RhoA perturbation; Cdc42 response,Hill_expr,H(H(R)),2,3,2,20.0,44.510929666354166,4.220252827470473,96.0,17.411454367061015
RhoA perturbation; Cdc42 response,Hill_expr,H(H(R)),2,3,2,20.33333,41.54642154458333,3.9541869881523812,96.0,17.411454367836317
RhoA perturbation; Cdc42 response,Hill_expr,H(H(R)),2,3,2,20.66667,40.047226886562505,3.798215134748698,96.0,17.411454368552874
RhoA perturbation; Cdc42 response,Hill_expr,H(H(R)),2,3,2,21.0,39.69214392583333,3.6206287350291313,96.0,17.411454369215672
RhoA perturbation; Cdc42 response,Hill_expr,H(H(R)),2,3,2,21.33333,37.600583485520836,3.454382500683567,96.0,17.41145436982926
RhoA perturbation; Cdc42 response,Hill_expr,H(H(R)),2,3,2,21.66667,35.40411080218749,3.3247934197075897,96.0,17.411454370397745
RhoA perturbation; Cdc42 response,Hill_expr,H(H(R)),2,3,2,22.0,34.32286644083334,3.2697660006155878,96.0,17.411454370924773
RhoA perturbation; Cdc42 response,Hill_expr,H(H(R)),2,3,2,22.33333,33.45373635354167,3.0377326972496514,96.0,17.41145437141372
RhoA perturbation; Cdc42 response,Hill_expr,H(H(R)),2,3,2,22.66667,32.43612773666668,2.9611556203085705,96.0,17.411454371867613
RhoA perturbation; Cdc42 response,Hill_expr,H(H(R)),2,3,2,23.0,31.586112918854173,2.8418174843343205,96.0,17.4114543722892
RhoA perturbation; Cdc42 response,Hill_expr,H(H(R)),2,3,2,23.33333,30.50887267749999,2.744782090490418,96.0,17.411454372681
RhoA perturbation; Cdc42 response,Hill_expr,H(H(R)),2,3,2,23.66667,28.655807943750002,2.672413285493715,96.0,17.411454373045313
RhoA perturbation; Cdc42 response,Hill_expr,H(H(R)),2,3,2,24.0,27.546000784895835,2.5318502427937117,96.0,17.411454373384206
RhoA perturbation; Cdc42 response,Hill_expr,H(H(R)),2,3,2,24.33333,27.06587826302082,2.4677824051400767,96.0,17.411454373699602
RhoA perturbation; Cdc42 response,Hill_expr,H(H(R)),2,3,2,24.66667,25.482764552604163,2.4126124028827096,96.0,17.411454373993262
RhoA perturbation; Cdc42 response,Hill_expr,H(H(R)),2,3,2,25.0,25.59795988135417,2.287605835685528,96.0,17.411454374266775
RhoA perturbation; Cdc42 response,Hill_expr,H(H(R)),2,3,2,25.33333,24.447861462395817,2.167375122557263,96.0,17.411454374521618
RhoA perturbation; Cdc42 response,Hill_expr,H(H(R)),2,3,2,25.66667,24.01868832989582,2.1371376446013857,96.0,17.41145437475916
RhoA perturbation; Cdc42 response,Hill_expr,H(H(R)),2,3,2,26.0,22.78127678479167,2.086312559586399,96.0,17.41145437498063
RhoA perturbation; Cdc42 response,Hill_expr,H(H(R)),2,3,2,26.33333,21.891632093854167,2.0150716631938677,96.0,17.41145437518718
RhoA perturbation; Cdc42 response,Hill_expr,H(H(R)),2,3,2,26.66667,20.945023626458326,1.8698014129842881,96.0,17.41145437537988
RhoA perturbation; Cdc42 response,Hill_expr,H(H(R)),2,3,2,27.0,20.629967116875008,1.861930411470987,96.0,17.41145437555969
RhoA perturbation; Cdc42 response,Hill_expr,H(H(R)),2,3,2,27.33333,20.088517467916663,1.7512042470241485,96.0,17.411454375727523
RhoA perturbation; Cdc42 response,Hill_expr,H(H(R)),2,3,2,27.66667,18.69201190260416,1.76465998919581,96.0,17.411454375884215
RhoA perturbation; Cdc42 response,Hill_expr,H(H(R)),2,3,2,28.0,18.56528418562501,1.6893769747792127,96.0,17.411454376030527
RhoA perturbation; Cdc42 response,Hill_expr,H(H(R)),2,3,2,28.33333,17.870653391875,1.6870169662889802,96.0,17.41145437616718
RhoA perturbation; Cdc42 response,Hill_expr,H(H(R)),2,3,2,28.66667,17.339744944374996,1.588282207627887,96.0,17.411454376294838
RhoA perturbation; Cdc42 response,Hill_expr,H(H(R)),2,3,2,29.0,16.46350753833333,1.5832712268805966,96.0,17.411454376414106
RhoA perturbation; Cdc42 response,Hill_expr,H(H(R)),2,3,2,29.33333,15.708429160104162,1.5227800474289892,96.0,17.41145437652556
RhoA perturbation; Cdc42 response,Hill_expr,H(H(R)),2,3,2,29.66667,14.33290780020833,1.561889817872484,96.0,17.411454376629727
RhoA perturbation; Cdc42 response,Hill_expr,H(H(R)),2,3,2,30.0,14.203605272812503,1.520699141885573,96.0,17.411454376727097
RhoA perturbation; Cdc42 response,Hill_expr,H(H(R)),2,3,2,30.33333,13.213554077812503,1.4664462570194274,96.0,17.411454376818124
RhoA perturbation; Cdc42 response,Hill_expr,H(H(R)),2,3,2,30.66667,13.623335934583336,1.4679404139860608,96.0,17.411454376903237
RhoA perturbation; Cdc42 response,Hill_expr,H(H(R)),2,3,2,31.0,14.018861143125,1.424568590609521,96.0,17.41145437698282
RhoA perturbation; Cdc42 response,Hill_expr,H(H(R)),2,3,2,31.33333,12.624694368645834,1.4073758356256998,96.0,17.411454377057254
RhoA perturbation; Cdc42 response,Hill_expr,H(H(R)),2,3,2,31.66667,12.349149456979164,1.4168910701793418,96.0,17.41145437712687
RhoA perturbation; Cdc42 response,Hill_expr,H(H(R)),2,3,2,32.0,12.131231478541672,1.391732624306371,96.0,17.411454377191987
RhoA perturbation; Cdc42 response,Hill_expr,H(H(R)),2,3,2,32.33333,11.920231513020832,1.4139563056828284,96.0,17.411454377252902
RhoA perturbation; Cdc42 response,Hill_expr,H(H(R)),2,3,2,32.66667,11.742871103854158,1.2917756055122211,96.0,17.411454377309898
RhoA perturbation; Cdc42 response,Hill_expr,H(H(R)),2,3,2,33.0,11.112344080729164,1.4687470751248861,96.0,17.411454377363217
RhoA perturbation; Cdc42 response,Hill_expr,H(H(R)),2,3,2,33.33333,11.448311698749997,1.414622672158428,96.0,17.41145437741311
RhoA perturbation; Cdc42 response,Hill_expr,H(H(R)),2,3,2,33.66667,10.631778282604168,1.3965004285988596,96.0,17.4114543774598
RhoA perturbation; Cdc42 response,Hill_expr,H(H(R)),2,3,2,34.0,11.341713643020832,1.3230561965793761,96.0,17.411454377503496
RhoA perturbation; Cdc42 response,Hill_expr,H(H(R)),2,3,2,34.33333,10.709179328645837,1.4557604762070828,96.0,17.411454377544388
RhoA perturbation; Cdc42 response,Hill_expr,H(H(R)),2,3,2,34.66667,9.830198902812496,1.4290151201499555,96.0,17.41145437758266
RhoA perturbation; Cdc42 response,Hill_expr,H(H(R)),2,3,2,35.0,10.293112988541665,1.391162024914986,96.0,17.411454377618487
RhoA perturbation; Cdc42 response,Hill_expr,H(H(R)),2,3,2,35.33333,9.332255931770835,1.437777702942255,96.0,17.411454377652017
RhoA perturbation; Cdc42 response,Hill_expr,H(H(R)),2,3,2,35.66667,10.107261608437506,1.3874154515894122,96.0,17.41145437768341
RhoA perturbation; Cdc42 response,Hill_expr,H(H(R)),2,3,2,36.0,9.827691570208332,1.480774129190423,96.0,17.411454377712793
RhoA perturbation; Cdc42 response,Hill_expr,H(H(R)),2,3,2,36.33333,9.709041730833333,1.5384837646541616,96.0,17.4114543777403
RhoA perturbation; Cdc42 response,Hill_expr,H(H(R)),2,3,2,36.66667,9.315187174791669,1.7393612509974656,96.0,17.411454377766052
RhoA perturbation; Cdc42 response,Hill_expr,H(H(R)),2,3,2,37.0,9.948737530729167,1.4400767516664625,96.0,17.411454377790164
RhoA perturbation; Cdc42 response,Hill_expr,H(H(R)),2,3,2,37.33333,10.02341929479167,1.4218773780945793,96.0,17.41145437781274
RhoA perturbation; Cdc42 response,Hill_expr,H(H(R)),2,3,2,37.66667,9.403855300208333,1.3853093435826955,96.0,17.411454377833874
RhoA perturbation; Cdc42 response,Hill_expr,H(H(R)),2,3,2,38.0,9.14292041989584,1.5458551676916175,96.0,17.411454377853666
RhoA perturbation; Cdc42 response,Hill_expr,H(H(R)),2,3,2,38.33333,9.17049158197917,1.4355564822468991,96.0,17.411454377872197
RhoA perturbation; Cdc42 response,Hill_expr,H(H(R)),2,3,2,38.66667,7.807129513541668,1.498602070455668,96.0,17.41145437788955
RhoA perturbation; Cdc42 response,Hill_expr,H(H(R)),2,3,2,39.0,8.327797780416672,1.2036795151143105,96.0,17.411454377905798
RhoA perturbation; Cdc42 response,Hill_expr,H(H(R)),2,3,2,39.33333,8.926327779166662,1.3951379373455004,96.0,17.411454377921014
RhoA perturbation; Cdc42 response,Hill_expr,H(H(R)),2,3,2,39.66667,8.345374473020836,1.3024730221384018,96.0,17.41145437793526
RhoA perturbation; Cdc42 response,Hill_expr,H(H(R)),2,3,2,40.0,7.4125334264583325,1.2672893637109905,96.0,17.411454377948605
RhoA perturbation; Cdc42 response,Hill_expr,(H(H(R))+R),2,5,2,0.0,-0.027923615520833316,0.45900898728135897,96.0,-0.027760466536219164
RhoA perturbation; Cdc42 response,Hill_expr,(H(H(R))+R),2,5,2,0.3333333,9.572856721979164,1.7117579212037075,96.0,2.4558204243385955
RhoA perturbation; Cdc42 response,Hill_expr,(H(H(R))+R),2,5,2,0.6666667,12.723626935312508,2.055170942837916,96.0,12.68653165372994
RhoA perturbation; Cdc42 response,Hill_expr,(H(H(R))+R),2,5,2,1.0,16.123369902708337,2.3761519061971845,96.0,16.673365476246364
RhoA perturbation; Cdc42 response,Hill_expr,(H(H(R))+R),2,5,2,1.333333,19.43115996822917,2.575528577353306,96.0,17.307883544149547
RhoA perturbation; Cdc42 response,Hill_expr,(H(H(R))+R),2,5,2,1.666667,21.223441842604178,2.6249579919655845,96.0,17.396332111589352
RhoA perturbation; Cdc42 response,Hill_expr,(H(H(R))+R),2,5,2,2.0,22.44582539614582,2.7499625308181033,96.0,17.408444703877834
RhoA perturbation; Cdc42 response,Hill_expr,(H(H(R))+R),2,5,2,2.333333,25.041849861666687,2.7677347746441052,96.0,17.410099481204426
RhoA perturbation; Cdc42 response,Hill_expr,(H(H(R))+R),2,5,2,2.666667,26.21257579843751,2.839828056336364,96.0,17.410325476583303
RhoA perturbation; Cdc42 response,Hill_expr,(H(H(R))+R),2,5,2,3.0,26.586747623541658,2.997138272755855,96.0,17.410356339476156
RhoA perturbation; Cdc42 response,Hill_expr,(H(H(R))+R),2,5,2,3.333333,28.537379678437492,2.997536296801952,96.0,17.410360554247752
RhoA perturbation; Cdc42 response,Hill_expr,(H(H(R))+R),2,5,2,3.666667,28.538720332499988,3.061047342985218,96.0,17.41036112983545
RhoA perturbation; Cdc42 response,Hill_expr,(H(H(R))+R),2,5,2,4.0,30.86264847822916,3.086591456183257,96.0,17.410361208439603
RhoA perturbation; Cdc42 response,Hill_expr,(H(H(R))+R),2,5,2,4.333334,30.073681551770832,3.221420673684088,96.0,17.410361219174106
RhoA perturbation; Cdc42 response,Hill_expr,(H(H(R))+R),2,5,2,4.666667,31.353581760729174,3.2429259411199145,96.0,17.41036122064009
RhoA perturbation; Cdc42 response,Hill_expr,(H(H(R))+R),2,5,2,5.0,31.513904618333342,3.3185235093304732,96.0,17.410361220840272
RhoA perturbation; Cdc42 response,Hill_expr,(H(H(R))+R),2,5,2,5.333334,32.65468524489584,3.318451354211551,96.0,17.41036122086762
RhoA perturbation; Cdc42 response,Hill_expr,(H(H(R))+R),2,5,2,5.666667,32.21263448333334,3.443925762912029,96.0,17.41036122087137
RhoA perturbation; Cdc42 response,Hill_expr,(H(H(R))+R),2,5,2,6.0,33.98101023406249,3.5208243092732365,96.0,17.410361220871895
RhoA perturbation; Cdc42 response,Hill_expr,(H(H(R))+R),2,5,2,6.333334,34.32541528458332,3.625770168494379,96.0,17.410361220871962
RhoA perturbation; Cdc42 response,Hill_expr,(H(H(R))+R),2,5,2,6.666667,35.020071923124995,3.6337098474294653,96.0,17.410361220871962
RhoA perturbation; Cdc42 response,Hill_expr,(H(H(R))+R),2,5,2,7.0,35.68365437302082,3.680654227050923,96.0,17.410361220871962
RhoA perturbation; Cdc42 response,Hill_expr,(H(H(R))+R),2,5,2,7.333334,34.79511669166665,3.7492912875266424,96.0,17.410361220871962
RhoA perturbation; Cdc42 response,Hill_expr,(H(H(R))+R),2,5,2,7.666667,36.316073593124976,3.754161885758576,96.0,17.410361220871962
RhoA perturbation; Cdc42 response,Hill_expr,(H(H(R))+R),2,5,2,8.0,36.42803883604166,3.7540435656026254,96.0,17.410361220871962
RhoA perturbation; Cdc42 response,Hill_expr,(H(H(R))+R),2,5,2,8.333333,38.05664679145834,3.818279822517446,96.0,17.410361220871962
RhoA perturbation; Cdc42 response,Hill_expr,(H(H(R))+R),2,5,2,8.666667,37.498483035,3.89908045696899,96.0,17.410361220871962
RhoA perturbation; Cdc42 response,Hill_expr,(H(H(R))+R),2,5,2,9.0,38.373461548125,3.940671824462212,96.0,17.410361220871962
RhoA perturbation; Cdc42 response,Hill_expr,(H(H(R))+R),2,5,2,9.333333,39.71396570666666,3.967479363055417,96.0,17.410361220871962
RhoA perturbation; Cdc42 response,Hill_expr,(H(H(R))+R),2,5,2,9.666667,39.59648601916666,3.8734463426419445,96.0,17.410361220871962
RhoA perturbation; Cdc42 response,Hill_expr,(H(H(R))+R),2,5,2,10.0,39.06948966406249,3.942890003765534,96.0,17.410361220871962
RhoA perturbation; Cdc42 response,Hill_expr,(H(H(R))+R),2,5,2,10.33333,38.990662630520845,4.005894386001017,96.0,17.410361220871962
RhoA perturbation; Cdc42 response,Hill_expr,(H(H(R))+R),2,5,2,10.66667,39.45031246177082,3.988341174717161,96.0,17.410361220871962
RhoA perturbation; Cdc42 response,Hill_expr,(H(H(R))+R),2,5,2,11.0,40.623721676354144,4.047509465116343,96.0,17.410361220871962
RhoA perturbation; Cdc42 response,Hill_expr,(H(H(R))+R),2,5,2,11.33333,40.7664319459375,4.065565791294083,96.0,17.410361220871962
RhoA perturbation; Cdc42 response,Hill_expr,(H(H(R))+R),2,5,2,11.66667,39.61090631427084,4.05057942385462,96.0,17.410361220871962
RhoA perturbation; Cdc42 response,Hill_expr,(H(H(R))+R),2,5,2,12.0,40.80843216510416,4.060803887249427,96.0,17.410361220871962
RhoA perturbation; Cdc42 response,Hill_expr,(H(H(R))+R),2,5,2,12.33333,40.69041874479168,4.1171645311356455,96.0,17.410361220871962
RhoA perturbation; Cdc42 response,Hill_expr,(H(H(R))+R),2,5,2,12.66667,41.37944060083334,4.085218575245882,96.0,17.410361220871962
RhoA perturbation; Cdc42 response,Hill_expr,(H(H(R))+R),2,5,2,13.0,41.696821155,4.0695263217148785,96.0,17.410361220871962
RhoA perturbation; Cdc42 response,Hill_expr,(H(H(R))+R),2,5,2,13.33333,40.61681270593751,4.080936214401611,96.0,17.410361220871962
RhoA perturbation; Cdc42 response,Hill_expr,(H(H(R))+R),2,5,2,13.66667,40.04831553375,4.03329878824528,96.0,17.410361220871962
RhoA perturbation; Cdc42 response,Hill_expr,(H(H(R))+R),2,5,2,14.0,42.655246395208344,3.9080439270441727,96.0,17.410361220871962
RhoA perturbation; Cdc42 response,Hill_expr,(H(H(R))+R),2,5,2,14.33333,42.664869551979166,4.035669535095019,96.0,17.410361220871962
RhoA perturbation; Cdc42 response,Hill_expr,(H(H(R))+R),2,5,2,14.66667,41.769536490104194,4.038248231195513,96.0,17.410361220871962
RhoA perturbation; Cdc42 response,Hill_expr,(H(H(R))+R),2,5,2,15.0,41.51994889124999,4.068766455442411,96.0,17.410361220871962
RhoA perturbation; Cdc42 response,Hill_expr,(H(H(R))+R),2,5,2,15.33333,44.23900240135416,4.041993409643368,96.0,17.410361220871962
RhoA perturbation; Cdc42 response,Hill_expr,(H(H(R))+R),2,5,2,15.66667,43.1206390258333,4.166837456238659,96.0,17.410361220871962
RhoA perturbation; Cdc42 response,Hill_expr,(H(H(R))+R),2,5,2,16.0,44.839397978854144,4.1520711466138955,96.0,17.410361220871962
RhoA perturbation; Cdc42 response,Hill_expr,(H(H(R))+R),2,5,2,16.33333,43.06918511302083,4.230287234171569,96.0,17.410361220871962
RhoA perturbation; Cdc42 response,Hill_expr,(H(H(R))+R),2,5,2,16.66667,44.09113680843748,4.289577947853359,96.0,17.410361220871962
RhoA perturbation; Cdc42 response,Hill_expr,(H(H(R))+R),2,5,2,17.0,44.53816757677084,4.342622278026322,96.0,17.410361220871962
RhoA perturbation; Cdc42 response,Hill_expr,(H(H(R))+R),2,5,2,17.33333,43.110703397187514,4.418435420544268,96.0,17.410361220871962
RhoA perturbation; Cdc42 response,Hill_expr,(H(H(R))+R),2,5,2,17.66667,42.82344298583332,4.336818418553825,96.0,17.410361220871962
RhoA perturbation; Cdc42 response,Hill_expr,(H(H(R))+R),2,5,2,18.0,44.090536348854165,4.30851623883757,96.0,17.410361220871962
RhoA perturbation; Cdc42 response,Hill_expr,(H(H(R))+R),2,5,2,18.33333,44.142052664375,4.218111446909127,96.0,17.410361220871962
RhoA perturbation; Cdc42 response,Hill_expr,(H(H(R))+R),2,5,2,18.66667,44.263298895312516,4.2360150986473375,96.0,17.410361220871962
RhoA perturbation; Cdc42 response,Hill_expr,(H(H(R))+R),2,5,2,19.0,43.36335120822915,4.265969838916123,96.0,17.410361220871962
RhoA perturbation; Cdc42 response,Hill_expr,(H(H(R))+R),2,5,2,19.33333,43.08669481947916,4.228434709868423,96.0,17.410361220871962
RhoA perturbation; Cdc42 response,Hill_expr,(H(H(R))+R),2,5,2,19.66667,44.81050446312499,4.269012995669736,96.0,17.410361220871962
RhoA perturbation; Cdc42 response,Hill_expr,(H(H(R))+R),2,5,2,20.0,44.510929666354166,4.220252827470473,96.0,17.410361220871962
RhoA perturbation; Cdc42 response,Hill_expr,(H(H(R))+R),2,5,2,20.33333,41.54642154458333,3.9541869881523812,96.0,17.410361220871962
RhoA perturbation; Cdc42 response,Hill_expr,(H(H(R))+R),2,5,2,20.66667,40.047226886562505,3.798215134748698,96.0,17.410361220871962
RhoA perturbation; Cdc42 response,Hill_expr,(H(H(R))+R),2,5,2,21.0,39.69214392583333,3.6206287350291313,96.0,17.410361220871962
RhoA perturbation; Cdc42 response,Hill_expr,(H(H(R))+R),2,5,2,21.33333,37.600583485520836,3.454382500683567,96.0,17.410361220871962
RhoA perturbation; Cdc42 response,Hill_expr,(H(H(R))+R),2,5,2,21.66667,35.40411080218749,3.3247934197075897,96.0,17.410361220871962
RhoA perturbation; Cdc42 response,Hill_expr,(H(H(R))+R),2,5,2,22.0,34.32286644083334,3.2697660006155878,96.0,17.410361220871962
RhoA perturbation; Cdc42 response,Hill_expr,(H(H(R))+R),2,5,2,22.33333,33.45373635354167,3.0377326972496514,96.0,17.410361220871962
RhoA perturbation; Cdc42 response,Hill_expr,(H(H(R))+R),2,5,2,22.66667,32.43612773666668,2.9611556203085705,96.0,17.410361220871962
RhoA perturbation; Cdc42 response,Hill_expr,(H(H(R))+R),2,5,2,23.0,31.586112918854173,2.8418174843343205,96.0,17.410361220871962
RhoA perturbation; Cdc42 response,Hill_expr,(H(H(R))+R),2,5,2,23.33333,30.50887267749999,2.744782090490418,96.0,17.410361220871962
RhoA perturbation; Cdc42 response,Hill_expr,(H(H(R))+R),2,5,2,23.66667,28.655807943750002,2.672413285493715,96.0,17.410361220871962
RhoA perturbation; Cdc42 response,Hill_expr,(H(H(R))+R),2,5,2,24.0,27.546000784895835,2.5318502427937117,96.0,17.410361220871962
RhoA perturbation; Cdc42 response,Hill_expr,(H(H(R))+R),2,5,2,24.33333,27.06587826302082,2.4677824051400767,96.0,17.410361220871962
RhoA perturbation; Cdc42 response,Hill_expr,(H(H(R))+R),2,5,2,24.66667,25.482764552604163,2.4126124028827096,96.0,17.410361220871962
RhoA perturbation; Cdc42 response,Hill_expr,(H(H(R))+R),2,5,2,25.0,25.59795988135417,2.287605835685528,96.0,17.410361220871962
RhoA perturbation; Cdc42 response,Hill_expr,(H(H(R))+R),2,5,2,25.33333,24.447861462395817,2.167375122557263,96.0,17.410361220871962
RhoA perturbation; Cdc42 response,Hill_expr,(H(H(R))+R),2,5,2,25.66667,24.01868832989582,2.1371376446013857,96.0,17.410361220871962
RhoA perturbation; Cdc42 response,Hill_expr,(H(H(R))+R),2,5,2,26.0,22.78127678479167,2.086312559586399,96.0,17.410361220871962
RhoA perturbation; Cdc42 response,Hill_expr,(H(H(R))+R),2,5,2,26.33333,21.891632093854167,2.0150716631938677,96.0,17.410361220871962
RhoA perturbation; Cdc42 response,Hill_expr,(H(H(R))+R),2,5,2,26.66667,20.945023626458326,1.8698014129842881,96.0,17.410361220871962
RhoA perturbation; Cdc42 response,Hill_expr,(H(H(R))+R),2,5,2,27.0,20.629967116875008,1.861930411470987,96.0,17.410361220871962
RhoA perturbation; Cdc42 response,Hill_expr,(H(H(R))+R),2,5,2,27.33333,20.088517467916663,1.7512042470241485,96.0,17.410361220871962
RhoA perturbation; Cdc42 response,Hill_expr,(H(H(R))+R),2,5,2,27.66667,18.69201190260416,1.76465998919581,96.0,17.410361220871962
RhoA perturbation; Cdc42 response,Hill_expr,(H(H(R))+R),2,5,2,28.0,18.56528418562501,1.6893769747792127,96.0,17.410361220871962
RhoA perturbation; Cdc42 response,Hill_expr,(H(H(R))+R),2,5,2,28.33333,17.870653391875,1.6870169662889802,96.0,17.410361220871962
RhoA perturbation; Cdc42 response,Hill_expr,(H(H(R))+R),2,5,2,28.66667,17.339744944374996,1.588282207627887,96.0,17.410361220871962
RhoA perturbation; Cdc42 response,Hill_expr,(H(H(R))+R),2,5,2,29.0,16.46350753833333,1.5832712268805966,96.0,17.410361220871962
RhoA perturbation; Cdc42 response,Hill_expr,(H(H(R))+R),2,5,2,29.33333,15.708429160104162,1.5227800474289892,96.0,17.410361220871962
RhoA perturbation; Cdc42 response,Hill_expr,(H(H(R))+R),2,5,2,29.66667,14.33290780020833,1.561889817872484,96.0,17.410361220871962
RhoA perturbation; Cdc42 response,Hill_expr,(H(H(R))+R),2,5,2,30.0,14.203605272812503,1.520699141885573,96.0,17.410361220871962
RhoA perturbation; Cdc42 response,Hill_expr,(H(H(R))+R),2,5,2,30.33333,13.213554077812503,1.4664462570194274,96.0,17.410361220871962
RhoA perturbation; Cdc42 response,Hill_expr,(H(H(R))+R),2,5,2,30.66667,13.623335934583336,1.4679404139860608,96.0,17.410361220871962
RhoA perturbation; Cdc42 response,Hill_expr,(H(H(R))+R),2,5,2,31.0,14.018861143125,1.424568590609521,96.0,17.410361220871962
RhoA perturbation; Cdc42 response,Hill_expr,(H(H(R))+R),2,5,2,31.33333,12.624694368645834,1.4073758356256998,96.0,17.410361220871962
RhoA perturbation; Cdc42 response,Hill_expr,(H(H(R))+R),2,5,2,31.66667,12.349149456979164,1.4168910701793418,96.0,17.410361220871962
RhoA perturbation; Cdc42 response,Hill_expr,(H(H(R))+R),2,5,2,32.0,12.131231478541672,1.391732624306371,96.0,17.410361220871962
RhoA perturbation; Cdc42 response,Hill_expr,(H(H(R))+R),2,5,2,32.33333,11.920231513020832,1.4139563056828284,96.0,17.410361220871962
RhoA perturbation; Cdc42 response,Hill_expr,(H(H(R))+R),2,5,2,32.66667,11.742871103854158,1.2917756055122211,96.0,17.410361220871962
RhoA perturbation; Cdc42 response,Hill_expr,(H(H(R))+R),2,5,2,33.0,11.112344080729164,1.4687470751248861,96.0,17.410361220871962
RhoA perturbation; Cdc42 response,Hill_expr,(H(H(R))+R),2,5,2,33.33333,11.448311698749997,1.414622672158428,96.0,17.410361220871962
RhoA perturbation; Cdc42 response,Hill_expr,(H(H(R))+R),2,5,2,33.66667,10.631778282604168,1.3965004285988596,96.0,17.410361220871962
RhoA perturbation; Cdc42 response,Hill_expr,(H(H(R))+R),2,5,2,34.0,11.341713643020832,1.3230561965793761,96.0,17.410361220871962
RhoA perturbation; Cdc42 response,Hill_expr,(H(H(R))+R),2,5,2,34.33333,10.709179328645837,1.4557604762070828,96.0,17.410361220871962
RhoA perturbation; Cdc42 response,Hill_expr,(H(H(R))+R),2,5,2,34.66667,9.830198902812496,1.4290151201499555,96.0,17.410361220871962
RhoA perturbation; Cdc42 response,Hill_expr,(H(H(R))+R),2,5,2,35.0,10.293112988541665,1.391162024914986,96.0,17.410361220871962
RhoA perturbation; Cdc42 response,Hill_expr,(H(H(R))+R),2,5,2,35.33333,9.332255931770835,1.437777702942255,96.0,17.410361220871962
RhoA perturbation; Cdc42 response,Hill_expr,(H(H(R))+R),2,5,2,35.66667,10.107261608437506,1.3874154515894122,96.0,17.410361220871962
RhoA perturbation; Cdc42 response,Hill_expr,(H(H(R))+R),2,5,2,36.0,9.827691570208332,1.480774129190423,96.0,17.410361220871962
RhoA perturbation; Cdc42 response,Hill_expr,(H(H(R))+R),2,5,2,36.33333,9.709041730833333,1.5384837646541616,96.0,17.410361220871962
RhoA perturbation; Cdc42 response,Hill_expr,(H(H(R))+R),2,5,2,36.66667,9.315187174791669,1.7393612509974656,96.0,17.410361220871962
RhoA perturbation; Cdc42 response,Hill_expr,(H(H(R))+R),2,5,2,37.0,9.948737530729167,1.4400767516664625,96.0,17.410361220871962
RhoA perturbation; Cdc42 response,Hill_expr,(H(H(R))+R),2,5,2,37.33333,10.02341929479167,1.4218773780945793,96.0,17.410361220871962
RhoA perturbation; Cdc42 response,Hill_expr,(H(H(R))+R),2,5,2,37.66667,9.403855300208333,1.3853093435826955,96.0,17.410361220871962
RhoA perturbation; Cdc42 response,Hill_expr,(H(H(R))+R),2,5,2,38.0,9.14292041989584,1.5458551676916175,96.0,17.410361220871962
RhoA perturbation; Cdc42 response,Hill_expr,(H(H(R))+R),2,5,2,38.33333,9.17049158197917,1.4355564822468991,96.0,17.410361220871962
RhoA perturbation; Cdc42 response,Hill_expr,(H(H(R))+R),2,5,2,38.66667,7.807129513541668,1.498602070455668,96.0,17.410361220871962
RhoA perturbation; Cdc42 response,Hill_expr,(H(H(R))+R),2,5,2,39.0,8.327797780416672,1.2036795151143105,96.0,17.410361220871962
RhoA perturbation; Cdc42 response,Hill_expr,(H(H(R))+R),2,5,2,39.33333,8.926327779166662,1.3951379373455004,96.0,17.410361220871962
RhoA perturbation; Cdc42 response,Hill_expr,(H(H(R))+R),2,5,2,39.66667,8.345374473020836,1.3024730221384018,96.0,17.410361220871962
RhoA perturbation; Cdc42 response,Hill_expr,(H(H(R))+R),2,5,2,40.0,7.4125334264583325,1.2672893637109905,96.0,17.410361220871962
RhoA perturbation; Cdc42 response,Hill_expr,H((H(R)+R)),2,5,2,0.0,-0.027923615520833316,0.45900898728135897,96.0,0.17439549459526077
RhoA perturbation; Cdc42 response,Hill_expr,H((H(R)+R)),2,5,2,0.3333333,9.572856721979164,1.7117579212037075,96.0,9.333803302752651
RhoA perturbation; Cdc42 response,Hill_expr,H((H(R)+R)),2,5,2,0.6666667,12.723626935312508,2.055170942837916,96.0,13.29500430200045
RhoA perturbation; Cdc42 response,Hill_expr,H((H(R)+R)),2,5,2,1.0,16.123369902708337,2.3761519061971845,96.0,16.22636628439676
RhoA perturbation; Cdc42 response,Hill_expr,H((H(R)+R)),2,5,2,1.333333,19.43115996822917,2.575528577353306,96.0,18.6020783243347
RhoA perturbation; Cdc42 response,Hill_expr,H((H(R)+R)),2,5,2,1.666667,21.223441842604178,2.6249579919655845,96.0,20.61381559770674
RhoA perturbation; Cdc42 response,Hill_expr,H((H(R)+R)),2,5,2,2.0,22.44582539614582,2.7499625308181033,96.0,22.362821030115533
RhoA perturbation; Cdc42 response,Hill_expr,H((H(R)+R)),2,5,2,2.333333,25.041849861666687,2.7677347746441052,96.0,23.910644202031918
RhoA perturbation; Cdc42 response,Hill_expr,H((H(R)+R)),2,5,2,2.666667,26.21257579843751,2.839828056336364,96.0,25.29813703466881
RhoA perturbation; Cdc42 response,Hill_expr,H((H(R)+R)),2,5,2,3.0,26.586747623541658,2.997138272755855,96.0,26.554102932064122
RhoA perturbation; Cdc42 response,Hill_expr,H((H(R)+R)),2,5,2,3.333333,28.537379678437492,2.997536296801952,96.0,27.699796108467794
RhoA perturbation; Cdc42 response,Hill_expr,H((H(R)+R)),2,5,2,3.666667,28.538720332499988,3.061047342985218,96.0,28.751437845640414
RhoA perturbation; Cdc42 response,Hill_expr,H((H(R)+R)),2,5,2,4.0,30.86264847822916,3.086591456183257,96.0,29.72173973602762
RhoA perturbation; Cdc42 response,Hill_expr,H((H(R)+R)),2,5,2,4.333334,30.073681551770832,3.221420673684088,96.0,30.620902232432407
RhoA perturbation; Cdc42 response,Hill_expr,H((H(R)+R)),2,5,2,4.666667,31.353581760729174,3.2429259411199145,96.0,31.457241893562166
RhoA perturbation; Cdc42 response,Hill_expr,H((H(R)+R)),2,5,2,5.0,31.513904618333342,3.3185235093304732,96.0,32.23765962167592
RhoA perturbation; Cdc42 response,Hill_expr,H((H(R)+R)),2,5,2,5.333334,32.65468524489584,3.318451354211551,96.0,32.967950620862
RhoA perturbation; Cdc42 response,Hill_expr,H((H(R)+R)),2,5,2,5.666667,32.21263448333334,3.443925762912029,96.0,33.65303079430688
RhoA perturbation; Cdc42 response,Hill_expr,H((H(R)+R)),2,5,2,6.0,33.98101023406249,3.5208243092732365,96.0,34.29712268746698
RhoA perturbation; Cdc42 response,Hill_expr,H((H(R)+R)),2,5,2,6.333334,34.32541528458332,3.625770168494379,96.0,34.90387941353506
RhoA perturbation; Cdc42 response,Hill_expr,H((H(R)+R)),2,5,2,6.666667,35.020071923124995,3.6337098474294653,96.0,35.47648077393265
RhoA perturbation; Cdc42 response,Hill_expr,H((H(R)+R)),2,5,2,7.0,35.68365437302082,3.680654227050923,96.0,36.01772317464622
RhoA perturbation; Cdc42 response,Hill_expr,H((H(R)+R)),2,5,2,7.333334,34.79511669166665,3.7492912875266424,96.0,36.53007631436496
RhoA perturbation; Cdc42 response,Hill_expr,H((H(R)+R)),2,5,2,7.666667,36.316073593124976,3.754161885758576,96.0,37.01572908926605
RhoA perturbation; Cdc42 response,Hill_expr,H((H(R)+R)),2,5,2,8.0,36.42803883604166,3.7540435656026254,96.0,37.47663924942866
RhoA perturbation; Cdc42 response,Hill_expr,H((H(R)+R)),2,5,2,8.333333,38.05664679145834,3.818279822517446,96.0,37.914560012567726
RhoA perturbation; Cdc42 response,Hill_expr,H((H(R)+R)),2,5,2,8.666667,37.498483035,3.89908045696899,96.0,38.331069567097224
RhoA perturbation; Cdc42 response,Hill_expr,H((H(R)+R)),2,5,2,9.0,38.373461548125,3.940671824462212,96.0,38.7275877429801
RhoA perturbation; Cdc42 response,Hill_expr,H((H(R)+R)),2,5,2,9.333333,39.71396570666666,3.967479363055417,96.0,39.10540070473924
RhoA perturbation; Cdc42 response,Hill_expr,H((H(R)+R)),2,5,2,9.666667,39.59648601916666,3.8734463426419445,96.0,39.46567018070554
RhoA perturbation; Cdc42 response,Hill_expr,H((H(R)+R)),2,5,2,10.0,39.06948966406249,3.942890003765534,96.0,39.80943994674349
RhoA perturbation; Cdc42 response,Hill_expr,H((H(R)+R)),2,5,2,10.33333,38.990662630520845,4.005894386001017,96.0,40.13764517482954
RhoA perturbation; Cdc42 response,Hill_expr,H((H(R)+R)),2,5,2,10.66667,39.45031246177082,3.988341174717161,96.0,40.45112811018903
RhoA perturbation; Cdc42 response,Hill_expr,H((H(R)+R)),2,5,2,11.0,40.623721676354144,4.047509465116343,96.0,40.75059074517925
RhoA perturbation; Cdc42 response,Hill_expr,H((H(R)+R)),2,5,2,11.33333,40.7664319459375,4.065565791294083,96.0,41.03664806464032
RhoA perturbation; Cdc42 response,Hill_expr,H((H(R)+R)),2,5,2,11.66667,39.61090631427084,4.05057942385462,96.0,41.30978720293685
RhoA perturbation; Cdc42 response,Hill_expr,H((H(R)+R)),2,5,2,12.0,40.80843216510416,4.060803887249427,96.0,41.57032915340936
RhoA perturbation; Cdc42 response,Hill_expr,H((H(R)+R)),2,5,2,12.33333,40.69041874479168,4.1171645311356455,96.0,41.81845757897557
RhoA perturbation; Cdc42 response,Hill_expr,H((H(R)+R)),2,5,2,12.66667,41.37944060083334,4.085218575245882,96.0,42.05416744034607
RhoA perturbation; Cdc42 response,Hill_expr,H((H(R)+R)),2,5,2,13.0,41.696821155,4.0695263217148785,96.0,42.27721585377219
RhoA perturbation; Cdc42 response,Hill_expr,H((H(R)+R)),2,5,2,13.33333,40.61681270593751,4.080936214401611,96.0,42.48713095413345
RhoA perturbation; Cdc42 response,Hill_expr,H((H(R)+R)),2,5,2,13.66667,40.04831553375,4.03329878824528,96.0,42.68315224391401
RhoA perturbation; Cdc42 response,Hill_expr,H((H(R)+R)),2,5,2,14.0,42.655246395208344,3.9080439270441727,96.0,42.86417629541379
RhoA perturbation; Cdc42 response,Hill_expr,H((H(R)+R)),2,5,2,14.33333,42.664869551979166,4.035669535095019,96.0,43.02875362395806
RhoA perturbation; Cdc42 response,Hill_expr,H((H(R)+R)),2,5,2,14.66667,41.769536490104194,4.038248231195513,96.0,43.17503263177857
RhoA perturbation; Cdc42 response,Hill_expr,H((H(R)+R)),2,5,2,15.0,41.51994889124999,4.068766455442411,96.0,43.30071766126071
RhoA perturbation; Cdc42 response,Hill_expr,H((H(R)+R)),2,5,2,15.33333,44.23900240135416,4.041993409643368,96.0,43.40307305385599
RhoA perturbation; Cdc42 response,Hill_expr,H((H(R)+R)),2,5,2,15.66667,43.1206390258333,4.166837456238659,96.0,43.478897138254375
RhoA perturbation; Cdc42 response,Hill_expr,H((H(R)+R)),2,5,2,16.0,44.839397978854144,4.1520711466138955,96.0,43.52452610104159
RhoA perturbation; Cdc42 response,Hill_expr,H((H(R)+R)),2,5,2,16.33333,43.06918511302083,4.230287234171569,96.0,43.535877293553824
RhoA perturbation; Cdc42 response,Hill_expr,H((H(R)+R)),2,5,2,16.66667,44.09113680843748,4.289577947853359,96.0,43.50849387280572
RhoA perturbation; Cdc42 response,Hill_expr,H((H(R)+R)),2,5,2,17.0,44.53816757677084,4.342622278026322,96.0,43.437638630663486
RhoA perturbation; Cdc42 response,Hill_expr,H((H(R)+R)),2,5,2,17.33333,43.110703397187514,4.418435420544268,96.0,43.31840929291878
RhoA perturbation; Cdc42 response,Hill_expr,H((H(R)+R)),2,5,2,17.66667,42.82344298583332,4.336818418553825,96.0,43.14588830280824
RhoA perturbation; Cdc42 response,Hill_expr,H((H(R)+R)),2,5,2,18.0,44.090536348854165,4.30851623883757,96.0,42.91535012592941
RhoA perturbation; Cdc42 response,Hill_expr,H((H(R)+R)),2,5,2,18.33333,44.142052664375,4.218111446909127,96.0,42.62244093615362
RhoA perturbation; Cdc42 response,Hill_expr,H((H(R)+R)),2,5,2,18.66667,44.263298895312516,4.2360150986473375,96.0,42.26341139526675
RhoA perturbation; Cdc42 response,Hill_expr,H((H(R)+R)),2,5,2,19.0,43.36335120822915,4.265969838916123,96.0,41.835384100409414
RhoA perturbation; Cdc42 response,Hill_expr,H((H(R)+R)),2,5,2,19.33333,43.08669481947916,4.228434709868423,96.0,41.336499902379636
RhoA perturbation; Cdc42 response,Hill_expr,H((H(R)+R)),2,5,2,19.66667,44.81050446312499,4.269012995669736,96.0,40.76611724687791
RhoA perturbation; Cdc42 response,Hill_expr,H((H(R)+R)),2,5,2,20.0,44.510929666354166,4.220252827470473,96.0,40.12499787456159
RhoA perturbation; Cdc42 response,Hill_expr,H((H(R)+R)),2,5,2,20.33333,41.54642154458333,3.9541869881523812,96.0,39.415263244465045
RhoA perturbation; Cdc42 response,Hill_expr,H((H(R)+R)),2,5,2,20.66667,40.047226886562505,3.798215134748698,96.0,38.6404217269517
RhoA perturbation; Cdc42 response,Hill_expr,H((H(R)+R)),2,5,2,21.0,39.69214392583333,3.6206287350291313,96.0,37.80535745363148
RhoA perturbation; Cdc42 response,Hill_expr,H((H(R)+R)),2,5,2,21.33333,37.600583485520836,3.454382500683567,96.0,36.91603188195285
RhoA perturbation; Cdc42 response,Hill_expr,H((H(R)+R)),2,5,2,21.66667,35.40411080218749,3.3247934197075897,96.0,35.979332103551
RhoA perturbation; Cdc42 response,Hill_expr,H((H(R)+R)),2,5,2,22.0,34.32286644083334,3.2697660006155878,96.0,35.00291102013737
RhoA perturbation; Cdc42 response,Hill_expr,H((H(R)+R)),2,5,2,22.33333,33.45373635354167,3.0377326972496514,96.0,33.99475005350448
RhoA perturbation; Cdc42 response,Hill_expr,H((H(R)+R)),2,5,2,22.66667,32.43612773666668,2.9611556203085705,96.0,32.9629737788254
RhoA perturbation; Cdc42 response,Hill_expr,H((H(R)+R)),2,5,2,23.0,31.586112918854173,2.8418174843343205,96.0,31.915701805082776
RhoA perturbation; Cdc42 response,Hill_expr,H((H(R)+R)),2,5,2,23.33333,30.50887267749999,2.744782090490418,96.0,30.860650484079844
RhoA perturbation; Cdc42 response,Hill_expr,H((H(R)+R)),2,5,2,23.66667,28.655807943750002,2.672413285493715,96.0,29.805053514150927
RhoA perturbation; Cdc42 response,Hill_expr,H((H(R)+R)),2,5,2,24.0,27.546000784895835,2.5318502427937117,96.0,28.75563106387535
RhoA perturbation; Cdc42 response,Hill_expr,H((H(R)+R)),2,5,2,24.33333,27.06587826302082,2.4677824051400767,96.0,27.71831590834511
RhoA perturbation; Cdc42 response,Hill_expr,H((H(R)+R)),2,5,2,24.66667,25.482764552604163,2.4126124028827096,96.0,26.69830597704916
RhoA perturbation; Cdc42 response,Hill_expr,H((H(R)+R)),2,5,2,25.0,25.59795988135417,2.287605835685528,96.0,25.700144192063057
RhoA perturbation; Cdc42 response,Hill_expr,H((H(R)+R)),2,5,2,25.33333,24.447861462395817,2.167375122557263,96.0,24.727551329499637
RhoA perturbation; Cdc42 response,Hill_expr,H((H(R)+R)),2,5,2,25.66667,24.01868832989582,2.1371376446013857,96.0,23.783558145076732
RhoA perturbation; Cdc42 response,Hill_expr,H((H(R)+R)),2,5,2,26.0,22.78127678479167,2.086312559586399,96.0,22.87063775582692
RhoA perturbation; Cdc42 response,Hill_expr,H((H(R)+R)),2,5,2,26.33333,21.891632093854167,2.0150716631938677,96.0,21.990594954803303
RhoA perturbation; Cdc42 response,Hill_expr,H((H(R)+R)),2,5,2,26.66667,20.945023626458326,1.8698014129842881,96.0,21.144718945261324
RhoA perturbation; Cdc42 response,Hill_expr,H((H(R)+R)),2,5,2,27.0,20.629967116875008,1.861930411470987,96.0,20.33391895400976
RhoA perturbation; Cdc42 response,Hill_expr,H((H(R)+R)),2,5,2,27.33333,20.088517467916663,1.7512042470241485,96.0,19.558633849318497
RhoA perturbation; Cdc42 response,Hill_expr,H((H(R)+R)),2,5,2,27.66667,18.69201190260416,1.76465998919581,96.0,18.818971235384964
RhoA perturbation; Cdc42 response,Hill_expr,H((H(R)+R)),2,5,2,28.0,18.56528418562501,1.6893769747792127,96.0,18.114822623671152
RhoA perturbation; Cdc42 response,Hill_expr,H((H(R)+R)),2,5,2,28.33333,17.870653391875,1.6870169662889802,96.0,17.445778333217497
RhoA perturbation; Cdc42 response,Hill_expr,H((H(R)+R)),2,5,2,28.66667,17.339744944374996,1.588282207627887,96.0,16.811241302673206
RhoA perturbation; Cdc42 response,Hill_expr,H((H(R)+R)),2,5,2,29.0,16.46350753833333,1.5832712268805966,96.0,16.210516569676457
RhoA perturbation; Cdc42 response,Hill_expr,H((H(R)+R)),2,5,2,29.33333,15.708429160104162,1.5227800474289892,96.0,15.642729083113077
RhoA perturbation; Cdc42 response,Hill_expr,H((H(R)+R)),2,5,2,29.66667,14.33290780020833,1.561889817872484,96.0,15.10691255023697
RhoA perturbation; Cdc42 response,Hill_expr,H((H(R)+R)),2,5,2,30.0,14.203605272812503,1.520699141885573,96.0,14.602076288806803
RhoA perturbation; Cdc42 response,Hill_expr,H((H(R)+R)),2,5,2,30.33333,13.213554077812503,1.4664462570194274,96.0,14.127128170688707
RhoA perturbation; Cdc42 response,Hill_expr,H((H(R)+R)),2,5,2,30.66667,13.623335934583336,1.4679404139860608,96.0,13.680942979914196
RhoA perturbation; Cdc42 response,Hill_expr,H((H(R)+R)),2,5,2,31.0,14.018861143125,1.424568590609521,96.0,13.262411859783255
RhoA perturbation; Cdc42 response,Hill_expr,H((H(R)+R)),2,5,2,31.33333,12.624694368645834,1.4073758356256998,96.0,12.870373027565218
RhoA perturbation; Cdc42 response,Hill_expr,H((H(R)+R)),2,5,2,31.66667,12.349149456979164,1.4168910701793418,96.0,12.503664518220386
RhoA perturbation; Cdc42 response,Hill_expr,H((H(R)+R)),2,5,2,32.0,12.131231478541672,1.391732624306371,96.0,12.161160998117234
RhoA perturbation; Cdc42 response,Hill_expr,H((H(R)+R)),2,5,2,32.33333,11.920231513020832,1.4139563056828284,96.0,11.84171386661998
RhoA perturbation; Cdc42 response,Hill_expr,H((H(R)+R)),2,5,2,32.66667,11.742871103854158,1.2917756055122211,96.0,11.544192347340799
RhoA perturbation; Cdc42 response,Hill_expr,H((H(R)+R)),2,5,2,33.0,11.112344080729164,1.4687470751248861,96.0,11.267511252422258
RhoA perturbation; Cdc42 response,Hill_expr,H((H(R)+R)),2,5,2,33.33333,11.448311698749997,1.414622672158428,96.0,11.01058087589561
RhoA perturbation; Cdc42 response,Hill_expr,H((H(R)+R)),2,5,2,33.66667,10.631778282604168,1.3965004285988596,96.0,10.77233926452462
RhoA perturbation; Cdc42 response,Hill_expr,H((H(R)+R)),2,5,2,34.0,11.341713643020832,1.3230561965793761,96.0,10.551773354422203
RhoA perturbation; Cdc42 response,Hill_expr,H((H(R)+R)),2,5,2,34.33333,10.709179328645837,1.4557604762070828,96.0,10.347878112284658
RhoA perturbation; Cdc42 response,Hill_expr,H((H(R)+R)),2,5,2,34.66667,9.830198902812496,1.4290151201499555,96.0,10.159681879505959
RhoA perturbation; Cdc42 response,Hill_expr,H((H(R)+R)),2,5,2,35.0,10.293112988541665,1.391162024914986,96.0,9.986262423569771
RhoA perturbation; Cdc42 response,Hill_expr,H((H(R)+R)),2,5,2,35.33333,9.332255931770835,1.437777702942255,96.0,9.826714214443578
RhoA perturbation; Cdc42 response,Hill_expr,H((H(R)+R)),2,5,2,35.66667,10.107261608437506,1.3874154515894122,96.0,9.68016810720127
RhoA perturbation; Cdc42 response,Hill_expr,H((H(R)+R)),2,5,2,36.0,9.827691570208332,1.480774129190423,96.0,9.54580330340432
RhoA perturbation; Cdc42 response,Hill_expr,H((H(R)+R)),2,5,2,36.33333,9.709041730833333,1.5384837646541616,96.0,9.422821441351324
RhoA perturbation; Cdc42 response,Hill_expr,H((H(R)+R)),2,5,2,36.66667,9.315187174791669,1.7393612509974656,96.0,9.310461545575658
RhoA perturbation; Cdc42 response,Hill_expr,H((H(R)+R)),2,5,2,37.0,9.948737530729167,1.4400767516664625,96.0,9.20800862291623
RhoA perturbation; Cdc42 response,Hill_expr,H((H(R)+R)),2,5,2,37.33333,10.02341929479167,1.4218773780945793,96.0,9.11477330062933
RhoA perturbation; Cdc42 response,Hill_expr,H((H(R)+R)),2,5,2,37.66667,9.403855300208333,1.3853093435826955,96.0,9.030102832676215
RhoA perturbation; Cdc42 response,Hill_expr,H((H(R)+R)),2,5,2,38.0,9.14292041989584,1.5458551676916175,96.0,8.953386953166294
RhoA perturbation; Cdc42 response,Hill_expr,H((H(R)+R)),2,5,2,38.33333,9.17049158197917,1.4355564822468991,96.0,8.884041987418875
RhoA perturbation; Cdc42 response,Hill_expr,H((H(R)+R)),2,5,2,38.66667,7.807129513541668,1.498602070455668,96.0,8.821518652774305
RhoA perturbation; Cdc42 response,Hill_expr,H((H(R)+R)),2,5,2,39.0,8.327797780416672,1.2036795151143105,96.0,8.765305751079815
RhoA perturbation; Cdc42 response,Hill_expr,H((H(R)+R)),2,5,2,39.33333,8.926327779166662,1.3951379373455004,96.0,8.714917895129814
RhoA perturbation; Cdc42 response,Hill_expr,H((H(R)+R)),2,5,2,39.66667,8.345374473020836,1.3024730221384018,96.0,8.669900793877652
RhoA perturbation; Cdc42 response,Hill_expr,H((H(R)+R)),2,5,2,40.0,7.4125334264583325,1.2672893637109905,96.0,8.629833318427007
RhoA perturbation; Cdc42 response,Hill_expr,H(H((R+R))),2,5,2,0.0,-0.027923615520833316,0.45900898728135897,96.0,-0.02660114752754339
RhoA perturbation; Cdc42 response,Hill_expr,H(H((R+R))),2,5,2,0.3333333,9.572856721979164,1.7117579212037075,96.0,4.411271685303973
RhoA perturbation; Cdc42 response,Hill_expr,H(H((R+R))),2,5,2,0.6666667,12.723626935312508,2.055170942837916,96.0,12.666513809805252
RhoA perturbation; Cdc42 response,Hill_expr,H(H((R+R))),2,5,2,1.0,16.123369902708337,2.3761519061971845,96.0,16.595805053885613
RhoA perturbation; Cdc42 response,Hill_expr,H(H((R+R))),2,5,2,1.333333,19.43115996822917,2.575528577353306,96.0,17.337220144572115
RhoA perturbation; Cdc42 response,Hill_expr,H(H((R+R))),2,5,2,1.666667,21.223441842604178,2.6249579919655845,96.0,17.40686033608634
RhoA perturbation; Cdc42 response,Hill_expr,H(H((R+R))),2,5,2,2.0,22.44582539614582,2.7499625308181033,96.0,17.41080901815255
RhoA perturbation; Cdc42 response,Hill_expr,H(H((R+R))),2,5,2,2.333333,25.041849861666687,2.7677347746441052,96.0,17.410967875846325
RhoA perturbation; Cdc42 response,Hill_expr,H(H((R+R))),2,5,2,2.666667,26.21257579843751,2.839828056336364,96.0,17.41097306364955
RhoA perturbation; Cdc42 response,Hill_expr,H(H((R+R))),2,5,2,3.0,26.586747623541658,2.997138272755855,96.0,17.410973216578185
RhoA perturbation; Cdc42 response,Hill_expr,H(H((R+R))),2,5,2,3.333333,28.537379678437492,2.997536296801952,96.0,17.410973220980964
RhoA perturbation; Cdc42 response,Hill_expr,H(H((R+R))),2,5,2,3.666667,28.538720332499988,3.061047342985218,96.0,17.410973221111817
RhoA perturbation; Cdc42 response,Hill_expr,H(H((R+R))),2,5,2,4.0,30.86264847822916,3.086591456183257,96.0,17.410973221115995
RhoA perturbation; Cdc42 response,Hill_expr,H(H((R+R))),2,5,2,4.333334,30.073681551770832,3.221420673684088,96.0,17.410973221116137
RhoA perturbation; Cdc42 response,Hill_expr,H(H((R+R))),2,5,2,4.666667,31.353581760729174,3.2429259411199145,96.0,17.410973221116137
RhoA perturbation; Cdc42 response,Hill_expr,H(H((R+R))),2,5,2,5.0,31.513904618333342,3.3185235093304732,96.0,17.410973221116137
RhoA perturbation; Cdc42 response,Hill_expr,H(H((R+R))),2,5,2,5.333334,32.65468524489584,3.318451354211551,96.0,17.410973221116137
RhoA perturbation; Cdc42 response,Hill_expr,H(H((R+R))),2,5,2,5.666667,32.21263448333334,3.443925762912029,96.0,17.410973221116137
RhoA perturbation; Cdc42 response,Hill_expr,H(H((R+R))),2,5,2,6.0,33.98101023406249,3.5208243092732365,96.0,17.410973221116137
RhoA perturbation; Cdc42 response,Hill_expr,H(H((R+R))),2,5,2,6.333334,34.32541528458332,3.625770168494379,96.0,17.410973221116137
RhoA perturbation; Cdc42 response,Hill_expr,H(H((R+R))),2,5,2,6.666667,35.020071923124995,3.6337098474294653,96.0,17.410973221116137
RhoA perturbation; Cdc42 response,Hill_expr,H(H((R+R))),2,5,2,7.0,35.68365437302082,3.680654227050923,96.0,17.410973221116137
RhoA perturbation; Cdc42 response,Hill_expr,H(H((R+R))),2,5,2,7.333334,34.79511669166665,3.7492912875266424,96.0,17.410973221116137
RhoA perturbation; Cdc42 response,Hill_expr,H(H((R+R))),2,5,2,7.666667,36.316073593124976,3.754161885758576,96.0,17.410973221116137
RhoA perturbation; Cdc42 response,Hill_expr,H(H((R+R))),2,5,2,8.0,36.42803883604166,3.7540435656026254,96.0,17.410973221116137
RhoA perturbation; Cdc42 response,Hill_expr,H(H((R+R))),2,5,2,8.333333,38.05664679145834,3.818279822517446,96.0,17.410973221116137
RhoA perturbation; Cdc42 response,Hill_expr,H(H((R+R))),2,5,2,8.666667,37.498483035,3.89908045696899,96.0,17.410973221116137
RhoA perturbation; Cdc42 response,Hill_expr,H(H((R+R))),2,5,2,9.0,38.373461548125,3.940671824462212,96.0,17.410973221116137
RhoA perturbation; Cdc42 response,Hill_expr,H(H((R+R))),2,5,2,9.333333,39.71396570666666,3.967479363055417,96.0,17.410973221116137
RhoA perturbation; Cdc42 response,Hill_expr,H(H((R+R))),2,5,2,9.666667,39.59648601916666,3.8734463426419445,96.0,17.410973221116137
RhoA perturbation; Cdc42 response,Hill_expr,H(H((R+R))),2,5,2,10.0,39.06948966406249,3.942890003765534,96.0,17.410973221116137
RhoA perturbation; Cdc42 response,Hill_expr,H(H((R+R))),2,5,2,10.33333,38.990662630520845,4.005894386001017,96.0,17.410973221116137
RhoA perturbation; Cdc42 response,Hill_expr,H(H((R+R))),2,5,2,10.66667,39.45031246177082,3.988341174717161,96.0,17.410973221116137
RhoA perturbation; Cdc42 response,Hill_expr,H(H((R+R))),2,5,2,11.0,40.623721676354144,4.047509465116343,96.0,17.410973221116137
RhoA perturbation; Cdc42 response,Hill_expr,H(H((R+R))),2,5,2,11.33333,40.7664319459375,4.065565791294083,96.0,17.410973221116137
RhoA perturbation; Cdc42 response,Hill_expr,H(H((R+R))),2,5,2,11.66667,39.61090631427084,4.05057942385462,96.0,17.410973221116137
RhoA perturbation; Cdc42 response,Hill_expr,H(H((R+R))),2,5,2,12.0,40.80843216510416,4.060803887249427,96.0,17.410973221116137
RhoA perturbation; Cdc42 response,Hill_expr,H(H((R+R))),2,5,2,12.33333,40.69041874479168,4.1171645311356455,96.0,17.410973221116137
RhoA perturbation; Cdc42 response,Hill_expr,H(H((R+R))),2,5,2,12.66667,41.37944060083334,4.085218575245882,96.0,17.410973221116137
RhoA perturbation; Cdc42 response,Hill_expr,H(H((R+R))),2,5,2,13.0,41.696821155,4.0695263217148785,96.0,17.410973221116137
RhoA perturbation; Cdc42 response,Hill_expr,H(H((R+R))),2,5,2,13.33333,40.61681270593751,4.080936214401611,96.0,17.410973221116137
RhoA perturbation; Cdc42 response,Hill_expr,H(H((R+R))),2,5,2,13.66667,40.04831553375,4.03329878824528,96.0,17.410973221116137
RhoA perturbation; Cdc42 response,Hill_expr,H(H((R+R))),2,5,2,14.0,42.655246395208344,3.9080439270441727,96.0,17.410973221116137
RhoA perturbation; Cdc42 response,Hill_expr,H(H((R+R))),2,5,2,14.33333,42.664869551979166,4.035669535095019,96.0,17.410973221116137
RhoA perturbation; Cdc42 response,Hill_expr,H(H((R+R))),2,5,2,14.66667,41.769536490104194,4.038248231195513,96.0,17.410973221116137
RhoA perturbation; Cdc42 response,Hill_expr,H(H((R+R))),2,5,2,15.0,41.51994889124999,4.068766455442411,96.0,17.410973221116137
RhoA perturbation; Cdc42 response,Hill_expr,H(H((R+R))),2,5,2,15.33333,44.23900240135416,4.041993409643368,96.0,17.410973221116137
RhoA perturbation; Cdc42 response,Hill_expr,H(H((R+R))),2,5,2,15.66667,43.1206390258333,4.166837456238659,96.0,17.410973221116137
RhoA perturbation; Cdc42 response,Hill_expr,H(H((R+R))),2,5,2,16.0,44.839397978854144,4.1520711466138955,96.0,17.410973221116137
RhoA perturbation; Cdc42 response,Hill_expr,H(H((R+R))),2,5,2,16.33333,43.06918511302083,4.230287234171569,96.0,17.410973221116137
RhoA perturbation; Cdc42 response,Hill_expr,H(H((R+R))),2,5,2,16.66667,44.09113680843748,4.289577947853359,96.0,17.410973221116137
RhoA perturbation; Cdc42 response,Hill_expr,H(H((R+R))),2,5,2,17.0,44.53816757677084,4.342622278026322,96.0,17.410973221116137
RhoA perturbation; Cdc42 response,Hill_expr,H(H((R+R))),2,5,2,17.33333,43.110703397187514,4.418435420544268,96.0,17.410973221116137
RhoA perturbation; Cdc42 response,Hill_expr,H(H((R+R))),2,5,2,17.66667,42.82344298583332,4.336818418553825,96.0,17.410973221116137
RhoA perturbation; Cdc42 response,Hill_expr,H(H((R+R))),2,5,2,18.0,44.090536348854165,4.30851623883757,96.0,17.410973221116137
RhoA perturbation; Cdc42 response,Hill_expr,H(H((R+R))),2,5,2,18.33333,44.142052664375,4.218111446909127,96.0,17.410973221116137
RhoA perturbation; Cdc42 response,Hill_expr,H(H((R+R))),2,5,2,18.66667,44.263298895312516,4.2360150986473375,96.0,17.410973221116137
RhoA perturbation; Cdc42 response,Hill_expr,H(H((R+R))),2,5,2,19.0,43.36335120822915,4.265969838916123,96.0,17.410973221116137
RhoA perturbation; Cdc42 response,Hill_expr,H(H((R+R))),2,5,2,19.33333,43.08669481947916,4.228434709868423,96.0,17.410973221116137
RhoA perturbation; Cdc42 response,Hill_expr,H(H((R+R))),2,5,2,19.66667,44.81050446312499,4.269012995669736,96.0,17.410973221116137
RhoA perturbation; Cdc42 response,Hill_expr,H(H((R+R))),2,5,2,20.0,44.510929666354166,4.220252827470473,96.0,17.410973221116137
RhoA perturbation; Cdc42 response,Hill_expr,H(H((R+R))),2,5,2,20.33333,41.54642154458333,3.9541869881523812,96.0,17.410973221116137
RhoA perturbation; Cdc42 response,Hill_expr,H(H((R+R))),2,5,2,20.66667,40.047226886562505,3.798215134748698,96.0,17.410973221116137
RhoA perturbation; Cdc42 response,Hill_expr,H(H((R+R))),2,5,2,21.0,39.69214392583333,3.6206287350291313,96.0,17.410973221116137
RhoA perturbation; Cdc42 response,Hill_expr,H(H((R+R))),2,5,2,21.33333,37.600583485520836,3.454382500683567,96.0,17.410973221116137
RhoA perturbation; Cdc42 response,Hill_expr,H(H((R+R))),2,5,2,21.66667,35.40411080218749,3.3247934197075897,96.0,17.410973221116137
RhoA perturbation; Cdc42 response,Hill_expr,H(H((R+R))),2,5,2,22.0,34.32286644083334,3.2697660006155878,96.0,17.410973221116137
RhoA perturbation; Cdc42 response,Hill_expr,H(H((R+R))),2,5,2,22.33333,33.45373635354167,3.0377326972496514,96.0,17.410973221116137
RhoA perturbation; Cdc42 response,Hill_expr,H(H((R+R))),2,5,2,22.66667,32.43612773666668,2.9611556203085705,96.0,17.410973221116137
RhoA perturbation; Cdc42 response,Hill_expr,H(H((R+R))),2,5,2,23.0,31.586112918854173,2.8418174843343205,96.0,17.410973221116137
RhoA perturbation; Cdc42 response,Hill_expr,H(H((R+R))),2,5,2,23.33333,30.50887267749999,2.744782090490418,96.0,17.410973221116137
RhoA perturbation; Cdc42 response,Hill_expr,H(H((R+R))),2,5,2,23.66667,28.655807943750002,2.672413285493715,96.0,17.410973221116137
RhoA perturbation; Cdc42 response,Hill_expr,H(H((R+R))),2,5,2,24.0,27.546000784895835,2.5318502427937117,96.0,17.410973221116137
RhoA perturbation; Cdc42 response,Hill_expr,H(H((R+R))),2,5,2,24.33333,27.06587826302082,2.4677824051400767,96.0,17.410973221116137
RhoA perturbation; Cdc42 response,Hill_expr,H(H((R+R))),2,5,2,24.66667,25.482764552604163,2.4126124028827096,96.0,17.410973221116137
RhoA perturbation; Cdc42 response,Hill_expr,H(H((R+R))),2,5,2,25.0,25.59795988135417,2.287605835685528,96.0,17.410973221116137
RhoA perturbation; Cdc42 response,Hill_expr,H(H((R+R))),2,5,2,25.33333,24.447861462395817,2.167375122557263,96.0,17.410973221116137
RhoA perturbation; Cdc42 response,Hill_expr,H(H((R+R))),2,5,2,25.66667,24.01868832989582,2.1371376446013857,96.0,17.410973221116137
RhoA perturbation; Cdc42 response,Hill_expr,H(H((R+R))),2,5,2,26.0,22.78127678479167,2.086312559586399,96.0,17.410973221116137
RhoA perturbation; Cdc42 response,Hill_expr,H(H((R+R))),2,5,2,26.33333,21.891632093854167,2.0150716631938677,96.0,17.410973221116137
RhoA perturbation; Cdc42 response,Hill_expr,H(H((R+R))),2,5,2,26.66667,20.945023626458326,1.8698014129842881,96.0,17.410973221116137
RhoA perturbation; Cdc42 response,Hill_expr,H(H((R+R))),2,5,2,27.0,20.629967116875008,1.861930411470987,96.0,17.410973221116137
RhoA perturbation; Cdc42 response,Hill_expr,H(H((R+R))),2,5,2,27.33333,20.088517467916663,1.7512042470241485,96.0,17.410973221116137
RhoA perturbation; Cdc42 response,Hill_expr,H(H((R+R))),2,5,2,27.66667,18.69201190260416,1.76465998919581,96.0,17.410973221116137
RhoA perturbation; Cdc42 response,Hill_expr,H(H((R+R))),2,5,2,28.0,18.56528418562501,1.6893769747792127,96.0,17.410973221116137
RhoA perturbation; Cdc42 response,Hill_expr,H(H((R+R))),2,5,2,28.33333,17.870653391875,1.6870169662889802,96.0,17.410973221116137
RhoA perturbation; Cdc42 response,Hill_expr,H(H((R+R))),2,5,2,28.66667,17.339744944374996,1.588282207627887,96.0,17.410973221116137
RhoA perturbation; Cdc42 response,Hill_expr,H(H((R+R))),2,5,2,29.0,16.46350753833333,1.5832712268805966,96.0,17.410973221116137
RhoA perturbation; Cdc42 response,Hill_expr,H(H((R+R))),2,5,2,29.33333,15.708429160104162,1.5227800474289892,96.0,17.410973221116137
RhoA perturbation; Cdc42 response,Hill_expr,H(H((R+R))),2,5,2,29.66667,14.33290780020833,1.561889817872484,96.0,17.410973221116137
RhoA perturbation; Cdc42 response,Hill_expr,H(H((R+R))),2,5,2,30.0,14.203605272812503,1.520699141885573,96.0,17.410973221116137
RhoA perturbation; Cdc42 response,Hill_expr,H(H((R+R))),2,5,2,30.33333,13.213554077812503,1.4664462570194274,96.0,17.410973221116137
RhoA perturbation; Cdc42 response,Hill_expr,H(H((R+R))),2,5,2,30.66667,13.623335934583336,1.4679404139860608,96.0,17.410973221116137
RhoA perturbation; Cdc42 response,Hill_expr,H(H((R+R))),2,5,2,31.0,14.018861143125,1.424568590609521,96.0,17.410973221116137
RhoA perturbation; Cdc42 response,Hill_expr,H(H((R+R))),2,5,2,31.33333,12.624694368645834,1.4073758356256998,96.0,17.410973221116137
RhoA perturbation; Cdc42 response,Hill_expr,H(H((R+R))),2,5,2,31.66667,12.349149456979164,1.4168910701793418,96.0,17.410973221116137
RhoA perturbation; Cdc42 response,Hill_expr,H(H((R+R))),2,5,2,32.0,12.131231478541672,1.391732624306371,96.0,17.410973221116137
RhoA perturbation; Cdc42 response,Hill_expr,H(H((R+R))),2,5,2,32.33333,11.920231513020832,1.4139563056828284,96.0,17.410973221116137
RhoA perturbation; Cdc42 response,Hill_expr,H(H((R+R))),2,5,2,32.66667,11.742871103854158,1.2917756055122211,96.0,17.410973221116137
RhoA perturbation; Cdc42 response,Hill_expr,H(H((R+R))),2,5,2,33.0,11.112344080729164,1.4687470751248861,96.0,17.410973221116137
RhoA perturbation; Cdc42 response,Hill_expr,H(H((R+R))),2,5,2,33.33333,11.448311698749997,1.414622672158428,96.0,17.410973221116137
RhoA perturbation; Cdc42 response,Hill_expr,H(H((R+R))),2,5,2,33.66667,10.631778282604168,1.3965004285988596,96.0,17.410973221116137
RhoA perturbation; Cdc42 response,Hill_expr,H(H((R+R))),2,5,2,34.0,11.341713643020832,1.3230561965793761,96.0,17.410973221116137
RhoA perturbation; Cdc42 response,Hill_expr,H(H((R+R))),2,5,2,34.33333,10.709179328645837,1.4557604762070828,96.0,17.410973221116137
RhoA perturbation; Cdc42 response,Hill_expr,H(H((R+R))),2,5,2,34.66667,9.830198902812496,1.4290151201499555,96.0,17.410973221116137
RhoA perturbation; Cdc42 response,Hill_expr,H(H((R+R))),2,5,2,35.0,10.293112988541665,1.391162024914986,96.0,17.410973221116137
RhoA perturbation; Cdc42 response,Hill_expr,H(H((R+R))),2,5,2,35.33333,9.332255931770835,1.437777702942255,96.0,17.410973221116137
RhoA perturbation; Cdc42 response,Hill_expr,H(H((R+R))),2,5,2,35.66667,10.107261608437506,1.3874154515894122,96.0,17.410973221116137
RhoA perturbation; Cdc42 response,Hill_expr,H(H((R+R))),2,5,2,36.0,9.827691570208332,1.480774129190423,96.0,17.410973221116137
RhoA perturbation; Cdc42 response,Hill_expr,H(H((R+R))),2,5,2,36.33333,9.709041730833333,1.5384837646541616,96.0,17.410973221116137
RhoA perturbation; Cdc42 response,Hill_expr,H(H((R+R))),2,5,2,36.66667,9.315187174791669,1.7393612509974656,96.0,17.410973221116137
RhoA perturbation; Cdc42 response,Hill_expr,H(H((R+R))),2,5,2,37.0,9.948737530729167,1.4400767516664625,96.0,17.410973221116137
RhoA perturbation; Cdc42 response,Hill_expr,H(H((R+R))),2,5,2,37.33333,10.02341929479167,1.4218773780945793,96.0,17.410973221116137
RhoA perturbation; Cdc42 response,Hill_expr,H(H((R+R))),2,5,2,37.66667,9.403855300208333,1.3853093435826955,96.0,17.410973221116137
RhoA perturbation; Cdc42 response,Hill_expr,H(H((R+R))),2,5,2,38.0,9.14292041989584,1.5458551676916175,96.0,17.410973221116137
RhoA perturbation; Cdc42 response,Hill_expr,H(H((R+R))),2,5,2,38.33333,9.17049158197917,1.4355564822468991,96.0,17.410973221116137
RhoA perturbation; Cdc42 response,Hill_expr,H(H((R+R))),2,5,2,38.66667,7.807129513541668,1.498602070455668,96.0,17.410973221116137
RhoA perturbation; Cdc42 response,Hill_expr,H(H((R+R))),2,5,2,39.0,8.327797780416672,1.2036795151143105,96.0,17.410973221116137
RhoA perturbation; Cdc42 response,Hill_expr,H(H((R+R))),2,5,2,39.33333,8.926327779166662,1.3951379373455004,96.0,17.410973221116137
RhoA perturbation; Cdc42 response,Hill_expr,H(H((R+R))),2,5,2,39.66667,8.345374473020836,1.3024730221384018,96.0,17.410973221116137
RhoA perturbation; Cdc42 response,Hill_expr,H(H((R+R))),2,5,2,40.0,7.4125334264583325,1.2672893637109905,96.0,17.410973221116137
RhoA perturbation; Cdc42 response,Hill_expr,H(H(H(R))),3,4,3,0.0,-0.027923615520833316,0.45900898728135897,96.0,15.777515181550637
RhoA perturbation; Cdc42 response,Hill_expr,H(H(H(R))),3,4,3,0.3333333,9.572856721979164,1.7117579212037075,96.0,15.777515181550637
RhoA perturbation; Cdc42 response,Hill_expr,H(H(H(R))),3,4,3,0.6666667,12.723626935312508,2.055170942837916,96.0,15.777515181550637
RhoA perturbation; Cdc42 response,Hill_expr,H(H(H(R))),3,4,3,1.0,16.123369902708337,2.3761519061971845,96.0,15.777515181550637
RhoA perturbation; Cdc42 response,Hill_expr,H(H(H(R))),3,4,3,1.333333,19.43115996822917,2.575528577353306,96.0,15.777515181550637
RhoA perturbation; Cdc42 response,Hill_expr,H(H(H(R))),3,4,3,1.666667,21.223441842604178,2.6249579919655845,96.0,15.777515181550637
RhoA perturbation; Cdc42 response,Hill_expr,H(H(H(R))),3,4,3,2.0,22.44582539614582,2.7499625308181033,96.0,15.777515181550637
RhoA perturbation; Cdc42 response,Hill_expr,H(H(H(R))),3,4,3,2.333333,25.041849861666687,2.7677347746441052,96.0,15.777515181550637
RhoA perturbation; Cdc42 response,Hill_expr,H(H(H(R))),3,4,3,2.666667,26.21257579843751,2.839828056336364,96.0,15.777515181550637
RhoA perturbation; Cdc42 response,Hill_expr,H(H(H(R))),3,4,3,3.0,26.586747623541658,2.997138272755855,96.0,15.777515181550637
RhoA perturbation; Cdc42 response,Hill_expr,H(H(H(R))),3,4,3,3.333333,28.537379678437492,2.997536296801952,96.0,15.777515181550637
RhoA perturbation; Cdc42 response,Hill_expr,H(H(H(R))),3,4,3,3.666667,28.538720332499988,3.061047342985218,96.0,15.777515181550637
RhoA perturbation; Cdc42 response,Hill_expr,H(H(H(R))),3,4,3,4.0,30.86264847822916,3.086591456183257,96.0,15.777515181550637
RhoA perturbation; Cdc42 response,Hill_expr,H(H(H(R))),3,4,3,4.333334,30.073681551770832,3.221420673684088,96.0,15.777515181550637
RhoA perturbation; Cdc42 response,Hill_expr,H(H(H(R))),3,4,3,4.666667,31.353581760729174,3.2429259411199145,96.0,15.777515181550637
RhoA perturbation; Cdc42 response,Hill_expr,H(H(H(R))),3,4,3,5.0,31.513904618333342,3.3185235093304732,96.0,15.777515181550637
RhoA perturbation; Cdc42 response,Hill_expr,H(H(H(R))),3,4,3,5.333334,32.65468524489584,3.318451354211551,96.0,15.777515181550637
RhoA perturbation; Cdc42 response,Hill_expr,H(H(H(R))),3,4,3,5.666667,32.21263448333334,3.443925762912029,96.0,15.777515181550637
RhoA perturbation; Cdc42 response,Hill_expr,H(H(H(R))),3,4,3,6.0,33.98101023406249,3.5208243092732365,96.0,15.777515181550637
RhoA perturbation; Cdc42 response,Hill_expr,H(H(H(R))),3,4,3,6.333334,34.32541528458332,3.625770168494379,96.0,15.777515181550637
RhoA perturbation; Cdc42 response,Hill_expr,H(H(H(R))),3,4,3,6.666667,35.020071923124995,3.6337098474294653,96.0,15.777515181550637
RhoA perturbation; Cdc42 response,Hill_expr,H(H(H(R))),3,4,3,7.0,35.68365437302082,3.680654227050923,96.0,15.777515181550637
RhoA perturbation; Cdc42 response,Hill_expr,H(H(H(R))),3,4,3,7.333334,34.79511669166665,3.7492912875266424,96.0,15.777515181550637
RhoA perturbation; Cdc42 response,Hill_expr,H(H(H(R))),3,4,3,7.666667,36.316073593124976,3.754161885758576,96.0,15.777515181550637
RhoA perturbation; Cdc42 response,Hill_expr,H(H(H(R))),3,4,3,8.0,36.42803883604166,3.7540435656026254,96.0,15.777515181550637
RhoA perturbation; Cdc42 response,Hill_expr,H(H(H(R))),3,4,3,8.333333,38.05664679145834,3.818279822517446,96.0,15.777515181550637
RhoA perturbation; Cdc42 response,Hill_expr,H(H(H(R))),3,4,3,8.666667,37.498483035,3.89908045696899,96.0,15.777515181550637
RhoA perturbation; Cdc42 response,Hill_expr,H(H(H(R))),3,4,3,9.0,38.373461548125,3.940671824462212,96.0,15.777515181550637
RhoA perturbation; Cdc42 response,Hill_expr,H(H(H(R))),3,4,3,9.333333,39.71396570666666,3.967479363055417,96.0,15.777515181550637
RhoA perturbation; Cdc42 response,Hill_expr,H(H(H(R))),3,4,3,9.666667,39.59648601916666,3.8734463426419445,96.0,15.777515181550637
RhoA perturbation; Cdc42 response,Hill_expr,H(H(H(R))),3,4,3,10.0,39.06948966406249,3.942890003765534,96.0,15.777515181550637
RhoA perturbation; Cdc42 response,Hill_expr,H(H(H(R))),3,4,3,10.33333,38.990662630520845,4.005894386001017,96.0,15.777515181550637
RhoA perturbation; Cdc42 response,Hill_expr,H(H(H(R))),3,4,3,10.66667,39.45031246177082,3.988341174717161,96.0,15.777515181550637
RhoA perturbation; Cdc42 response,Hill_expr,H(H(H(R))),3,4,3,11.0,40.623721676354144,4.047509465116343,96.0,15.777515181550637
RhoA perturbation; Cdc42 response,Hill_expr,H(H(H(R))),3,4,3,11.33333,40.7664319459375,4.065565791294083,96.0,15.777515181550637
RhoA perturbation; Cdc42 response,Hill_expr,H(H(H(R))),3,4,3,11.66667,39.61090631427084,4.05057942385462,96.0,15.777515181550637
RhoA perturbation; Cdc42 response,Hill_expr,H(H(H(R))),3,4,3,12.0,40.80843216510416,4.060803887249427,96.0,15.777515181550637
RhoA perturbation; Cdc42 response,Hill_expr,H(H(H(R))),3,4,3,12.33333,40.69041874479168,4.1171645311356455,96.0,15.777515181550637
RhoA perturbation; Cdc42 response,Hill_expr,H(H(H(R))),3,4,3,12.66667,41.37944060083334,4.085218575245882,96.0,15.777515181550637
RhoA perturbation; Cdc42 response,Hill_expr,H(H(H(R))),3,4,3,13.0,41.696821155,4.0695263217148785,96.0,15.777515181550637
RhoA perturbation; Cdc42 response,Hill_expr,H(H(H(R))),3,4,3,13.33333,40.61681270593751,4.080936214401611,96.0,15.777515181550637
RhoA perturbation; Cdc42 response,Hill_expr,H(H(H(R))),3,4,3,13.66667,40.04831553375,4.03329878824528,96.0,15.777515181550637
RhoA perturbation; Cdc42 response,Hill_expr,H(H(H(R))),3,4,3,14.0,42.655246395208344,3.9080439270441727,96.0,15.777515181550637
RhoA perturbation; Cdc42 response,Hill_expr,H(H(H(R))),3,4,3,14.33333,42.664869551979166,4.035669535095019,96.0,15.777515181550637
RhoA perturbation; Cdc42 response,Hill_expr,H(H(H(R))),3,4,3,14.66667,41.769536490104194,4.038248231195513,96.0,15.777515181550637
RhoA perturbation; Cdc42 response,Hill_expr,H(H(H(R))),3,4,3,15.0,41.51994889124999,4.068766455442411,96.0,15.777515181550637
RhoA perturbation; Cdc42 response,Hill_expr,H(H(H(R))),3,4,3,15.33333,44.23900240135416,4.041993409643368,96.0,15.777515181550637
RhoA perturbation; Cdc42 response,Hill_expr,H(H(H(R))),3,4,3,15.66667,43.1206390258333,4.166837456238659,96.0,15.777515181550637
RhoA perturbation; Cdc42 response,Hill_expr,H(H(H(R))),3,4,3,16.0,44.839397978854144,4.1520711466138955,96.0,15.777515181550637
RhoA perturbation; Cdc42 response,Hill_expr,H(H(H(R))),3,4,3,16.33333,43.06918511302083,4.230287234171569,96.0,15.777515181550637
RhoA perturbation; Cdc42 response,Hill_expr,H(H(H(R))),3,4,3,16.66667,44.09113680843748,4.289577947853359,96.0,15.777515181550637
RhoA perturbation; Cdc42 response,Hill_expr,H(H(H(R))),3,4,3,17.0,44.53816757677084,4.342622278026322,96.0,15.777515181550637
RhoA perturbation; Cdc42 response,Hill_expr,H(H(H(R))),3,4,3,17.33333,43.110703397187514,4.418435420544268,96.0,15.777515181550637
RhoA perturbation; Cdc42 response,Hill_expr,H(H(H(R))),3,4,3,17.66667,42.82344298583332,4.336818418553825,96.0,15.777515181550637
RhoA perturbation; Cdc42 response,Hill_expr,H(H(H(R))),3,4,3,18.0,44.090536348854165,4.30851623883757,96.0,15.777515181550637
RhoA perturbation; Cdc42 response,Hill_expr,H(H(H(R))),3,4,3,18.33333,44.142052664375,4.218111446909127,96.0,15.777515181550637
RhoA perturbation; Cdc42 response,Hill_expr,H(H(H(R))),3,4,3,18.66667,44.263298895312516,4.2360150986473375,96.0,15.777515181550637
RhoA perturbation; Cdc42 response,Hill_expr,H(H(H(R))),3,4,3,19.0,43.36335120822915,4.265969838916123,96.0,15.777515181550637
RhoA perturbation; Cdc42 response,Hill_expr,H(H(H(R))),3,4,3,19.33333,43.08669481947916,4.228434709868423,96.0,15.777515181550637
RhoA perturbation; Cdc42 response,Hill_expr,H(H(H(R))),3,4,3,19.66667,44.81050446312499,4.269012995669736,96.0,15.777515181550637
RhoA perturbation; Cdc42 response,Hill_expr,H(H(H(R))),3,4,3,20.0,44.510929666354166,4.220252827470473,96.0,15.777515181550637
RhoA perturbation; Cdc42 response,Hill_expr,H(H(H(R))),3,4,3,20.33333,41.54642154458333,3.9541869881523812,96.0,15.777515181550637
RhoA perturbation; Cdc42 response,Hill_expr,H(H(H(R))),3,4,3,20.66667,40.047226886562505,3.798215134748698,96.0,15.777515181550637
RhoA perturbation; Cdc42 response,Hill_expr,H(H(H(R))),3,4,3,21.0,39.69214392583333,3.6206287350291313,96.0,15.777515181550637
RhoA perturbation; Cdc42 response,Hill_expr,H(H(H(R))),3,4,3,21.33333,37.600583485520836,3.454382500683567,96.0,15.777515181550637
RhoA perturbation; Cdc42 response,Hill_expr,H(H(H(R))),3,4,3,21.66667,35.40411080218749,3.3247934197075897,96.0,15.777515181550637
RhoA perturbation; Cdc42 response,Hill_expr,H(H(H(R))),3,4,3,22.0,34.32286644083334,3.2697660006155878,96.0,15.777515181550637
RhoA perturbation; Cdc42 response,Hill_expr,H(H(H(R))),3,4,3,22.33333,33.45373635354167,3.0377326972496514,96.0,15.777515181550637
RhoA perturbation; Cdc42 response,Hill_expr,H(H(H(R))),3,4,3,22.66667,32.43612773666668,2.9611556203085705,96.0,15.777515181550637
RhoA perturbation; Cdc42 response,Hill_expr,H(H(H(R))),3,4,3,23.0,31.586112918854173,2.8418174843343205,96.0,15.777515181550637
RhoA perturbation; Cdc42 response,Hill_expr,H(H(H(R))),3,4,3,23.33333,30.50887267749999,2.744782090490418,96.0,15.777515181550637
RhoA perturbation; Cdc42 response,Hill_expr,H(H(H(R))),3,4,3,23.66667,28.655807943750002,2.672413285493715,96.0,15.777515181550637
RhoA perturbation; Cdc42 response,Hill_expr,H(H(H(R))),3,4,3,24.0,27.546000784895835,2.5318502427937117,96.0,15.777515181550637
RhoA perturbation; Cdc42 response,Hill_expr,H(H(H(R))),3,4,3,24.33333,27.06587826302082,2.4677824051400767,96.0,15.777515181550637
RhoA perturbation; Cdc42 response,Hill_expr,H(H(H(R))),3,4,3,24.66667,25.482764552604163,2.4126124028827096,96.0,15.777515181550637
RhoA perturbation; Cdc42 response,Hill_expr,H(H(H(R))),3,4,3,25.0,25.59795988135417,2.287605835685528,96.0,15.777515181550637
RhoA perturbation; Cdc42 response,Hill_expr,H(H(H(R))),3,4,3,25.33333,24.447861462395817,2.167375122557263,96.0,15.777515181550637
RhoA perturbation; Cdc42 response,Hill_expr,H(H(H(R))),3,4,3,25.66667,24.01868832989582,2.1371376446013857,96.0,15.777515181550637
RhoA perturbation; Cdc42 response,Hill_expr,H(H(H(R))),3,4,3,26.0,22.78127678479167,2.086312559586399,96.0,15.777515181550637
RhoA perturbation; Cdc42 response,Hill_expr,H(H(H(R))),3,4,3,26.33333,21.891632093854167,2.0150716631938677,96.0,15.777515181550637
RhoA perturbation; Cdc42 response,Hill_expr,H(H(H(R))),3,4,3,26.66667,20.945023626458326,1.8698014129842881,96.0,15.777515181550637
RhoA perturbation; Cdc42 response,Hill_expr,H(H(H(R))),3,4,3,27.0,20.629967116875008,1.861930411470987,96.0,15.777515181550637
RhoA perturbation; Cdc42 response,Hill_expr,H(H(H(R))),3,4,3,27.33333,20.088517467916663,1.7512042470241485,96.0,15.777515181550637
RhoA perturbation; Cdc42 response,Hill_expr,H(H(H(R))),3,4,3,27.66667,18.69201190260416,1.76465998919581,96.0,15.777515181550637
RhoA perturbation; Cdc42 response,Hill_expr,H(H(H(R))),3,4,3,28.0,18.56528418562501,1.6893769747792127,96.0,15.777515181550637
RhoA perturbation; Cdc42 response,Hill_expr,H(H(H(R))),3,4,3,28.33333,17.870653391875,1.6870169662889802,96.0,15.777515181550637
RhoA perturbation; Cdc42 response,Hill_expr,H(H(H(R))),3,4,3,28.66667,17.339744944374996,1.588282207627887,96.0,15.777515181550637
RhoA perturbation; Cdc42 response,Hill_expr,H(H(H(R))),3,4,3,29.0,16.46350753833333,1.5832712268805966,96.0,15.777515181550637
RhoA perturbation; Cdc42 response,Hill_expr,H(H(H(R))),3,4,3,29.33333,15.708429160104162,1.5227800474289892,96.0,15.777515181550637
RhoA perturbation; Cdc42 response,Hill_expr,H(H(H(R))),3,4,3,29.66667,14.33290780020833,1.561889817872484,96.0,15.777515181550637
RhoA perturbation; Cdc42 response,Hill_expr,H(H(H(R))),3,4,3,30.0,14.203605272812503,1.520699141885573,96.0,15.777515181550637
RhoA perturbation; Cdc42 response,Hill_expr,H(H(H(R))),3,4,3,30.33333,13.213554077812503,1.4664462570194274,96.0,15.777515181550637
RhoA perturbation; Cdc42 response,Hill_expr,H(H(H(R))),3,4,3,30.66667,13.623335934583336,1.4679404139860608,96.0,15.777515181550637
RhoA perturbation; Cdc42 response,Hill_expr,H(H(H(R))),3,4,3,31.0,14.018861143125,1.424568590609521,96.0,15.777515181550637
RhoA perturbation; Cdc42 response,Hill_expr,H(H(H(R))),3,4,3,31.33333,12.624694368645834,1.4073758356256998,96.0,15.777515181550637
RhoA perturbation; Cdc42 response,Hill_expr,H(H(H(R))),3,4,3,31.66667,12.349149456979164,1.4168910701793418,96.0,15.777515181550637
RhoA perturbation; Cdc42 response,Hill_expr,H(H(H(R))),3,4,3,32.0,12.131231478541672,1.391732624306371,96.0,15.777515181550637
RhoA perturbation; Cdc42 response,Hill_expr,H(H(H(R))),3,4,3,32.33333,11.920231513020832,1.4139563056828284,96.0,15.777515181550637
RhoA perturbation; Cdc42 response,Hill_expr,H(H(H(R))),3,4,3,32.66667,11.742871103854158,1.2917756055122211,96.0,15.777515181550637
RhoA perturbation; Cdc42 response,Hill_expr,H(H(H(R))),3,4,3,33.0,11.112344080729164,1.4687470751248861,96.0,15.777515181550637
RhoA perturbation; Cdc42 response,Hill_expr,H(H(H(R))),3,4,3,33.33333,11.448311698749997,1.414622672158428,96.0,15.777515181550637
RhoA perturbation; Cdc42 response,Hill_expr,H(H(H(R))),3,4,3,33.66667,10.631778282604168,1.3965004285988596,96.0,15.777515181550637
RhoA perturbation; Cdc42 response,Hill_expr,H(H(H(R))),3,4,3,34.0,11.341713643020832,1.3230561965793761,96.0,15.777515181550637
RhoA perturbation; Cdc42 response,Hill_expr,H(H(H(R))),3,4,3,34.33333,10.709179328645837,1.4557604762070828,96.0,15.777515181550637
RhoA perturbation; Cdc42 response,Hill_expr,H(H(H(R))),3,4,3,34.66667,9.830198902812496,1.4290151201499555,96.0,15.777515181550637
RhoA perturbation; Cdc42 response,Hill_expr,H(H(H(R))),3,4,3,35.0,10.293112988541665,1.391162024914986,96.0,15.777515181550637
RhoA perturbation; Cdc42 response,Hill_expr,H(H(H(R))),3,4,3,35.33333,9.332255931770835,1.437777702942255,96.0,15.777515181550637
RhoA perturbation; Cdc42 response,Hill_expr,H(H(H(R))),3,4,3,35.66667,10.107261608437506,1.3874154515894122,96.0,15.777515181550637
RhoA perturbation; Cdc42 response,Hill_expr,H(H(H(R))),3,4,3,36.0,9.827691570208332,1.480774129190423,96.0,15.777515181550637
RhoA perturbation; Cdc42 response,Hill_expr,H(H(H(R))),3,4,3,36.33333,9.709041730833333,1.5384837646541616,96.0,15.777515181550637
RhoA perturbation; Cdc42 response,Hill_expr,H(H(H(R))),3,4,3,36.66667,9.315187174791669,1.7393612509974656,96.0,15.777515181550637
RhoA perturbation; Cdc42 response,Hill_expr,H(H(H(R))),3,4,3,37.0,9.948737530729167,1.4400767516664625,96.0,15.777515181550637
RhoA perturbation; Cdc42 response,Hill_expr,H(H(H(R))),3,4,3,37.33333,10.02341929479167,1.4218773780945793,96.0,15.777515181550637
RhoA perturbation; Cdc42 response,Hill_expr,H(H(H(R))),3,4,3,37.66667,9.403855300208333,1.3853093435826955,96.0,15.777515181550637
RhoA perturbation; Cdc42 response,Hill_expr,H(H(H(R))),3,4,3,38.0,9.14292041989584,1.5458551676916175,96.0,15.777515181550637
RhoA perturbation; Cdc42 response,Hill_expr,H(H(H(R))),3,4,3,38.33333,9.17049158197917,1.4355564822468991,96.0,15.777515181550637
RhoA perturbation; Cdc42 response,Hill_expr,H(H(H(R))),3,4,3,38.66667,7.807129513541668,1.498602070455668,96.0,15.777515181550637
RhoA perturbation; Cdc42 response,Hill_expr,H(H(H(R))),3,4,3,39.0,8.327797780416672,1.2036795151143105,96.0,15.777515181550637
RhoA perturbation; Cdc42 response,Hill_expr,H(H(H(R))),3,4,3,39.33333,8.926327779166662,1.3951379373455004,96.0,15.777515181550637
RhoA perturbation; Cdc42 response,Hill_expr,H(H(H(R))),3,4,3,39.66667,8.345374473020836,1.3024730221384018,96.0,15.777515181550637
RhoA perturbation; Cdc42 response,Hill_expr,H(H(H(R))),3,4,3,40.0,7.4125334264583325,1.2672893637109905,96.0,15.777515181550637
RhoA perturbation; Rac1 response,linear_R,R,0,1,0,0.0,-0.9931512857500001,0.2930358516672621,80.0,22.493068097491328
RhoA perturbation; Rac1 response,linear_R,R,0,1,0,0.3333333,14.05484543712499,2.7689854655564425,80.0,22.359333029725956
RhoA perturbation; Rac1 response,linear_R,R,0,1,0,0.6666667,17.840202627750003,3.2205576531637807,80.0,22.22561580691643
RhoA perturbation; Rac1 response,linear_R,R,0,1,0,1.0,19.956233638750003,3.442955807410961,80.0,22.091916506901153
RhoA perturbation; Rac1 response,linear_R,R,0,1,0,1.333333,21.843358484374992,3.5875551291744125,80.0,21.958235207476225
RhoA perturbation; Rac1 response,linear_R,R,0,1,0,1.666667,20.794324358125007,3.7574895152656023,80.0,21.824571384948896
RhoA perturbation; Rac1 response,linear_R,R,0,1,0,2.0,22.349197607374983,3.906772941300473,80.0,21.690925838909667
RhoA perturbation; Rac1 response,linear_R,R,0,1,0,2.333333,22.23171431124999,4.062614000548535,80.0,21.557298165950563
RhoA perturbation; Rac1 response,linear_R,R,0,1,0,2.666667,24.265378724125007,4.179210356349098,80.0,21.423687962878333
RhoA perturbation; Rac1 response,linear_R,R,0,1,0,3.0,25.918459290375004,4.414457016384039,80.0,21.29009602896251
RhoA perturbation; Rac1 response,linear_R,R,0,1,0,3.333333,25.84004893499999,4.527815666649435,80.0,21.156521960956884
RhoA perturbation; Rac1 response,linear_R,R,0,1,0,3.666667,25.84496122112501,4.766097323169697,80.0,21.022965355830067
RhoA perturbation; Rac1 response,linear_R,R,0,1,0,4.0,25.811583304499987,4.749304233032243,80.0,20.88942701253108
RhoA perturbation; Rac1 response,linear_R,R,0,1,0,4.333334,29.75857579150001,4.958198392281836,80.0,20.7559061274403
RhoA perturbation; Rac1 response,linear_R,R,0,1,0,4.666667,27.878301637000003,5.050262659092711,80.0,20.62240349929315
RhoA perturbation; Rac1 response,linear_R,R,0,1,0,5.0,30.594271491749986,5.113990815370671,80.0,20.488918725112857
RhoA perturbation; Rac1 response,linear_R,R,0,1,0,5.333334,32.134596649375005,5.15048245258548,80.0,20.3554514021376
RhoA perturbation; Rac1 response,linear_R,R,0,1,0,5.666667,31.656008856874998,5.1193289143828835,80.0,20.22200232878205
RhoA perturbation; Rac1 response,linear_R,R,0,1,0,6.0,32.08497583187501,5.152554104036383,80.0,20.08857110223131
RhoA perturbation; Rac1 response,linear_R,R,0,1,0,6.333334,32.85001744749998,5.187868992485546,80.0,19.955157319884872
RhoA perturbation; Rac1 response,linear_R,R,0,1,0,6.666667,33.21562006187501,5.280109422853797,80.0,19.82176177983733
RhoA perturbation; Rac1 response,linear_R,R,0,1,0,7.0,34.55065387687502,5.202673773628684,80.0,19.688384079435327
RhoA perturbation; Rac1 response,linear_R,R,0,1,0,7.333334,34.70303551737499,5.243391533936802,80.0,19.55502381623989
RhoA perturbation; Rac1 response,linear_R,R,0,1,0,7.666667,35.43317001200001,5.359945574131809,80.0,19.421681788025534
RhoA perturbation; Rac1 response,linear_R,R,0,1,0,8.0,35.21082664687499,5.293810489019405,80.0,19.28835759230022
RhoA perturbation; Rac1 response,linear_R,R,0,1,0,8.333333,34.38095184412499,5.239779563766989,80.0,19.155051226679184
RhoA perturbation; Rac1 response,linear_R,R,0,1,0,8.666667,34.51231650587501,5.337311100437704,80.0,19.021762288938735
RhoA perturbation; Rac1 response,linear_R,R,0,1,0,9.0,36.739394404125,5.316336836358264,80.0,18.88849157642661
RhoA perturbation; Rac1 response,linear_R,R,0,1,0,9.333333,35.86836106362501,5.531727310296695,80.0,18.755238686866157
RhoA perturbation; Rac1 response,linear_R,R,0,1,0,9.666667,36.407556719374995,5.428268466568994,80.0,18.6220032181951
RhoA perturbation; Rac1 response,linear_R,R,0,1,0,10.0,35.335303085250004,5.434029141654743,80.0,18.48878596744133
RhoA perturbation; Rac1 response,linear_R,R,0,1,0,10.33333,35.160878269624995,5.396729922961505,80.0,18.35558773120541
RhoA perturbation; Rac1 response,linear_R,R,0,1,0,10.66667,36.24939250387503,5.538121957950258,80.0,18.22240331288297
RhoA perturbation; Rac1 response,linear_R,R,0,1,0,11.0,37.37152335212499,5.528340849936087,80.0,18.089240700996744
RhoA perturbation; Rac1 response,linear_R,R,0,1,0,11.33333,38.74832157974999,5.533748750438115,80.0,17.956095897445323
RhoA perturbation; Rac1 response,linear_R,R,0,1,0,11.66667,38.07010675412502,5.543759331789647,80.0,17.822964906264037
RhoA perturbation; Rac1 response,linear_R,R,0,1,0,12.0,39.63976049699998,5.670038938734038,80.0,17.689855712771404
RhoA perturbation; Rac1 response,linear_R,R,0,1,0,12.33333,39.877722357875015,5.6815290829271685,80.0,17.55676432046963
RhoA perturbation; Rac1 response,linear_R,R,0,1,0,12.66667,41.43385763199999,5.604815366791928,80.0,17.42368673499731
RhoA perturbation; Rac1 response,linear_R,R,0,1,0,13.0,41.57483332500002,5.6808779593278755,80.0,17.29063093846942
RhoA perturbation; Rac1 response,linear_R,R,0,1,0,13.33333,42.19735376224999,5.733610998560068,80.0,17.157592935991314
RhoA perturbation; Rac1 response,linear_R,R,0,1,0,13.66667,40.362294325375004,5.723266613190431,80.0,17.02456873480399
RhoA perturbation; Rac1 response,linear_R,R,0,1,0,14.0,39.47222318150003,5.696522983669431,80.0,16.891566313820526
RhoA perturbation; Rac1 response,linear_R,R,0,1,0,14.33333,39.705036106124986,5.583156165948099,80.0,16.758581679748783
RhoA perturbation; Rac1 response,linear_R,R,0,1,0,14.66667,40.851035414875,5.6522790317061204,80.0,16.625610841431357
RhoA perturbation; Rac1 response,linear_R,R,0,1,0,15.0,40.54514006962498,5.6768523043026615,80.0,16.49266177458067
RhoA perturbation; Rac1 response,linear_R,R,0,1,0,15.33333,41.32761998424999,5.630671607329237,80.0,16.359730487506305
RhoA perturbation; Rac1 response,linear_R,R,0,1,0,15.66667,40.73784667475,5.69717178960748,80.0,16.22681299065224
RhoA perturbation; Rac1 response,linear_R,R,0,1,0,16.0,42.584126971625,5.770515788632695,80.0,16.093917256531117
RhoA perturbation; Rac1 response,linear_R,R,0,1,0,16.33333,41.846711594625,5.8275534461558385,80.0,15.961039295054022
RhoA perturbation; Rac1 response,linear_R,R,0,1,0,16.66667,40.94162946050001,5.733888215518726,80.0,15.828175118265207
RhoA perturbation; Rac1 response,linear_R,R,0,1,0,17.0,43.055054836375035,5.754478083690295,80.0,15.695332695479213
RhoA perturbation; Rac1 response,linear_R,R,0,1,0,17.33333,42.855766021125014,5.6963691598033295,80.0,15.562508038207831
RhoA perturbation; Rac1 response,linear_R,R,0,1,0,17.66667,44.7054921885,5.806444494935948,80.0,15.429697160094822
RhoA perturbation; Rac1 response,linear_R,R,0,1,0,18.0,44.263716705749985,5.744471784096954,80.0,15.296908027258059
RhoA perturbation; Rac1 response,linear_R,R,0,1,0,18.33333,42.8251505395,5.801277555080771,80.0,15.164136652809166
RhoA perturbation; Rac1 response,linear_R,R,0,1,0,18.66667,43.388878527625,5.829161035786278,80.0,15.031379051991177
RhoA perturbation; Rac1 response,linear_R,R,0,1,0,19.0,43.666588430625005,5.667702243793217,80.0,14.898643187726188
RhoA perturbation; Rac1 response,linear_R,R,0,1,0,19.33333,45.334017831999994,5.812417520349717,80.0,14.765925074725326
RhoA perturbation; Rac1 response,linear_R,R,0,1,0,19.66667,44.914543018875,5.79099819192254,80.0,14.633220729830118
RhoA perturbation; Rac1 response,linear_R,R,0,1,0,20.0,44.572232559250004,5.817052810245743,80.0,14.500538112768222
RhoA perturbation; Rac1 response,linear_R,R,0,1,0,20.33333,40.51139308287501,5.706678918618629,80.0,14.367873239849592
RhoA perturbation; Rac1 response,linear_R,R,0,1,0,20.66667,37.803339820625,5.442297824147259,80.0,14.235222129513367
RhoA perturbation; Rac1 response,linear_R,R,0,1,0,21.0,36.83530481274999,5.377426535933674,80.0,14.102592738294316
RhoA perturbation; Rac1 response,linear_R,R,0,1,0,21.33333,34.902504401749994,5.086190084460841,80.0,13.969981084100445
RhoA perturbation; Rac1 response,linear_R,R,0,1,0,21.66667,32.358773020124985,4.962234411776436,80.0,13.837383186968065
RhoA perturbation; Rac1 response,linear_R,R,0,1,0,22.0,31.058346401500007,4.718970813896896,80.0,13.70480700024038
RhoA perturbation; Rac1 response,linear_R,R,0,1,0,22.33333,30.659511084875,4.591853455206336,80.0,13.57224854342246
RhoA perturbation; Rac1 response,linear_R,R,0,1,0,22.66667,27.945735520249997,4.519291240834524,80.0,13.439703838147441
RhoA perturbation; Rac1 response,linear_R,R,0,1,0,23.0,29.499232588624988,4.379393433310475,80.0,13.307180834567864
RhoA perturbation; Rac1 response,linear_R,R,0,1,0,23.33333,26.421660202749997,4.194218334282237,80.0,13.17467555378574
RhoA perturbation; Rac1 response,linear_R,R,0,1,0,23.66667,25.22736179324999,4.17689653001624,80.0,13.042184019030154
RhoA perturbation; Rac1 response,linear_R,R,0,1,0,24.0,24.314893736374998,4.061461501574148,80.0,12.909714177264307
RhoA perturbation; Rac1 response,linear_R,R,0,1,0,24.33333,22.240597807375,3.843944873018156,80.0,12.777262051186264
RhoA perturbation; Rac1 response,linear_R,R,0,1,0,24.66667,21.553199025624988,3.6691485795747103,80.0,12.644823665620617
RhoA perturbation; Rac1 response,linear_R,R,0,1,0,25.0,19.863821151125,3.6468348086246767,80.0,12.512406964342446
RhoA perturbation; Rac1 response,linear_R,R,0,1,0,25.33333,16.932267740750003,3.4805307171673125,80.0,12.380007971645544
RhoA perturbation; Rac1 response,linear_R,R,0,1,0,25.66667,18.068718093875006,3.528808249145459,80.0,12.247622713948779
RhoA perturbation; Rac1 response,linear_R,R,0,1,0,26.0,16.248535159249997,3.4082234275501917,80.0,12.115259131841004
RhoA perturbation; Rac1 response,linear_R,R,0,1,0,26.33333,17.563465463875,3.382511521953084,80.0,11.982913251210624
RhoA perturbation; Rac1 response,linear_R,R,0,1,0,26.66667,15.361787431625,3.1845843076809692,80.0,11.850581100070565
RhoA perturbation; Rac1 response,linear_R,R,0,1,0,27.0,14.854973019500008,3.097704325022788,80.0,11.718270615824343
RhoA perturbation; Rac1 response,linear_R,R,0,1,0,27.33333,14.746504492124995,3.089208804848729,80.0,11.585977825954417
RhoA perturbation; Rac1 response,linear_R,R,0,1,0,27.66667,13.389730869875,2.86435067269115,80.0,11.453698760067331
RhoA perturbation; Rac1 response,linear_R,R,0,1,0,28.0,13.047866296875,2.7829199705590355,80.0,11.321441352382253
RhoA perturbation; Rac1 response,linear_R,R,0,1,0,28.33333,12.79419637099999,2.741318158577171,80.0,11.189201631975374
RhoA perturbation; Rac1 response,linear_R,R,0,1,0,28.66667,12.093769360875005,2.5876402780456833,80.0,11.05697563004596
RhoA perturbation; Rac1 response,linear_R,R,0,1,0,29.0,13.066173804999995,2.5590064226511555,80.0,10.924771277630395
RhoA perturbation; Rac1 response,linear_R,R,0,1,0,29.33333,11.962233619500001,2.2764795137535137,80.0,10.792584605397701
RhoA perturbation; Rac1 response,linear_R,R,0,1,0,29.66667,11.778198033,2.3065581426143087,80.0,10.660411646139321
RhoA perturbation; Rac1 response,linear_R,R,0,1,0,30.0,11.931489493625001,2.283206439036089,80.0,10.528260327709958
RhoA perturbation; Rac1 response,linear_R,R,0,1,0,30.33333,11.864284518250006,2.227124211277553,80.0,10.396126682371142
RhoA perturbation; Rac1 response,linear_R,R,0,1,0,30.66667,10.727707190500002,2.1617326843202975,80.0,10.264006744505592
RhoA perturbation; Rac1 response,linear_R,R,0,1,0,31.0,11.321055857875002,2.1133653218609703,80.0,10.131908438787782
RhoA perturbation; Rac1 response,linear_R,R,0,1,0,31.33333,9.681192162124999,2.075053951855054,80.0,9.99982779907097
RhoA perturbation; Rac1 response,linear_R,R,0,1,0,31.66667,9.858793051125001,1.9731991137083271,80.0,9.867760861328598
RhoA perturbation; Rac1 response,linear_R,R,0,1,0,32.0,9.751500392875,1.8185354370605673,80.0,9.735715547056243
RhoA perturbation; Rac1 response,linear_R,R,0,1,0,32.33333,10.423419645,1.8611195091302073,80.0,9.603687891698108
RhoA perturbation; Rac1 response,linear_R,R,0,1,0,32.66667,9.1168839295,1.8294995092749495,80.0,9.471673932817923
RhoA perturbation; Rac1 response,linear_R,R,0,1,0,33.0,7.897097908499991,1.7983095647373577,80.0,9.339681588733471
RhoA perturbation; Rac1 response,linear_R,R,0,1,0,33.33333,7.189429227124994,1.7042641393511773,80.0,9.207706896479237
RhoA perturbation; Rac1 response,linear_R,R,0,1,0,33.66667,7.7557665621249985,1.7977748334996162,80.0,9.075745895208685
RhoA perturbation; Rac1 response,linear_R,R,0,1,0,34.0,7.001074584124995,1.9620248084976701,80.0,8.94380650006291
RhoA perturbation; Rac1 response,linear_R,R,0,1,0,34.33333,7.552257760375001,1.8208534926932152,80.0,8.811884749666463
RhoA perturbation; Rac1 response,linear_R,R,0,1,0,34.66667,6.673025697000003,1.8516300730445912,80.0,8.679976684761424
RhoA perturbation; Rac1 response,linear_R,R,0,1,0,35.0,7.022828758875003,1.8260248447738565,80.0,8.548090217313984
RhoA perturbation; Rac1 response,linear_R,R,0,1,0,35.33333,5.354098614625,1.727030919005176,80.0,8.416221387537535
RhoA perturbation; Rac1 response,linear_R,R,0,1,0,35.66667,6.334587531499996,1.7152440553908999,80.0,8.28436623776244
RhoA perturbation; Rac1 response,linear_R,R,0,1,0,36.0,4.428455727374998,1.7127589728698311,80.0,8.152532676781208
RhoA perturbation; Rac1 response,linear_R,R,0,1,0,36.33333,4.410370907000005,1.613681805084379,80.0,8.020716746395516
RhoA perturbation; Rac1 response,linear_R,R,0,1,0,36.66667,4.115654407875,1.625652970086845,80.0,7.888914490523566
RhoA perturbation; Rac1 response,linear_R,R,0,1,0,37.0,4.479636555875,1.7000713535578325,80.0,7.757133814784964
RhoA perturbation; Rac1 response,linear_R,R,0,1,0,37.33333,2.868887833624999,1.662513012809657,80.0,7.62537076256956
RhoA perturbation; Rac1 response,linear_R,R,0,1,0,37.66667,4.2424165142499985,1.7261812779100496,80.0,7.493621379382175
RhoA perturbation; Rac1 response,linear_R,R,0,1,0,38.0,4.4917785188750035,1.6113699205025556,80.0,7.3618935676711725
RhoA perturbation; Rac1 response,linear_R,R,0,1,0,38.33333,3.819373902500002,1.7679290644372516,80.0,7.230183372413688
RhoA perturbation; Rac1 response,linear_R,R,0,1,0,38.66667,3.0226327430000017,1.804166249213009,80.0,7.098486840700945
RhoA perturbation; Rac1 response,linear_R,R,0,1,0,39.0,3.471399687500001,1.7428258510903027,80.0,6.9668118718111725
RhoA perturbation; Rac1 response,linear_R,R,0,1,0,39.33333,3.5710842597500005,1.6776002402277683,80.0,6.835154512308016
RhoA perturbation; Rac1 response,linear_R,R,0,1,0,39.66667,3.4638432541250013,1.587218421349147,80.0,6.703510810868428
RhoA perturbation; Rac1 response,linear_R,R,0,1,0,40.0,4.459667909874997,1.7199645389940506,80.0,6.571888663601953
RhoA perturbation; Rac1 response,simple_hill,H(R),1,2,1,0.0,-0.9931512857500001,0.2930358516672621,80.0,22.897696742744312
RhoA perturbation; Rac1 response,simple_hill,H(R),1,2,1,0.3333333,14.05484543712499,2.7689854655564425,80.0,22.897696742744312
RhoA perturbation; Rac1 response,simple_hill,H(R),1,2,1,0.6666667,17.840202627750003,3.2205576531637807,80.0,22.897696742744312
RhoA perturbation; Rac1 response,simple_hill,H(R),1,2,1,1.0,19.956233638750003,3.442955807410961,80.0,22.897696742744312
RhoA perturbation; Rac1 response,simple_hill,H(R),1,2,1,1.333333,21.843358484374992,3.5875551291744125,80.0,22.897696742744312
RhoA perturbation; Rac1 response,simple_hill,H(R),1,2,1,1.666667,20.794324358125007,3.7574895152656023,80.0,22.897696742744312
RhoA perturbation; Rac1 response,simple_hill,H(R),1,2,1,2.0,22.349197607374983,3.906772941300473,80.0,22.897696742744312
RhoA perturbation; Rac1 response,simple_hill,H(R),1,2,1,2.333333,22.23171431124999,4.062614000548535,80.0,22.897696742744312
RhoA perturbation; Rac1 response,simple_hill,H(R),1,2,1,2.666667,24.265378724125007,4.179210356349098,80.0,22.897696742744312
RhoA perturbation; Rac1 response,simple_hill,H(R),1,2,1,3.0,25.918459290375004,4.414457016384039,80.0,22.897696742744312
RhoA perturbation; Rac1 response,simple_hill,H(R),1,2,1,3.333333,25.84004893499999,4.527815666649435,80.0,22.897696742744312
RhoA perturbation; Rac1 response,simple_hill,H(R),1,2,1,3.666667,25.84496122112501,4.766097323169697,80.0,22.897696742744312
RhoA perturbation; Rac1 response,simple_hill,H(R),1,2,1,4.0,25.811583304499987,4.749304233032243,80.0,22.897696742744312
RhoA perturbation; Rac1 response,simple_hill,H(R),1,2,1,4.333334,29.75857579150001,4.958198392281836,80.0,22.897696742744312
RhoA perturbation; Rac1 response,simple_hill,H(R),1,2,1,4.666667,27.878301637000003,5.050262659092711,80.0,22.8976967427443
RhoA perturbation; Rac1 response,simple_hill,H(R),1,2,1,5.0,30.594271491749986,5.113990815370671,80.0,22.89769674274426
RhoA perturbation; Rac1 response,simple_hill,H(R),1,2,1,5.333334,32.134596649375005,5.15048245258548,80.0,22.897696742744042
RhoA perturbation; Rac1 response,simple_hill,H(R),1,2,1,5.666667,31.656008856874998,5.1193289143828835,80.0,22.89769674274309
RhoA perturbation; Rac1 response,simple_hill,H(R),1,2,1,6.0,32.08497583187501,5.152554104036383,80.0,22.897696742739317
RhoA perturbation; Rac1 response,simple_hill,H(R),1,2,1,6.333334,32.85001744749998,5.187868992485546,80.0,22.89769674272568
RhoA perturbation; Rac1 response,simple_hill,H(R),1,2,1,6.666667,33.21562006187501,5.280109422853797,80.0,22.89769674268027
RhoA perturbation; Rac1 response,simple_hill,H(R),1,2,1,7.0,34.55065387687502,5.202673773628684,80.0,22.897696742539875
RhoA perturbation; Rac1 response,simple_hill,H(R),1,2,1,7.333334,34.70303551737499,5.243391533936802,80.0,22.89769674213394
RhoA perturbation; Rac1 response,simple_hill,H(R),1,2,1,7.666667,35.43317001200001,5.359945574131809,80.0,22.897696741029595
RhoA perturbation; Rac1 response,simple_hill,H(R),1,2,1,8.0,35.21082664687499,5.293810489019405,80.0,22.897696738187623
RhoA perturbation; Rac1 response,simple_hill,H(R),1,2,1,8.333333,34.38095184412499,5.239779563766989,80.0,22.897696731236916
RhoA perturbation; Rac1 response,simple_hill,H(R),1,2,1,8.666667,34.51231650587501,5.337311100437704,80.0,22.897696715014153
RhoA perturbation; Rac1 response,simple_hill,H(R),1,2,1,9.0,36.739394404125,5.316336836358264,80.0,22.897696678749085
RhoA perturbation; Rac1 response,simple_hill,H(R),1,2,1,9.333333,35.86836106362501,5.531727310296695,80.0,22.89769660084955
RhoA perturbation; Rac1 response,simple_hill,H(R),1,2,1,9.666667,36.407556719374995,5.428268466568994,80.0,22.89769643958946
RhoA perturbation; Rac1 response,simple_hill,H(R),1,2,1,10.0,35.335303085250004,5.434029141654743,80.0,22.89769611704294
RhoA perturbation; Rac1 response,simple_hill,H(R),1,2,1,10.33333,35.160878269624995,5.396729922961505,80.0,22.897695492230387
RhoA perturbation; Rac1 response,simple_hill,H(R),1,2,1,10.66667,36.24939250387503,5.538121957950258,80.0,22.897694317478866
RhoA perturbation; Rac1 response,simple_hill,H(R),1,2,1,11.0,37.37152335212499,5.528340849936087,80.0,22.89769216979616
RhoA perturbation; Rac1 response,simple_hill,H(R),1,2,1,11.33333,38.74832157974999,5.533748750438115,80.0,22.897688344902313
RhoA perturbation; Rac1 response,simple_hill,H(R),1,2,1,11.66667,38.07010675412502,5.543759331789647,80.0,22.89768169836804
RhoA perturbation; Rac1 response,simple_hill,H(R),1,2,1,12.0,39.63976049699998,5.670038938734038,80.0,22.897670413701867
RhoA perturbation; Rac1 response,simple_hill,H(R),1,2,1,12.33333,39.877722357875015,5.6815290829271685,80.0,22.89765166726942
RhoA perturbation; Rac1 response,simple_hill,H(R),1,2,1,12.66667,41.43385763199999,5.604815366791928,80.0,22.89762115836655
RhoA perturbation; Rac1 response,simple_hill,H(R),1,2,1,13.0,41.57483332500002,5.6808779593278755,80.0,22.897572465836983
RhoA perturbation; Rac1 response,simple_hill,H(R),1,2,1,13.33333,42.19735376224999,5.733610998560068,80.0,22.897496167033527
RhoA perturbation; Rac1 response,simple_hill,H(R),1,2,1,13.66667,40.362294325375004,5.723266613190431,80.0,22.897378672052568
RhoA perturbation; Rac1 response,simple_hill,H(R),1,2,1,14.0,39.47222318150003,5.696522983669431,80.0,22.897200715372424
RhoA perturbation; Rac1 response,simple_hill,H(R),1,2,1,14.33333,39.705036106124986,5.583156165948099,80.0,22.89693537618105
RhoA perturbation; Rac1 response,simple_hill,H(R),1,2,1,14.66667,40.851035414875,5.6522790317061204,80.0,22.896545594137116
RhoA perturbation; Rac1 response,simple_hill,H(R),1,2,1,15.0,40.54514006962498,5.6768523043026615,80.0,22.895981117486468
RhoA perturbation; Rac1 response,simple_hill,H(R),1,2,1,15.33333,41.32761998424999,5.630671607329237,80.0,22.895174621775347
RhoA perturbation; Rac1 response,simple_hill,H(R),1,2,1,15.66667,40.73784667475,5.69717178960748,80.0,22.89403708428359
RhoA perturbation; Rac1 response,simple_hill,H(R),1,2,1,16.0,42.584126971625,5.770515788632695,80.0,22.892452382053982
RhoA perturbation; Rac1 response,simple_hill,H(R),1,2,1,16.33333,41.846711594625,5.8275534461558385,80.0,22.890270554354533
RhoA perturbation; Rac1 response,simple_hill,H(R),1,2,1,16.66667,40.94162946050001,5.733888215518726,80.0,22.887300208253592
RhoA perturbation; Rac1 response,simple_hill,H(R),1,2,1,17.0,43.055054836375035,5.754478083690295,80.0,22.883300121813125
RhoA perturbation; Rac1 response,simple_hill,H(R),1,2,1,17.33333,42.855766021125014,5.6963691598033295,80.0,22.877968817471757
RhoA perturbation; Rac1 response,simple_hill,H(R),1,2,1,17.66667,44.7054921885,5.806444494935948,80.0,22.870933603158857
RhoA perturbation; Rac1 response,simple_hill,H(R),1,2,1,18.0,44.263716705749985,5.744471784096954,80.0,22.861739273194818
RhoA perturbation; Rac1 response,simple_hill,H(R),1,2,1,18.33333,42.8251505395,5.801277555080771,80.0,22.849833816643454
RhoA perturbation; Rac1 response,simple_hill,H(R),1,2,1,18.66667,43.388878527625,5.829161035786278,80.0,22.834554929153754
RhoA perturbation; Rac1 response,simple_hill,H(R),1,2,1,19.0,43.666588430625005,5.667702243793217,80.0,22.815117635380663
RhoA perturbation; Rac1 response,simple_hill,H(R),1,2,1,19.33333,45.334017831999994,5.812417520349717,80.0,22.790597542463544
RhoA perturbation; Rac1 response,simple_hill,H(R),1,2,1,19.66667,44.914543018875,5.79099819192254,80.0,22.759918195710515
RhoA perturbation; Rac1 response,simple_hill,H(R),1,2,1,20.0,44.572232559250004,5.817052810245743,80.0,22.721842695131716
RhoA perturbation; Rac1 response,simple_hill,H(R),1,2,1,20.33333,40.51139308287501,5.706678918618629,80.0,22.674958860550582
RhoA perturbation; Rac1 response,simple_hill,H(R),1,2,1,20.66667,37.803339820625,5.442297824147259,80.0,22.61767507156759
RhoA perturbation; Rac1 response,simple_hill,H(R),1,2,1,21.0,36.83530481274999,5.377426535933674,80.0,22.548225906063134
RhoA perturbation; Rac1 response,simple_hill,H(R),1,2,1,21.33333,34.902504401749994,5.086190084460841,80.0,22.464667744393026
RhoA perturbation; Rac1 response,simple_hill,H(R),1,2,1,21.66667,32.358773020124985,4.962234411776436,80.0,22.36489604397099
RhoA perturbation; Rac1 response,simple_hill,H(R),1,2,1,22.0,31.058346401500007,4.718970813896896,80.0,22.2466801144151
RhoA perturbation; Rac1 response,simple_hill,H(R),1,2,1,22.33333,30.659511084875,4.591853455206336,80.0,22.10768053529173
RhoA perturbation; Rac1 response,simple_hill,H(R),1,2,1,22.66667,27.945735520249997,4.519291240834524,80.0,21.945503217247754
RhoA perturbation; Rac1 response,simple_hill,H(R),1,2,1,23.0,29.499232588624988,4.379393433310475,80.0,21.75777798280056
RhoA perturbation; Rac1 response,simple_hill,H(R),1,2,1,23.33333,26.421660202749997,4.194218334282237,80.0,21.542203807428052
RhoA perturbation; Rac1 response,simple_hill,H(R),1,2,1,23.66667,25.22736179324999,4.17689653001624,80.0,21.29664591872772
RhoA perturbation; Rac1 response,simple_hill,H(R),1,2,1,24.0,24.314893736374998,4.061461501574148,80.0,21.019257303197108
RhoA perturbation; Rac1 response,simple_hill,H(R),1,2,1,24.33333,22.240597807375,3.843944873018156,80.0,20.708535651631255
RhoA perturbation; Rac1 response,simple_hill,H(R),1,2,1,24.66667,21.553199025624988,3.6691485795747103,80.0,20.363442017088147
RhoA perturbation; Rac1 response,simple_hill,H(R),1,2,1,25.0,19.863821151125,3.6468348086246767,80.0,19.983530710173333
RhoA perturbation; Rac1 response,simple_hill,H(R),1,2,1,25.33333,16.932267740750003,3.4805307171673125,80.0,19.568967427916505
RhoA perturbation; Rac1 response,simple_hill,H(R),1,2,1,25.66667,18.068718093875006,3.528808249145459,80.0,19.120614210557825
RhoA perturbation; Rac1 response,simple_hill,H(R),1,2,1,26.0,16.248535159249997,3.4082234275501917,80.0,18.640104529201324
RhoA perturbation; Rac1 response,simple_hill,H(R),1,2,1,26.33333,17.563465463875,3.382511521953084,80.0,18.129759008332485
RhoA perturbation; Rac1 response,simple_hill,H(R),1,2,1,26.66667,15.361787431625,3.1845843076809692,80.0,17.592582059295353
RhoA perturbation; Rac1 response,simple_hill,H(R),1,2,1,27.0,14.854973019500008,3.097704325022788,80.0,17.03223875286285
RhoA perturbation; Rac1 response,simple_hill,H(R),1,2,1,27.33333,14.746504492124995,3.089208804848729,80.0,16.452850456497124
RhoA perturbation; Rac1 response,simple_hill,H(R),1,2,1,27.66667,13.389730869875,2.86435067269115,80.0,15.858907799109215
RhoA perturbation; Rac1 response,simple_hill,H(R),1,2,1,28.0,13.047866296875,2.7829199705590355,80.0,15.255177571758304
RhoA perturbation; Rac1 response,simple_hill,H(R),1,2,1,28.33333,12.79419637099999,2.741318158577171,80.0,14.646440501081624
RhoA perturbation; Rac1 response,simple_hill,H(R),1,2,1,28.66667,12.093769360875005,2.5876402780456833,80.0,14.037393281513395
RhoA perturbation; Rac1 response,simple_hill,H(R),1,2,1,29.0,13.066173804999995,2.5590064226511555,80.0,13.432567001718366
RhoA perturbation; Rac1 response,simple_hill,H(R),1,2,1,29.33333,11.962233619500001,2.2764795137535137,80.0,12.836101281703263
RhoA perturbation; Rac1 response,simple_hill,H(R),1,2,1,29.66667,11.778198033,2.3065581426143087,80.0,12.251710036388443
RhoA perturbation; Rac1 response,simple_hill,H(R),1,2,1,30.0,11.931489493625001,2.283206439036089,80.0,11.682670849254482
RhoA perturbation; Rac1 response,simple_hill,H(R),1,2,1,30.33333,11.864284518250006,2.227124211277553,80.0,11.131685294331767
RhoA perturbation; Rac1 response,simple_hill,H(R),1,2,1,30.66667,10.727707190500002,2.1617326843202975,80.0,10.600925058983306
RhoA perturbation; Rac1 response,simple_hill,H(R),1,2,1,31.0,11.321055857875002,2.1133653218609703,80.0,10.092090134729563
RhoA perturbation; Rac1 response,simple_hill,H(R),1,2,1,31.33333,9.681192162124999,2.075053951855054,80.0,9.606343257902592
RhoA perturbation; Rac1 response,simple_hill,H(R),1,2,1,31.66667,9.858793051125001,1.9731991137083271,80.0,9.144403293610086
RhoA perturbation; Rac1 response,simple_hill,H(R),1,2,1,32.0,9.751500392875,1.8185354370605673,80.0,8.706634167018182
RhoA perturbation; Rac1 response,simple_hill,H(R),1,2,1,32.33333,10.423419645,1.8611195091302073,80.0,8.293016105831029
RhoA perturbation; Rac1 response,simple_hill,H(R),1,2,1,32.66667,9.1168839295,1.8294995092749495,80.0,7.903245529606297
RhoA perturbation; Rac1 response,simple_hill,H(R),1,2,1,33.0,7.897097908499991,1.7983095647373577,80.0,7.536820077378646
RhoA perturbation; Rac1 response,simple_hill,H(R),1,2,1,33.33333,7.189429227124994,1.7042641393511773,80.0,7.193018013028345
RhoA perturbation; Rac1 response,simple_hill,H(R),1,2,1,33.66667,7.7557665621249985,1.7977748334996162,80.0,6.870981096168219
RhoA perturbation; Rac1 response,simple_hill,H(R),1,2,1,34.0,7.001074584124995,1.9620248084976701,80.0,6.569779866599781
RhoA perturbation; Rac1 response,simple_hill,H(R),1,2,1,34.33333,7.552257760375001,1.8208534926932152,80.0,6.288389506441138
RhoA perturbation; Rac1 response,simple_hill,H(R),1,2,1,34.66667,6.673025697000003,1.8516300730445912,80.0,6.025749853598722
RhoA perturbation; Rac1 response,simple_hill,H(R),1,2,1,35.0,7.022828758875003,1.8260248447738565,80.0,5.7808096422844315
RhoA perturbation; Rac1 response,simple_hill,H(R),1,2,1,35.33333,5.354098614625,1.727030919005176,80.0,5.552497946355537
RhoA perturbation; Rac1 response,simple_hill,H(R),1,2,1,35.66667,6.334587531499996,1.7152440553908999,80.0,5.339764663448019
RhoA perturbation; Rac1 response,simple_hill,H(R),1,2,1,36.0,4.428455727374998,1.7127589728698311,80.0,5.141608502645781
RhoA perturbation; Rac1 response,simple_hill,H(R),1,2,1,36.33333,4.410370907000005,1.613681805084379,80.0,4.957046851126922
RhoA perturbation; Rac1 response,simple_hill,H(R),1,2,1,36.66667,4.115654407875,1.625652970086845,80.0,4.785142395397532
RhoA perturbation; Rac1 response,simple_hill,H(R),1,2,1,37.0,4.479636555875,1.7000713535578325,80.0,4.625020373040407
RhoA perturbation; Rac1 response,simple_hill,H(R),1,2,1,37.33333,2.868887833624999,1.662513012809657,80.0,4.4758396652126216
RhoA perturbation; Rac1 response,simple_hill,H(R),1,2,1,37.66667,4.2424165142499985,1.7261812779100496,80.0,4.336810462509611
RhoA perturbation; Rac1 response,simple_hill,H(R),1,2,1,38.0,4.4917785188750035,1.6113699205025556,80.0,4.2072050261922165
RhoA perturbation; Rac1 response,simple_hill,H(R),1,2,1,38.33333,3.819373902500002,1.7679290644372516,80.0,4.086331679287568
RhoA perturbation; Rac1 response,simple_hill,H(R),1,2,1,38.66667,3.0226327430000017,1.804166249213009,80.0,3.9735469368859135
RhoA perturbation; Rac1 response,simple_hill,H(R),1,2,1,39.0,3.471399687500001,1.7428258510903027,80.0,3.8682625298150093
RhoA perturbation; Rac1 response,simple_hill,H(R),1,2,1,39.33333,3.5710842597500005,1.6776002402277683,80.0,3.7699229306790585
RhoA perturbation; Rac1 response,simple_hill,H(R),1,2,1,39.66667,3.4638432541250013,1.587218421349147,80.0,3.6780140919130204
RhoA perturbation; Rac1 response,simple_hill,H(R),1,2,1,40.0,4.459667909874997,1.7199645389940506,80.0,3.5920683548404213
RhoA perturbation; Rac1 response,Hill_expr,R,0,1,0,0.0,-0.9931512857500001,0.2930358516672621,80.0,0.0
RhoA perturbation; Rac1 response,Hill_expr,R,0,1,0,0.3333333,14.05484543712499,2.7689854655564425,80.0,0.9993567100121487
RhoA perturbation; Rac1 response,Hill_expr,R,0,1,0,0.6666667,17.840202627750003,3.2205576531637807,80.0,0.9999995861789038
RhoA perturbation; Rac1 response,Hill_expr,R,0,1,0,1.0,19.956233638750003,3.442955807410961,80.0,0.999999999733793
RhoA perturbation; Rac1 response,Hill_expr,R,0,1,0,1.333333,21.843358484374992,3.5875551291744125,80.0,0.9999999999998288
RhoA perturbation; Rac1 response,Hill_expr,R,0,1,0,1.666667,20.794324358125007,3.7574895152656023,80.0,0.9999999999999999
RhoA perturbation; Rac1 response,Hill_expr,R,0,1,0,2.0,22.349197607374983,3.906772941300473,80.0,1.0
RhoA perturbation; Rac1 response,Hill_expr,R,0,1,0,2.333333,22.23171431124999,4.062614000548535,80.0,1.0
RhoA perturbation; Rac1 response,Hill_expr,R,0,1,0,2.666667,24.265378724125007,4.179210356349098,80.0,1.0
RhoA perturbation; Rac1 response,Hill_expr,R,0,1,0,3.0,25.918459290375004,4.414457016384039,80.0,1.0
RhoA perturbation; Rac1 response,Hill_expr,R,0,1,0,3.333333,25.84004893499999,4.527815666649435,80.0,1.0
RhoA perturbation; Rac1 response,Hill_expr,R,0,1,0,3.666667,25.84496122112501,4.766097323169697,80.0,1.0
RhoA perturbation; Rac1 response,Hill_expr,R,0,1,0,4.0,25.811583304499987,4.749304233032243,80.0,1.0
RhoA perturbation; Rac1 response,Hill_expr,R,0,1,0,4.333334,29.75857579150001,4.958198392281836,80.0,1.0
RhoA perturbation; Rac1 response,Hill_expr,R,0,1,0,4.666667,27.878301637000003,5.050262659092711,80.0,1.0
RhoA perturbation; Rac1 response,Hill_expr,R,0,1,0,5.0,30.594271491749986,5.113990815370671,80.0,1.0
RhoA perturbation; Rac1 response,Hill_expr,R,0,1,0,5.333334,32.134596649375005,5.15048245258548,80.0,1.0
RhoA perturbation; Rac1 response,Hill_expr,R,0,1,0,5.666667,31.656008856874998,5.1193289143828835,80.0,1.0
RhoA perturbation; Rac1 response,Hill_expr,R,0,1,0,6.0,32.08497583187501,5.152554104036383,80.0,1.0
RhoA perturbation; Rac1 response,Hill_expr,R,0,1,0,6.333334,32.85001744749998,5.187868992485546,80.0,1.0
RhoA perturbation; Rac1 response,Hill_expr,R,0,1,0,6.666667,33.21562006187501,5.280109422853797,80.0,1.0
RhoA perturbation; Rac1 response,Hill_expr,R,0,1,0,7.0,34.55065387687502,5.202673773628684,80.0,1.0
RhoA perturbation; Rac1 response,Hill_expr,R,0,1,0,7.333334,34.70303551737499,5.243391533936802,80.0,1.0
RhoA perturbation; Rac1 response,Hill_expr,R,0,1,0,7.666667,35.43317001200001,5.359945574131809,80.0,1.0
RhoA perturbation; Rac1 response,Hill_expr,R,0,1,0,8.0,35.21082664687499,5.293810489019405,80.0,1.0
RhoA perturbation; Rac1 response,Hill_expr,R,0,1,0,8.333333,34.38095184412499,5.239779563766989,80.0,1.0
RhoA perturbation; Rac1 response,Hill_expr,R,0,1,0,8.666667,34.51231650587501,5.337311100437704,80.0,1.0
RhoA perturbation; Rac1 response,Hill_expr,R,0,1,0,9.0,36.739394404125,5.316336836358264,80.0,1.0
RhoA perturbation; Rac1 response,Hill_expr,R,0,1,0,9.333333,35.86836106362501,5.531727310296695,80.0,1.0
RhoA perturbation; Rac1 response,Hill_expr,R,0,1,0,9.666667,36.407556719374995,5.428268466568994,80.0,1.0
RhoA perturbation; Rac1 response,Hill_expr,R,0,1,0,10.0,35.335303085250004,5.434029141654743,80.0,1.0
RhoA perturbation; Rac1 response,Hill_expr,R,0,1,0,10.33333,35.160878269624995,5.396729922961505,80.0,1.0
RhoA perturbation; Rac1 response,Hill_expr,R,0,1,0,10.66667,36.24939250387503,5.538121957950258,80.0,1.0
RhoA perturbation; Rac1 response,Hill_expr,R,0,1,0,11.0,37.37152335212499,5.528340849936087,80.0,1.0
RhoA perturbation; Rac1 response,Hill_expr,R,0,1,0,11.33333,38.74832157974999,5.533748750438115,80.0,1.0
RhoA perturbation; Rac1 response,Hill_expr,R,0,1,0,11.66667,38.07010675412502,5.543759331789647,80.0,1.0
RhoA perturbation; Rac1 response,Hill_expr,R,0,1,0,12.0,39.63976049699998,5.670038938734038,80.0,1.0
RhoA perturbation; Rac1 response,Hill_expr,R,0,1,0,12.33333,39.877722357875015,5.6815290829271685,80.0,1.0
RhoA perturbation; Rac1 response,Hill_expr,R,0,1,0,12.66667,41.43385763199999,5.604815366791928,80.0,1.0
RhoA perturbation; Rac1 response,Hill_expr,R,0,1,0,13.0,41.57483332500002,5.6808779593278755,80.0,1.0
RhoA perturbation; Rac1 response,Hill_expr,R,0,1,0,13.33333,42.19735376224999,5.733610998560068,80.0,1.0
RhoA perturbation; Rac1 response,Hill_expr,R,0,1,0,13.66667,40.362294325375004,5.723266613190431,80.0,1.0
RhoA perturbation; Rac1 response,Hill_expr,R,0,1,0,14.0,39.47222318150003,5.696522983669431,80.0,1.0
RhoA perturbation; Rac1 response,Hill_expr,R,0,1,0,14.33333,39.705036106124986,5.583156165948099,80.0,1.0
RhoA perturbation; Rac1 response,Hill_expr,R,0,1,0,14.66667,40.851035414875,5.6522790317061204,80.0,1.0
RhoA perturbation; Rac1 response,Hill_expr,R,0,1,0,15.0,40.54514006962498,5.6768523043026615,80.0,1.0
RhoA perturbation; Rac1 response,Hill_expr,R,0,1,0,15.33333,41.32761998424999,5.630671607329237,80.0,1.0
RhoA perturbation; Rac1 response,Hill_expr,R,0,1,0,15.66667,40.73784667475,5.69717178960748,80.0,1.0
RhoA perturbation; Rac1 response,Hill_expr,R,0,1,0,16.0,42.584126971625,5.770515788632695,80.0,1.0
RhoA perturbation; Rac1 response,Hill_expr,R,0,1,0,16.33333,41.846711594625,5.8275534461558385,80.0,1.0
RhoA perturbation; Rac1 response,Hill_expr,R,0,1,0,16.66667,40.94162946050001,5.733888215518726,80.0,1.0
RhoA perturbation; Rac1 response,Hill_expr,R,0,1,0,17.0,43.055054836375035,5.754478083690295,80.0,1.0
RhoA perturbation; Rac1 response,Hill_expr,R,0,1,0,17.33333,42.855766021125014,5.6963691598033295,80.0,1.0
RhoA perturbation; Rac1 response,Hill_expr,R,0,1,0,17.66667,44.7054921885,5.806444494935948,80.0,1.0
RhoA perturbation; Rac1 response,Hill_expr,R,0,1,0,18.0,44.263716705749985,5.744471784096954,80.0,1.0
RhoA perturbation; Rac1 response,Hill_expr,R,0,1,0,18.33333,42.8251505395,5.801277555080771,80.0,1.0
RhoA perturbation; Rac1 response,Hill_expr,R,0,1,0,18.66667,43.388878527625,5.829161035786278,80.0,1.0
RhoA perturbation; Rac1 response,Hill_expr,R,0,1,0,19.0,43.666588430625005,5.667702243793217,80.0,1.0
RhoA perturbation; Rac1 response,Hill_expr,R,0,1,0,19.33333,45.334017831999994,5.812417520349717,80.0,1.0
RhoA perturbation; Rac1 response,Hill_expr,R,0,1,0,19.66667,44.914543018875,5.79099819192254,80.0,1.0
RhoA perturbation; Rac1 response,Hill_expr,R,0,1,0,20.0,44.572232559250004,5.817052810245743,80.0,1.0
RhoA perturbation; Rac1 response,Hill_expr,R,0,1,0,20.33333,40.51139308287501,5.706678918618629,80.0,1.0
RhoA perturbation; Rac1 response,Hill_expr,R,0,1,0,20.66667,37.803339820625,5.442297824147259,80.0,1.0
RhoA perturbation; Rac1 response,Hill_expr,R,0,1,0,21.0,36.83530481274999,5.377426535933674,80.0,1.0
RhoA perturbation; Rac1 response,Hill_expr,R,0,1,0,21.33333,34.902504401749994,5.086190084460841,80.0,1.0
RhoA perturbation; Rac1 response,Hill_expr,R,0,1,0,21.66667,32.358773020124985,4.962234411776436,80.0,1.0
RhoA perturbation; Rac1 response,Hill_expr,R,0,1,0,22.0,31.058346401500007,4.718970813896896,80.0,1.0
RhoA perturbation; Rac1 response,Hill_expr,R,0,1,0,22.33333,30.659511084875,4.591853455206336,80.0,1.0
RhoA perturbation; Rac1 response,Hill_expr,R,0,1,0,22.66667,27.945735520249997,4.519291240834524,80.0,1.0
RhoA perturbation; Rac1 response,Hill_expr,R,0,1,0,23.0,29.499232588624988,4.379393433310475,80.0,1.0
RhoA perturbation; Rac1 response,Hill_expr,R,0,1,0,23.33333,26.421660202749997,4.194218334282237,80.0,1.0
RhoA perturbation; Rac1 response,Hill_expr,R,0,1,0,23.66667,25.22736179324999,4.17689653001624,80.0,1.0
RhoA perturbation; Rac1 response,Hill_expr,R,0,1,0,24.0,24.314893736374998,4.061461501574148,80.0,1.0
RhoA perturbation; Rac1 response,Hill_expr,R,0,1,0,24.33333,22.240597807375,3.843944873018156,80.0,1.0
RhoA perturbation; Rac1 response,Hill_expr,R,0,1,0,24.66667,21.553199025624988,3.6691485795747103,80.0,1.0
RhoA perturbation; Rac1 response,Hill_expr,R,0,1,0,25.0,19.863821151125,3.6468348086246767,80.0,1.0
RhoA perturbation; Rac1 response,Hill_expr,R,0,1,0,25.33333,16.932267740750003,3.4805307171673125,80.0,1.0
RhoA perturbation; Rac1 response,Hill_expr,R,0,1,0,25.66667,18.068718093875006,3.528808249145459,80.0,1.0
RhoA perturbation; Rac1 response,Hill_expr,R,0,1,0,26.0,16.248535159249997,3.4082234275501917,80.0,1.0
RhoA perturbation; Rac1 response,Hill_expr,R,0,1,0,26.33333,17.563465463875,3.382511521953084,80.0,1.0
RhoA perturbation; Rac1 response,Hill_expr,R,0,1,0,26.66667,15.361787431625,3.1845843076809692,80.0,1.0
RhoA perturbation; Rac1 response,Hill_expr,R,0,1,0,27.0,14.854973019500008,3.097704325022788,80.0,1.0
RhoA perturbation; Rac1 response,Hill_expr,R,0,1,0,27.33333,14.746504492124995,3.089208804848729,80.0,1.0
RhoA perturbation; Rac1 response,Hill_expr,R,0,1,0,27.66667,13.389730869875,2.86435067269115,80.0,1.0
RhoA perturbation; Rac1 response,Hill_expr,R,0,1,0,28.0,13.047866296875,2.7829199705590355,80.0,1.0
RhoA perturbation; Rac1 response,Hill_expr,R,0,1,0,28.33333,12.79419637099999,2.741318158577171,80.0,1.0
RhoA perturbation; Rac1 response,Hill_expr,R,0,1,0,28.66667,12.093769360875005,2.5876402780456833,80.0,1.0
RhoA perturbation; Rac1 response,Hill_expr,R,0,1,0,29.0,13.066173804999995,2.5590064226511555,80.0,1.0
RhoA perturbation; Rac1 response,Hill_expr,R,0,1,0,29.33333,11.962233619500001,2.2764795137535137,80.0,1.0
RhoA perturbation; Rac1 response,Hill_expr,R,0,1,0,29.66667,11.778198033,2.3065581426143087,80.0,1.0
RhoA perturbation; Rac1 response,Hill_expr,R,0,1,0,30.0,11.931489493625001,2.283206439036089,80.0,1.0
RhoA perturbation; Rac1 response,Hill_expr,R,0,1,0,30.33333,11.864284518250006,2.227124211277553,80.0,1.0
RhoA perturbation; Rac1 response,Hill_expr,R,0,1,0,30.66667,10.727707190500002,2.1617326843202975,80.0,1.0
RhoA perturbation; Rac1 response,Hill_expr,R,0,1,0,31.0,11.321055857875002,2.1133653218609703,80.0,1.0
RhoA perturbation; Rac1 response,Hill_expr,R,0,1,0,31.33333,9.681192162124999,2.075053951855054,80.0,1.0
RhoA perturbation; Rac1 response,Hill_expr,R,0,1,0,31.66667,9.858793051125001,1.9731991137083271,80.0,1.0
RhoA perturbation; Rac1 response,Hill_expr,R,0,1,0,32.0,9.751500392875,1.8185354370605673,80.0,1.0
RhoA perturbation; Rac1 response,Hill_expr,R,0,1,0,32.33333,10.423419645,1.8611195091302073,80.0,1.0
RhoA perturbation; Rac1 response,Hill_expr,R,0,1,0,32.66667,9.1168839295,1.8294995092749495,80.0,1.0
RhoA perturbation; Rac1 response,Hill_expr,R,0,1,0,33.0,7.897097908499991,1.7983095647373577,80.0,1.0
RhoA perturbation; Rac1 response,Hill_expr,R,0,1,0,33.33333,7.189429227124994,1.7042641393511773,80.0,1.0
RhoA perturbation; Rac1 response,Hill_expr,R,0,1,0,33.66667,7.7557665621249985,1.7977748334996162,80.0,1.0
RhoA perturbation; Rac1 response,Hill_expr,R,0,1,0,34.0,7.001074584124995,1.9620248084976701,80.0,1.0
RhoA perturbation; Rac1 response,Hill_expr,R,0,1,0,34.33333,7.552257760375001,1.8208534926932152,80.0,1.0
RhoA perturbation; Rac1 response,Hill_expr,R,0,1,0,34.66667,6.673025697000003,1.8516300730445912,80.0,1.0
RhoA perturbation; Rac1 response,Hill_expr,R,0,1,0,35.0,7.022828758875003,1.8260248447738565,80.0,1.0
RhoA perturbation; Rac1 response,Hill_expr,R,0,1,0,35.33333,5.354098614625,1.727030919005176,80.0,1.0
RhoA perturbation; Rac1 response,Hill_expr,R,0,1,0,35.66667,6.334587531499996,1.7152440553908999,80.0,1.0
RhoA perturbation; Rac1 response,Hill_expr,R,0,1,0,36.0,4.428455727374998,1.7127589728698311,80.0,1.0
RhoA perturbation; Rac1 response,Hill_expr,R,0,1,0,36.33333,4.410370907000005,1.613681805084379,80.0,1.0
RhoA perturbation; Rac1 response,Hill_expr,R,0,1,0,36.66667,4.115654407875,1.625652970086845,80.0,1.0
RhoA perturbation; Rac1 response,Hill_expr,R,0,1,0,37.0,4.479636555875,1.7000713535578325,80.0,1.0
RhoA perturbation; Rac1 response,Hill_expr,R,0,1,0,37.33333,2.868887833624999,1.662513012809657,80.0,1.0
RhoA perturbation; Rac1 response,Hill_expr,R,0,1,0,37.66667,4.2424165142499985,1.7261812779100496,80.0,1.0
RhoA perturbation; Rac1 response,Hill_expr,R,0,1,0,38.0,4.4917785188750035,1.6113699205025556,80.0,1.0
RhoA perturbation; Rac1 response,Hill_expr,R,0,1,0,38.33333,3.819373902500002,1.7679290644372516,80.0,1.0
RhoA perturbation; Rac1 response,Hill_expr,R,0,1,0,38.66667,3.0226327430000017,1.804166249213009,80.0,1.0
RhoA perturbation; Rac1 response,Hill_expr,R,0,1,0,39.0,3.471399687500001,1.7428258510903027,80.0,1.0
RhoA perturbation; Rac1 response,Hill_expr,R,0,1,0,39.33333,3.5710842597500005,1.6776002402277683,80.0,1.0
RhoA perturbation; Rac1 response,Hill_expr,R,0,1,0,39.66667,3.4638432541250013,1.587218421349147,80.0,1.0
RhoA perturbation; Rac1 response,Hill_expr,R,0,1,0,40.0,4.459667909874997,1.7199645389940506,80.0,1.0
RhoA perturbation; Rac1 response,Hill_expr,(R+R),0,3,0,0.0,-0.9931512857500001,0.2930358516672621,80.0,0.0
RhoA perturbation; Rac1 response,Hill_expr,(R+R),0,3,0,0.3333333,14.05484543712499,2.7689854655564425,80.0,1.9991513460926933
RhoA perturbation; Rac1 response,Hill_expr,(R+R),0,3,0,0.6666667,17.840202627750003,3.2205576531637807,80.0,1.9999996398941118
RhoA perturbation; Rac1 response,Hill_expr,(R+R),0,3,0,1.0,19.956233638750003,3.442955807410961,80.0,1.9999999998471973
RhoA perturbation; Rac1 response,Hill_expr,(R+R),0,3,0,1.333333,21.843358484374992,3.5875551291744125,80.0,1.9999999999999352
RhoA perturbation; Rac1 response,Hill_expr,(R+R),0,3,0,1.666667,20.794324358125007,3.7574895152656023,80.0,2.0
RhoA perturbation; Rac1 response,Hill_expr,(R+R),0,3,0,2.0,22.349197607374983,3.906772941300473,80.0,2.0
RhoA perturbation; Rac1 response,Hill_expr,(R+R),0,3,0,2.333333,22.23171431124999,4.062614000548535,80.0,2.0
RhoA perturbation; Rac1 response,Hill_expr,(R+R),0,3,0,2.666667,24.265378724125007,4.179210356349098,80.0,2.0
RhoA perturbation; Rac1 response,Hill_expr,(R+R),0,3,0,3.0,25.918459290375004,4.414457016384039,80.0,2.0
RhoA perturbation; Rac1 response,Hill_expr,(R+R),0,3,0,3.333333,25.84004893499999,4.527815666649435,80.0,2.0
RhoA perturbation; Rac1 response,Hill_expr,(R+R),0,3,0,3.666667,25.84496122112501,4.766097323169697,80.0,2.0
RhoA perturbation; Rac1 response,Hill_expr,(R+R),0,3,0,4.0,25.811583304499987,4.749304233032243,80.0,2.0
RhoA perturbation; Rac1 response,Hill_expr,(R+R),0,3,0,4.333334,29.75857579150001,4.958198392281836,80.0,2.0
RhoA perturbation; Rac1 response,Hill_expr,(R+R),0,3,0,4.666667,27.878301637000003,5.050262659092711,80.0,2.0
RhoA perturbation; Rac1 response,Hill_expr,(R+R),0,3,0,5.0,30.594271491749986,5.113990815370671,80.0,2.0
RhoA perturbation; Rac1 response,Hill_expr,(R+R),0,3,0,5.333334,32.134596649375005,5.15048245258548,80.0,2.0
RhoA perturbation; Rac1 response,Hill_expr,(R+R),0,3,0,5.666667,31.656008856874998,5.1193289143828835,80.0,2.0
RhoA perturbation; Rac1 response,Hill_expr,(R+R),0,3,0,6.0,32.08497583187501,5.152554104036383,80.0,2.0
RhoA perturbation; Rac1 response,Hill_expr,(R+R),0,3,0,6.333334,32.85001744749998,5.187868992485546,80.0,2.0
RhoA perturbation; Rac1 response,Hill_expr,(R+R),0,3,0,6.666667,33.21562006187501,5.280109422853797,80.0,2.0
RhoA perturbation; Rac1 response,Hill_expr,(R+R),0,3,0,7.0,34.55065387687502,5.202673773628684,80.0,2.0
RhoA perturbation; Rac1 response,Hill_expr,(R+R),0,3,0,7.333334,34.70303551737499,5.243391533936802,80.0,2.0
RhoA perturbation; Rac1 response,Hill_expr,(R+R),0,3,0,7.666667,35.43317001200001,5.359945574131809,80.0,2.0
RhoA perturbation; Rac1 response,Hill_expr,(R+R),0,3,0,8.0,35.21082664687499,5.293810489019405,80.0,2.0
RhoA perturbation; Rac1 response,Hill_expr,(R+R),0,3,0,8.333333,34.38095184412499,5.239779563766989,80.0,2.0
RhoA perturbation; Rac1 response,Hill_expr,(R+R),0,3,0,8.666667,34.51231650587501,5.337311100437704,80.0,2.0
RhoA perturbation; Rac1 response,Hill_expr,(R+R),0,3,0,9.0,36.739394404125,5.316336836358264,80.0,2.0
RhoA perturbation; Rac1 response,Hill_expr,(R+R),0,3,0,9.333333,35.86836106362501,5.531727310296695,80.0,2.0
RhoA perturbation; Rac1 response,Hill_expr,(R+R),0,3,0,9.666667,36.407556719374995,5.428268466568994,80.0,2.0
RhoA perturbation; Rac1 response,Hill_expr,(R+R),0,3,0,10.0,35.335303085250004,5.434029141654743,80.0,2.0
RhoA perturbation; Rac1 response,Hill_expr,(R+R),0,3,0,10.33333,35.160878269624995,5.396729922961505,80.0,2.0
RhoA perturbation; Rac1 response,Hill_expr,(R+R),0,3,0,10.66667,36.24939250387503,5.538121957950258,80.0,2.0
RhoA perturbation; Rac1 response,Hill_expr,(R+R),0,3,0,11.0,37.37152335212499,5.528340849936087,80.0,2.0
RhoA perturbation; Rac1 response,Hill_expr,(R+R),0,3,0,11.33333,38.74832157974999,5.533748750438115,80.0,2.0
RhoA perturbation; Rac1 response,Hill_expr,(R+R),0,3,0,11.66667,38.07010675412502,5.543759331789647,80.0,2.0
RhoA perturbation; Rac1 response,Hill_expr,(R+R),0,3,0,12.0,39.63976049699998,5.670038938734038,80.0,2.0
RhoA perturbation; Rac1 response,Hill_expr,(R+R),0,3,0,12.33333,39.877722357875015,5.6815290829271685,80.0,2.0
RhoA perturbation; Rac1 response,Hill_expr,(R+R),0,3,0,12.66667,41.43385763199999,5.604815366791928,80.0,2.0
RhoA perturbation; Rac1 response,Hill_expr,(R+R),0,3,0,13.0,41.57483332500002,5.6808779593278755,80.0,2.0
RhoA perturbation; Rac1 response,Hill_expr,(R+R),0,3,0,13.33333,42.19735376224999,5.733610998560068,80.0,2.0
RhoA perturbation; Rac1 response,Hill_expr,(R+R),0,3,0,13.66667,40.362294325375004,5.723266613190431,80.0,2.0
RhoA perturbation; Rac1 response,Hill_expr,(R+R),0,3,0,14.0,39.47222318150003,5.696522983669431,80.0,2.0
RhoA perturbation; Rac1 response,Hill_expr,(R+R),0,3,0,14.33333,39.705036106124986,5.583156165948099,80.0,2.0
RhoA perturbation; Rac1 response,Hill_expr,(R+R),0,3,0,14.66667,40.851035414875,5.6522790317061204,80.0,2.0
RhoA perturbation; Rac1 response,Hill_expr,(R+R),0,3,0,15.0,40.54514006962498,5.6768523043026615,80.0,2.0
RhoA perturbation; Rac1 response,Hill_expr,(R+R),0,3,0,15.33333,41.32761998424999,5.630671607329237,80.0,2.0
RhoA perturbation; Rac1 response,Hill_expr,(R+R),0,3,0,15.66667,40.73784667475,5.69717178960748,80.0,2.0
RhoA perturbation; Rac1 response,Hill_expr,(R+R),0,3,0,16.0,42.584126971625,5.770515788632695,80.0,2.0
RhoA perturbation; Rac1 response,Hill_expr,(R+R),0,3,0,16.33333,41.846711594625,5.8275534461558385,80.0,2.0
RhoA perturbation; Rac1 response,Hill_expr,(R+R),0,3,0,16.66667,40.94162946050001,5.733888215518726,80.0,2.0
RhoA perturbation; Rac1 response,Hill_expr,(R+R),0,3,0,17.0,43.055054836375035,5.754478083690295,80.0,2.0
RhoA perturbation; Rac1 response,Hill_expr,(R+R),0,3,0,17.33333,42.855766021125014,5.6963691598033295,80.0,2.0
RhoA perturbation; Rac1 response,Hill_expr,(R+R),0,3,0,17.66667,44.7054921885,5.806444494935948,80.0,2.0
RhoA perturbation; Rac1 response,Hill_expr,(R+R),0,3,0,18.0,44.263716705749985,5.744471784096954,80.0,2.0
RhoA perturbation; Rac1 response,Hill_expr,(R+R),0,3,0,18.33333,42.8251505395,5.801277555080771,80.0,2.0
RhoA perturbation; Rac1 response,Hill_expr,(R+R),0,3,0,18.66667,43.388878527625,5.829161035786278,80.0,2.0
RhoA perturbation; Rac1 response,Hill_expr,(R+R),0,3,0,19.0,43.666588430625005,5.667702243793217,80.0,2.0
RhoA perturbation; Rac1 response,Hill_expr,(R+R),0,3,0,19.33333,45.334017831999994,5.812417520349717,80.0,2.0
RhoA perturbation; Rac1 response,Hill_expr,(R+R),0,3,0,19.66667,44.914543018875,5.79099819192254,80.0,2.0
RhoA perturbation; Rac1 response,Hill_expr,(R+R),0,3,0,20.0,44.572232559250004,5.817052810245743,80.0,2.0
RhoA perturbation; Rac1 response,Hill_expr,(R+R),0,3,0,20.33333,40.51139308287501,5.706678918618629,80.0,2.0
RhoA perturbation; Rac1 response,Hill_expr,(R+R),0,3,0,20.66667,37.803339820625,5.442297824147259,80.0,2.0
RhoA perturbation; Rac1 response,Hill_expr,(R+R),0,3,0,21.0,36.83530481274999,5.377426535933674,80.0,2.0
RhoA perturbation; Rac1 response,Hill_expr,(R+R),0,3,0,21.33333,34.902504401749994,5.086190084460841,80.0,2.0
RhoA perturbation; Rac1 response,Hill_expr,(R+R),0,3,0,21.66667,32.358773020124985,4.962234411776436,80.0,2.0
RhoA perturbation; Rac1 response,Hill_expr,(R+R),0,3,0,22.0,31.058346401500007,4.718970813896896,80.0,2.0
RhoA perturbation; Rac1 response,Hill_expr,(R+R),0,3,0,22.33333,30.659511084875,4.591853455206336,80.0,2.0
RhoA perturbation; Rac1 response,Hill_expr,(R+R),0,3,0,22.66667,27.945735520249997,4.519291240834524,80.0,2.0
RhoA perturbation; Rac1 response,Hill_expr,(R+R),0,3,0,23.0,29.499232588624988,4.379393433310475,80.0,2.0
RhoA perturbation; Rac1 response,Hill_expr,(R+R),0,3,0,23.33333,26.421660202749997,4.194218334282237,80.0,2.0
RhoA perturbation; Rac1 response,Hill_expr,(R+R),0,3,0,23.66667,25.22736179324999,4.17689653001624,80.0,2.0
RhoA perturbation; Rac1 response,Hill_expr,(R+R),0,3,0,24.0,24.314893736374998,4.061461501574148,80.0,2.0
RhoA perturbation; Rac1 response,Hill_expr,(R+R),0,3,0,24.33333,22.240597807375,3.843944873018156,80.0,2.0
RhoA perturbation; Rac1 response,Hill_expr,(R+R),0,3,0,24.66667,21.553199025624988,3.6691485795747103,80.0,2.0
RhoA perturbation; Rac1 response,Hill_expr,(R+R),0,3,0,25.0,19.863821151125,3.6468348086246767,80.0,2.0
RhoA perturbation; Rac1 response,Hill_expr,(R+R),0,3,0,25.33333,16.932267740750003,3.4805307171673125,80.0,2.0
RhoA perturbation; Rac1 response,Hill_expr,(R+R),0,3,0,25.66667,18.068718093875006,3.528808249145459,80.0,2.0
RhoA perturbation; Rac1 response,Hill_expr,(R+R),0,3,0,26.0,16.248535159249997,3.4082234275501917,80.0,2.0
RhoA perturbation; Rac1 response,Hill_expr,(R+R),0,3,0,26.33333,17.563465463875,3.382511521953084,80.0,2.0
RhoA perturbation; Rac1 response,Hill_expr,(R+R),0,3,0,26.66667,15.361787431625,3.1845843076809692,80.0,2.0
RhoA perturbation; Rac1 response,Hill_expr,(R+R),0,3,0,27.0,14.854973019500008,3.097704325022788,80.0,2.0
RhoA perturbation; Rac1 response,Hill_expr,(R+R),0,3,0,27.33333,14.746504492124995,3.089208804848729,80.0,2.0
RhoA perturbation; Rac1 response,Hill_expr,(R+R),0,3,0,27.66667,13.389730869875,2.86435067269115,80.0,2.0
RhoA perturbation; Rac1 response,Hill_expr,(R+R),0,3,0,28.0,13.047866296875,2.7829199705590355,80.0,2.0
RhoA perturbation; Rac1 response,Hill_expr,(R+R),0,3,0,28.33333,12.79419637099999,2.741318158577171,80.0,2.0
RhoA perturbation; Rac1 response,Hill_expr,(R+R),0,3,0,28.66667,12.093769360875005,2.5876402780456833,80.0,2.0
RhoA perturbation; Rac1 response,Hill_expr,(R+R),0,3,0,29.0,13.066173804999995,2.5590064226511555,80.0,2.0
RhoA perturbation; Rac1 response,Hill_expr,(R+R),0,3,0,29.33333,11.962233619500001,2.2764795137535137,80.0,2.0
RhoA perturbation; Rac1 response,Hill_expr,(R+R),0,3,0,29.66667,11.778198033,2.3065581426143087,80.0,2.0
RhoA perturbation; Rac1 response,Hill_expr,(R+R),0,3,0,30.0,11.931489493625001,2.283206439036089,80.0,2.0
RhoA perturbation; Rac1 response,Hill_expr,(R+R),0,3,0,30.33333,11.864284518250006,2.227124211277553,80.0,2.0
RhoA perturbation; Rac1 response,Hill_expr,(R+R),0,3,0,30.66667,10.727707190500002,2.1617326843202975,80.0,2.0
RhoA perturbation; Rac1 response,Hill_expr,(R+R),0,3,0,31.0,11.321055857875002,2.1133653218609703,80.0,2.0
RhoA perturbation; Rac1 response,Hill_expr,(R+R),0,3,0,31.33333,9.681192162124999,2.075053951855054,80.0,2.0
RhoA perturbation; Rac1 response,Hill_expr,(R+R),0,3,0,31.66667,9.858793051125001,1.9731991137083271,80.0,2.0
RhoA perturbation; Rac1 response,Hill_expr,(R+R),0,3,0,32.0,9.751500392875,1.8185354370605673,80.0,2.0
RhoA perturbation; Rac1 response,Hill_expr,(R+R),0,3,0,32.33333,10.423419645,1.8611195091302073,80.0,2.0
RhoA perturbation; Rac1 response,Hill_expr,(R+R),0,3,0,32.66667,9.1168839295,1.8294995092749495,80.0,2.0
RhoA perturbation; Rac1 response,Hill_expr,(R+R),0,3,0,33.0,7.897097908499991,1.7983095647373577,80.0,2.0
RhoA perturbation; Rac1 response,Hill_expr,(R+R),0,3,0,33.33333,7.189429227124994,1.7042641393511773,80.0,2.0
RhoA perturbation; Rac1 response,Hill_expr,(R+R),0,3,0,33.66667,7.7557665621249985,1.7977748334996162,80.0,2.0
RhoA perturbation; Rac1 response,Hill_expr,(R+R),0,3,0,34.0,7.001074584124995,1.9620248084976701,80.0,2.0
RhoA perturbation; Rac1 response,Hill_expr,(R+R),0,3,0,34.33333,7.552257760375001,1.8208534926932152,80.0,2.0
RhoA perturbation; Rac1 response,Hill_expr,(R+R),0,3,0,34.66667,6.673025697000003,1.8516300730445912,80.0,2.0
RhoA perturbation; Rac1 response,Hill_expr,(R+R),0,3,0,35.0,7.022828758875003,1.8260248447738565,80.0,2.0
RhoA perturbation; Rac1 response,Hill_expr,(R+R),0,3,0,35.33333,5.354098614625,1.727030919005176,80.0,2.0
RhoA perturbation; Rac1 response,Hill_expr,(R+R),0,3,0,35.66667,6.334587531499996,1.7152440553908999,80.0,2.0
RhoA perturbation; Rac1 response,Hill_expr,(R+R),0,3,0,36.0,4.428455727374998,1.7127589728698311,80.0,2.0
RhoA perturbation; Rac1 response,Hill_expr,(R+R),0,3,0,36.33333,4.410370907000005,1.613681805084379,80.0,2.0
RhoA perturbation; Rac1 response,Hill_expr,(R+R),0,3,0,36.66667,4.115654407875,1.625652970086845,80.0,2.0
RhoA perturbation; Rac1 response,Hill_expr,(R+R),0,3,0,37.0,4.479636555875,1.7000713535578325,80.0,2.0
RhoA perturbation; Rac1 response,Hill_expr,(R+R),0,3,0,37.33333,2.868887833624999,1.662513012809657,80.0,2.0
RhoA perturbation; Rac1 response,Hill_expr,(R+R),0,3,0,37.66667,4.2424165142499985,1.7261812779100496,80.0,2.0
RhoA perturbation; Rac1 response,Hill_expr,(R+R),0,3,0,38.0,4.4917785188750035,1.6113699205025556,80.0,2.0
RhoA perturbation; Rac1 response,Hill_expr,(R+R),0,3,0,38.33333,3.819373902500002,1.7679290644372516,80.0,2.0
RhoA perturbation; Rac1 response,Hill_expr,(R+R),0,3,0,38.66667,3.0226327430000017,1.804166249213009,80.0,2.0
RhoA perturbation; Rac1 response,Hill_expr,(R+R),0,3,0,39.0,3.471399687500001,1.7428258510903027,80.0,2.0
RhoA perturbation; Rac1 response,Hill_expr,(R+R),0,3,0,39.33333,3.5710842597500005,1.6776002402277683,80.0,2.0
RhoA perturbation; Rac1 response,Hill_expr,(R+R),0,3,0,39.66667,3.4638432541250013,1.587218421349147,80.0,2.0
RhoA perturbation; Rac1 response,Hill_expr,(R+R),0,3,0,40.0,4.459667909874997,1.7199645389940506,80.0,2.0
RhoA perturbation; Rac1 response,Hill_expr,((R+R)+R),0,5,0,0.0,-0.9931512857500001,0.2930358516672621,80.0,0.0
RhoA perturbation; Rac1 response,Hill_expr,((R+R)+R),0,5,0,0.3333333,14.05484543712499,2.7689854655564425,80.0,2.99872701913904
RhoA perturbation; Rac1 response,Hill_expr,((R+R)+R),0,5,0,0.6666667,17.840202627750003,3.2205576531637807,80.0,2.9999994598411677
RhoA perturbation; Rac1 response,Hill_expr,((R+R)+R),0,5,0,1.0,19.956233638750003,3.442955807410961,80.0,2.999999999770796
RhoA perturbation; Rac1 response,Hill_expr,((R+R)+R),0,5,0,1.333333,21.843358484374992,3.5875551291744125,80.0,2.9999999999999027
RhoA perturbation; Rac1 response,Hill_expr,((R+R)+R),0,5,0,1.666667,20.794324358125007,3.7574895152656023,80.0,3.0
RhoA perturbation; Rac1 response,Hill_expr,((R+R)+R),0,5,0,2.0,22.349197607374983,3.906772941300473,80.0,3.0
RhoA perturbation; Rac1 response,Hill_expr,((R+R)+R),0,5,0,2.333333,22.23171431124999,4.062614000548535,80.0,3.0
RhoA perturbation; Rac1 response,Hill_expr,((R+R)+R),0,5,0,2.666667,24.265378724125007,4.179210356349098,80.0,3.0
RhoA perturbation; Rac1 response,Hill_expr,((R+R)+R),0,5,0,3.0,25.918459290375004,4.414457016384039,80.0,3.0
RhoA perturbation; Rac1 response,Hill_expr,((R+R)+R),0,5,0,3.333333,25.84004893499999,4.527815666649435,80.0,3.0
RhoA perturbation; Rac1 response,Hill_expr,((R+R)+R),0,5,0,3.666667,25.84496122112501,4.766097323169697,80.0,3.0
RhoA perturbation; Rac1 response,Hill_expr,((R+R)+R),0,5,0,4.0,25.811583304499987,4.749304233032243,80.0,3.0
RhoA perturbation; Rac1 response,Hill_expr,((R+R)+R),0,5,0,4.333334,29.75857579150001,4.958198392281836,80.0,3.0
RhoA perturbation; Rac1 response,Hill_expr,((R+R)+R),0,5,0,4.666667,27.878301637000003,5.050262659092711,80.0,3.0
RhoA perturbation; Rac1 response,Hill_expr,((R+R)+R),0,5,0,5.0,30.594271491749986,5.113990815370671,80.0,3.0
RhoA perturbation; Rac1 response,Hill_expr,((R+R)+R),0,5,0,5.333334,32.134596649375005,5.15048245258548,80.0,3.0
RhoA perturbation; Rac1 response,Hill_expr,((R+R)+R),0,5,0,5.666667,31.656008856874998,5.1193289143828835,80.0,3.0
RhoA perturbation; Rac1 response,Hill_expr,((R+R)+R),0,5,0,6.0,32.08497583187501,5.152554104036383,80.0,3.0
RhoA perturbation; Rac1 response,Hill_expr,((R+R)+R),0,5,0,6.333334,32.85001744749998,5.187868992485546,80.0,3.0
RhoA perturbation; Rac1 response,Hill_expr,((R+R)+R),0,5,0,6.666667,33.21562006187501,5.280109422853797,80.0,3.0
RhoA perturbation; Rac1 response,Hill_expr,((R+R)+R),0,5,0,7.0,34.55065387687502,5.202673773628684,80.0,3.0
RhoA perturbation; Rac1 response,Hill_expr,((R+R)+R),0,5,0,7.333334,34.70303551737499,5.243391533936802,80.0,3.0
RhoA perturbation; Rac1 response,Hill_expr,((R+R)+R),0,5,0,7.666667,35.43317001200001,5.359945574131809,80.0,3.0
RhoA perturbation; Rac1 response,Hill_expr,((R+R)+R),0,5,0,8.0,35.21082664687499,5.293810489019405,80.0,3.0
RhoA perturbation; Rac1 response,Hill_expr,((R+R)+R),0,5,0,8.333333,34.38095184412499,5.239779563766989,80.0,3.0
RhoA perturbation; Rac1 response,Hill_expr,((R+R)+R),0,5,0,8.666667,34.51231650587501,5.337311100437704,80.0,3.0
RhoA perturbation; Rac1 response,Hill_expr,((R+R)+R),0,5,0,9.0,36.739394404125,5.316336836358264,80.0,3.0
RhoA perturbation; Rac1 response,Hill_expr,((R+R)+R),0,5,0,9.333333,35.86836106362501,5.531727310296695,80.0,3.0
RhoA perturbation; Rac1 response,Hill_expr,((R+R)+R),0,5,0,9.666667,36.407556719374995,5.428268466568994,80.0,3.0
RhoA perturbation; Rac1 response,Hill_expr,((R+R)+R),0,5,0,10.0,35.335303085250004,5.434029141654743,80.0,3.0
RhoA perturbation; Rac1 response,Hill_expr,((R+R)+R),0,5,0,10.33333,35.160878269624995,5.396729922961505,80.0,3.0
RhoA perturbation; Rac1 response,Hill_expr,((R+R)+R),0,5,0,10.66667,36.24939250387503,5.538121957950258,80.0,3.0
RhoA perturbation; Rac1 response,Hill_expr,((R+R)+R),0,5,0,11.0,37.37152335212499,5.528340849936087,80.0,3.0
RhoA perturbation; Rac1 response,Hill_expr,((R+R)+R),0,5,0,11.33333,38.74832157974999,5.533748750438115,80.0,3.0
RhoA perturbation; Rac1 response,Hill_expr,((R+R)+R),0,5,0,11.66667,38.07010675412502,5.543759331789647,80.0,3.0
RhoA perturbation; Rac1 response,Hill_expr,((R+R)+R),0,5,0,12.0,39.63976049699998,5.670038938734038,80.0,3.0
RhoA perturbation; Rac1 response,Hill_expr,((R+R)+R),0,5,0,12.33333,39.877722357875015,5.6815290829271685,80.0,3.0
RhoA perturbation; Rac1 response,Hill_expr,((R+R)+R),0,5,0,12.66667,41.43385763199999,5.604815366791928,80.0,3.0
RhoA perturbation; Rac1 response,Hill_expr,((R+R)+R),0,5,0,13.0,41.57483332500002,5.6808779593278755,80.0,3.0
RhoA perturbation; Rac1 response,Hill_expr,((R+R)+R),0,5,0,13.33333,42.19735376224999,5.733610998560068,80.0,3.0
RhoA perturbation; Rac1 response,Hill_expr,((R+R)+R),0,5,0,13.66667,40.362294325375004,5.723266613190431,80.0,3.0
RhoA perturbation; Rac1 response,Hill_expr,((R+R)+R),0,5,0,14.0,39.47222318150003,5.696522983669431,80.0,3.0
RhoA perturbation; Rac1 response,Hill_expr,((R+R)+R),0,5,0,14.33333,39.705036106124986,5.583156165948099,80.0,3.0
RhoA perturbation; Rac1 response,Hill_expr,((R+R)+R),0,5,0,14.66667,40.851035414875,5.6522790317061204,80.0,3.0
RhoA perturbation; Rac1 response,Hill_expr,((R+R)+R),0,5,0,15.0,40.54514006962498,5.6768523043026615,80.0,3.0
RhoA perturbation; Rac1 response,Hill_expr,((R+R)+R),0,5,0,15.33333,41.32761998424999,5.630671607329237,80.0,3.0
RhoA perturbation; Rac1 response,Hill_expr,((R+R)+R),0,5,0,15.66667,40.73784667475,5.69717178960748,80.0,3.0
RhoA perturbation; Rac1 response,Hill_expr,((R+R)+R),0,5,0,16.0,42.584126971625,5.770515788632695,80.0,3.0
RhoA perturbation; Rac1 response,Hill_expr,((R+R)+R),0,5,0,16.33333,41.846711594625,5.8275534461558385,80.0,3.0
RhoA perturbation; Rac1 response,Hill_expr,((R+R)+R),0,5,0,16.66667,40.94162946050001,5.733888215518726,80.0,3.0
RhoA perturbation; Rac1 response,Hill_expr,((R+R)+R),0,5,0,17.0,43.055054836375035,5.754478083690295,80.0,3.0
RhoA perturbation; Rac1 response,Hill_expr,((R+R)+R),0,5,0,17.33333,42.855766021125014,5.6963691598033295,80.0,3.0
RhoA perturbation; Rac1 response,Hill_expr,((R+R)+R),0,5,0,17.66667,44.7054921885,5.806444494935948,80.0,3.0
RhoA perturbation; Rac1 response,Hill_expr,((R+R)+R),0,5,0,18.0,44.263716705749985,5.744471784096954,80.0,3.0
RhoA perturbation; Rac1 response,Hill_expr,((R+R)+R),0,5,0,18.33333,42.8251505395,5.801277555080771,80.0,3.0
RhoA perturbation; Rac1 response,Hill_expr,((R+R)+R),0,5,0,18.66667,43.388878527625,5.829161035786278,80.0,3.0
RhoA perturbation; Rac1 response,Hill_expr,((R+R)+R),0,5,0,19.0,43.666588430625005,5.667702243793217,80.0,3.0
RhoA perturbation; Rac1 response,Hill_expr,((R+R)+R),0,5,0,19.33333,45.334017831999994,5.812417520349717,80.0,3.0
RhoA perturbation; Rac1 response,Hill_expr,((R+R)+R),0,5,0,19.66667,44.914543018875,5.79099819192254,80.0,3.0
RhoA perturbation; Rac1 response,Hill_expr,((R+R)+R),0,5,0,20.0,44.572232559250004,5.817052810245743,80.0,3.0
RhoA perturbation; Rac1 response,Hill_expr,((R+R)+R),0,5,0,20.33333,40.51139308287501,5.706678918618629,80.0,3.0
RhoA perturbation; Rac1 response,Hill_expr,((R+R)+R),0,5,0,20.66667,37.803339820625,5.442297824147259,80.0,3.0
RhoA perturbation; Rac1 response,Hill_expr,((R+R)+R),0,5,0,21.0,36.83530481274999,5.377426535933674,80.0,3.0
RhoA perturbation; Rac1 response,Hill_expr,((R+R)+R),0,5,0,21.33333,34.902504401749994,5.086190084460841,80.0,3.0
RhoA perturbation; Rac1 response,Hill_expr,((R+R)+R),0,5,0,21.66667,32.358773020124985,4.962234411776436,80.0,3.0
RhoA perturbation; Rac1 response,Hill_expr,((R+R)+R),0,5,0,22.0,31.058346401500007,4.718970813896896,80.0,3.0
RhoA perturbation; Rac1 response,Hill_expr,((R+R)+R),0,5,0,22.33333,30.659511084875,4.591853455206336,80.0,3.0
RhoA perturbation; Rac1 response,Hill_expr,((R+R)+R),0,5,0,22.66667,27.945735520249997,4.519291240834524,80.0,3.0
RhoA perturbation; Rac1 response,Hill_expr,((R+R)+R),0,5,0,23.0,29.499232588624988,4.379393433310475,80.0,3.0
RhoA perturbation; Rac1 response,Hill_expr,((R+R)+R),0,5,0,23.33333,26.421660202749997,4.194218334282237,80.0,3.0
RhoA perturbation; Rac1 response,Hill_expr,((R+R)+R),0,5,0,23.66667,25.22736179324999,4.17689653001624,80.0,3.0
RhoA perturbation; Rac1 response,Hill_expr,((R+R)+R),0,5,0,24.0,24.314893736374998,4.061461501574148,80.0,3.0
RhoA perturbation; Rac1 response,Hill_expr,((R+R)+R),0,5,0,24.33333,22.240597807375,3.843944873018156,80.0,3.0
RhoA perturbation; Rac1 response,Hill_expr,((R+R)+R),0,5,0,24.66667,21.553199025624988,3.6691485795747103,80.0,3.0
RhoA perturbation; Rac1 response,Hill_expr,((R+R)+R),0,5,0,25.0,19.863821151125,3.6468348086246767,80.0,3.0
RhoA perturbation; Rac1 response,Hill_expr,((R+R)+R),0,5,0,25.33333,16.932267740750003,3.4805307171673125,80.0,3.0
RhoA perturbation; Rac1 response,Hill_expr,((R+R)+R),0,5,0,25.66667,18.068718093875006,3.528808249145459,80.0,3.0
RhoA perturbation; Rac1 response,Hill_expr,((R+R)+R),0,5,0,26.0,16.248535159249997,3.4082234275501917,80.0,3.0
RhoA perturbation; Rac1 response,Hill_expr,((R+R)+R),0,5,0,26.33333,17.563465463875,3.382511521953084,80.0,3.0
RhoA perturbation; Rac1 response,Hill_expr,((R+R)+R),0,5,0,26.66667,15.361787431625,3.1845843076809692,80.0,3.0
RhoA perturbation; Rac1 response,Hill_expr,((R+R)+R),0,5,0,27.0,14.854973019500008,3.097704325022788,80.0,3.0
RhoA perturbation; Rac1 response,Hill_expr,((R+R)+R),0,5,0,27.33333,14.746504492124995,3.089208804848729,80.0,3.0
RhoA perturbation; Rac1 response,Hill_expr,((R+R)+R),0,5,0,27.66667,13.389730869875,2.86435067269115,80.0,3.0
RhoA perturbation; Rac1 response,Hill_expr,((R+R)+R),0,5,0,28.0,13.047866296875,2.7829199705590355,80.0,3.0
RhoA perturbation; Rac1 response,Hill_expr,((R+R)+R),0,5,0,28.33333,12.79419637099999,2.741318158577171,80.0,3.0
RhoA perturbation; Rac1 response,Hill_expr,((R+R)+R),0,5,0,28.66667,12.093769360875005,2.5876402780456833,80.0,3.0
RhoA perturbation; Rac1 response,Hill_expr,((R+R)+R),0,5,0,29.0,13.066173804999995,2.5590064226511555,80.0,3.0
RhoA perturbation; Rac1 response,Hill_expr,((R+R)+R),0,5,0,29.33333,11.962233619500001,2.2764795137535137,80.0,3.0
RhoA perturbation; Rac1 response,Hill_expr,((R+R)+R),0,5,0,29.66667,11.778198033,2.3065581426143087,80.0,3.0
RhoA perturbation; Rac1 response,Hill_expr,((R+R)+R),0,5,0,30.0,11.931489493625001,2.283206439036089,80.0,3.0
RhoA perturbation; Rac1 response,Hill_expr,((R+R)+R),0,5,0,30.33333,11.864284518250006,2.227124211277553,80.0,3.0
RhoA perturbation; Rac1 response,Hill_expr,((R+R)+R),0,5,0,30.66667,10.727707190500002,2.1617326843202975,80.0,3.0
RhoA perturbation; Rac1 response,Hill_expr,((R+R)+R),0,5,0,31.0,11.321055857875002,2.1133653218609703,80.0,3.0
RhoA perturbation; Rac1 response,Hill_expr,((R+R)+R),0,5,0,31.33333,9.681192162124999,2.075053951855054,80.0,3.0
RhoA perturbation; Rac1 response,Hill_expr,((R+R)+R),0,5,0,31.66667,9.858793051125001,1.9731991137083271,80.0,3.0
RhoA perturbation; Rac1 response,Hill_expr,((R+R)+R),0,5,0,32.0,9.751500392875,1.8185354370605673,80.0,3.0
RhoA perturbation; Rac1 response,Hill_expr,((R+R)+R),0,5,0,32.33333,10.423419645,1.8611195091302073,80.0,3.0
RhoA perturbation; Rac1 response,Hill_expr,((R+R)+R),0,5,0,32.66667,9.1168839295,1.8294995092749495,80.0,3.0
RhoA perturbation; Rac1 response,Hill_expr,((R+R)+R),0,5,0,33.0,7.897097908499991,1.7983095647373577,80.0,3.0
RhoA perturbation; Rac1 response,Hill_expr,((R+R)+R),0,5,0,33.33333,7.189429227124994,1.7042641393511773,80.0,3.0
RhoA perturbation; Rac1 response,Hill_expr,((R+R)+R),0,5,0,33.66667,7.7557665621249985,1.7977748334996162,80.0,3.0
RhoA perturbation; Rac1 response,Hill_expr,((R+R)+R),0,5,0,34.0,7.001074584124995,1.9620248084976701,80.0,3.0
RhoA perturbation; Rac1 response,Hill_expr,((R+R)+R),0,5,0,34.33333,7.552257760375001,1.8208534926932152,80.0,3.0
RhoA perturbation; Rac1 response,Hill_expr,((R+R)+R),0,5,0,34.66667,6.673025697000003,1.8516300730445912,80.0,3.0
RhoA perturbation; Rac1 response,Hill_expr,((R+R)+R),0,5,0,35.0,7.022828758875003,1.8260248447738565,80.0,3.0
RhoA perturbation; Rac1 response,Hill_expr,((R+R)+R),0,5,0,35.33333,5.354098614625,1.727030919005176,80.0,3.0
RhoA perturbation; Rac1 response,Hill_expr,((R+R)+R),0,5,0,35.66667,6.334587531499996,1.7152440553908999,80.0,3.0
RhoA perturbation; Rac1 response,Hill_expr,((R+R)+R),0,5,0,36.0,4.428455727374998,1.7127589728698311,80.0,3.0
RhoA perturbation; Rac1 response,Hill_expr,((R+R)+R),0,5,0,36.33333,4.410370907000005,1.613681805084379,80.0,3.0
RhoA perturbation; Rac1 response,Hill_expr,((R+R)+R),0,5,0,36.66667,4.115654407875,1.625652970086845,80.0,3.0
RhoA perturbation; Rac1 response,Hill_expr,((R+R)+R),0,5,0,37.0,4.479636555875,1.7000713535578325,80.0,3.0
RhoA perturbation; Rac1 response,Hill_expr,((R+R)+R),0,5,0,37.33333,2.868887833624999,1.662513012809657,80.0,3.0
RhoA perturbation; Rac1 response,Hill_expr,((R+R)+R),0,5,0,37.66667,4.2424165142499985,1.7261812779100496,80.0,3.0
RhoA perturbation; Rac1 response,Hill_expr,((R+R)+R),0,5,0,38.0,4.4917785188750035,1.6113699205025556,80.0,3.0
RhoA perturbation; Rac1 response,Hill_expr,((R+R)+R),0,5,0,38.33333,3.819373902500002,1.7679290644372516,80.0,3.0
RhoA perturbation; Rac1 response,Hill_expr,((R+R)+R),0,5,0,38.66667,3.0226327430000017,1.804166249213009,80.0,3.0
RhoA perturbation; Rac1 response,Hill_expr,((R+R)+R),0,5,0,39.0,3.471399687500001,1.7428258510903027,80.0,3.0
RhoA perturbation; Rac1 response,Hill_expr,((R+R)+R),0,5,0,39.33333,3.5710842597500005,1.6776002402277683,80.0,3.0
RhoA perturbation; Rac1 response,Hill_expr,((R+R)+R),0,5,0,39.66667,3.4638432541250013,1.587218421349147,80.0,3.0
RhoA perturbation; Rac1 response,Hill_expr,((R+R)+R),0,5,0,40.0,4.459667909874997,1.7199645389940506,80.0,3.0
RhoA perturbation; Rac1 response,Hill_expr,H(R),1,2,1,0.0,-0.9931512857500001,0.2930358516672621,80.0,22.897701600860426
RhoA perturbation; Rac1 response,Hill_expr,H(R),1,2,1,0.3333333,14.05484543712499,2.7689854655564425,80.0,22.897701600860426
RhoA perturbation; Rac1 response,Hill_expr,H(R),1,2,1,0.6666667,17.840202627750003,3.2205576531637807,80.0,22.897701600860426
RhoA perturbation; Rac1 response,Hill_expr,H(R),1,2,1,1.0,19.956233638750003,3.442955807410961,80.0,22.897701600860426
RhoA perturbation; Rac1 response,Hill_expr,H(R),1,2,1,1.333333,21.843358484374992,3.5875551291744125,80.0,22.897701600860426
RhoA perturbation; Rac1 response,Hill_expr,H(R),1,2,1,1.666667,20.794324358125007,3.7574895152656023,80.0,22.897701600860426
RhoA perturbation; Rac1 response,Hill_expr,H(R),1,2,1,2.0,22.349197607374983,3.906772941300473,80.0,22.897701600860426
RhoA perturbation; Rac1 response,Hill_expr,H(R),1,2,1,2.333333,22.23171431124999,4.062614000548535,80.0,22.897701600860426
RhoA perturbation; Rac1 response,Hill_expr,H(R),1,2,1,2.666667,24.265378724125007,4.179210356349098,80.0,22.897701600860426
RhoA perturbation; Rac1 response,Hill_expr,H(R),1,2,1,3.0,25.918459290375004,4.414457016384039,80.0,22.897701600860426
RhoA perturbation; Rac1 response,Hill_expr,H(R),1,2,1,3.333333,25.84004893499999,4.527815666649435,80.0,22.897701600860426
RhoA perturbation; Rac1 response,Hill_expr,H(R),1,2,1,3.666667,25.84496122112501,4.766097323169697,80.0,22.897701600860426
RhoA perturbation; Rac1 response,Hill_expr,H(R),1,2,1,4.0,25.811583304499987,4.749304233032243,80.0,22.897701600860426
RhoA perturbation; Rac1 response,Hill_expr,H(R),1,2,1,4.333334,29.75857579150001,4.958198392281836,80.0,22.897701600860426
RhoA perturbation; Rac1 response,Hill_expr,H(R),1,2,1,4.666667,27.878301637000003,5.050262659092711,80.0,22.897701600860415
RhoA perturbation; Rac1 response,Hill_expr,H(R),1,2,1,5.0,30.594271491749986,5.113990815370671,80.0,22.897701600860373
RhoA perturbation; Rac1 response,Hill_expr,H(R),1,2,1,5.333334,32.134596649375005,5.15048245258548,80.0,22.897701600860156
RhoA perturbation; Rac1 response,Hill_expr,H(R),1,2,1,5.666667,31.656008856874998,5.1193289143828835,80.0,22.897701600859204
RhoA perturbation; Rac1 response,Hill_expr,H(R),1,2,1,6.0,32.08497583187501,5.152554104036383,80.0,22.897701600855434
RhoA perturbation; Rac1 response,Hill_expr,H(R),1,2,1,6.333334,32.85001744749998,5.187868992485546,80.0,22.8977016008418
RhoA perturbation; Rac1 response,Hill_expr,H(R),1,2,1,6.666667,33.21562006187501,5.280109422853797,80.0,22.8977016007964
RhoA perturbation; Rac1 response,Hill_expr,H(R),1,2,1,7.0,34.55065387687502,5.202673773628684,80.0,22.897701600656028
RhoA perturbation; Rac1 response,Hill_expr,H(R),1,2,1,7.333334,34.70303551737499,5.243391533936802,80.0,22.897701600250166
RhoA perturbation; Rac1 response,Hill_expr,H(R),1,2,1,7.666667,35.43317001200001,5.359945574131809,80.0,22.897701599146018
RhoA perturbation; Rac1 response,Hill_expr,H(R),1,2,1,8.0,35.21082664687499,5.293810489019405,80.0,22.897701596304536
RhoA perturbation; Rac1 response,Hill_expr,H(R),1,2,1,8.333333,34.38095184412499,5.239779563766989,80.0,22.897701589355012
RhoA perturbation; Rac1 response,Hill_expr,H(R),1,2,1,8.666667,34.51231650587501,5.337311100437704,80.0,22.897701573134952
RhoA perturbation; Rac1 response,Hill_expr,H(R),1,2,1,9.0,36.739394404125,5.316336836358264,80.0,22.897701536875807
RhoA perturbation; Rac1 response,Hill_expr,H(R),1,2,1,9.333333,35.86836106362501,5.531727310296695,80.0,22.897701458988717
RhoA perturbation; Rac1 response,Hill_expr,H(R),1,2,1,9.666667,36.407556719374995,5.428268466568994,80.0,22.89770129775385
RhoA perturbation; Rac1 response,Hill_expr,H(R),1,2,1,10.0,35.335303085250004,5.434029141654743,80.0,22.897700975256697
RhoA perturbation; Rac1 response,Hill_expr,H(R),1,2,1,10.33333,35.160878269624995,5.396729922961505,80.0,22.897700350537665
RhoA perturbation; Rac1 response,Hill_expr,H(R),1,2,1,10.66667,36.24939250387503,5.538121957950258,80.0,22.897699175958056
RhoA perturbation; Rac1 response,Hill_expr,H(R),1,2,1,11.0,37.37152335212499,5.528340849936087,80.0,22.8976970285825
RhoA perturbation; Rac1 response,Hill_expr,H(R),1,2,1,11.33333,38.74832157974999,5.533748750438115,80.0,22.897693204223042
RhoA perturbation; Rac1 response,Hill_expr,H(R),1,2,1,11.66667,38.07010675412502,5.543759331789647,80.0,22.897686558595566
RhoA perturbation; Rac1 response,Hill_expr,H(R),1,2,1,12.0,39.63976049699998,5.670038938734038,80.0,22.897675275432167
RhoA perturbation; Rac1 response,Hill_expr,H(R),1,2,1,12.33333,39.877722357875015,5.6815290829271685,80.0,22.897656531435437
RhoA perturbation; Rac1 response,Hill_expr,H(R),1,2,1,12.66667,41.43385763199999,5.604815366791928,80.0,22.897626026398378
RhoA perturbation; Rac1 response,Hill_expr,H(R),1,2,1,13.0,41.57483332500002,5.6808779593278755,80.0,22.897577339883014
RhoA perturbation; Rac1 response,Hill_expr,H(R),1,2,1,13.33333,42.19735376224999,5.733610998560068,80.0,22.897501050261265
RhoA perturbation; Rac1 response,Hill_expr,H(R),1,2,1,13.66667,40.362294325375004,5.723266613190431,80.0,22.89738356904905
RhoA perturbation; Rac1 response,Hill_expr,H(R),1,2,1,14.0,39.47222318150003,5.696522983669431,80.0,22.89720563266573
RhoA perturbation; Rac1 response,Hill_expr,H(R),1,2,1,14.33333,39.705036106124986,5.583156165948099,80.0,22.896940322912688
RhoA perturbation; Rac1 response,Hill_expr,H(R),1,2,1,14.66667,40.851035414875,5.6522790317061204,80.0,22.89655058291029
RhoA perturbation; Rac1 response,Hill_expr,H(R),1,2,1,15.0,40.54514006962498,5.6768523043026615,80.0,22.895986165413337
RhoA perturbation; Rac1 response,Hill_expr,H(R),1,2,1,15.33333,41.32761998424999,5.630671607329237,80.0,22.8951797517632
RhoA perturbation; Rac1 response,Hill_expr,H(R),1,2,1,15.66667,40.73784667475,5.69717178960748,80.0,22.894042326577157
RhoA perturbation; Rac1 response,Hill_expr,H(R),1,2,1,16.0,42.584126971625,5.770515788632695,80.0,22.89245777604191
RhoA perturbation; Rac1 response,Hill_expr,H(R),1,2,1,16.33333,41.846711594625,5.8275534461558385,80.0,22.890276150686688
RhoA perturbation; Rac1 response,Hill_expr,H(R),1,2,1,16.66667,40.94162946050001,5.733888215518726,80.0,22.88730607124956
RhoA perturbation; Rac1 response,Hill_expr,H(R),1,2,1,17.0,43.055054836375035,5.754478083690295,80.0,22.88330633212387
RhoA perturbation; Rac1 response,Hill_expr,H(R),1,2,1,17.33333,42.855766021125014,5.6963691598033295,80.0,22.87797547504456
RhoA perturbation; Rac1 response,Hill_expr,H(R),1,2,1,17.66667,44.7054921885,5.806444494935948,80.0,22.87094083039777
RhoA perturbation; Rac1 response,Hill_expr,H(R),1,2,1,18.0,44.263716705749985,5.744471784096954,80.0,22.861747218185027
RhoA perturbation; Rac1 response,Hill_expr,H(R),1,2,1,18.33333,42.8251505395,5.801277555080771,80.0,22.849842656496755
RhoA perturbation; Rac1 response,Hill_expr,H(R),1,2,1,18.66667,43.388878527625,5.829161035786278,80.0,22.83456487320033
RhoA perturbation; Rac1 response,Hill_expr,H(R),1,2,1,19.0,43.666588430625005,5.667702243793217,80.0,22.81512892792307
RhoA perturbation; Rac1 response,Hill_expr,H(R),1,2,1,19.33333,45.334017831999994,5.812417520349717,80.0,22.790610465179757
RhoA perturbation; Rac1 response,Hill_expr,H(R),1,2,1,19.66667,44.914543018875,5.79099819192254,80.0,22.759933069165935
RhoA perturbation; Rac1 response,Hill_expr,H(R),1,2,1,20.0,44.572232559250004,5.817052810245743,80.0,22.721859878918902
RhoA perturbation; Rac1 response,Hill_expr,H(R),1,2,1,20.33333,40.51139308287501,5.706678918618629,80.0,22.674978752248283
RhoA perturbation; Rac1 response,Hill_expr,H(R),1,2,1,20.66667,37.803339820625,5.442297824147259,80.0,22.61769810364462
RhoA perturbation; Rac1 response,Hill_expr,H(R),1,2,1,21.0,36.83530481274999,5.377426535933674,80.0,22.548252540096883
RhoA perturbation; Rac1 response,Hill_expr,H(R),1,2,1,21.33333,34.902504401749994,5.086190084460841,80.0,22.464698463102508
RhoA perturbation; Rac1 response,Hill_expr,H(R),1,2,1,21.66667,32.358773020124985,4.962234411776436,80.0,22.364931339938167
RhoA perturbation; Rac1 response,Hill_expr,H(R),1,2,1,22.0,31.058346401500007,4.718970813896896,80.0,22.24672047499914
RhoA perturbation; Rac1 response,Hill_expr,H(R),1,2,1,22.33333,30.659511084875,4.591853455206336,80.0,22.10772642497153
RhoA perturbation; Rac1 response,Hill_expr,H(R),1,2,1,22.66667,27.945735520249997,4.519291240834524,80.0,21.945555056393815
RhoA perturbation; Rac1 response,Hill_expr,H(R),1,2,1,23.0,29.499232588624988,4.379393433310475,80.0,21.757836123115037
RhoA perturbation; Rac1 response,Hill_expr,H(R),1,2,1,23.33333,26.421660202749997,4.194218334282237,80.0,21.542268506580115
RhoA perturbation; Rac1 response,Hill_expr,H(R),1,2,1,23.66667,25.22736179324999,4.17689653001624,80.0,21.29671731386737
RhoA perturbation; Rac1 response,Hill_expr,H(R),1,2,1,24.0,24.314893736374998,4.061461501574148,80.0,21.019335384865727
RhoA perturbation; Rac1 response,Hill_expr,H(R),1,2,1,24.33333,22.240597807375,3.843944873018156,80.0,20.70862024189816
RhoA perturbation; Rac1 response,Hill_expr,H(R),1,2,1,24.66667,21.553199025624988,3.6691485795747103,80.0,20.363532752248528
RhoA perturbation; Rac1 response,Hill_expr,H(R),1,2,1,25.0,19.863821151125,3.6468348086246767,80.0,19.983627030271432
RhoA perturbation; Rac1 response,Hill_expr,H(R),1,2,1,25.33333,16.932267740750003,3.4805307171673125,80.0,19.569068576634308
RhoA perturbation; Rac1 response,Hill_expr,H(R),1,2,1,25.66667,18.068718093875006,3.528808249145459,80.0,19.120719245047948
RhoA perturbation; Rac1 response,Hill_expr,H(R),1,2,1,26.0,16.248535159249997,3.4082234275501917,80.0,18.640212340807864
RhoA perturbation; Rac1 response,Hill_expr,H(R),1,2,1,26.33333,17.563465463875,3.382511521953084,80.0,18.12986835469335
RhoA perturbation; Rac1 response,Hill_expr,H(R),1,2,1,26.66667,15.361787431625,3.1845843076809692,80.0,17.592691605075338
RhoA perturbation; Rac1 response,Hill_expr,H(R),1,2,1,27.0,14.854973019500008,3.097704325022788,80.0,17.032347117272508
RhoA perturbation; Rac1 response,Hill_expr,H(R),1,2,1,27.33333,14.746504492124995,3.089208804848729,80.0,16.452956264233734
RhoA perturbation; Rac1 response,Hill_expr,H(R),1,2,1,27.66667,13.389730869875,2.86435067269115,80.0,15.859009730844898
RhoA perturbation; Rac1 response,Hill_expr,H(R),1,2,1,28.0,13.047866296875,2.7829199705590355,80.0,15.255274411317501
RhoA perturbation; Rac1 response,Hill_expr,H(R),1,2,1,28.33333,12.79419637099999,2.741318158577171,80.0,14.646531174940595
RhoA perturbation; Rac1 response,Hill_expr,H(R),1,2,1,28.66667,12.093769360875005,2.5876402780456833,80.0,14.03747688919113
RhoA perturbation; Rac1 response,Hill_expr,H(R),1,2,1,29.0,13.066173804999995,2.5590064226511555,80.0,13.432642836293399
RhoA perturbation; Rac1 response,Hill_expr,H(R),1,2,1,29.33333,11.962233619500001,2.2764795137535137,80.0,12.836168838101857
RhoA perturbation; Rac1 response,Hill_expr,H(R),1,2,1,29.66667,11.778198033,2.3065581426143087,80.0,12.251769009948392
RhoA perturbation; Rac1 response,Hill_expr,H(R),1,2,1,30.0,11.931489493625001,2.283206439036089,80.0,11.682721126240262
RhoA perturbation; Rac1 response,Hill_expr,H(R),1,2,1,30.33333,11.864284518250006,2.227124211277553,80.0,11.131726933894251
RhoA perturbation; Rac1 response,Hill_expr,H(R),1,2,1,30.66667,10.727707190500002,2.1617326843202975,80.0,10.600958270996866
RhoA perturbation; Rac1 response,Hill_expr,H(R),1,2,1,31.0,11.321055857875002,2.1133653218609703,80.0,10.092115255551589
RhoA perturbation; Rac1 response,Hill_expr,H(R),1,2,1,31.33333,9.681192162124999,2.075053951855054,80.0,9.606360723645173
RhoA perturbation; Rac1 response,Hill_expr,H(R),1,2,1,31.66667,9.858793051125001,1.9731991137083271,80.0,9.144413614801035
RhoA perturbation; Rac1 response,Hill_expr,H(R),1,2,1,32.0,9.751500392875,1.8185354370605673,80.0,8.70663790558089
RhoA perturbation; Rac1 response,Hill_expr,H(R),1,2,1,32.33333,10.423419645,1.8611195091302073,80.0,8.293013853292921
RhoA perturbation; Rac1 response,Hill_expr,H(R),1,2,1,32.66667,9.1168839295,1.8294995092749495,80.0,7.903237888989118
RhoA perturbation; Rac1 response,Hill_expr,H(R),1,2,1,33.0,7.897097908499991,1.7983095647373577,80.0,7.536807648613509
RhoA perturbation; Rac1 response,Hill_expr,H(R),1,2,1,33.33333,7.189429227124994,1.7042641393511773,80.0,7.193001380463107
RhoA perturbation; Rac1 response,Hill_expr,H(R),1,2,1,33.66667,7.7557665621249985,1.7977748334996162,80.0,6.870960819491859
RhoA perturbation; Rac1 response,Hill_expr,H(R),1,2,1,34.0,7.001074584124995,1.9620248084976701,80.0,6.569756474566187
RhoA perturbation; Rac1 response,Hill_expr,H(R),1,2,1,34.33333,7.552257760375001,1.8208534926932152,80.0,6.288363492137606
RhoA perturbation; Rac1 response,Hill_expr,H(R),1,2,1,34.66667,6.673025697000003,1.8516300730445912,80.0,6.025721671945103
RhoA perturbation; Rac1 response,Hill_expr,H(R),1,2,1,35.0,7.022828758875003,1.8260248447738565,80.0,5.780779709147076
RhoA perturbation; Rac1 response,Hill_expr,H(R),1,2,1,35.33333,5.354098614625,1.727030919005176,80.0,5.552466638437615
RhoA perturbation; Rac1 response,Hill_expr,H(R),1,2,1,35.66667,6.334587531499996,1.7152440553908999,80.0,5.339732319307103
RhoA perturbation; Rac1 response,Hill_expr,H(R),1,2,1,36.0,4.428455727374998,1.7127589728698311,80.0,5.141575424392663
RhoA perturbation; Rac1 response,Hill_expr,H(R),1,2,1,36.33333,4.410370907000005,1.613681805084379,80.0,4.957013306376673
RhoA perturbation; Rac1 response,Hill_expr,H(R),1,2,1,36.66667,4.115654407875,1.625652970086845,80.0,4.78510861962415
RhoA perturbation; Rac1 response,Hill_expr,H(R),1,2,1,37.0,4.479636555875,1.7000713535578325,80.0,4.6249865720610615
RhoA perturbation; Rac1 response,Hill_expr,H(R),1,2,1,37.33333,2.868887833624999,1.662513012809657,80.0,4.4758060176776695
RhoA perturbation; Rac1 response,Hill_expr,H(R),1,2,1,37.66667,4.2424165142499985,1.7261812779100496,80.0,4.33677712240959
RhoA perturbation; Rac1 response,Hill_expr,H(R),1,2,1,38.0,4.4917785188750035,1.6113699205025556,80.0,4.207172125231654
RhoA perturbation; Rac1 response,Hill_expr,H(R),1,2,1,38.33333,3.819373902500002,1.7679290644372516,80.0,4.086299329197232
RhoA perturbation; Rac1 response,Hill_expr,H(R),1,2,1,38.66667,3.0226327430000017,1.804166249213009,80.0,3.9735152315811817
RhoA perturbation; Rac1 response,Hill_expr,H(R),1,2,1,39.0,3.471399687500001,1.7428258510903027,80.0,3.868231547326534
RhoA perturbation; Rac1 response,Hill_expr,H(R),1,2,1,39.33333,3.5710842597500005,1.6776002402277683,80.0,3.769892735039967
RhoA perturbation; Rac1 response,Hill_expr,H(R),1,2,1,39.66667,3.4638432541250013,1.587218421349147,80.0,3.677984734836869
RhoA perturbation; Rac1 response,Hill_expr,H(R),1,2,1,40.0,4.459667909874997,1.7199645389940506,80.0,3.5920398771590882
RhoA perturbation; Rac1 response,Hill_expr,(H(R)+R),1,4,1,0.0,-0.9931512857500001,0.2930358516672621,80.0,22.6057718474735
RhoA perturbation; Rac1 response,Hill_expr,(H(R)+R),1,4,1,0.3333333,14.05484543712499,2.7689854655564425,80.0,22.630126112907618
RhoA perturbation; Rac1 response,Hill_expr,(H(R)+R),1,4,1,0.6666667,17.840202627750003,3.2205576531637807,80.0,22.653887255137725
RhoA perturbation; Rac1 response,Hill_expr,(H(R)+R),1,4,1,1.0,19.956233638750003,3.442955807410961,80.0,22.67706970516212
RhoA perturbation; Rac1 response,Hill_expr,(H(R)+R),1,4,1,1.333333,21.843358484374992,3.5875551291744125,80.0,22.699687543539046
RhoA perturbation; Rac1 response,Hill_expr,(H(R)+R),1,4,1,1.666667,20.794324358125007,3.7574895152656023,80.0,22.72175460695456
RhoA perturbation; Rac1 response,Hill_expr,(H(R)+R),1,4,1,2.0,22.349197607374983,3.906772941300473,80.0,22.74328417833975
RhoA perturbation; Rac1 response,Hill_expr,(H(R)+R),1,4,1,2.333333,22.23171431124999,4.062614000548535,80.0,22.764289413294854
RhoA perturbation; Rac1 response,Hill_expr,(H(R)+R),1,4,1,2.666667,24.265378724125007,4.179210356349098,80.0,22.784783142363363
RhoA perturbation; Rac1 response,Hill_expr,(H(R)+R),1,4,1,3.0,25.918459290375004,4.414457016384039,80.0,22.80477770143184
RhoA perturbation; Rac1 response,Hill_expr,(H(R)+R),1,4,1,3.333333,25.84004893499999,4.527815666649435,80.0,22.824285308134396
RhoA perturbation; Rac1 response,Hill_expr,(H(R)+R),1,4,1,3.666667,25.84496122112501,4.766097323169697,80.0,22.84331787822427
RhoA perturbation; Rac1 response,Hill_expr,(H(R)+R),1,4,1,4.0,25.811583304499987,4.749304233032243,80.0,22.86188686806573
RhoA perturbation; Rac1 response,Hill_expr,(H(R)+R),1,4,1,4.333334,29.75857579150001,4.958198392281836,80.0,22.880003677884808
RhoA perturbation; Rac1 response,Hill_expr,(H(R)+R),1,4,1,4.666667,27.878301637000003,5.050262659092711,80.0,22.897679212817856
RhoA perturbation; Rac1 response,Hill_expr,(H(R)+R),1,4,1,5.0,30.594271491749986,5.113990815370671,80.0,22.914924273463868
RhoA perturbation; Rac1 response,Hill_expr,(H(R)+R),1,4,1,5.333334,32.134596649375005,5.15048245258548,80.0,22.93174939355323
RhoA perturbation; Rac1 response,Hill_expr,(H(R)+R),1,4,1,5.666667,31.656008856874998,5.1193289143828835,80.0,22.948164700705856
RhoA perturbation; Rac1 response,Hill_expr,(H(R)+R),1,4,1,6.0,32.08497583187501,5.152554104036383,80.0,22.964180225448565
RhoA perturbation; Rac1 response,Hill_expr,(H(R)+R),1,4,1,6.333334,32.85001744749998,5.187868992485546,80.0,22.97980575043865
RhoA perturbation; Rac1 response,Hill_expr,(H(R)+R),1,4,1,6.666667,33.21562006187501,5.280109422853797,80.0,22.99505068109793
RhoA perturbation; Rac1 response,Hill_expr,(H(R)+R),1,4,1,7.0,34.55065387687502,5.202673773628684,80.0,23.009924332467016
RhoA perturbation; Rac1 response,Hill_expr,(H(R)+R),1,4,1,7.333334,34.70303551737499,5.243391533936802,80.0,23.024435788870996
RhoA perturbation; Rac1 response,Hill_expr,(H(R)+R),1,4,1,7.666667,35.43317001200001,5.359945574131809,80.0,23.038593783095948
RhoA perturbation; Rac1 response,Hill_expr,(H(R)+R),1,4,1,8.0,35.21082664687499,5.293810489019405,80.0,23.052406961369385
RhoA perturbation; Rac1 response,Hill_expr,(H(R)+R),1,4,1,8.333333,34.38095184412499,5.239779563766989,80.0,23.065883710281575
RhoA perturbation; Rac1 response,Hill_expr,(H(R)+R),1,4,1,8.666667,34.51231650587501,5.337311100437704,80.0,23.079032238932616
RhoA perturbation; Rac1 response,Hill_expr,(H(R)+R),1,4,1,9.0,36.739394404125,5.316336836358264,80.0,23.09186041609139
RhoA perturbation; Rac1 response,Hill_expr,(H(R)+R),1,4,1,9.333333,35.86836106362501,5.531727310296695,80.0,23.104375992188825
RhoA perturbation; Rac1 response,Hill_expr,(H(R)+R),1,4,1,9.666667,36.407556719374995,5.428268466568994,80.0,23.116586448256818
RhoA perturbation; Rac1 response,Hill_expr,(H(R)+R),1,4,1,10.0,35.335303085250004,5.434029141654743,80.0,23.12849884012176
RhoA perturbation; Rac1 response,Hill_expr,(H(R)+R),1,4,1,10.33333,35.160878269624995,5.396729922961505,80.0,23.140119832007834
RhoA perturbation; Rac1 response,Hill_expr,(H(R)+R),1,4,1,10.66667,36.24939250387503,5.538121957950258,80.0,23.15145606905794
RhoA perturbation; Rac1 response,Hill_expr,(H(R)+R),1,4,1,11.0,37.37152335212499,5.528340849936087,80.0,23.162512342988805
RhoA perturbation; Rac1 response,Hill_expr,(H(R)+R),1,4,1,11.33333,38.74832157974999,5.533748750438115,80.0,23.173293446089843
RhoA perturbation; Rac1 response,Hill_expr,(H(R)+R),1,4,1,11.66667,38.07010675412502,5.543759331789647,80.0,23.18380268989044
RhoA perturbation; Rac1 response,Hill_expr,(H(R)+R),1,4,1,12.0,39.63976049699998,5.670038938734038,80.0,23.194040401972593
RhoA perturbation; Rac1 response,Hill_expr,(H(R)+R),1,4,1,12.33333,39.877722357875015,5.6815290829271685,80.0,23.20400500251439
RhoA perturbation; Rac1 response,Hill_expr,(H(R)+R),1,4,1,12.66667,41.43385763199999,5.604815366791928,80.0,23.213690927902395
RhoA perturbation; Rac1 response,Hill_expr,(H(R)+R),1,4,1,13.0,41.57483332500002,5.6808779593278755,80.0,23.223086358208413
RhoA perturbation; Rac1 response,Hill_expr,(H(R)+R),1,4,1,13.33333,42.19735376224999,5.733610998560068,80.0,23.232173106612915
RhoA perturbation; Rac1 response,Hill_expr,(H(R)+R),1,4,1,13.66667,40.362294325375004,5.723266613190431,80.0,23.24092335696013
RhoA perturbation; Rac1 response,Hill_expr,(H(R)+R),1,4,1,14.0,39.47222318150003,5.696522983669431,80.0,23.249295995494677
RhoA perturbation; Rac1 response,Hill_expr,(H(R)+R),1,4,1,14.33333,39.705036106124986,5.583156165948099,80.0,23.257234611566545
RhoA perturbation; Rac1 response,Hill_expr,(H(R)+R),1,4,1,14.66667,40.851035414875,5.6522790317061204,80.0,23.264662346300447
RhoA perturbation; Rac1 response,Hill_expr,(H(R)+R),1,4,1,15.0,40.54514006962498,5.6768523043026615,80.0,23.271476184995663
RhoA perturbation; Rac1 response,Hill_expr,(H(R)+R),1,4,1,15.33333,41.32761998424999,5.630671607329237,80.0,23.277542354927906
RhoA perturbation; Rac1 response,Hill_expr,(H(R)+R),1,4,1,15.66667,40.73784667475,5.69717178960748,80.0,23.282688734006342
RhoA perturbation; Rac1 response,Hill_expr,(H(R)+R),1,4,1,16.0,42.584126971625,5.770515788632695,80.0,23.286696788569305
RhoA perturbation; Rac1 response,Hill_expr,(H(R)+R),1,4,1,16.33333,41.846711594625,5.8275534461558385,80.0,23.289293957047825
RhoA perturbation; Rac1 response,Hill_expr,(H(R)+R),1,4,1,16.66667,40.94162946050001,5.733888215518726,80.0,23.2901436614935
RhoA perturbation; Rac1 response,Hill_expr,(H(R)+R),1,4,1,17.0,43.055054836375035,5.754478083690295,80.0,23.28883543345008
RhoA perturbation; Rac1 response,Hill_expr,(H(R)+R),1,4,1,17.33333,42.855766021125014,5.6963691598033295,80.0,23.284874617797087
RhoA perturbation; Rac1 response,Hill_expr,(H(R)+R),1,4,1,17.66667,44.7054921885,5.806444494935948,80.0,23.277671238763354
RhoA perturbation; Rac1 response,Hill_expr,(H(R)+R),1,4,1,18.0,44.263716705749985,5.744471784096954,80.0,23.266530412846354
RhoA perturbation; Rac1 response,Hill_expr,(H(R)+R),1,4,1,18.33333,42.8251505395,5.801277555080771,80.0,23.250640998732983
RhoA perturbation; Rac1 response,Hill_expr,(H(R)+R),1,4,1,18.66667,43.388878527625,5.829161035786278,80.0,23.229066533746057
RhoA perturbation; Rac1 response,Hill_expr,(H(R)+R),1,4,1,19.0,43.666588430625005,5.667702243793217,80.0,23.200740379030474
RhoA perturbation; Rac1 response,Hill_expr,(H(R)+R),1,4,1,19.33333,45.334017831999994,5.812417520349717,80.0,23.1644567690744
RhoA perturbation; Rac1 response,Hill_expr,(H(R)+R),1,4,1,19.66667,44.914543018875,5.79099819192254,80.0,23.118869679725826
RhoA perturbation; Rac1 response,Hill_expr,(H(R)+R),1,4,1,20.0,44.572232559250004,5.817052810245743,80.0,23.062500006606022
RhoA perturbation; Rac1 response,Hill_expr,(H(R)+R),1,4,1,20.33333,40.51139308287501,5.706678918618629,80.0,22.993734327845566
RhoA perturbation; Rac1 response,Hill_expr,(H(R)+R),1,4,1,20.66667,37.803339820625,5.442297824147259,80.0,22.91084005347123
RhoA perturbation; Rac1 response,Hill_expr,(H(R)+R),1,4,1,21.0,36.83530481274999,5.377426535933674,80.0,22.811993968635793
RhoA perturbation; Rac1 response,Hill_expr,(H(R)+R),1,4,1,21.33333,34.902504401749994,5.086190084460841,80.0,22.695294197948087
RhoA perturbation; Rac1 response,Hill_expr,(H(R)+R),1,4,1,21.66667,32.358773020124985,4.962234411776436,80.0,22.558799936361844
RhoA perturbation; Rac1 response,Hill_expr,(H(R)+R),1,4,1,22.0,31.058346401500007,4.718970813896896,80.0,22.400588839334848
RhoA perturbation; Rac1 response,Hill_expr,(H(R)+R),1,4,1,22.33333,30.659511084875,4.591853455206336,80.0,22.21878291727105
RhoA perturbation; Rac1 response,Hill_expr,(H(R)+R),1,4,1,22.66667,27.945735520249997,4.519291240834524,80.0,22.011614800588276
RhoA perturbation; Rac1 response,Hill_expr,(H(R)+R),1,4,1,23.0,29.499232588624988,4.379393433310475,80.0,21.777511964031202
RhoA perturbation; Rac1 response,Hill_expr,(H(R)+R),1,4,1,23.33333,26.421660202749997,4.194218334282237,80.0,21.515124906686328
RhoA perturbation; Rac1 response,Hill_expr,(H(R)+R),1,4,1,23.66667,25.22736179324999,4.17689653001624,80.0,21.22340749553315
RhoA perturbation; Rac1 response,Hill_expr,(H(R)+R),1,4,1,24.0,24.314893736374998,4.061461501574148,80.0,20.901709191677735
RhoA perturbation; Rac1 response,Hill_expr,(H(R)+R),1,4,1,24.33333,22.240597807375,3.843944873018156,80.0,20.549777594010802
RhoA perturbation; Rac1 response,Hill_expr,(H(R)+R),1,4,1,24.66667,21.553199025624988,3.6691485795747103,80.0,20.167824632380718
RhoA perturbation; Rac1 response,Hill_expr,(H(R)+R),1,4,1,25.0,19.863821151125,3.6468348086246767,80.0,19.75659438155368
RhoA perturbation; Rac1 response,Hill_expr,(H(R)+R),1,4,1,25.33333,16.932267740750003,3.4805307171673125,80.0,19.317306057231765
RhoA perturbation; Rac1 response,Hill_expr,(H(R)+R),1,4,1,25.66667,18.068718093875006,3.528808249145459,80.0,18.85167683072596
RhoA perturbation; Rac1 response,Hill_expr,(H(R)+R),1,4,1,26.0,16.248535159249997,3.4082234275501917,80.0,18.361939441777142
RhoA perturbation; Rac1 response,Hill_expr,(H(R)+R),1,4,1,26.33333,17.563465463875,3.382511521953084,80.0,17.85071068789687
RhoA perturbation; Rac1 response,Hill_expr,(H(R)+R),1,4,1,26.66667,15.361787431625,3.1845843076809692,80.0,17.32096547173759
RhoA perturbation; Rac1 response,Hill_expr,(H(R)+R),1,4,1,27.0,14.854973019500008,3.097704325022788,80.0,16.776008470654943
RhoA perturbation; Rac1 response,Hill_expr,(H(R)+R),1,4,1,27.33333,14.746504492124995,3.089208804848729,80.0,16.219290235092092
RhoA perturbation; Rac1 response,Hill_expr,(H(R)+R),1,4,1,27.66667,13.389730869875,2.86435067269115,80.0,15.654360334957879
RhoA perturbation; Rac1 response,Hill_expr,(H(R)+R),1,4,1,28.0,13.047866296875,2.7829199705590355,80.0,15.08482735702881
RhoA perturbation; Rac1 response,Hill_expr,(H(R)+R),1,4,1,28.33333,12.79419637099999,2.741318158577171,80.0,14.514169848959
RhoA perturbation; Rac1 response,Hill_expr,(H(R)+R),1,4,1,28.66667,12.093769360875005,2.5876402780456833,80.0,13.945708980617486
RhoA perturbation; Rac1 response,Hill_expr,(H(R)+R),1,4,1,29.0,13.066173804999995,2.5590064226511555,80.0,13.382594005800835
RhoA perturbation; Rac1 response,Hill_expr,(H(R)+R),1,4,1,29.33333,11.962233619500001,2.2764795137535137,80.0,12.827647973869032
RhoA perturbation; Rac1 response,Hill_expr,(H(R)+R),1,4,1,29.66667,11.778198033,2.3065581426143087,80.0,12.28338292621452
RhoA perturbation; Rac1 response,Hill_expr,(H(R)+R),1,4,1,30.0,11.931489493625001,2.283206439036089,80.0,11.752025246486783
RhoA perturbation; Rac1 response,Hill_expr,(H(R)+R),1,4,1,30.33333,11.864284518250006,2.227124211277553,80.0,11.23540849086944
RhoA perturbation; Rac1 response,Hill_expr,(H(R)+R),1,4,1,30.66667,10.727707190500002,2.1617326843202975,80.0,10.735027010347196
RhoA perturbation; Rac1 response,Hill_expr,(H(R)+R),1,4,1,31.0,11.321055857875002,2.1133653218609703,80.0,10.252091410495485
RhoA perturbation; Rac1 response,Hill_expr,(H(R)+R),1,4,1,31.33333,9.681192162124999,2.075053951855054,80.0,9.787458406316324
RhoA perturbation; Rac1 response,Hill_expr,(H(R)+R),1,4,1,31.66667,9.858793051125001,1.9731991137083271,80.0,9.3417037259174
RhoA perturbation; Rac1 response,Hill_expr,(H(R)+R),1,4,1,32.0,9.751500392875,1.8185354370605673,80.0,8.915188639924986
RhoA perturbation; Rac1 response,Hill_expr,(H(R)+R),1,4,1,32.33333,10.423419645,1.8611195091302073,80.0,8.508010325224955
RhoA perturbation; Rac1 response,Hill_expr,(H(R)+R),1,4,1,32.66667,9.1168839295,1.8294995092749495,80.0,8.120075513989981
RhoA perturbation; Rac1 response,Hill_expr,(H(R)+R),1,4,1,33.0,7.897097908499991,1.7983095647373577,80.0,7.751162927718851
RhoA perturbation; Rac1 response,Hill_expr,(H(R)+R),1,4,1,33.33333,7.189429227124994,1.7042641393511773,80.0,7.400881953009244
RhoA perturbation; Rac1 response,Hill_expr,(H(R)+R),1,4,1,33.66667,7.7557665621249985,1.7977748334996162,80.0,7.068736362832801
RhoA perturbation; Rac1 response,Hill_expr,(H(R)+R),1,4,1,34.0,7.001074584124995,1.9620248084976701,80.0,6.754175458749983
RhoA perturbation; Rac1 response,Hill_expr,(H(R)+R),1,4,1,34.33333,7.552257760375001,1.8208534926932152,80.0,6.456555378683066
RhoA perturbation; Rac1 response,Hill_expr,(H(R)+R),1,4,1,34.66667,6.673025697000003,1.8516300730445912,80.0,6.175189632238738
RhoA perturbation; Rac1 response,Hill_expr,(H(R)+R),1,4,1,35.0,7.022828758875003,1.8260248447738565,80.0,5.9093878722425
RhoA perturbation; Rac1 response,Hill_expr,(H(R)+R),1,4,1,35.33333,5.354098614625,1.727030919005176,80.0,5.658418551801896
RhoA perturbation; Rac1 response,Hill_expr,(H(R)+R),1,4,1,35.66667,6.334587531499996,1.7152440553908999,80.0,5.421547258970462
RhoA perturbation; Rac1 response,Hill_expr,(H(R)+R),1,4,1,36.0,4.428455727374998,1.7127589728698311,80.0,5.198065010046808
RhoA perturbation; Rac1 response,Hill_expr,(H(R)+R),1,4,1,36.33333,4.410370907000005,1.613681805084379,80.0,4.987252826993507
RhoA perturbation; Rac1 response,Hill_expr,(H(R)+R),1,4,1,36.66667,4.115654407875,1.625652970086845,80.0,4.788410383454755
RhoA perturbation; Rac1 response,Hill_expr,(H(R)+R),1,4,1,37.0,4.479636555875,1.7000713535578325,80.0,4.600876462899275
RhoA perturbation; Rac1 response,Hill_expr,(H(R)+R),1,4,1,37.33333,2.868887833624999,1.662513012809657,80.0,4.423996333240876
RhoA perturbation; Rac1 response,Hill_expr,(H(R)+R),1,4,1,37.66667,4.2424165142499985,1.7261812779100496,80.0,4.25714326381057
RhoA perturbation; Rac1 response,Hill_expr,(H(R)+R),1,4,1,38.0,4.4917785188750035,1.6113699205025556,80.0,4.099733496740399
RhoA perturbation; Rac1 response,Hill_expr,(H(R)+R),1,4,1,38.33333,3.819373902500002,1.7679290644372516,80.0,3.951196991691425
RhoA perturbation; Rac1 response,Hill_expr,(H(R)+R),1,4,1,38.66667,3.0226327430000017,1.804166249213009,80.0,3.8109938744850855
RhoA perturbation; Rac1 response,Hill_expr,(H(R)+R),1,4,1,39.0,3.471399687500001,1.7428258510903027,80.0,3.6786256788034883
RhoA perturbation; Rac1 response,Hill_expr,(H(R)+R),1,4,1,39.33333,3.5710842597500005,1.6776002402277683,80.0,3.5536096360670753
RhoA perturbation; Rac1 response,Hill_expr,(H(R)+R),1,4,1,39.66667,3.4638432541250013,1.587218421349147,80.0,3.4354915468628913
RhoA perturbation; Rac1 response,Hill_expr,(H(R)+R),1,4,1,40.0,4.459667909874997,1.7199645389940506,80.0,3.3238544975939783
RhoA perturbation; Rac1 response,Hill_expr,H((R+R)),1,4,1,0.0,-0.9931512857500001,0.2930358516672621,80.0,22.897646140471632
RhoA perturbation; Rac1 response,Hill_expr,H((R+R)),1,4,1,0.3333333,14.05484543712499,2.7689854655564425,80.0,22.897646140471632
RhoA perturbation; Rac1 response,Hill_expr,H((R+R)),1,4,1,0.6666667,17.840202627750003,3.2205576531637807,80.0,22.897646140471632
RhoA perturbation; Rac1 response,Hill_expr,H((R+R)),1,4,1,1.0,19.956233638750003,3.442955807410961,80.0,22.897646140471632
RhoA perturbation; Rac1 response,Hill_expr,H((R+R)),1,4,1,1.333333,21.843358484374992,3.5875551291744125,80.0,22.897646140471632
RhoA perturbation; Rac1 response,Hill_expr,H((R+R)),1,4,1,1.666667,20.794324358125007,3.7574895152656023,80.0,22.897646140471632
RhoA perturbation; Rac1 response,Hill_expr,H((R+R)),1,4,1,2.0,22.349197607374983,3.906772941300473,80.0,22.897646140471632
RhoA perturbation; Rac1 response,Hill_expr,H((R+R)),1,4,1,2.333333,22.23171431124999,4.062614000548535,80.0,22.897646140471632
RhoA perturbation; Rac1 response,Hill_expr,H((R+R)),1,4,1,2.666667,24.265378724125007,4.179210356349098,80.0,22.897646140471632
RhoA perturbation; Rac1 response,Hill_expr,H((R+R)),1,4,1,3.0,25.918459290375004,4.414457016384039,80.0,22.897646140471632
RhoA perturbation; Rac1 response,Hill_expr,H((R+R)),1,4,1,3.333333,25.84004893499999,4.527815666649435,80.0,22.897646140471632
RhoA perturbation; Rac1 response,Hill_expr,H((R+R)),1,4,1,3.666667,25.84496122112501,4.766097323169697,80.0,22.897646140471632
RhoA perturbation; Rac1 response,Hill_expr,H((R+R)),1,4,1,4.0,25.811583304499987,4.749304233032243,80.0,22.897646140471632
RhoA perturbation; Rac1 response,Hill_expr,H((R+R)),1,4,1,4.333334,29.75857579150001,4.958198392281836,80.0,22.897646140471632
RhoA perturbation; Rac1 response,Hill_expr,H((R+R)),1,4,1,4.666667,27.878301637000003,5.050262659092711,80.0,22.897646140471622
RhoA perturbation; Rac1 response,Hill_expr,H((R+R)),1,4,1,5.0,30.594271491749986,5.113990815370671,80.0,22.89764614047158
RhoA perturbation; Rac1 response,Hill_expr,H((R+R)),1,4,1,5.333334,32.134596649375005,5.15048245258548,80.0,22.897646140471362
RhoA perturbation; Rac1 response,Hill_expr,H((R+R)),1,4,1,5.666667,31.656008856874998,5.1193289143828835,80.0,22.89764614047041
RhoA perturbation; Rac1 response,Hill_expr,H((R+R)),1,4,1,6.0,32.08497583187501,5.152554104036383,80.0,22.89764614046664
RhoA perturbation; Rac1 response,Hill_expr,H((R+R)),1,4,1,6.333334,32.85001744749998,5.187868992485546,80.0,22.897646140453016
RhoA perturbation; Rac1 response,Hill_expr,H((R+R)),1,4,1,6.666667,33.21562006187501,5.280109422853797,80.0,22.897646140407637
RhoA perturbation; Rac1 response,Hill_expr,H((R+R)),1,4,1,7.0,34.55065387687502,5.202673773628684,80.0,22.897646140267344
RhoA perturbation; Rac1 response,Hill_expr,H((R+R)),1,4,1,7.333334,34.70303551737499,5.243391533936802,80.0,22.897646139861692
RhoA perturbation; Rac1 response,Hill_expr,H((R+R)),1,4,1,7.666667,35.43317001200001,5.359945574131809,80.0,22.8976461387581
RhoA perturbation; Rac1 response,Hill_expr,H((R+R)),1,4,1,8.0,35.21082664687499,5.293810489019405,80.0,22.89764613591802
RhoA perturbation; Rac1 response,Hill_expr,H((R+R)),1,4,1,8.333333,34.38095184412499,5.239779563766989,80.0,22.897646128971832
RhoA perturbation; Rac1 response,Hill_expr,H((R+R)),1,4,1,8.666667,34.51231650587501,5.337311100437704,80.0,22.89764611275937
RhoA perturbation; Rac1 response,Hill_expr,H((R+R)),1,4,1,9.0,36.739394404125,5.316336836358264,80.0,22.89764607651679
RhoA perturbation; Rac1 response,Hill_expr,H((R+R)),1,4,1,9.333333,35.86836106362501,5.531727310296695,80.0,22.897645998664384
RhoA perturbation; Rac1 response,Hill_expr,H((R+R)),1,4,1,9.666667,36.407556719374995,5.428268466568994,80.0,22.897645837499457
RhoA perturbation; Rac1 response,Hill_expr,H((R+R)),1,4,1,10.0,35.335303085250004,5.434029141654743,80.0,22.897645515138517
RhoA perturbation; Rac1 response,Hill_expr,H((R+R)),1,4,1,10.33333,35.160878269624995,5.396729922961505,80.0,22.897644890676297
RhoA perturbation; Rac1 response,Hill_expr,H((R+R)),1,4,1,10.66667,36.24939250387503,5.538121957950258,80.0,22.89764371656638
RhoA perturbation; Rac1 response,Hill_expr,H((R+R)),1,4,1,11.0,37.37152335212499,5.528340849936087,80.0,22.89764157002568
RhoA perturbation; Rac1 response,Hill_expr,H((R+R)),1,4,1,11.33333,38.74832157974999,5.533748750438115,80.0,22.897637747110974
RhoA perturbation; Rac1 response,Hill_expr,H((R+R)),1,4,1,11.66667,38.07010675412502,5.543759331789647,80.0,22.897631103921547
RhoA perturbation; Rac1 response,Hill_expr,H((R+R)),1,4,1,12.0,39.63976049699998,5.670038938734038,80.0,22.897619824775536
RhoA perturbation; Rac1 response,Hill_expr,H((R+R)),1,4,1,12.33333,39.877722357875015,5.6815290829271685,80.0,22.8976010872517
RhoA perturbation; Rac1 response,Hill_expr,H((R+R)),1,4,1,12.66667,41.43385763199999,5.604815366791928,80.0,22.897570592424845
RhoA perturbation; Rac1 response,Hill_expr,H((R+R)),1,4,1,13.0,41.57483332500002,5.6808779593278755,80.0,22.89752192169232
RhoA perturbation; Rac1 response,Hill_expr,H((R+R)),1,4,1,13.33333,42.19735376224999,5.733610998560068,80.0,22.897445656005097
RhoA perturbation; Rac1 response,Hill_expr,H((R+R)),1,4,1,13.66667,40.362294325375004,5.723266613190431,80.0,22.897328210434733
RhoA perturbation; Rac1 response,Hill_expr,H((R+R)),1,4,1,14.0,39.47222318150003,5.696522983669431,80.0,22.897150326209054
RhoA perturbation; Rac1 response,Hill_expr,H((R+R)),1,4,1,14.33333,39.705036106124986,5.583156165948099,80.0,22.89688509152721
RhoA perturbation; Rac1 response,Hill_expr,H((R+R)),1,4,1,14.66667,40.851035414875,5.6522790317061204,80.0,22.896495457875815
RhoA perturbation; Rac1 response,Hill_expr,H((R+R)),1,4,1,15.0,40.54514006962498,5.6768523043026615,80.0,22.895931188755238
RhoA perturbation; Rac1 response,Hill_expr,H((R+R)),1,4,1,15.33333,41.32761998424999,5.630671607329237,80.0,22.89512497910942
RhoA perturbation; Rac1 response,Hill_expr,H((R+R)),1,4,1,15.66667,40.73784667475,5.69717178960748,80.0,22.8939878304932
RhoA perturbation; Rac1 response,Hill_expr,H((R+R)),1,4,1,16.0,42.584126971625,5.770515788632695,80.0,22.892403649813307
RhoA perturbation; Rac1 response,Hill_expr,H((R+R)),1,4,1,16.33333,41.846711594625,5.8275534461558385,80.0,22.890222512602048
RhoA perturbation; Rac1 response,Hill_expr,H((R+R)),1,4,1,16.66667,40.94162946050001,5.733888215518726,80.0,22.887253069262215
RhoA perturbation; Rac1 response,Hill_expr,H((R+R)),1,4,1,17.0,43.055054836375035,5.754478083690295,80.0,22.883254148718166
RhoA perturbation; Rac1 response,Hill_expr,H((R+R)),1,4,1,17.33333,42.855766021125014,5.6963691598033295,80.0,22.877924332330082
RhoA perturbation; Rac1 response,Hill_expr,H((R+R)),1,4,1,17.66667,44.7054921885,5.806444494935948,80.0,22.870890995065796
RhoA perturbation; Rac1 response,Hill_expr,H((R+R)),1,4,1,18.0,44.263716705749985,5.744471784096954,80.0,22.861699005910104
RhoA perturbation; Rac1 response,Hill_expr,H((R+R)),1,4,1,18.33333,42.8251505395,5.801277555080771,80.0,22.849796435790417
RhoA perturbation; Rac1 response,Hill_expr,H((R+R)),1,4,1,18.66667,43.388878527625,5.829161035786278,80.0,22.834521067960356
RhoA perturbation; Rac1 response,Hill_expr,H((R+R)),1,4,1,19.0,43.666588430625005,5.667702243793217,80.0,22.815088017941214
RhoA perturbation; Rac1 response,Hill_expr,H((R+R)),1,4,1,19.33333,45.334017831999994,5.812417520349717,80.0,22.790572984693462
RhoA perturbation; Rac1 response,Hill_expr,H((R+R)),1,4,1,19.66667,44.914543018875,5.79099819192254,80.0,22.75989960220001
RhoA perturbation; Rac1 response,Hill_expr,H((R+R)),1,4,1,20.0,44.572232559250004,5.817052810245743,80.0,22.72183105041607
RhoA perturbation; Rac1 response,Hill_expr,H((R+R)),1,4,1,20.33333,40.51139308287501,5.706678918618629,80.0,22.67495521543186
RhoA perturbation; Rac1 response,Hill_expr,H((R+R)),1,4,1,20.66667,37.803339820625,5.442297824147259,80.0,22.61768052196855
RhoA perturbation; Rac1 response,Hill_expr,H((R+R)),1,4,1,21.0,36.83530481274999,5.377426535933674,80.0,22.54824156292078
RhoA perturbation; Rac1 response,Hill_expr,H((R+R)),1,4,1,21.33333,34.902504401749994,5.086190084460841,80.0,22.46469469651179
RhoA perturbation; Rac1 response,Hill_expr,H((R+R)),1,4,1,21.66667,32.358773020124985,4.962234411776436,80.0,22.36493531125953
RhoA perturbation; Rac1 response,Hill_expr,H((R+R)),1,4,1,22.0,31.058346401500007,4.718970813896896,80.0,22.24673259125365
RhoA perturbation; Rac1 response,Hill_expr,H((R+R)),1,4,1,22.33333,30.659511084875,4.591853455206336,80.0,22.10774692862074
RhoA perturbation; Rac1 response,Hill_expr,H((R+R)),1,4,1,22.66667,27.945735520249997,4.519291240834524,80.0,21.945583978224626
RhoA perturbation; Rac1 response,Hill_expr,H((R+R)),1,4,1,23.0,29.499232588624988,4.379393433310475,80.0,21.757873234845665
RhoA perturbation; Rac1 response,Hill_expr,H((R+R)),1,4,1,23.33333,26.421660202749997,4.194218334282237,80.0,21.542313278993642
RhoA perturbation; Rac1 response,Hill_expr,H((R+R)),1,4,1,23.66667,25.22736179324999,4.17689653001624,80.0,21.29676888226981
RhoA perturbation; Rac1 response,Hill_expr,H((R+R)),1,4,1,24.0,24.314893736374998,4.061461501574148,80.0,21.019392526716256
RhoA perturbation; Rac1 response,Hill_expr,H((R+R)),1,4,1,24.33333,22.240597807375,3.843944873018156,80.0,20.70868137293523
RhoA perturbation; Rac1 response,Hill_expr,H((R+R)),1,4,1,24.66667,21.553199025624988,3.6691485795747103,80.0,20.36359594303542
RhoA perturbation; Rac1 response,Hill_expr,H((R+R)),1,4,1,25.0,19.863821151125,3.6468348086246767,80.0,19.983690046808594
RhoA perturbation; Rac1 response,Hill_expr,H((R+R)),1,4,1,25.33333,16.932267740750003,3.4805307171673125,80.0,19.56912894636413
RhoA perturbation; Rac1 response,Hill_expr,H((R+R)),1,4,1,25.66667,18.068718093875006,3.528808249145459,80.0,19.120774345983097
RhoA perturbation; Rac1 response,Hill_expr,H((R+R)),1,4,1,26.0,16.248535159249997,3.4082234275501917,80.0,18.640259511129017
RhoA perturbation; Rac1 response,Hill_expr,H((R+R)),1,4,1,26.33333,17.563465463875,3.382511521953084,80.0,18.129905014568653
RhoA perturbation; Rac1 response,Hill_expr,H((R+R)),1,4,1,26.66667,15.361787431625,3.1845843076809692,80.0,17.592715383251587
RhoA perturbation; Rac1 response,Hill_expr,H((R+R)),1,4,1,27.0,14.854973019500008,3.097704325022788,80.0,17.032355974116175
RhoA perturbation; Rac1 response,Hill_expr,H((R+R)),1,4,1,27.33333,14.746504492124995,3.089208804848729,80.0,16.45294859765272
RhoA perturbation; Rac1 response,Hill_expr,H((R+R)),1,4,1,27.66667,13.389730869875,2.86435067269115,80.0,15.858984459802052
RhoA perturbation; Rac1 response,Hill_expr,H((R+R)),1,4,1,28.0,13.047866296875,2.7829199705590355,80.0,15.25523103144775
RhoA perturbation; Rac1 response,Hill_expr,H((R+R)),1,4,1,28.33333,12.79419637099999,2.741318158577171,80.0,14.646469777904505
RhoA perturbation; Rac1 response,Hill_expr,H((R+R)),1,4,1,28.66667,12.093769360875005,2.5876402780456833,80.0,14.03739815042359
RhoA perturbation; Rac1 response,Hill_expr,H((R+R)),1,4,1,29.0,13.066173804999995,2.5590064226511555,80.0,13.43254797401534
RhoA perturbation; Rac1 response,Hill_expr,H((R+R)),1,4,1,29.33333,11.962233619500001,2.2764795137535137,80.0,12.836059544261012
RhoA perturbation; Rac1 response,Hill_expr,H((R+R)),1,4,1,29.66667,11.778198033,2.3065581426143087,80.0,12.251647364961611
RhoA perturbation; Rac1 response,Hill_expr,H((R+R)),1,4,1,30.0,11.931489493625001,2.283206439036089,80.0,11.6825895042096
RhoA perturbation; Rac1 response,Hill_expr,H((R+R)),1,4,1,30.33333,11.864284518250006,2.227124211277553,80.0,11.131587902498806
RhoA perturbation; Rac1 response,Hill_expr,H((R+R)),1,4,1,30.66667,10.727707190500002,2.1617326843202975,80.0,10.600814496142517
RhoA perturbation; Rac1 response,Hill_expr,H((R+R)),1,4,1,31.0,11.321055857875002,2.1133653218609703,80.0,10.091969414428807
RhoA perturbation; Rac1 response,Hill_expr,H((R+R)),1,4,1,31.33333,9.681192162124999,2.075053951855054,80.0,9.606215428723084
RhoA perturbation; Rac1 response,Hill_expr,H((R+R)),1,4,1,31.66667,9.858793051125001,1.9731991137083271,80.0,9.144271352334153
RhoA perturbation; Rac1 response,Hill_expr,H((R+R)),1,4,1,32.0,9.751500392875,1.8185354370605673,80.0,8.706500987835076
RhoA perturbation; Rac1 response,Hill_expr,H((R+R)),1,4,1,32.33333,10.423419645,1.8611195091302073,80.0,8.292884385212123
RhoA perturbation; Rac1 response,Hill_expr,H((R+R)),1,4,1,32.66667,9.1168839295,1.8294995092749495,80.0,7.903117747545384
RhoA perturbation; Rac1 response,Hill_expr,H((R+R)),1,4,1,33.0,7.897097908499991,1.7983095647373577,80.0,7.536698472024426
RhoA perturbation; Rac1 response,Hill_expr,H((R+R)),1,4,1,33.33333,7.189429227124994,1.7042641393511773,80.0,7.192904568184586
RhoA perturbation; Rac1 response,Hill_expr,H((R+R)),1,4,1,33.66667,7.7557665621249985,1.7977748334996162,80.0,6.870877538715874
RhoA perturbation; Rac1 response,Hill_expr,H((R+R)),1,4,1,34.0,7.001074584124995,1.9620248084976701,80.0,6.569687670645706
RhoA perturbation; Rac1 response,Hill_expr,H((R+R)),1,4,1,34.33333,7.552257760375001,1.8208534926932152,80.0,6.288309905165775
RhoA perturbation; Rac1 response,Hill_expr,H((R+R)),1,4,1,34.66667,6.673025697000003,1.8516300730445912,80.0,6.025683854540603
RhoA perturbation; Rac1 response,Hill_expr,H((R+R)),1,4,1,35.0,7.022828758875003,1.8260248447738565,80.0,5.780758043909888
RhoA perturbation; Rac1 response,Hill_expr,H((R+R)),1,4,1,35.33333,5.354098614625,1.727030919005176,80.0,5.552461358550936
RhoA perturbation; Rac1 response,Hill_expr,H((R+R)),1,4,1,35.66667,6.334587531499996,1.7152440553908999,80.0,5.339743527382286
RhoA perturbation; Rac1 response,Hill_expr,H((R+R)),1,4,1,36.0,4.428455727374998,1.7127589728698311,80.0,5.141603108948839
RhoA perturbation; Rac1 response,Hill_expr,H((R+R)),1,4,1,36.33333,4.410370907000005,1.613681805084379,80.0,4.957057360122882
RhoA perturbation; Rac1 response,Hill_expr,H((R+R)),1,4,1,36.66667,4.115654407875,1.625652970086845,80.0,4.785168854879764
RhoA perturbation; Rac1 response,Hill_expr,H((R+R)),1,4,1,37.0,4.479636555875,1.7000713535578325,80.0,4.625062733275012
RhoA perturbation; Rac1 response,Hill_expr,H((R+R)),1,4,1,37.33333,2.868887833624999,1.662513012809657,80.0,4.475897795384096
RhoA perturbation; Rac1 response,Hill_expr,H((R+R)),1,4,1,37.66667,4.2424165142499985,1.7261812779100496,80.0,4.336884164239411
RhoA perturbation; Rac1 response,Hill_expr,H((R+R)),1,4,1,38.0,4.4917785188750035,1.6113699205025556,80.0,4.207294044214876
RhoA perturbation; Rac1 response,Hill_expr,H((R+R)),1,4,1,38.33333,3.819373902500002,1.7679290644372516,80.0,4.086435713530481
RhoA perturbation; Rac1 response,Hill_expr,H((R+R)),1,4,1,38.66667,3.0226327430000017,1.804166249213009,80.0,3.973665651788494
RhoA perturbation; Rac1 response,Hill_expr,H((R+R)),1,4,1,39.0,3.471399687500001,1.7428258510903027,80.0,3.8683955611464214
RhoA perturbation; Rac1 response,Hill_expr,H((R+R)),1,4,1,39.33333,3.5710842597500005,1.6776002402277683,80.0,3.770069893885765
RhoA perturbation; Rac1 response,Hill_expr,H((R+R)),1,4,1,39.66667,3.4638432541250013,1.587218421349147,80.0,3.6781745880882397
RhoA perturbation; Rac1 response,Hill_expr,H((R+R)),1,4,1,40.0,4.459667909874997,1.7199645389940506,80.0,3.5922419746286636
RhoA perturbation; Rac1 response,Hill_expr,(H(R)+H(R)),1,5,2,0.0,-0.9931512857500001,0.2930358516672621,80.0,-0.8531376919735996
RhoA perturbation; Rac1 response,Hill_expr,(H(R)+H(R)),1,5,2,0.3333333,14.05484543712499,2.7689854655564425,80.0,10.910437141231768
RhoA perturbation; Rac1 response,Hill_expr,(H(R)+H(R)),1,5,2,0.6666667,17.840202627750003,3.2205576531637807,80.0,14.679922312783777
RhoA perturbation; Rac1 response,Hill_expr,(H(R)+H(R)),1,5,2,1.0,19.956233638750003,3.442955807410961,80.0,17.3507187650973
RhoA perturbation; Rac1 response,Hill_expr,(H(R)+H(R)),1,5,2,1.333333,21.843358484374992,3.5875551291744125,80.0,19.46977549746833
RhoA perturbation; Rac1 response,Hill_expr,(H(R)+H(R)),1,5,2,1.666667,20.794324358125007,3.7574895152656023,80.0,21.242901488055697
RhoA perturbation; Rac1 response,Hill_expr,(H(R)+H(R)),1,5,2,2.0,22.349197607374983,3.906772941300473,80.0,22.77372292454102
RhoA perturbation; Rac1 response,Hill_expr,(H(R)+H(R)),1,5,2,2.333333,22.23171431124999,4.062614000548535,80.0,24.12300817916806
RhoA perturbation; Rac1 response,Hill_expr,(H(R)+H(R)),1,5,2,2.666667,24.265378724125007,4.179210356349098,80.0,25.329956869349626
RhoA perturbation; Rac1 response,Hill_expr,(H(R)+H(R)),1,5,2,3.0,25.918459290375004,4.414457016384039,80.0,26.421573203781996
RhoA perturbation; Rac1 response,Hill_expr,(H(R)+H(R)),1,5,2,3.333333,25.84004893499999,4.527815666649435,80.0,27.417402376033287
RhoA perturbation; Rac1 response,Hill_expr,(H(R)+H(R)),1,5,2,3.666667,25.84496122112501,4.766097323169697,80.0,28.332121624569854
RhoA perturbation; Rac1 response,Hill_expr,(H(R)+H(R)),1,5,2,4.0,25.811583304499987,4.749304233032243,80.0,29.177076110622682
RhoA perturbation; Rac1 response,Hill_expr,(H(R)+H(R)),1,5,2,4.333334,29.75857579150001,4.958198392281836,80.0,29.96126399747222
RhoA perturbation; Rac1 response,Hill_expr,(H(R)+H(R)),1,5,2,4.666667,27.878301637000003,5.050262659092711,80.0,30.69194899676471
RhoA perturbation; Rac1 response,Hill_expr,(H(R)+H(R)),1,5,2,5.0,30.594271491749986,5.113990815370671,80.0,31.37510737452066
RhoA perturbation; Rac1 response,Hill_expr,(H(R)+H(R)),1,5,2,5.333334,32.134596649375005,5.15048245258548,80.0,32.01572160005551
RhoA perturbation; Rac1 response,Hill_expr,(H(R)+H(R)),1,5,2,5.666667,31.656008856874998,5.1193289143828835,80.0,32.617991994466266
RhoA perturbation; Rac1 response,Hill_expr,(H(R)+H(R)),1,5,2,6.0,32.08497583187501,5.152554104036383,80.0,33.18550772730878
RhoA perturbation; Rac1 response,Hill_expr,(H(R)+H(R)),1,5,2,6.333334,32.85001744749998,5.187868992485546,80.0,33.72136024108942
RhoA perturbation; Rac1 response,Hill_expr,(H(R)+H(R)),1,5,2,6.666667,33.21562006187501,5.280109422853797,80.0,34.228230227212386
RhoA perturbation; Rac1 response,Hill_expr,(H(R)+H(R)),1,5,2,7.0,34.55065387687502,5.202673773628684,80.0,34.70846800083347
RhoA perturbation; Rac1 response,Hill_expr,(H(R)+H(R)),1,5,2,7.333334,34.70303551737499,5.243391533936802,80.0,35.164143803315554
RhoA perturbation; Rac1 response,Hill_expr,(H(R)+H(R)),1,5,2,7.666667,35.43317001200001,5.359945574131809,80.0,35.59708801380079
RhoA perturbation; Rac1 response,Hill_expr,(H(R)+H(R)),1,5,2,8.0,35.21082664687499,5.293810489019405,80.0,36.008934384823704
RhoA perturbation; Rac1 response,Hill_expr,(H(R)+H(R)),1,5,2,8.333333,34.38095184412499,5.239779563766989,80.0,36.4011424888777
RhoA perturbation; Rac1 response,Hill_expr,(H(R)+H(R)),1,5,2,8.666667,34.51231650587501,5.337311100437704,80.0,36.77502242833696
RhoA perturbation; Rac1 response,Hill_expr,(H(R)+H(R)),1,5,2,9.0,36.739394404125,5.316336836358264,80.0,37.13174772028261
RhoA perturbation; Rac1 response,Hill_expr,(H(R)+H(R)),1,5,2,9.333333,35.86836106362501,5.531727310296695,80.0,37.47237500004552
RhoA perturbation; Rac1 response,Hill_expr,(H(R)+H(R)),1,5,2,9.666667,36.407556719374995,5.428268466568994,80.0,37.79784939773332
RhoA perturbation; Rac1 response,Hill_expr,(H(R)+H(R)),1,5,2,10.0,35.335303085250004,5.434029141654743,80.0,38.10900690113097
RhoA perturbation; Rac1 response,Hill_expr,(H(R)+H(R)),1,5,2,10.33333,35.160878269624995,5.396729922961505,80.0,38.406578785272174
RhoA perturbation; Rac1 response,Hill_expr,(H(R)+H(R)),1,5,2,10.66667,36.24939250387503,5.538121957950258,80.0,38.691201333366685
RhoA perturbation; Rac1 response,Hill_expr,(H(R)+H(R)),1,5,2,11.0,37.37152335212499,5.528340849936087,80.0,38.96336790291
RhoA perturbation; Rac1 response,Hill_expr,(H(R)+H(R)),1,5,2,11.33333,38.74832157974999,5.533748750438115,80.0,39.22347197382531
RhoA perturbation; Rac1 response,Hill_expr,(H(R)+H(R)),1,5,2,11.66667,38.07010675412502,5.543759331789647,80.0,39.47176464315879
RhoA perturbation; Rac1 response,Hill_expr,(H(R)+H(R)),1,5,2,12.0,39.63976049699998,5.670038938734038,80.0,39.70831447738562
RhoA perturbation; Rac1 response,Hill_expr,(H(R)+H(R)),1,5,2,12.33333,39.877722357875015,5.6815290829271685,80.0,39.933028787141915
RhoA perturbation; Rac1 response,Hill_expr,(H(R)+H(R)),1,5,2,12.66667,41.43385763199999,5.604815366791928,80.0,40.145602677811596
RhoA perturbation; Rac1 response,Hill_expr,(H(R)+H(R)),1,5,2,13.0,41.57483332500002,5.6808779593278755,80.0,40.3454715718138
RhoA perturbation; Rac1 response,Hill_expr,(H(R)+H(R)),1,5,2,13.33333,42.19735376224999,5.733610998560068,80.0,40.53181749484108
RhoA perturbation; Rac1 response,Hill_expr,(H(R)+H(R)),1,5,2,13.66667,40.362294325375004,5.723266613190431,80.0,40.70351527194531
RhoA perturbation; Rac1 response,Hill_expr,(H(R)+H(R)),1,5,2,14.0,39.47222318150003,5.696522983669431,80.0,40.85908680019629
RhoA perturbation; Rac1 response,Hill_expr,(H(R)+H(R)),1,5,2,14.33333,39.705036106124986,5.583156165948099,80.0,40.99670255247025
RhoA perturbation; Rac1 response,Hill_expr,(H(R)+H(R)),1,5,2,14.66667,40.851035414875,5.6522790317061204,80.0,41.114139153706276
RhoA perturbation; Rac1 response,Hill_expr,(H(R)+H(R)),1,5,2,15.0,40.54514006962498,5.6768523043026615,80.0,41.20875430202039
RhoA perturbation; Rac1 response,Hill_expr,(H(R)+H(R)),1,5,2,15.33333,41.32761998424999,5.630671607329237,80.0,41.277501622170426
RhoA perturbation; Rac1 response,Hill_expr,(H(R)+H(R)),1,5,2,15.66667,40.73784667475,5.69717178960748,80.0,41.316923916904045
RhoA perturbation; Rac1 response,Hill_expr,(H(R)+H(R)),1,5,2,16.0,42.584126971625,5.770515788632695,80.0,41.323177453564064
RhoA perturbation; Rac1 response,Hill_expr,(H(R)+H(R)),1,5,2,16.33333,41.846711594625,5.8275534461558385,80.0,41.29208369657106
RhoA perturbation; Rac1 response,Hill_expr,(H(R)+H(R)),1,5,2,16.66667,40.94162946050001,5.733888215518726,80.0,41.219188034069504
RhoA perturbation; Rac1 response,Hill_expr,(H(R)+H(R)),1,5,2,17.0,43.055054836375035,5.754478083690295,80.0,41.09986353238452
RhoA perturbation; Rac1 response,Hill_expr,(H(R)+H(R)),1,5,2,17.33333,42.855766021125014,5.6963691598033295,80.0,40.92941574583387
RhoA perturbation; Rac1 response,Hill_expr,(H(R)+H(R)),1,5,2,17.66667,44.7054921885,5.806444494935948,80.0,40.703224832456556
RhoA perturbation; Rac1 response,Hill_expr,(H(R)+H(R)),1,5,2,18.0,44.263716705749985,5.744471784096954,80.0,40.41693711163447
RhoA perturbation; Rac1 response,Hill_expr,(H(R)+H(R)),1,5,2,18.33333,42.8251505395,5.801277555080771,80.0,40.0666054843458
RhoA perturbation; Rac1 response,Hill_expr,(H(R)+H(R)),1,5,2,18.66667,43.388878527625,5.829161035786278,80.0,39.648891097964245
RhoA perturbation; Rac1 response,Hill_expr,(H(R)+H(R)),1,5,2,19.0,43.666588430625005,5.667702243793217,80.0,39.161298555668346
RhoA perturbation; Rac1 response,Hill_expr,(H(R)+H(R)),1,5,2,19.33333,45.334017831999994,5.812417520349717,80.0,38.60227718185789
RhoA perturbation; Rac1 response,Hill_expr,(H(R)+H(R)),1,5,2,19.66667,44.914543018875,5.79099819192254,80.0,37.97140005911376
RhoA perturbation; Rac1 response,Hill_expr,(H(R)+H(R)),1,5,2,20.0,44.572232559250004,5.817052810245743,80.0,37.26954372150807
RhoA perturbation; Rac1 response,Hill_expr,(H(R)+H(R)),1,5,2,20.33333,40.51139308287501,5.706678918618629,80.0,36.49883927945252
RhoA perturbation; Rac1 response,Hill_expr,(H(R)+H(R)),1,5,2,20.66667,37.803339820625,5.442297824147259,80.0,35.662728129836196
RhoA perturbation; Rac1 response,Hill_expr,(H(R)+H(R)),1,5,2,21.0,36.83530481274999,5.377426535933674,80.0,34.765994205107766
RhoA perturbation; Rac1 response,Hill_expr,(H(R)+H(R)),1,5,2,21.33333,34.902504401749994,5.086190084460841,80.0,33.814501510608636
RhoA perturbation; Rac1 response,Hill_expr,(H(R)+H(R)),1,5,2,21.66667,32.358773020124985,4.962234411776436,80.0,32.81509660254226
RhoA perturbation; Rac1 response,Hill_expr,(H(R)+H(R)),1,5,2,22.0,31.058346401500007,4.718970813896896,80.0,31.775497109350887
RhoA perturbation; Rac1 response,Hill_expr,(H(R)+H(R)),1,5,2,22.33333,30.659511084875,4.591853455206336,80.0,30.703873029524722
RhoA perturbation; Rac1 response,Hill_expr,(H(R)+H(R)),1,5,2,22.66667,27.945735520249997,4.519291240834524,80.0,29.608679750748454
RhoA perturbation; Rac1 response,Hill_expr,(H(R)+H(R)),1,5,2,23.0,29.499232588624988,4.379393433310475,80.0,28.498509956309373
RhoA perturbation; Rac1 response,Hill_expr,(H(R)+H(R)),1,5,2,23.33333,26.421660202749997,4.194218334282237,80.0,27.381661219869923
RhoA perturbation; Rac1 response,Hill_expr,(H(R)+H(R)),1,5,2,23.66667,25.22736179324999,4.17689653001624,80.0,26.26602666066763
RhoA perturbation; Rac1 response,Hill_expr,(H(R)+H(R)),1,5,2,24.0,24.314893736374998,4.061461501574148,80.0,25.159025586051044
RhoA perturbation; Rac1 response,Hill_expr,(H(R)+H(R)),1,5,2,24.33333,22.240597807375,3.843944873018156,80.0,24.06727268418113
RhoA perturbation; Rac1 response,Hill_expr,(H(R)+H(R)),1,5,2,24.66667,21.553199025624988,3.6691485795747103,80.0,22.996592942157804
RhoA perturbation; Rac1 response,Hill_expr,(H(R)+H(R)),1,5,2,25.0,19.863821151125,3.6468348086246767,80.0,21.952068720243876
RhoA perturbation; Rac1 response,Hill_expr,(H(R)+H(R)),1,5,2,25.33333,16.932267740750003,3.4805307171673125,80.0,20.93783561522623
RhoA perturbation; Rac1 response,Hill_expr,(H(R)+H(R)),1,5,2,25.66667,18.068718093875006,3.528808249145459,80.0,19.957202060425466
RhoA perturbation; Rac1 response,Hill_expr,(H(R)+H(R)),1,5,2,26.0,16.248535159249997,3.4082234275501917,80.0,19.012776670428934
RhoA perturbation; Rac1 response,Hill_expr,(H(R)+H(R)),1,5,2,26.33333,17.563465463875,3.382511521953084,80.0,18.106352248207205
RhoA perturbation; Rac1 response,Hill_expr,(H(R)+H(R)),1,5,2,26.66667,15.361787431625,3.1845843076809692,80.0,17.23907120950696
RhoA perturbation; Rac1 response,Hill_expr,(H(R)+H(R)),1,5,2,27.0,14.854973019500008,3.097704325022788,80.0,16.411576715521562
RhoA perturbation; Rac1 response,Hill_expr,(H(R)+H(R)),1,5,2,27.33333,14.746504492124995,3.089208804848729,80.0,15.623936452838624
RhoA perturbation; Rac1 response,Hill_expr,(H(R)+H(R)),1,5,2,27.66667,13.389730869875,2.86435067269115,80.0,14.875804274733834
RhoA perturbation; Rac1 response,Hill_expr,(H(R)+H(R)),1,5,2,28.0,13.047866296875,2.7829199705590355,80.0,14.166556196348797
RhoA perturbation; Rac1 response,Hill_expr,(H(R)+H(R)),1,5,2,28.33333,12.79419637099999,2.741318158577171,80.0,13.495223920203735
RhoA perturbation; Rac1 response,Hill_expr,(H(R)+H(R)),1,5,2,28.66667,12.093769360875005,2.5876402780456833,80.0,12.86062857829102
RhoA perturbation; Rac1 response,Hill_expr,(H(R)+H(R)),1,5,2,29.0,13.066173804999995,2.5590064226511555,80.0,12.261486744813169
RhoA perturbation; Rac1 response,Hill_expr,(H(R)+H(R)),1,5,2,29.33333,11.962233619500001,2.2764795137535137,80.0,11.69634297678779
RhoA perturbation; Rac1 response,Hill_expr,(H(R)+H(R)),1,5,2,29.66667,11.778198033,2.3065581426143087,80.0,11.163671201928146
RhoA perturbation; Rac1 response,Hill_expr,(H(R)+H(R)),1,5,2,30.0,11.931489493625001,2.283206439036089,80.0,10.661951225022356
RhoA perturbation; Rac1 response,Hill_expr,(H(R)+H(R)),1,5,2,30.33333,11.864284518250006,2.227124211277553,80.0,10.189600139278255
RhoA perturbation; Rac1 response,Hill_expr,(H(R)+H(R)),1,5,2,30.66667,10.727707190500002,2.1617326843202975,80.0,9.74504617647181
RhoA perturbation; Rac1 response,Hill_expr,(H(R)+H(R)),1,5,2,31.0,11.321055857875002,2.1133653218609703,80.0,9.326782087992868
RhoA perturbation; Rac1 response,Hill_expr,(H(R)+H(R)),1,5,2,31.33333,9.681192162124999,2.075053951855054,80.0,8.93329856984596
RhoA perturbation; Rac1 response,Hill_expr,(H(R)+H(R)),1,5,2,31.66667,9.858793051125001,1.9731991137083271,80.0,8.56313763402585
RhoA perturbation; Rac1 response,Hill_expr,(H(R)+H(R)),1,5,2,32.0,9.751500392875,1.8185354370605673,80.0,8.21492978035704
RhoA perturbation; Rac1 response,Hill_expr,(H(R)+H(R)),1,5,2,32.33333,10.423419645,1.8611195091302073,80.0,7.887332316817535
RhoA perturbation; Rac1 response,Hill_expr,(H(R)+H(R)),1,5,2,32.66667,9.1168839295,1.8294995092749495,80.0,7.579068453223449
RhoA perturbation; Rac1 response,Hill_expr,(H(R)+H(R)),1,5,2,33.0,7.897097908499991,1.7983095647373577,80.0,7.288953735129965
RhoA perturbation; Rac1 response,Hill_expr,(H(R)+H(R)),1,5,2,33.33333,7.189429227124994,1.7042641393511773,80.0,7.015840883860008
RhoA perturbation; Rac1 response,Hill_expr,(H(R)+H(R)),1,5,2,33.66667,7.7557665621249985,1.7977748334996162,80.0,6.758649173029141
RhoA perturbation; Rac1 response,Hill_expr,(H(R)+H(R)),1,5,2,34.0,7.001074584124995,1.9620248084976701,80.0,6.516383898919891
RhoA perturbation; Rac1 response,Hill_expr,(H(R)+H(R)),1,5,2,34.33333,7.552257760375001,1.8208534926932152,80.0,6.288088222927925
RhoA perturbation; Rac1 response,Hill_expr,(H(R)+H(R)),1,5,2,34.66667,6.673025697000003,1.8516300730445912,80.0,6.072865916329533
RhoA perturbation; Rac1 response,Hill_expr,(H(R)+H(R)),1,5,2,35.0,7.022828758875003,1.8260248447738565,80.0,5.869896292361318
RhoA perturbation; Rac1 response,Hill_expr,(H(R)+H(R)),1,5,2,35.33333,5.354098614625,1.727030919005176,80.0,5.678392793158224
RhoA perturbation; Rac1 response,Hill_expr,(H(R)+H(R)),1,5,2,35.66667,6.334587531499996,1.7152440553908999,80.0,5.497621112843326
RhoA perturbation; Rac1 response,Hill_expr,(H(R)+H(R)),1,5,2,36.0,4.428455727374998,1.7127589728698311,80.0,5.32691109554964
RhoA perturbation; Rac1 response,Hill_expr,(H(R)+H(R)),1,5,2,36.33333,4.410370907000005,1.613681805084379,80.0,5.165621428044467
RhoA perturbation; Rac1 response,Hill_expr,(H(R)+H(R)),1,5,2,36.66667,4.115654407875,1.625652970086845,80.0,5.013154438723973
RhoA perturbation; Rac1 response,Hill_expr,(H(R)+H(R)),1,5,2,37.0,4.479636555875,1.7000713535578325,80.0,4.868965884550597
RhoA perturbation; Rac1 response,Hill_expr,(H(R)+H(R)),1,5,2,37.33333,2.868887833624999,1.662513012809657,80.0,4.732534971371095
RhoA perturbation; Rac1 response,Hill_expr,(H(R)+H(R)),1,5,2,37.66667,4.2424165142499985,1.7261812779100496,80.0,4.603376675835371
RhoA perturbation; Rac1 response,Hill_expr,(H(R)+H(R)),1,5,2,38.0,4.4917785188750035,1.6113699205025556,80.0,4.481049992728948
RhoA perturbation; Rac1 response,Hill_expr,(H(R)+H(R)),1,5,2,38.33333,3.819373902500002,1.7679290644372516,80.0,4.365132503479501
RhoA perturbation; Rac1 response,Hill_expr,(H(R)+H(R)),1,5,2,38.66667,3.0226327430000017,1.804166249213009,80.0,4.255230788320802
RhoA perturbation; Rac1 response,Hill_expr,(H(R)+H(R)),1,5,2,39.0,3.471399687500001,1.7428258510903027,80.0,4.1509874973193845
RhoA perturbation; Rac1 response,Hill_expr,(H(R)+H(R)),1,5,2,39.33333,3.5710842597500005,1.6776002402277683,80.0,4.052059753202727
RhoA perturbation; Rac1 response,Hill_expr,(H(R)+H(R)),1,5,2,39.66667,3.4638432541250013,1.587218421349147,80.0,3.9581280472603453
RhoA perturbation; Rac1 response,Hill_expr,(H(R)+H(R)),1,5,2,40.0,4.459667909874997,1.7199645389940506,80.0,3.8689023745889344
RhoA perturbation; Rac1 response,Hill_expr,H(H(R)),2,3,2,0.0,-0.9931512857500001,0.2930358516672621,80.0,-0.9931512198679452
RhoA perturbation; Rac1 response,Hill_expr,H(H(R)),2,3,2,0.3333333,14.05484543712499,2.7689854655564425,80.0,12.460411102011605
RhoA perturbation; Rac1 response,Hill_expr,H(H(R)),2,3,2,0.6666667,17.840202627750003,3.2205576531637807,80.0,12.460411102034119
RhoA perturbation; Rac1 response,Hill_expr,H(H(R)),2,3,2,1.0,19.956233638750003,3.442955807410961,80.0,12.460411102034437
RhoA perturbation; Rac1 response,Hill_expr,H(H(R)),2,3,2,1.333333,21.843358484374992,3.5875551291744125,80.0,12.460411102034504
RhoA perturbation; Rac1 response,Hill_expr,H(H(R)),2,3,2,1.666667,20.794324358125007,3.7574895152656023,80.0,12.460411102034529
RhoA perturbation; Rac1 response,Hill_expr,H(H(R)),2,3,2,2.0,22.349197607374983,3.906772941300473,80.0,12.460411102034541
RhoA perturbation; Rac1 response,Hill_expr,H(H(R)),2,3,2,2.333333,22.23171431124999,4.062614000548535,80.0,12.460411102034547
RhoA perturbation; Rac1 response,Hill_expr,H(H(R)),2,3,2,2.666667,24.265378724125007,4.179210356349098,80.0,12.46041110203455
RhoA perturbation; Rac1 response,Hill_expr,H(H(R)),2,3,2,3.0,25.918459290375004,4.414457016384039,80.0,12.460411102034554
RhoA perturbation; Rac1 response,Hill_expr,H(H(R)),2,3,2,3.333333,25.84004893499999,4.527815666649435,80.0,12.460411102034556
RhoA perturbation; Rac1 response,Hill_expr,H(H(R)),2,3,2,3.666667,25.84496122112501,4.766097323169697,80.0,12.460411102034556
RhoA perturbation; Rac1 response,Hill_expr,H(H(R)),2,3,2,4.0,25.811583304499987,4.749304233032243,80.0,12.460411102034557
RhoA perturbation; Rac1 response,Hill_expr,H(H(R)),2,3,2,4.333334,29.75857579150001,4.958198392281836,80.0,12.460411102034557
RhoA perturbation; Rac1 response,Hill_expr,H(H(R)),2,3,2,4.666667,27.878301637000003,5.050262659092711,80.0,12.460411102034557
RhoA perturbation; Rac1 response,Hill_expr,H(H(R)),2,3,2,5.0,30.594271491749986,5.113990815370671,80.0,12.460411102034557
RhoA perturbation; Rac1 response,Hill_expr,H(H(R)),2,3,2,5.333334,32.134596649375005,5.15048245258548,80.0,12.46041110203456
RhoA perturbation; Rac1 response,Hill_expr,H(H(R)),2,3,2,5.666667,31.656008856874998,5.1193289143828835,80.0,12.46041110203456
RhoA perturbation; Rac1 response,Hill_expr,H(H(R)),2,3,2,6.0,32.08497583187501,5.152554104036383,80.0,12.46041110203456
RhoA perturbation; Rac1 response,Hill_expr,H(H(R)),2,3,2,6.333334,32.85001744749998,5.187868992485546,80.0,12.46041110203456
RhoA perturbation; Rac1 response,Hill_expr,H(H(R)),2,3,2,6.666667,33.21562006187501,5.280109422853797,80.0,12.46041110203456
RhoA perturbation; Rac1 response,Hill_expr,H(H(R)),2,3,2,7.0,34.55065387687502,5.202673773628684,80.0,12.46041110203456
RhoA perturbation; Rac1 response,Hill_expr,H(H(R)),2,3,2,7.333334,34.70303551737499,5.243391533936802,80.0,12.46041110203456
RhoA perturbation; Rac1 response,Hill_expr,H(H(R)),2,3,2,7.666667,35.43317001200001,5.359945574131809,80.0,12.46041110203456
RhoA perturbation; Rac1 response,Hill_expr,H(H(R)),2,3,2,8.0,35.21082664687499,5.293810489019405,80.0,12.46041110203456
RhoA perturbation; Rac1 response,Hill_expr,H(H(R)),2,3,2,8.333333,34.38095184412499,5.239779563766989,80.0,12.46041110203456
RhoA perturbation; Rac1 response,Hill_expr,H(H(R)),2,3,2,8.666667,34.51231650587501,5.337311100437704,80.0,12.46041110203456
RhoA perturbation; Rac1 response,Hill_expr,H(H(R)),2,3,2,9.0,36.739394404125,5.316336836358264,80.0,12.46041110203456
RhoA perturbation; Rac1 response,Hill_expr,H(H(R)),2,3,2,9.333333,35.86836106362501,5.531727310296695,80.0,12.46041110203456
RhoA perturbation; Rac1 response,Hill_expr,H(H(R)),2,3,2,9.666667,36.407556719374995,5.428268466568994,80.0,12.46041110203456
RhoA perturbation; Rac1 response,Hill_expr,H(H(R)),2,3,2,10.0,35.335303085250004,5.434029141654743,80.0,12.46041110203456
RhoA perturbation; Rac1 response,Hill_expr,H(H(R)),2,3,2,10.33333,35.160878269624995,5.396729922961505,80.0,12.46041110203456
RhoA perturbation; Rac1 response,Hill_expr,H(H(R)),2,3,2,10.66667,36.24939250387503,5.538121957950258,80.0,12.46041110203456
RhoA perturbation; Rac1 response,Hill_expr,H(H(R)),2,3,2,11.0,37.37152335212499,5.528340849936087,80.0,12.46041110203456
RhoA perturbation; Rac1 response,Hill_expr,H(H(R)),2,3,2,11.33333,38.74832157974999,5.533748750438115,80.0,12.46041110203456
RhoA perturbation; Rac1 response,Hill_expr,H(H(R)),2,3,2,11.66667,38.07010675412502,5.543759331789647,80.0,12.46041110203456
RhoA perturbation; Rac1 response,Hill_expr,H(H(R)),2,3,2,12.0,39.63976049699998,5.670038938734038,80.0,12.46041110203456
RhoA perturbation; Rac1 response,Hill_expr,H(H(R)),2,3,2,12.33333,39.877722357875015,5.6815290829271685,80.0,12.46041110203456
RhoA perturbation; Rac1 response,Hill_expr,H(H(R)),2,3,2,12.66667,41.43385763199999,5.604815366791928,80.0,12.46041110203456
RhoA perturbation; Rac1 response,Hill_expr,H(H(R)),2,3,2,13.0,41.57483332500002,5.6808779593278755,80.0,12.46041110203456
RhoA perturbation; Rac1 response,Hill_expr,H(H(R)),2,3,2,13.33333,42.19735376224999,5.733610998560068,80.0,12.46041110203456
RhoA perturbation; Rac1 response,Hill_expr,H(H(R)),2,3,2,13.66667,40.362294325375004,5.723266613190431,80.0,12.46041110203456
RhoA perturbation; Rac1 response,Hill_expr,H(H(R)),2,3,2,14.0,39.47222318150003,5.696522983669431,80.0,12.46041110203456
RhoA perturbation; Rac1 response,Hill_expr,H(H(R)),2,3,2,14.33333,39.705036106124986,5.583156165948099,80.0,12.46041110203456
RhoA perturbation; Rac1 response,Hill_expr,H(H(R)),2,3,2,14.66667,40.851035414875,5.6522790317061204,80.0,12.46041110203456
RhoA perturbation; Rac1 response,Hill_expr,H(H(R)),2,3,2,15.0,40.54514006962498,5.6768523043026615,80.0,12.46041110203456
RhoA perturbation; Rac1 response,Hill_expr,H(H(R)),2,3,2,15.33333,41.32761998424999,5.630671607329237,80.0,12.46041110203456
RhoA perturbation; Rac1 response,Hill_expr,H(H(R)),2,3,2,15.66667,40.73784667475,5.69717178960748,80.0,12.46041110203456
RhoA perturbation; Rac1 response,Hill_expr,H(H(R)),2,3,2,16.0,42.584126971625,5.770515788632695,80.0,12.46041110203456
RhoA perturbation; Rac1 response,Hill_expr,H(H(R)),2,3,2,16.33333,41.846711594625,5.8275534461558385,80.0,12.46041110203456
RhoA perturbation; Rac1 response,Hill_expr,H(H(R)),2,3,2,16.66667,40.94162946050001,5.733888215518726,80.0,12.46041110203456
RhoA perturbation; Rac1 response,Hill_expr,H(H(R)),2,3,2,17.0,43.055054836375035,5.754478083690295,80.0,12.46041110203456
RhoA perturbation; Rac1 response,Hill_expr,H(H(R)),2,3,2,17.33333,42.855766021125014,5.6963691598033295,80.0,12.46041110203456
RhoA perturbation; Rac1 response,Hill_expr,H(H(R)),2,3,2,17.66667,44.7054921885,5.806444494935948,80.0,12.46041110203456
RhoA perturbation; Rac1 response,Hill_expr,H(H(R)),2,3,2,18.0,44.263716705749985,5.744471784096954,80.0,12.46041110203456
RhoA perturbation; Rac1 response,Hill_expr,H(H(R)),2,3,2,18.33333,42.8251505395,5.801277555080771,80.0,12.46041110203456
RhoA perturbation; Rac1 response,Hill_expr,H(H(R)),2,3,2,18.66667,43.388878527625,5.829161035786278,80.0,12.46041110203456
RhoA perturbation; Rac1 response,Hill_expr,H(H(R)),2,3,2,19.0,43.666588430625005,5.667702243793217,80.0,12.46041110203456
RhoA perturbation; Rac1 response,Hill_expr,H(H(R)),2,3,2,19.33333,45.334017831999994,5.812417520349717,80.0,12.46041110203456
RhoA perturbation; Rac1 response,Hill_expr,H(H(R)),2,3,2,19.66667,44.914543018875,5.79099819192254,80.0,12.46041110203456
RhoA perturbation; Rac1 response,Hill_expr,H(H(R)),2,3,2,20.0,44.572232559250004,5.817052810245743,80.0,12.46041110203456
RhoA perturbation; Rac1 response,Hill_expr,H(H(R)),2,3,2,20.33333,40.51139308287501,5.706678918618629,80.0,12.46041110203456
RhoA perturbation; Rac1 response,Hill_expr,H(H(R)),2,3,2,20.66667,37.803339820625,5.442297824147259,80.0,12.46041110203456
RhoA perturbation; Rac1 response,Hill_expr,H(H(R)),2,3,2,21.0,36.83530481274999,5.377426535933674,80.0,12.46041110203456
RhoA perturbation; Rac1 response,Hill_expr,H(H(R)),2,3,2,21.33333,34.902504401749994,5.086190084460841,80.0,12.46041110203456
RhoA perturbation; Rac1 response,Hill_expr,H(H(R)),2,3,2,21.66667,32.358773020124985,4.962234411776436,80.0,12.46041110203456
RhoA perturbation; Rac1 response,Hill_expr,H(H(R)),2,3,2,22.0,31.058346401500007,4.718970813896896,80.0,12.46041110203456
RhoA perturbation; Rac1 response,Hill_expr,H(H(R)),2,3,2,22.33333,30.659511084875,4.591853455206336,80.0,12.46041110203456
RhoA perturbation; Rac1 response,Hill_expr,H(H(R)),2,3,2,22.66667,27.945735520249997,4.519291240834524,80.0,12.46041110203456
RhoA perturbation; Rac1 response,Hill_expr,H(H(R)),2,3,2,23.0,29.499232588624988,4.379393433310475,80.0,12.46041110203456
RhoA perturbation; Rac1 response,Hill_expr,H(H(R)),2,3,2,23.33333,26.421660202749997,4.194218334282237,80.0,12.46041110203456
RhoA perturbation; Rac1 response,Hill_expr,H(H(R)),2,3,2,23.66667,25.22736179324999,4.17689653001624,80.0,12.46041110203456
RhoA perturbation; Rac1 response,Hill_expr,H(H(R)),2,3,2,24.0,24.314893736374998,4.061461501574148,80.0,12.46041110203456
RhoA perturbation; Rac1 response,Hill_expr,H(H(R)),2,3,2,24.33333,22.240597807375,3.843944873018156,80.0,12.46041110203456
RhoA perturbation; Rac1 response,Hill_expr,H(H(R)),2,3,2,24.66667,21.553199025624988,3.6691485795747103,80.0,12.46041110203456
RhoA perturbation; Rac1 response,Hill_expr,H(H(R)),2,3,2,25.0,19.863821151125,3.6468348086246767,80.0,12.46041110203456
RhoA perturbation; Rac1 response,Hill_expr,H(H(R)),2,3,2,25.33333,16.932267740750003,3.4805307171673125,80.0,12.46041110203456
RhoA perturbation; Rac1 response,Hill_expr,H(H(R)),2,3,2,25.66667,18.068718093875006,3.528808249145459,80.0,12.46041110203456
RhoA perturbation; Rac1 response,Hill_expr,H(H(R)),2,3,2,26.0,16.248535159249997,3.4082234275501917,80.0,12.46041110203456
RhoA perturbation; Rac1 response,Hill_expr,H(H(R)),2,3,2,26.33333,17.563465463875,3.382511521953084,80.0,12.46041110203456
RhoA perturbation; Rac1 response,Hill_expr,H(H(R)),2,3,2,26.66667,15.361787431625,3.1845843076809692,80.0,12.46041110203456
RhoA perturbation; Rac1 response,Hill_expr,H(H(R)),2,3,2,27.0,14.854973019500008,3.097704325022788,80.0,12.46041110203456
RhoA perturbation; Rac1 response,Hill_expr,H(H(R)),2,3,2,27.33333,14.746504492124995,3.089208804848729,80.0,12.46041110203456
RhoA perturbation; Rac1 response,Hill_expr,H(H(R)),2,3,2,27.66667,13.389730869875,2.86435067269115,80.0,12.46041110203456
RhoA perturbation; Rac1 response,Hill_expr,H(H(R)),2,3,2,28.0,13.047866296875,2.7829199705590355,80.0,12.46041110203456
RhoA perturbation; Rac1 response,Hill_expr,H(H(R)),2,3,2,28.33333,12.79419637099999,2.741318158577171,80.0,12.46041110203456
RhoA perturbation; Rac1 response,Hill_expr,H(H(R)),2,3,2,28.66667,12.093769360875005,2.5876402780456833,80.0,12.46041110203456
RhoA perturbation; Rac1 response,Hill_expr,H(H(R)),2,3,2,29.0,13.066173804999995,2.5590064226511555,80.0,12.46041110203456
RhoA perturbation; Rac1 response,Hill_expr,H(H(R)),2,3,2,29.33333,11.962233619500001,2.2764795137535137,80.0,12.46041110203456
RhoA perturbation; Rac1 response,Hill_expr,H(H(R)),2,3,2,29.66667,11.778198033,2.3065581426143087,80.0,12.46041110203456
RhoA perturbation; Rac1 response,Hill_expr,H(H(R)),2,3,2,30.0,11.931489493625001,2.283206439036089,80.0,12.46041110203456
RhoA perturbation; Rac1 response,Hill_expr,H(H(R)),2,3,2,30.33333,11.864284518250006,2.227124211277553,80.0,12.46041110203456
RhoA perturbation; Rac1 response,Hill_expr,H(H(R)),2,3,2,30.66667,10.727707190500002,2.1617326843202975,80.0,12.46041110203456
RhoA perturbation; Rac1 response,Hill_expr,H(H(R)),2,3,2,31.0,11.321055857875002,2.1133653218609703,80.0,12.46041110203456
RhoA perturbation; Rac1 response,Hill_expr,H(H(R)),2,3,2,31.33333,9.681192162124999,2.075053951855054,80.0,12.46041110203456
RhoA perturbation; Rac1 response,Hill_expr,H(H(R)),2,3,2,31.66667,9.858793051125001,1.9731991137083271,80.0,12.46041110203456
RhoA perturbation; Rac1 response,Hill_expr,H(H(R)),2,3,2,32.0,9.751500392875,1.8185354370605673,80.0,12.46041110203456
RhoA perturbation; Rac1 response,Hill_expr,H(H(R)),2,3,2,32.33333,10.423419645,1.8611195091302073,80.0,12.46041110203456
RhoA perturbation; Rac1 response,Hill_expr,H(H(R)),2,3,2,32.66667,9.1168839295,1.8294995092749495,80.0,12.46041110203456
RhoA perturbation; Rac1 response,Hill_expr,H(H(R)),2,3,2,33.0,7.897097908499991,1.7983095647373577,80.0,12.46041110203456
RhoA perturbation; Rac1 response,Hill_expr,H(H(R)),2,3,2,33.33333,7.189429227124994,1.7042641393511773,80.0,12.46041110203456
RhoA perturbation; Rac1 response,Hill_expr,H(H(R)),2,3,2,33.66667,7.7557665621249985,1.7977748334996162,80.0,12.46041110203456
RhoA perturbation; Rac1 response,Hill_expr,H(H(R)),2,3,2,34.0,7.001074584124995,1.9620248084976701,80.0,12.46041110203456
RhoA perturbation; Rac1 response,Hill_expr,H(H(R)),2,3,2,34.33333,7.552257760375001,1.8208534926932152,80.0,12.46041110203456
RhoA perturbation; Rac1 response,Hill_expr,H(H(R)),2,3,2,34.66667,6.673025697000003,1.8516300730445912,80.0,12.46041110203456
RhoA perturbation; Rac1 response,Hill_expr,H(H(R)),2,3,2,35.0,7.022828758875003,1.8260248447738565,80.0,12.46041110203456
RhoA perturbation; Rac1 response,Hill_expr,H(H(R)),2,3,2,35.33333,5.354098614625,1.727030919005176,80.0,12.46041110203456
RhoA perturbation; Rac1 response,Hill_expr,H(H(R)),2,3,2,35.66667,6.334587531499996,1.7152440553908999,80.0,12.46041110203456
RhoA perturbation; Rac1 response,Hill_expr,H(H(R)),2,3,2,36.0,4.428455727374998,1.7127589728698311,80.0,12.46041110203456
RhoA perturbation; Rac1 response,Hill_expr,H(H(R)),2,3,2,36.33333,4.410370907000005,1.613681805084379,80.0,12.46041110203456
RhoA perturbation; Rac1 response,Hill_expr,H(H(R)),2,3,2,36.66667,4.115654407875,1.625652970086845,80.0,12.46041110203456
RhoA perturbation; Rac1 response,Hill_expr,H(H(R)),2,3,2,37.0,4.479636555875,1.7000713535578325,80.0,12.46041110203456
RhoA perturbation; Rac1 response,Hill_expr,H(H(R)),2,3,2,37.33333,2.868887833624999,1.662513012809657,80.0,12.46041110203456
RhoA perturbation; Rac1 response,Hill_expr,H(H(R)),2,3,2,37.66667,4.2424165142499985,1.7261812779100496,80.0,12.46041110203456
RhoA perturbation; Rac1 response,Hill_expr,H(H(R)),2,3,2,38.0,4.4917785188750035,1.6113699205025556,80.0,12.46041110203456
RhoA perturbation; Rac1 response,Hill_expr,H(H(R)),2,3,2,38.33333,3.819373902500002,1.7679290644372516,80.0,12.46041110203456
RhoA perturbation; Rac1 response,Hill_expr,H(H(R)),2,3,2,38.66667,3.0226327430000017,1.804166249213009,80.0,12.46041110203456
RhoA perturbation; Rac1 response,Hill_expr,H(H(R)),2,3,2,39.0,3.471399687500001,1.7428258510903027,80.0,12.46041110203456
RhoA perturbation; Rac1 response,Hill_expr,H(H(R)),2,3,2,39.33333,3.5710842597500005,1.6776002402277683,80.0,12.46041110203456
RhoA perturbation; Rac1 response,Hill_expr,H(H(R)),2,3,2,39.66667,3.4638432541250013,1.587218421349147,80.0,12.46041110203456
RhoA perturbation; Rac1 response,Hill_expr,H(H(R)),2,3,2,40.0,4.459667909874997,1.7199645389940506,80.0,12.46041110203456
RhoA perturbation; Rac1 response,Hill_expr,(H(H(R))+R),2,5,2,0.0,-0.9931512857500001,0.2930358516672621,80.0,-0.9931508865353363
RhoA perturbation; Rac1 response,Hill_expr,(H(H(R))+R),2,5,2,0.3333333,14.05484543712499,2.7689854655564425,80.0,12.459282809913047
RhoA perturbation; Rac1 response,Hill_expr,(H(H(R))+R),2,5,2,0.6666667,17.840202627750003,3.2205576531637807,80.0,12.460411025131311
RhoA perturbation; Rac1 response,Hill_expr,(H(H(R))+R),2,5,2,1.0,19.956233638750003,3.442955807410961,80.0,12.460411076386126
RhoA perturbation; Rac1 response,Hill_expr,(H(H(R))+R),2,5,2,1.333333,21.843358484374992,3.5875551291744125,80.0,12.460411076388453
RhoA perturbation; Rac1 response,Hill_expr,(H(H(R))+R),2,5,2,1.666667,20.794324358125007,3.7574895152656023,80.0,12.460411076388453
RhoA perturbation; Rac1 response,Hill_expr,(H(H(R))+R),2,5,2,2.0,22.349197607374983,3.906772941300473,80.0,12.460411076388453
RhoA perturbation; Rac1 response,Hill_expr,(H(H(R))+R),2,5,2,2.333333,22.23171431124999,4.062614000548535,80.0,12.460411076388453
RhoA perturbation; Rac1 response,Hill_expr,(H(H(R))+R),2,5,2,2.666667,24.265378724125007,4.179210356349098,80.0,12.460411076388453
RhoA perturbation; Rac1 response,Hill_expr,(H(H(R))+R),2,5,2,3.0,25.918459290375004,4.414457016384039,80.0,12.460411076388453
RhoA perturbation; Rac1 response,Hill_expr,(H(H(R))+R),2,5,2,3.333333,25.84004893499999,4.527815666649435,80.0,12.460411076388453
RhoA perturbation; Rac1 response,Hill_expr,(H(H(R))+R),2,5,2,3.666667,25.84496122112501,4.766097323169697,80.0,12.460411076388453
RhoA perturbation; Rac1 response,Hill_expr,(H(H(R))+R),2,5,2,4.0,25.811583304499987,4.749304233032243,80.0,12.460411076388453
RhoA perturbation; Rac1 response,Hill_expr,(H(H(R))+R),2,5,2,4.333334,29.75857579150001,4.958198392281836,80.0,12.460411076388453
RhoA perturbation; Rac1 response,Hill_expr,(H(H(R))+R),2,5,2,4.666667,27.878301637000003,5.050262659092711,80.0,12.460411076388453
RhoA perturbation; Rac1 response,Hill_expr,(H(H(R))+R),2,5,2,5.0,30.594271491749986,5.113990815370671,80.0,12.460411076388453
RhoA perturbation; Rac1 response,Hill_expr,(H(H(R))+R),2,5,2,5.333334,32.134596649375005,5.15048245258548,80.0,12.460411076388453
RhoA perturbation; Rac1 response,Hill_expr,(H(H(R))+R),2,5,2,5.666667,31.656008856874998,5.1193289143828835,80.0,12.460411076388453
RhoA perturbation; Rac1 response,Hill_expr,(H(H(R))+R),2,5,2,6.0,32.08497583187501,5.152554104036383,80.0,12.460411076388453
RhoA perturbation; Rac1 response,Hill_expr,(H(H(R))+R),2,5,2,6.333334,32.85001744749998,5.187868992485546,80.0,12.460411076388453
RhoA perturbation; Rac1 response,Hill_expr,(H(H(R))+R),2,5,2,6.666667,33.21562006187501,5.280109422853797,80.0,12.460411076388453
RhoA perturbation; Rac1 response,Hill_expr,(H(H(R))+R),2,5,2,7.0,34.55065387687502,5.202673773628684,80.0,12.460411076388453
RhoA perturbation; Rac1 response,Hill_expr,(H(H(R))+R),2,5,2,7.333334,34.70303551737499,5.243391533936802,80.0,12.460411076388453
RhoA perturbation; Rac1 response,Hill_expr,(H(H(R))+R),2,5,2,7.666667,35.43317001200001,5.359945574131809,80.0,12.460411076388453
RhoA perturbation; Rac1 response,Hill_expr,(H(H(R))+R),2,5,2,8.0,35.21082664687499,5.293810489019405,80.0,12.460411076388453
RhoA perturbation; Rac1 response,Hill_expr,(H(H(R))+R),2,5,2,8.333333,34.38095184412499,5.239779563766989,80.0,12.460411076388453
RhoA perturbation; Rac1 response,Hill_expr,(H(H(R))+R),2,5,2,8.666667,34.51231650587501,5.337311100437704,80.0,12.460411076388453
RhoA perturbation; Rac1 response,Hill_expr,(H(H(R))+R),2,5,2,9.0,36.739394404125,5.316336836358264,80.0,12.460411076388453
RhoA perturbation; Rac1 response,Hill_expr,(H(H(R))+R),2,5,2,9.333333,35.86836106362501,5.531727310296695,80.0,12.460411076388453
RhoA perturbation; Rac1 response,Hill_expr,(H(H(R))+R),2,5,2,9.666667,36.407556719374995,5.428268466568994,80.0,12.460411076388453
RhoA perturbation; Rac1 response,Hill_expr,(H(H(R))+R),2,5,2,10.0,35.335303085250004,5.434029141654743,80.0,12.460411076388453
RhoA perturbation; Rac1 response,Hill_expr,(H(H(R))+R),2,5,2,10.33333,35.160878269624995,5.396729922961505,80.0,12.460411076388453
RhoA perturbation; Rac1 response,Hill_expr,(H(H(R))+R),2,5,2,10.66667,36.24939250387503,5.538121957950258,80.0,12.460411076388453
RhoA perturbation; Rac1 response,Hill_expr,(H(H(R))+R),2,5,2,11.0,37.37152335212499,5.528340849936087,80.0,12.460411076388453
RhoA perturbation; Rac1 response,Hill_expr,(H(H(R))+R),2,5,2,11.33333,38.74832157974999,5.533748750438115,80.0,12.460411076388453
RhoA perturbation; Rac1 response,Hill_expr,(H(H(R))+R),2,5,2,11.66667,38.07010675412502,5.543759331789647,80.0,12.460411076388453
RhoA perturbation; Rac1 response,Hill_expr,(H(H(R))+R),2,5,2,12.0,39.63976049699998,5.670038938734038,80.0,12.460411076388453
RhoA perturbation; Rac1 response,Hill_expr,(H(H(R))+R),2,5,2,12.33333,39.877722357875015,5.6815290829271685,80.0,12.460411076388453
RhoA perturbation; Rac1 response,Hill_expr,(H(H(R))+R),2,5,2,12.66667,41.43385763199999,5.604815366791928,80.0,12.460411076388453
RhoA perturbation; Rac1 response,Hill_expr,(H(H(R))+R),2,5,2,13.0,41.57483332500002,5.6808779593278755,80.0,12.460411076388453
RhoA perturbation; Rac1 response,Hill_expr,(H(H(R))+R),2,5,2,13.33333,42.19735376224999,5.733610998560068,80.0,12.460411076388453
RhoA perturbation; Rac1 response,Hill_expr,(H(H(R))+R),2,5,2,13.66667,40.362294325375004,5.723266613190431,80.0,12.460411076388453
RhoA perturbation; Rac1 response,Hill_expr,(H(H(R))+R),2,5,2,14.0,39.47222318150003,5.696522983669431,80.0,12.460411076388453
RhoA perturbation; Rac1 response,Hill_expr,(H(H(R))+R),2,5,2,14.33333,39.705036106124986,5.583156165948099,80.0,12.460411076388453
RhoA perturbation; Rac1 response,Hill_expr,(H(H(R))+R),2,5,2,14.66667,40.851035414875,5.6522790317061204,80.0,12.460411076388453
RhoA perturbation; Rac1 response,Hill_expr,(H(H(R))+R),2,5,2,15.0,40.54514006962498,5.6768523043026615,80.0,12.460411076388453
RhoA perturbation; Rac1 response,Hill_expr,(H(H(R))+R),2,5,2,15.33333,41.32761998424999,5.630671607329237,80.0,12.460411076388453
RhoA perturbation; Rac1 response,Hill_expr,(H(H(R))+R),2,5,2,15.66667,40.73784667475,5.69717178960748,80.0,12.460411076388453
RhoA perturbation; Rac1 response,Hill_expr,(H(H(R))+R),2,5,2,16.0,42.584126971625,5.770515788632695,80.0,12.460411076388453
RhoA perturbation; Rac1 response,Hill_expr,(H(H(R))+R),2,5,2,16.33333,41.846711594625,5.8275534461558385,80.0,12.460411076388453
RhoA perturbation; Rac1 response,Hill_expr,(H(H(R))+R),2,5,2,16.66667,40.94162946050001,5.733888215518726,80.0,12.460411076388453
RhoA perturbation; Rac1 response,Hill_expr,(H(H(R))+R),2,5,2,17.0,43.055054836375035,5.754478083690295,80.0,12.460411076388453
RhoA perturbation; Rac1 response,Hill_expr,(H(H(R))+R),2,5,2,17.33333,42.855766021125014,5.6963691598033295,80.0,12.460411076388453
RhoA perturbation; Rac1 response,Hill_expr,(H(H(R))+R),2,5,2,17.66667,44.7054921885,5.806444494935948,80.0,12.460411076388453
RhoA perturbation; Rac1 response,Hill_expr,(H(H(R))+R),2,5,2,18.0,44.263716705749985,5.744471784096954,80.0,12.460411076388453
RhoA perturbation; Rac1 response,Hill_expr,(H(H(R))+R),2,5,2,18.33333,42.8251505395,5.801277555080771,80.0,12.460411076388453
RhoA perturbation; Rac1 response,Hill_expr,(H(H(R))+R),2,5,2,18.66667,43.388878527625,5.829161035786278,80.0,12.460411076388453
RhoA perturbation; Rac1 response,Hill_expr,(H(H(R))+R),2,5,2,19.0,43.666588430625005,5.667702243793217,80.0,12.460411076388453
RhoA perturbation; Rac1 response,Hill_expr,(H(H(R))+R),2,5,2,19.33333,45.334017831999994,5.812417520349717,80.0,12.460411076388453
RhoA perturbation; Rac1 response,Hill_expr,(H(H(R))+R),2,5,2,19.66667,44.914543018875,5.79099819192254,80.0,12.460411076388453
RhoA perturbation; Rac1 response,Hill_expr,(H(H(R))+R),2,5,2,20.0,44.572232559250004,5.817052810245743,80.0,12.460411076388453
RhoA perturbation; Rac1 response,Hill_expr,(H(H(R))+R),2,5,2,20.33333,40.51139308287501,5.706678918618629,80.0,12.460411076388453
RhoA perturbation; Rac1 response,Hill_expr,(H(H(R))+R),2,5,2,20.66667,37.803339820625,5.442297824147259,80.0,12.460411076388453
RhoA perturbation; Rac1 response,Hill_expr,(H(H(R))+R),2,5,2,21.0,36.83530481274999,5.377426535933674,80.0,12.460411076388453
RhoA perturbation; Rac1 response,Hill_expr,(H(H(R))+R),2,5,2,21.33333,34.902504401749994,5.086190084460841,80.0,12.460411076388453
RhoA perturbation; Rac1 response,Hill_expr,(H(H(R))+R),2,5,2,21.66667,32.358773020124985,4.962234411776436,80.0,12.460411076388453
RhoA perturbation; Rac1 response,Hill_expr,(H(H(R))+R),2,5,2,22.0,31.058346401500007,4.718970813896896,80.0,12.460411076388453
RhoA perturbation; Rac1 response,Hill_expr,(H(H(R))+R),2,5,2,22.33333,30.659511084875,4.591853455206336,80.0,12.460411076388453
RhoA perturbation; Rac1 response,Hill_expr,(H(H(R))+R),2,5,2,22.66667,27.945735520249997,4.519291240834524,80.0,12.460411076388453
RhoA perturbation; Rac1 response,Hill_expr,(H(H(R))+R),2,5,2,23.0,29.499232588624988,4.379393433310475,80.0,12.460411076388453
RhoA perturbation; Rac1 response,Hill_expr,(H(H(R))+R),2,5,2,23.33333,26.421660202749997,4.194218334282237,80.0,12.460411076388453
RhoA perturbation; Rac1 response,Hill_expr,(H(H(R))+R),2,5,2,23.66667,25.22736179324999,4.17689653001624,80.0,12.460411076388453
RhoA perturbation; Rac1 response,Hill_expr,(H(H(R))+R),2,5,2,24.0,24.314893736374998,4.061461501574148,80.0,12.460411076388453
RhoA perturbation; Rac1 response,Hill_expr,(H(H(R))+R),2,5,2,24.33333,22.240597807375,3.843944873018156,80.0,12.460411076388453
RhoA perturbation; Rac1 response,Hill_expr,(H(H(R))+R),2,5,2,24.66667,21.553199025624988,3.6691485795747103,80.0,12.460411076388453
RhoA perturbation; Rac1 response,Hill_expr,(H(H(R))+R),2,5,2,25.0,19.863821151125,3.6468348086246767,80.0,12.460411076388453
RhoA perturbation; Rac1 response,Hill_expr,(H(H(R))+R),2,5,2,25.33333,16.932267740750003,3.4805307171673125,80.0,12.460411076388453
RhoA perturbation; Rac1 response,Hill_expr,(H(H(R))+R),2,5,2,25.66667,18.068718093875006,3.528808249145459,80.0,12.460411076388453
RhoA perturbation; Rac1 response,Hill_expr,(H(H(R))+R),2,5,2,26.0,16.248535159249997,3.4082234275501917,80.0,12.460411076388453
RhoA perturbation; Rac1 response,Hill_expr,(H(H(R))+R),2,5,2,26.33333,17.563465463875,3.382511521953084,80.0,12.460411076388453
RhoA perturbation; Rac1 response,Hill_expr,(H(H(R))+R),2,5,2,26.66667,15.361787431625,3.1845843076809692,80.0,12.460411076388453
RhoA perturbation; Rac1 response,Hill_expr,(H(H(R))+R),2,5,2,27.0,14.854973019500008,3.097704325022788,80.0,12.460411076388453
RhoA perturbation; Rac1 response,Hill_expr,(H(H(R))+R),2,5,2,27.33333,14.746504492124995,3.089208804848729,80.0,12.460411076388453
RhoA perturbation; Rac1 response,Hill_expr,(H(H(R))+R),2,5,2,27.66667,13.389730869875,2.86435067269115,80.0,12.460411076388453
RhoA perturbation; Rac1 response,Hill_expr,(H(H(R))+R),2,5,2,28.0,13.047866296875,2.7829199705590355,80.0,12.460411076388453
RhoA perturbation; Rac1 response,Hill_expr,(H(H(R))+R),2,5,2,28.33333,12.79419637099999,2.741318158577171,80.0,12.460411076388453
RhoA perturbation; Rac1 response,Hill_expr,(H(H(R))+R),2,5,2,28.66667,12.093769360875005,2.5876402780456833,80.0,12.460411076388453
RhoA perturbation; Rac1 response,Hill_expr,(H(H(R))+R),2,5,2,29.0,13.066173804999995,2.5590064226511555,80.0,12.460411076388453
RhoA perturbation; Rac1 response,Hill_expr,(H(H(R))+R),2,5,2,29.33333,11.962233619500001,2.2764795137535137,80.0,12.460411076388453
RhoA perturbation; Rac1 response,Hill_expr,(H(H(R))+R),2,5,2,29.66667,11.778198033,2.3065581426143087,80.0,12.460411076388453
RhoA perturbation; Rac1 response,Hill_expr,(H(H(R))+R),2,5,2,30.0,11.931489493625001,2.283206439036089,80.0,12.460411076388453
RhoA perturbation; Rac1 response,Hill_expr,(H(H(R))+R),2,5,2,30.33333,11.864284518250006,2.227124211277553,80.0,12.460411076388453
RhoA perturbation; Rac1 response,Hill_expr,(H(H(R))+R),2,5,2,30.66667,10.727707190500002,2.1617326843202975,80.0,12.460411076388453
RhoA perturbation; Rac1 response,Hill_expr,(H(H(R))+R),2,5,2,31.0,11.321055857875002,2.1133653218609703,80.0,12.460411076388453
RhoA perturbation; Rac1 response,Hill_expr,(H(H(R))+R),2,5,2,31.33333,9.681192162124999,2.075053951855054,80.0,12.460411076388453
RhoA perturbation; Rac1 response,Hill_expr,(H(H(R))+R),2,5,2,31.66667,9.858793051125001,1.9731991137083271,80.0,12.460411076388453
RhoA perturbation; Rac1 response,Hill_expr,(H(H(R))+R),2,5,2,32.0,9.751500392875,1.8185354370605673,80.0,12.460411076388453
RhoA perturbation; Rac1 response,Hill_expr,(H(H(R))+R),2,5,2,32.33333,10.423419645,1.8611195091302073,80.0,12.460411076388453
RhoA perturbation; Rac1 response,Hill_expr,(H(H(R))+R),2,5,2,32.66667,9.1168839295,1.8294995092749495,80.0,12.460411076388453
RhoA perturbation; Rac1 response,Hill_expr,(H(H(R))+R),2,5,2,33.0,7.897097908499991,1.7983095647373577,80.0,12.460411076388453
RhoA perturbation; Rac1 response,Hill_expr,(H(H(R))+R),2,5,2,33.33333,7.189429227124994,1.7042641393511773,80.0,12.460411076388453
RhoA perturbation; Rac1 response,Hill_expr,(H(H(R))+R),2,5,2,33.66667,7.7557665621249985,1.7977748334996162,80.0,12.460411076388453
RhoA perturbation; Rac1 response,Hill_expr,(H(H(R))+R),2,5,2,34.0,7.001074584124995,1.9620248084976701,80.0,12.460411076388453
RhoA perturbation; Rac1 response,Hill_expr,(H(H(R))+R),2,5,2,34.33333,7.552257760375001,1.8208534926932152,80.0,12.460411076388453
RhoA perturbation; Rac1 response,Hill_expr,(H(H(R))+R),2,5,2,34.66667,6.673025697000003,1.8516300730445912,80.0,12.460411076388453
RhoA perturbation; Rac1 response,Hill_expr,(H(H(R))+R),2,5,2,35.0,7.022828758875003,1.8260248447738565,80.0,12.460411076388453
RhoA perturbation; Rac1 response,Hill_expr,(H(H(R))+R),2,5,2,35.33333,5.354098614625,1.727030919005176,80.0,12.460411076388453
RhoA perturbation; Rac1 response,Hill_expr,(H(H(R))+R),2,5,2,35.66667,6.334587531499996,1.7152440553908999,80.0,12.460411076388453
RhoA perturbation; Rac1 response,Hill_expr,(H(H(R))+R),2,5,2,36.0,4.428455727374998,1.7127589728698311,80.0,12.460411076388453
RhoA perturbation; Rac1 response,Hill_expr,(H(H(R))+R),2,5,2,36.33333,4.410370907000005,1.613681805084379,80.0,12.460411076388453
RhoA perturbation; Rac1 response,Hill_expr,(H(H(R))+R),2,5,2,36.66667,4.115654407875,1.625652970086845,80.0,12.460411076388453
RhoA perturbation; Rac1 response,Hill_expr,(H(H(R))+R),2,5,2,37.0,4.479636555875,1.7000713535578325,80.0,12.460411076388453
RhoA perturbation; Rac1 response,Hill_expr,(H(H(R))+R),2,5,2,37.33333,2.868887833624999,1.662513012809657,80.0,12.460411076388453
RhoA perturbation; Rac1 response,Hill_expr,(H(H(R))+R),2,5,2,37.66667,4.2424165142499985,1.7261812779100496,80.0,12.460411076388453
RhoA perturbation; Rac1 response,Hill_expr,(H(H(R))+R),2,5,2,38.0,4.4917785188750035,1.6113699205025556,80.0,12.460411076388453
RhoA perturbation; Rac1 response,Hill_expr,(H(H(R))+R),2,5,2,38.33333,3.819373902500002,1.7679290644372516,80.0,12.460411076388453
RhoA perturbation; Rac1 response,Hill_expr,(H(H(R))+R),2,5,2,38.66667,3.0226327430000017,1.804166249213009,80.0,12.460411076388453
RhoA perturbation; Rac1 response,Hill_expr,(H(H(R))+R),2,5,2,39.0,3.471399687500001,1.7428258510903027,80.0,12.460411076388453
RhoA perturbation; Rac1 response,Hill_expr,(H(H(R))+R),2,5,2,39.33333,3.5710842597500005,1.6776002402277683,80.0,12.460411076388453
RhoA perturbation; Rac1 response,Hill_expr,(H(H(R))+R),2,5,2,39.66667,3.4638432541250013,1.587218421349147,80.0,12.460411076388453
RhoA perturbation; Rac1 response,Hill_expr,(H(H(R))+R),2,5,2,40.0,4.459667909874997,1.7199645389940506,80.0,12.460411076388453
RhoA perturbation; Rac1 response,Hill_expr,H((H(R)+R)),2,5,2,0.0,-0.9931512857500001,0.2930358516672621,80.0,23.02474608455502
RhoA perturbation; Rac1 response,Hill_expr,H((H(R)+R)),2,5,2,0.3333333,14.05484543712499,2.7689854655564425,80.0,23.02474608455502
RhoA perturbation; Rac1 response,Hill_expr,H((H(R)+R)),2,5,2,0.6666667,17.840202627750003,3.2205576531637807,80.0,23.02474608455502
RhoA perturbation; Rac1 response,Hill_expr,H((H(R)+R)),2,5,2,1.0,19.956233638750003,3.442955807410961,80.0,23.02474608455502
RhoA perturbation; Rac1 response,Hill_expr,H((H(R)+R)),2,5,2,1.333333,21.843358484374992,3.5875551291744125,80.0,23.02474608455502
RhoA perturbation; Rac1 response,Hill_expr,H((H(R)+R)),2,5,2,1.666667,20.794324358125007,3.7574895152656023,80.0,23.02474608455502
RhoA perturbation; Rac1 response,Hill_expr,H((H(R)+R)),2,5,2,2.0,22.349197607374983,3.906772941300473,80.0,23.02474608455502
RhoA perturbation; Rac1 response,Hill_expr,H((H(R)+R)),2,5,2,2.333333,22.23171431124999,4.062614000548535,80.0,23.02474608455502
RhoA perturbation; Rac1 response,Hill_expr,H((H(R)+R)),2,5,2,2.666667,24.265378724125007,4.179210356349098,80.0,23.02474608455502
RhoA perturbation; Rac1 response,Hill_expr,H((H(R)+R)),2,5,2,3.0,25.918459290375004,4.414457016384039,80.0,23.02474608455502
RhoA perturbation; Rac1 response,Hill_expr,H((H(R)+R)),2,5,2,3.333333,25.84004893499999,4.527815666649435,80.0,23.02474608455502
RhoA perturbation; Rac1 response,Hill_expr,H((H(R)+R)),2,5,2,3.666667,25.84496122112501,4.766097323169697,80.0,23.02474608455502
RhoA perturbation; Rac1 response,Hill_expr,H((H(R)+R)),2,5,2,4.0,25.811583304499987,4.749304233032243,80.0,23.02474608455502
RhoA perturbation; Rac1 response,Hill_expr,H((H(R)+R)),2,5,2,4.333334,29.75857579150001,4.958198392281836,80.0,23.02474608455502
RhoA perturbation; Rac1 response,Hill_expr,H((H(R)+R)),2,5,2,4.666667,27.878301637000003,5.050262659092711,80.0,23.02474608455502
RhoA perturbation; Rac1 response,Hill_expr,H((H(R)+R)),2,5,2,5.0,30.594271491749986,5.113990815370671,80.0,23.02474608455502
RhoA perturbation; Rac1 response,Hill_expr,H((H(R)+R)),2,5,2,5.333334,32.134596649375005,5.15048245258548,80.0,23.02474608455502
RhoA perturbation; Rac1 response,Hill_expr,H((H(R)+R)),2,5,2,5.666667,31.656008856874998,5.1193289143828835,80.0,23.02474608455502
RhoA perturbation; Rac1 response,Hill_expr,H((H(R)+R)),2,5,2,6.0,32.08497583187501,5.152554104036383,80.0,23.02474608455502
RhoA perturbation; Rac1 response,Hill_expr,H((H(R)+R)),2,5,2,6.333334,32.85001744749998,5.187868992485546,80.0,23.02474608455502
RhoA perturbation; Rac1 response,Hill_expr,H((H(R)+R)),2,5,2,6.666667,33.21562006187501,5.280109422853797,80.0,23.02474608455502
RhoA perturbation; Rac1 response,Hill_expr,H((H(R)+R)),2,5,2,7.0,34.55065387687502,5.202673773628684,80.0,23.02474608455502
RhoA perturbation; Rac1 response,Hill_expr,H((H(R)+R)),2,5,2,7.333334,34.70303551737499,5.243391533936802,80.0,23.02474608455502
RhoA perturbation; Rac1 response,Hill_expr,H((H(R)+R)),2,5,2,7.666667,35.43317001200001,5.359945574131809,80.0,23.02474608455502
RhoA perturbation; Rac1 response,Hill_expr,H((H(R)+R)),2,5,2,8.0,35.21082664687499,5.293810489019405,80.0,23.02474608455502
RhoA perturbation; Rac1 response,Hill_expr,H((H(R)+R)),2,5,2,8.333333,34.38095184412499,5.239779563766989,80.0,23.02474608455502
RhoA perturbation; Rac1 response,Hill_expr,H((H(R)+R)),2,5,2,8.666667,34.51231650587501,5.337311100437704,80.0,23.02474608455502
RhoA perturbation; Rac1 response,Hill_expr,H((H(R)+R)),2,5,2,9.0,36.739394404125,5.316336836358264,80.0,23.02474608455502
RhoA perturbation; Rac1 response,Hill_expr,H((H(R)+R)),2,5,2,9.333333,35.86836106362501,5.531727310296695,80.0,23.02474608455502
RhoA perturbation; Rac1 response,Hill_expr,H((H(R)+R)),2,5,2,9.666667,36.407556719374995,5.428268466568994,80.0,23.02474608455502
RhoA perturbation; Rac1 response,Hill_expr,H((H(R)+R)),2,5,2,10.0,35.335303085250004,5.434029141654743,80.0,23.02474608455502
RhoA perturbation; Rac1 response,Hill_expr,H((H(R)+R)),2,5,2,10.33333,35.160878269624995,5.396729922961505,80.0,23.02474608455502
RhoA perturbation; Rac1 response,Hill_expr,H((H(R)+R)),2,5,2,10.66667,36.24939250387503,5.538121957950258,80.0,23.02474608455502
RhoA perturbation; Rac1 response,Hill_expr,H((H(R)+R)),2,5,2,11.0,37.37152335212499,5.528340849936087,80.0,23.02474608455502
RhoA perturbation; Rac1 response,Hill_expr,H((H(R)+R)),2,5,2,11.33333,38.74832157974999,5.533748750438115,80.0,23.02474608455502
RhoA perturbation; Rac1 response,Hill_expr,H((H(R)+R)),2,5,2,11.66667,38.07010675412502,5.543759331789647,80.0,23.02474608455502
RhoA perturbation; Rac1 response,Hill_expr,H((H(R)+R)),2,5,2,12.0,39.63976049699998,5.670038938734038,80.0,23.02474608455502
RhoA perturbation; Rac1 response,Hill_expr,H((H(R)+R)),2,5,2,12.33333,39.877722357875015,5.6815290829271685,80.0,23.02474608455502
RhoA perturbation; Rac1 response,Hill_expr,H((H(R)+R)),2,5,2,12.66667,41.43385763199999,5.604815366791928,80.0,23.02474608455502
RhoA perturbation; Rac1 response,Hill_expr,H((H(R)+R)),2,5,2,13.0,41.57483332500002,5.6808779593278755,80.0,23.02474608455502
RhoA perturbation; Rac1 response,Hill_expr,H((H(R)+R)),2,5,2,13.33333,42.19735376224999,5.733610998560068,80.0,23.02474608455502
RhoA perturbation; Rac1 response,Hill_expr,H((H(R)+R)),2,5,2,13.66667,40.362294325375004,5.723266613190431,80.0,23.02474608455502
RhoA perturbation; Rac1 response,Hill_expr,H((H(R)+R)),2,5,2,14.0,39.47222318150003,5.696522983669431,80.0,23.02474608455502
RhoA perturbation; Rac1 response,Hill_expr,H((H(R)+R)),2,5,2,14.33333,39.705036106124986,5.583156165948099,80.0,23.02474608455502
RhoA perturbation; Rac1 response,Hill_expr,H((H(R)+R)),2,5,2,14.66667,40.851035414875,5.6522790317061204,80.0,23.02474608455502
RhoA perturbation; Rac1 response,Hill_expr,H((H(R)+R)),2,5,2,15.0,40.54514006962498,5.6768523043026615,80.0,23.02474608455502
RhoA perturbation; Rac1 response,Hill_expr,H((H(R)+R)),2,5,2,15.33333,41.32761998424999,5.630671607329237,80.0,23.02474608455502
RhoA perturbation; Rac1 response,Hill_expr,H((H(R)+R)),2,5,2,15.66667,40.73784667475,5.69717178960748,80.0,23.02474608455502
RhoA perturbation; Rac1 response,Hill_expr,H((H(R)+R)),2,5,2,16.0,42.584126971625,5.770515788632695,80.0,23.02474608455502
RhoA perturbation; Rac1 response,Hill_expr,H((H(R)+R)),2,5,2,16.33333,41.846711594625,5.8275534461558385,80.0,23.02474608455502
RhoA perturbation; Rac1 response,Hill_expr,H((H(R)+R)),2,5,2,16.66667,40.94162946050001,5.733888215518726,80.0,23.02474608455502
RhoA perturbation; Rac1 response,Hill_expr,H((H(R)+R)),2,5,2,17.0,43.055054836375035,5.754478083690295,80.0,23.02474608455502
RhoA perturbation; Rac1 response,Hill_expr,H((H(R)+R)),2,5,2,17.33333,42.855766021125014,5.6963691598033295,80.0,23.02474608455502
RhoA perturbation; Rac1 response,Hill_expr,H((H(R)+R)),2,5,2,17.66667,44.7054921885,5.806444494935948,80.0,23.02474608455502
RhoA perturbation; Rac1 response,Hill_expr,H((H(R)+R)),2,5,2,18.0,44.263716705749985,5.744471784096954,80.0,23.02474608455502
RhoA perturbation; Rac1 response,Hill_expr,H((H(R)+R)),2,5,2,18.33333,42.8251505395,5.801277555080771,80.0,23.02474608455502
RhoA perturbation; Rac1 response,Hill_expr,H((H(R)+R)),2,5,2,18.66667,43.388878527625,5.829161035786278,80.0,23.02474608455502
RhoA perturbation; Rac1 response,Hill_expr,H((H(R)+R)),2,5,2,19.0,43.666588430625005,5.667702243793217,80.0,23.02474608455502
RhoA perturbation; Rac1 response,Hill_expr,H((H(R)+R)),2,5,2,19.33333,45.334017831999994,5.812417520349717,80.0,23.02474608455502
RhoA perturbation; Rac1 response,Hill_expr,H((H(R)+R)),2,5,2,19.66667,44.914543018875,5.79099819192254,80.0,23.02474608455502
RhoA perturbation; Rac1 response,Hill_expr,H((H(R)+R)),2,5,2,20.0,44.572232559250004,5.817052810245743,80.0,23.02474608455502
RhoA perturbation; Rac1 response,Hill_expr,H((H(R)+R)),2,5,2,20.33333,40.51139308287501,5.706678918618629,80.0,23.02474608455502
RhoA perturbation; Rac1 response,Hill_expr,H((H(R)+R)),2,5,2,20.66667,37.803339820625,5.442297824147259,80.0,23.02474608455502
RhoA perturbation; Rac1 response,Hill_expr,H((H(R)+R)),2,5,2,21.0,36.83530481274999,5.377426535933674,80.0,23.02474608455502
RhoA perturbation; Rac1 response,Hill_expr,H((H(R)+R)),2,5,2,21.33333,34.902504401749994,5.086190084460841,80.0,23.02474608455502
RhoA perturbation; Rac1 response,Hill_expr,H((H(R)+R)),2,5,2,21.66667,32.358773020124985,4.962234411776436,80.0,23.02474608455502
RhoA perturbation; Rac1 response,Hill_expr,H((H(R)+R)),2,5,2,22.0,31.058346401500007,4.718970813896896,80.0,23.02474608455502
RhoA perturbation; Rac1 response,Hill_expr,H((H(R)+R)),2,5,2,22.33333,30.659511084875,4.591853455206336,80.0,23.02474608455502
RhoA perturbation; Rac1 response,Hill_expr,H((H(R)+R)),2,5,2,22.66667,27.945735520249997,4.519291240834524,80.0,23.02474608455502
RhoA perturbation; Rac1 response,Hill_expr,H((H(R)+R)),2,5,2,23.0,29.499232588624988,4.379393433310475,80.0,23.02474608455502
RhoA perturbation; Rac1 response,Hill_expr,H((H(R)+R)),2,5,2,23.33333,26.421660202749997,4.194218334282237,80.0,23.02474608455502
RhoA perturbation; Rac1 response,Hill_expr,H((H(R)+R)),2,5,2,23.66667,25.22736179324999,4.17689653001624,80.0,23.023534328404246
RhoA perturbation; Rac1 response,Hill_expr,H((H(R)+R)),2,5,2,24.0,24.314893736374998,4.061461501574148,80.0,22.251486535170006
RhoA perturbation; Rac1 response,Hill_expr,H((H(R)+R)),2,5,2,24.33333,22.240597807375,3.843944873018156,80.0,21.44915009535353
RhoA perturbation; Rac1 response,Hill_expr,H((H(R)+R)),2,5,2,24.66667,21.553199025624988,3.6691485795747103,80.0,20.659387403235844
RhoA perturbation; Rac1 response,Hill_expr,H((H(R)+R)),2,5,2,25.0,19.863821151125,3.6468348086246767,80.0,19.89105028373875
RhoA perturbation; Rac1 response,Hill_expr,H((H(R)+R)),2,5,2,25.33333,16.932267740750003,3.4805307171673125,80.0,19.147401105092698
RhoA perturbation; Rac1 response,Hill_expr,H((H(R)+R)),2,5,2,25.66667,18.068718093875006,3.528808249145459,80.0,18.429605298424903
RhoA perturbation; Rac1 response,Hill_expr,H((H(R)+R)),2,5,2,26.0,16.248535159249997,3.4082234275501917,80.0,17.73789166961531
RhoA perturbation; Rac1 response,Hill_expr,H((H(R)+R)),2,5,2,26.33333,17.563465463875,3.382511521953084,80.0,17.071894445258778
RhoA perturbation; Rac1 response,Hill_expr,H((H(R)+R)),2,5,2,26.66667,15.361787431625,3.1845843076809692,80.0,16.4309575331569
RhoA perturbation; Rac1 response,Hill_expr,H((H(R)+R)),2,5,2,27.0,14.854973019500008,3.097704325022788,80.0,15.814319121070042
RhoA perturbation; Rac1 response,Hill_expr,H((H(R)+R)),2,5,2,27.33333,14.746504492124995,3.089208804848729,80.0,15.221072982875615
RhoA perturbation; Rac1 response,Hill_expr,H((H(R)+R)),2,5,2,27.66667,13.389730869875,2.86435067269115,80.0,14.650276260774321
RhoA perturbation; Rac1 response,Hill_expr,H((H(R)+R)),2,5,2,28.0,13.047866296875,2.7829199705590355,80.0,14.101027168172802
RhoA perturbation; Rac1 response,Hill_expr,H((H(R)+R)),2,5,2,28.33333,12.79419637099999,2.741318158577171,80.0,13.572381037283705
RhoA perturbation; Rac1 response,Hill_expr,H((H(R)+R)),2,5,2,28.66667,12.093769360875005,2.5876402780456833,80.0,13.063416376012025
RhoA perturbation; Rac1 response,Hill_expr,H((H(R)+R)),2,5,2,29.0,13.066173804999995,2.5590064226511555,80.0,12.573285321809884
RhoA perturbation; Rac1 response,Hill_expr,H((H(R)+R)),2,5,2,29.33333,11.962233619500001,2.2764795137535137,80.0,12.101126519372887
RhoA perturbation; Rac1 response,Hill_expr,H((H(R)+R)),2,5,2,29.66667,11.778198033,2.3065581426143087,80.0,11.646115793902784
RhoA perturbation; Rac1 response,Hill_expr,H((H(R)+R)),2,5,2,30.0,11.931489493625001,2.283206439036089,80.0,11.207505747874546
RhoA perturbation; Rac1 response,Hill_expr,H((H(R)+R)),2,5,2,30.33333,11.864284518250006,2.227124211277553,80.0,10.784544041313646
RhoA perturbation; Rac1 response,Hill_expr,H((H(R)+R)),2,5,2,30.66667,10.727707190500002,2.1617326843202975,80.0,10.376515973756632
RhoA perturbation; Rac1 response,Hill_expr,H((H(R)+R)),2,5,2,31.0,11.321055857875002,2.1133653218609703,80.0,9.982778191628638
RhoA perturbation; Rac1 response,Hill_expr,H((H(R)+R)),2,5,2,31.33333,9.681192162124999,2.075053951855054,80.0,9.602684102833987
RhoA perturbation; Rac1 response,Hill_expr,H((H(R)+R)),2,5,2,31.66667,9.858793051125001,1.9731991137083271,80.0,9.235621102219934
RhoA perturbation; Rac1 response,Hill_expr,H((H(R)+R)),2,5,2,32.0,9.751500392875,1.8185354370605673,80.0,8.881040329893127
RhoA perturbation; Rac1 response,Hill_expr,H((H(R)+R)),2,5,2,32.33333,10.423419645,1.8611195091302073,80.0,8.538389151251378
RhoA perturbation; Rac1 response,Hill_expr,H((H(R)+R)),2,5,2,32.66667,9.1168839295,1.8294995092749495,80.0,8.207144322326359
RhoA perturbation; Rac1 response,Hill_expr,H((H(R)+R)),2,5,2,33.0,7.897097908499991,1.7983095647373577,80.0,7.886838728297972
RhoA perturbation; Rac1 response,Hill_expr,H((H(R)+R)),2,5,2,33.33333,7.189429227124994,1.7042641393511773,80.0,7.577000358503186
RhoA perturbation; Rac1 response,Hill_expr,H((H(R)+R)),2,5,2,33.66667,7.7557665621249985,1.7977748334996162,80.0,7.277182156671433
RhoA perturbation; Rac1 response,Hill_expr,H((H(R)+R)),2,5,2,34.0,7.001074584124995,1.9620248084976701,80.0,6.986986271042227
RhoA perturbation; Rac1 response,Hill_expr,H((H(R)+R)),2,5,2,34.33333,7.552257760375001,1.8208534926932152,80.0,6.706008848358707
RhoA perturbation; Rac1 response,Hill_expr,H((H(R)+R)),2,5,2,34.66667,6.673025697000003,1.8516300730445912,80.0,6.433867066141612
RhoA perturbation; Rac1 response,Hill_expr,H((H(R)+R)),2,5,2,35.0,7.022828758875003,1.8260248447738565,80.0,6.170221246497196
RhoA perturbation; Rac1 response,Hill_expr,H((H(R)+R)),2,5,2,35.33333,5.354098614625,1.727030919005176,80.0,5.914724816581664
RhoA perturbation; Rac1 response,Hill_expr,H((H(R)+R)),2,5,2,35.66667,6.334587531499996,1.7152440553908999,80.0,5.667048891303864
RhoA perturbation; Rac1 response,Hill_expr,H((H(R)+R)),2,5,2,36.0,4.428455727374998,1.7127589728698311,80.0,5.426902511130201
RhoA perturbation; Rac1 response,Hill_expr,H((H(R)+R)),2,5,2,36.33333,4.410370907000005,1.613681805084379,80.0,5.193987179536389
RhoA perturbation; Rac1 response,Hill_expr,H((H(R)+R)),2,5,2,36.66667,4.115654407875,1.625652970086845,80.0,4.96801928818736
RhoA perturbation; Rac1 response,Hill_expr,H((H(R)+R)),2,5,2,37.0,4.479636555875,1.7000713535578325,80.0,4.748748685868279
RhoA perturbation; Rac1 response,Hill_expr,H((H(R)+R)),2,5,2,37.33333,2.868887833624999,1.662513012809657,80.0,4.535917274080667
RhoA perturbation; Rac1 response,Hill_expr,H((H(R)+R)),2,5,2,37.66667,4.2424165142499985,1.7261812779100496,80.0,4.329279516052104
RhoA perturbation; Rac1 response,Hill_expr,H((H(R)+R)),2,5,2,38.0,4.4917785188750035,1.6113699205025556,80.0,4.12861950935028
RhoA perturbation; Rac1 response,Hill_expr,H((H(R)+R)),2,5,2,38.33333,3.819373902500002,1.7679290644372516,80.0,3.933713187651499
RhoA perturbation; Rac1 response,Hill_expr,H((H(R)+R)),2,5,2,38.66667,3.0226327430000017,1.804166249213009,80.0,3.7443471181611194
RhoA perturbation; Rac1 response,Hill_expr,H((H(R)+R)),2,5,2,39.0,3.471399687500001,1.7428258510903027,80.0,3.5603342257129675
RhoA perturbation; Rac1 response,Hill_expr,H((H(R)+R)),2,5,2,39.33333,3.5710842597500005,1.6776002402277683,80.0,3.381479208252479
RhoA perturbation; Rac1 response,Hill_expr,H((H(R)+R)),2,5,2,39.66667,3.4638432541250013,1.587218421349147,80.0,3.2075957988444017
RhoA perturbation; Rac1 response,Hill_expr,H((H(R)+R)),2,5,2,40.0,4.459667909874997,1.7199645389940506,80.0,3.0385212700004303
RhoA perturbation; Rac1 response,Hill_expr,H(H((R+R))),2,5,2,0.0,-0.9931512857500001,0.2930358516672621,80.0,-0.9931747206910588
RhoA perturbation; Rac1 response,Hill_expr,H(H((R+R))),2,5,2,0.3333333,14.05484543712499,2.7689854655564425,80.0,12.46041154068203
RhoA perturbation; Rac1 response,Hill_expr,H(H((R+R))),2,5,2,0.6666667,17.840202627750003,3.2205576531637807,80.0,12.46041154068203
RhoA perturbation; Rac1 response,Hill_expr,H(H((R+R))),2,5,2,1.0,19.956233638750003,3.442955807410961,80.0,12.46041154068203
RhoA perturbation; Rac1 response,Hill_expr,H(H((R+R))),2,5,2,1.333333,21.843358484374992,3.5875551291744125,80.0,12.46041154068203
RhoA perturbation; Rac1 response,Hill_expr,H(H((R+R))),2,5,2,1.666667,20.794324358125007,3.7574895152656023,80.0,12.46041154068203
RhoA perturbation; Rac1 response,Hill_expr,H(H((R+R))),2,5,2,2.0,22.349197607374983,3.906772941300473,80.0,12.46041154068203
RhoA perturbation; Rac1 response,Hill_expr,H(H((R+R))),2,5,2,2.333333,22.23171431124999,4.062614000548535,80.0,12.46041154068203
RhoA perturbation; Rac1 response,Hill_expr,H(H((R+R))),2,5,2,2.666667,24.265378724125007,4.179210356349098,80.0,12.46041154068203
RhoA perturbation; Rac1 response,Hill_expr,H(H((R+R))),2,5,2,3.0,25.918459290375004,4.414457016384039,80.0,12.46041154068203
RhoA perturbation; Rac1 response,Hill_expr,H(H((R+R))),2,5,2,3.333333,25.84004893499999,4.527815666649435,80.0,12.46041154068203
RhoA perturbation; Rac1 response,Hill_expr,H(H((R+R))),2,5,2,3.666667,25.84496122112501,4.766097323169697,80.0,12.46041154068203
RhoA perturbation; Rac1 response,Hill_expr,H(H((R+R))),2,5,2,4.0,25.811583304499987,4.749304233032243,80.0,12.46041154068203
RhoA perturbation; Rac1 response,Hill_expr,H(H((R+R))),2,5,2,4.333334,29.75857579150001,4.958198392281836,80.0,12.46041154068203
RhoA perturbation; Rac1 response,Hill_expr,H(H((R+R))),2,5,2,4.666667,27.878301637000003,5.050262659092711,80.0,12.46041154068203
RhoA perturbation; Rac1 response,Hill_expr,H(H((R+R))),2,5,2,5.0,30.594271491749986,5.113990815370671,80.0,12.46041154068203
RhoA perturbation; Rac1 response,Hill_expr,H(H((R+R))),2,5,2,5.333334,32.134596649375005,5.15048245258548,80.0,12.46041154068203
RhoA perturbation; Rac1 response,Hill_expr,H(H((R+R))),2,5,2,5.666667,31.656008856874998,5.1193289143828835,80.0,12.46041154068203
RhoA perturbation; Rac1 response,Hill_expr,H(H((R+R))),2,5,2,6.0,32.08497583187501,5.152554104036383,80.0,12.46041154068203
RhoA perturbation; Rac1 response,Hill_expr,H(H((R+R))),2,5,2,6.333334,32.85001744749998,5.187868992485546,80.0,12.46041154068203
RhoA perturbation; Rac1 response,Hill_expr,H(H((R+R))),2,5,2,6.666667,33.21562006187501,5.280109422853797,80.0,12.46041154068203
RhoA perturbation; Rac1 response,Hill_expr,H(H((R+R))),2,5,2,7.0,34.55065387687502,5.202673773628684,80.0,12.46041154068203
RhoA perturbation; Rac1 response,Hill_expr,H(H((R+R))),2,5,2,7.333334,34.70303551737499,5.243391533936802,80.0,12.46041154068203
RhoA perturbation; Rac1 response,Hill_expr,H(H((R+R))),2,5,2,7.666667,35.43317001200001,5.359945574131809,80.0,12.46041154068203
RhoA perturbation; Rac1 response,Hill_expr,H(H((R+R))),2,5,2,8.0,35.21082664687499,5.293810489019405,80.0,12.46041154068203
RhoA perturbation; Rac1 response,Hill_expr,H(H((R+R))),2,5,2,8.333333,34.38095184412499,5.239779563766989,80.0,12.46041154068203
RhoA perturbation; Rac1 response,Hill_expr,H(H((R+R))),2,5,2,8.666667,34.51231650587501,5.337311100437704,80.0,12.46041154068203
RhoA perturbation; Rac1 response,Hill_expr,H(H((R+R))),2,5,2,9.0,36.739394404125,5.316336836358264,80.0,12.46041154068203
RhoA perturbation; Rac1 response,Hill_expr,H(H((R+R))),2,5,2,9.333333,35.86836106362501,5.531727310296695,80.0,12.46041154068203
RhoA perturbation; Rac1 response,Hill_expr,H(H((R+R))),2,5,2,9.666667,36.407556719374995,5.428268466568994,80.0,12.46041154068203
RhoA perturbation; Rac1 response,Hill_expr,H(H((R+R))),2,5,2,10.0,35.335303085250004,5.434029141654743,80.0,12.46041154068203
RhoA perturbation; Rac1 response,Hill_expr,H(H((R+R))),2,5,2,10.33333,35.160878269624995,5.396729922961505,80.0,12.46041154068203
RhoA perturbation; Rac1 response,Hill_expr,H(H((R+R))),2,5,2,10.66667,36.24939250387503,5.538121957950258,80.0,12.46041154068203
RhoA perturbation; Rac1 response,Hill_expr,H(H((R+R))),2,5,2,11.0,37.37152335212499,5.528340849936087,80.0,12.46041154068203
RhoA perturbation; Rac1 response,Hill_expr,H(H((R+R))),2,5,2,11.33333,38.74832157974999,5.533748750438115,80.0,12.46041154068203
RhoA perturbation; Rac1 response,Hill_expr,H(H((R+R))),2,5,2,11.66667,38.07010675412502,5.543759331789647,80.0,12.46041154068203
RhoA perturbation; Rac1 response,Hill_expr,H(H((R+R))),2,5,2,12.0,39.63976049699998,5.670038938734038,80.0,12.46041154068203
RhoA perturbation; Rac1 response,Hill_expr,H(H((R+R))),2,5,2,12.33333,39.877722357875015,5.6815290829271685,80.0,12.46041154068203
RhoA perturbation; Rac1 response,Hill_expr,H(H((R+R))),2,5,2,12.66667,41.43385763199999,5.604815366791928,80.0,12.46041154068203
RhoA perturbation; Rac1 response,Hill_expr,H(H((R+R))),2,5,2,13.0,41.57483332500002,5.6808779593278755,80.0,12.46041154068203
RhoA perturbation; Rac1 response,Hill_expr,H(H((R+R))),2,5,2,13.33333,42.19735376224999,5.733610998560068,80.0,12.46041154068203
RhoA perturbation; Rac1 response,Hill_expr,H(H((R+R))),2,5,2,13.66667,40.362294325375004,5.723266613190431,80.0,12.46041154068203
RhoA perturbation; Rac1 response,Hill_expr,H(H((R+R))),2,5,2,14.0,39.47222318150003,5.696522983669431,80.0,12.46041154068203
RhoA perturbation; Rac1 response,Hill_expr,H(H((R+R))),2,5,2,14.33333,39.705036106124986,5.583156165948099,80.0,12.46041154068203
RhoA perturbation; Rac1 response,Hill_expr,H(H((R+R))),2,5,2,14.66667,40.851035414875,5.6522790317061204,80.0,12.46041154068203
RhoA perturbation; Rac1 response,Hill_expr,H(H((R+R))),2,5,2,15.0,40.54514006962498,5.6768523043026615,80.0,12.46041154068203
RhoA perturbation; Rac1 response,Hill_expr,H(H((R+R))),2,5,2,15.33333,41.32761998424999,5.630671607329237,80.0,12.46041154068203
RhoA perturbation; Rac1 response,Hill_expr,H(H((R+R))),2,5,2,15.66667,40.73784667475,5.69717178960748,80.0,12.46041154068203
RhoA perturbation; Rac1 response,Hill_expr,H(H((R+R))),2,5,2,16.0,42.584126971625,5.770515788632695,80.0,12.46041154068203
RhoA perturbation; Rac1 response,Hill_expr,H(H((R+R))),2,5,2,16.33333,41.846711594625,5.8275534461558385,80.0,12.46041154068203
RhoA perturbation; Rac1 response,Hill_expr,H(H((R+R))),2,5,2,16.66667,40.94162946050001,5.733888215518726,80.0,12.46041154068203
RhoA perturbation; Rac1 response,Hill_expr,H(H((R+R))),2,5,2,17.0,43.055054836375035,5.754478083690295,80.0,12.46041154068203
RhoA perturbation; Rac1 response,Hill_expr,H(H((R+R))),2,5,2,17.33333,42.855766021125014,5.6963691598033295,80.0,12.46041154068203
RhoA perturbation; Rac1 response,Hill_expr,H(H((R+R))),2,5,2,17.66667,44.7054921885,5.806444494935948,80.0,12.46041154068203
RhoA perturbation; Rac1 response,Hill_expr,H(H((R+R))),2,5,2,18.0,44.263716705749985,5.744471784096954,80.0,12.46041154068203
RhoA perturbation; Rac1 response,Hill_expr,H(H((R+R))),2,5,2,18.33333,42.8251505395,5.801277555080771,80.0,12.46041154068203
RhoA perturbation; Rac1 response,Hill_expr,H(H((R+R))),2,5,2,18.66667,43.388878527625,5.829161035786278,80.0,12.46041154068203
RhoA perturbation; Rac1 response,Hill_expr,H(H((R+R))),2,5,2,19.0,43.666588430625005,5.667702243793217,80.0,12.46041154068203
RhoA perturbation; Rac1 response,Hill_expr,H(H((R+R))),2,5,2,19.33333,45.334017831999994,5.812417520349717,80.0,12.46041154068203
RhoA perturbation; Rac1 response,Hill_expr,H(H((R+R))),2,5,2,19.66667,44.914543018875,5.79099819192254,80.0,12.46041154068203
RhoA perturbation; Rac1 response,Hill_expr,H(H((R+R))),2,5,2,20.0,44.572232559250004,5.817052810245743,80.0,12.46041154068203
RhoA perturbation; Rac1 response,Hill_expr,H(H((R+R))),2,5,2,20.33333,40.51139308287501,5.706678918618629,80.0,12.46041154068203
RhoA perturbation; Rac1 response,Hill_expr,H(H((R+R))),2,5,2,20.66667,37.803339820625,5.442297824147259,80.0,12.46041154068203
RhoA perturbation; Rac1 response,Hill_expr,H(H((R+R))),2,5,2,21.0,36.83530481274999,5.377426535933674,80.0,12.46041154068203
RhoA perturbation; Rac1 response,Hill_expr,H(H((R+R))),2,5,2,21.33333,34.902504401749994,5.086190084460841,80.0,12.46041154068203
RhoA perturbation; Rac1 response,Hill_expr,H(H((R+R))),2,5,2,21.66667,32.358773020124985,4.962234411776436,80.0,12.46041154068203
RhoA perturbation; Rac1 response,Hill_expr,H(H((R+R))),2,5,2,22.0,31.058346401500007,4.718970813896896,80.0,12.46041154068203
RhoA perturbation; Rac1 response,Hill_expr,H(H((R+R))),2,5,2,22.33333,30.659511084875,4.591853455206336,80.0,12.46041154068203
RhoA perturbation; Rac1 response,Hill_expr,H(H((R+R))),2,5,2,22.66667,27.945735520249997,4.519291240834524,80.0,12.46041154068203
RhoA perturbation; Rac1 response,Hill_expr,H(H((R+R))),2,5,2,23.0,29.499232588624988,4.379393433310475,80.0,12.46041154068203
RhoA perturbation; Rac1 response,Hill_expr,H(H((R+R))),2,5,2,23.33333,26.421660202749997,4.194218334282237,80.0,12.46041154068203
RhoA perturbation; Rac1 response,Hill_expr,H(H((R+R))),2,5,2,23.66667,25.22736179324999,4.17689653001624,80.0,12.46041154068203
RhoA perturbation; Rac1 response,Hill_expr,H(H((R+R))),2,5,2,24.0,24.314893736374998,4.061461501574148,80.0,12.46041154068203
RhoA perturbation; Rac1 response,Hill_expr,H(H((R+R))),2,5,2,24.33333,22.240597807375,3.843944873018156,80.0,12.46041154068203
RhoA perturbation; Rac1 response,Hill_expr,H(H((R+R))),2,5,2,24.66667,21.553199025624988,3.6691485795747103,80.0,12.46041154068203
RhoA perturbation; Rac1 response,Hill_expr,H(H((R+R))),2,5,2,25.0,19.863821151125,3.6468348086246767,80.0,12.46041154068203
RhoA perturbation; Rac1 response,Hill_expr,H(H((R+R))),2,5,2,25.33333,16.932267740750003,3.4805307171673125,80.0,12.46041154068203
RhoA perturbation; Rac1 response,Hill_expr,H(H((R+R))),2,5,2,25.66667,18.068718093875006,3.528808249145459,80.0,12.46041154068203
RhoA perturbation; Rac1 response,Hill_expr,H(H((R+R))),2,5,2,26.0,16.248535159249997,3.4082234275501917,80.0,12.46041154068203
RhoA perturbation; Rac1 response,Hill_expr,H(H((R+R))),2,5,2,26.33333,17.563465463875,3.382511521953084,80.0,12.46041154068203
RhoA perturbation; Rac1 response,Hill_expr,H(H((R+R))),2,5,2,26.66667,15.361787431625,3.1845843076809692,80.0,12.46041154068203
RhoA perturbation; Rac1 response,Hill_expr,H(H((R+R))),2,5,2,27.0,14.854973019500008,3.097704325022788,80.0,12.46041154068203
RhoA perturbation; Rac1 response,Hill_expr,H(H((R+R))),2,5,2,27.33333,14.746504492124995,3.089208804848729,80.0,12.46041154068203
RhoA perturbation; Rac1 response,Hill_expr,H(H((R+R))),2,5,2,27.66667,13.389730869875,2.86435067269115,80.0,12.46041154068203
RhoA perturbation; Rac1 response,Hill_expr,H(H((R+R))),2,5,2,28.0,13.047866296875,2.7829199705590355,80.0,12.46041154068203
RhoA perturbation; Rac1 response,Hill_expr,H(H((R+R))),2,5,2,28.33333,12.79419637099999,2.741318158577171,80.0,12.46041154068203
RhoA perturbation; Rac1 response,Hill_expr,H(H((R+R))),2,5,2,28.66667,12.093769360875005,2.5876402780456833,80.0,12.46041154068203
RhoA perturbation; Rac1 response,Hill_expr,H(H((R+R))),2,5,2,29.0,13.066173804999995,2.5590064226511555,80.0,12.46041154068203
RhoA perturbation; Rac1 response,Hill_expr,H(H((R+R))),2,5,2,29.33333,11.962233619500001,2.2764795137535137,80.0,12.46041154068203
RhoA perturbation; Rac1 response,Hill_expr,H(H((R+R))),2,5,2,29.66667,11.778198033,2.3065581426143087,80.0,12.46041154068203
RhoA perturbation; Rac1 response,Hill_expr,H(H((R+R))),2,5,2,30.0,11.931489493625001,2.283206439036089,80.0,12.46041154068203
RhoA perturbation; Rac1 response,Hill_expr,H(H((R+R))),2,5,2,30.33333,11.864284518250006,2.227124211277553,80.0,12.46041154068203
RhoA perturbation; Rac1 response,Hill_expr,H(H((R+R))),2,5,2,30.66667,10.727707190500002,2.1617326843202975,80.0,12.46041154068203
RhoA perturbation; Rac1 response,Hill_expr,H(H((R+R))),2,5,2,31.0,11.321055857875002,2.1133653218609703,80.0,12.46041154068203
RhoA perturbation; Rac1 response,Hill_expr,H(H((R+R))),2,5,2,31.33333,9.681192162124999,2.075053951855054,80.0,12.46041154068203
RhoA perturbation; Rac1 response,Hill_expr,H(H((R+R))),2,5,2,31.66667,9.858793051125001,1.9731991137083271,80.0,12.46041154068203
RhoA perturbation; Rac1 response,Hill_expr,H(H((R+R))),2,5,2,32.0,9.751500392875,1.8185354370605673,80.0,12.46041154068203
RhoA perturbation; Rac1 response,Hill_expr,H(H((R+R))),2,5,2,32.33333,10.423419645,1.8611195091302073,80.0,12.46041154068203
RhoA perturbation; Rac1 response,Hill_expr,H(H((R+R))),2,5,2,32.66667,9.1168839295,1.8294995092749495,80.0,12.46041154068203
RhoA perturbation; Rac1 response,Hill_expr,H(H((R+R))),2,5,2,33.0,7.897097908499991,1.7983095647373577,80.0,12.46041154068203
RhoA perturbation; Rac1 response,Hill_expr,H(H((R+R))),2,5,2,33.33333,7.189429227124994,1.7042641393511773,80.0,12.46041154068203
RhoA perturbation; Rac1 response,Hill_expr,H(H((R+R))),2,5,2,33.66667,7.7557665621249985,1.7977748334996162,80.0,12.46041154068203
RhoA perturbation; Rac1 response,Hill_expr,H(H((R+R))),2,5,2,34.0,7.001074584124995,1.9620248084976701,80.0,12.46041154068203
RhoA perturbation; Rac1 response,Hill_expr,H(H((R+R))),2,5,2,34.33333,7.552257760375001,1.8208534926932152,80.0,12.46041154068203
RhoA perturbation; Rac1 response,Hill_expr,H(H((R+R))),2,5,2,34.66667,6.673025697000003,1.8516300730445912,80.0,12.46041154068203
RhoA perturbation; Rac1 response,Hill_expr,H(H((R+R))),2,5,2,35.0,7.022828758875003,1.8260248447738565,80.0,12.46041154068203
RhoA perturbation; Rac1 response,Hill_expr,H(H((R+R))),2,5,2,35.33333,5.354098614625,1.727030919005176,80.0,12.46041154068203
RhoA perturbation; Rac1 response,Hill_expr,H(H((R+R))),2,5,2,35.66667,6.334587531499996,1.7152440553908999,80.0,12.46041154068203
RhoA perturbation; Rac1 response,Hill_expr,H(H((R+R))),2,5,2,36.0,4.428455727374998,1.7127589728698311,80.0,12.46041154068203
RhoA perturbation; Rac1 response,Hill_expr,H(H((R+R))),2,5,2,36.33333,4.410370907000005,1.613681805084379,80.0,12.46041154068203
RhoA perturbation; Rac1 response,Hill_expr,H(H((R+R))),2,5,2,36.66667,4.115654407875,1.625652970086845,80.0,12.46041154068203
RhoA perturbation; Rac1 response,Hill_expr,H(H((R+R))),2,5,2,37.0,4.479636555875,1.7000713535578325,80.0,12.46041154068203
RhoA perturbation; Rac1 response,Hill_expr,H(H((R+R))),2,5,2,37.33333,2.868887833624999,1.662513012809657,80.0,12.46041154068203
RhoA perturbation; Rac1 response,Hill_expr,H(H((R+R))),2,5,2,37.66667,4.2424165142499985,1.7261812779100496,80.0,12.46041154068203
RhoA perturbation; Rac1 response,Hill_expr,H(H((R+R))),2,5,2,38.0,4.4917785188750035,1.6113699205025556,80.0,12.46041154068203
RhoA perturbation; Rac1 response,Hill_expr,H(H((R+R))),2,5,2,38.33333,3.819373902500002,1.7679290644372516,80.0,12.46041154068203
RhoA perturbation; Rac1 response,Hill_expr,H(H((R+R))),2,5,2,38.66667,3.0226327430000017,1.804166249213009,80.0,12.46041154068203
RhoA perturbation; Rac1 response,Hill_expr,H(H((R+R))),2,5,2,39.0,3.471399687500001,1.7428258510903027,80.0,12.46041154068203
RhoA perturbation; Rac1 response,Hill_expr,H(H((R+R))),2,5,2,39.33333,3.5710842597500005,1.6776002402277683,80.0,12.46041154068203
RhoA perturbation; Rac1 response,Hill_expr,H(H((R+R))),2,5,2,39.66667,3.4638432541250013,1.587218421349147,80.0,12.46041154068203
RhoA perturbation; Rac1 response,Hill_expr,H(H((R+R))),2,5,2,40.0,4.459667909874997,1.7199645389940506,80.0,12.46041154068203
RhoA perturbation; Rac1 response,Hill_expr,H(H(H(R))),3,4,3,0.0,-0.9931512857500001,0.2930358516672621,80.0,11.507884579897485
RhoA perturbation; Rac1 response,Hill_expr,H(H(H(R))),3,4,3,0.3333333,14.05484543712499,2.7689854655564425,80.0,11.507884579897485
RhoA perturbation; Rac1 response,Hill_expr,H(H(H(R))),3,4,3,0.6666667,17.840202627750003,3.2205576531637807,80.0,11.507884579897485
RhoA perturbation; Rac1 response,Hill_expr,H(H(H(R))),3,4,3,1.0,19.956233638750003,3.442955807410961,80.0,11.507884579897485
RhoA perturbation; Rac1 response,Hill_expr,H(H(H(R))),3,4,3,1.333333,21.843358484374992,3.5875551291744125,80.0,11.507884579897485
RhoA perturbation; Rac1 response,Hill_expr,H(H(H(R))),3,4,3,1.666667,20.794324358125007,3.7574895152656023,80.0,11.507884579897485
RhoA perturbation; Rac1 response,Hill_expr,H(H(H(R))),3,4,3,2.0,22.349197607374983,3.906772941300473,80.0,11.507884579897485
RhoA perturbation; Rac1 response,Hill_expr,H(H(H(R))),3,4,3,2.333333,22.23171431124999,4.062614000548535,80.0,11.507884579897485
RhoA perturbation; Rac1 response,Hill_expr,H(H(H(R))),3,4,3,2.666667,24.265378724125007,4.179210356349098,80.0,11.507884579897485
RhoA perturbation; Rac1 response,Hill_expr,H(H(H(R))),3,4,3,3.0,25.918459290375004,4.414457016384039,80.0,11.507884579897485
RhoA perturbation; Rac1 response,Hill_expr,H(H(H(R))),3,4,3,3.333333,25.84004893499999,4.527815666649435,80.0,11.507884579897485
RhoA perturbation; Rac1 response,Hill_expr,H(H(H(R))),3,4,3,3.666667,25.84496122112501,4.766097323169697,80.0,11.507884579897485
RhoA perturbation; Rac1 response,Hill_expr,H(H(H(R))),3,4,3,4.0,25.811583304499987,4.749304233032243,80.0,11.507884579897485
RhoA perturbation; Rac1 response,Hill_expr,H(H(H(R))),3,4,3,4.333334,29.75857579150001,4.958198392281836,80.0,11.507884579897485
RhoA perturbation; Rac1 response,Hill_expr,H(H(H(R))),3,4,3,4.666667,27.878301637000003,5.050262659092711,80.0,11.507884579897485
RhoA perturbation; Rac1 response,Hill_expr,H(H(H(R))),3,4,3,5.0,30.594271491749986,5.113990815370671,80.0,11.507884579897485
RhoA perturbation; Rac1 response,Hill_expr,H(H(H(R))),3,4,3,5.333334,32.134596649375005,5.15048245258548,80.0,11.507884579897485
RhoA perturbation; Rac1 response,Hill_expr,H(H(H(R))),3,4,3,5.666667,31.656008856874998,5.1193289143828835,80.0,11.507884579897485
RhoA perturbation; Rac1 response,Hill_expr,H(H(H(R))),3,4,3,6.0,32.08497583187501,5.152554104036383,80.0,11.507884579897485
RhoA perturbation; Rac1 response,Hill_expr,H(H(H(R))),3,4,3,6.333334,32.85001744749998,5.187868992485546,80.0,11.507884579897485
RhoA perturbation; Rac1 response,Hill_expr,H(H(H(R))),3,4,3,6.666667,33.21562006187501,5.280109422853797,80.0,11.507884579897485
RhoA perturbation; Rac1 response,Hill_expr,H(H(H(R))),3,4,3,7.0,34.55065387687502,5.202673773628684,80.0,11.507884579897485
RhoA perturbation; Rac1 response,Hill_expr,H(H(H(R))),3,4,3,7.333334,34.70303551737499,5.243391533936802,80.0,11.507884579897485
RhoA perturbation; Rac1 response,Hill_expr,H(H(H(R))),3,4,3,7.666667,35.43317001200001,5.359945574131809,80.0,11.507884579897485
RhoA perturbation; Rac1 response,Hill_expr,H(H(H(R))),3,4,3,8.0,35.21082664687499,5.293810489019405,80.0,11.507884579897485
RhoA perturbation; Rac1 response,Hill_expr,H(H(H(R))),3,4,3,8.333333,34.38095184412499,5.239779563766989,80.0,11.507884579897485
RhoA perturbation; Rac1 response,Hill_expr,H(H(H(R))),3,4,3,8.666667,34.51231650587501,5.337311100437704,80.0,11.507884579897485
RhoA perturbation; Rac1 response,Hill_expr,H(H(H(R))),3,4,3,9.0,36.739394404125,5.316336836358264,80.0,11.507884579897485
RhoA perturbation; Rac1 response,Hill_expr,H(H(H(R))),3,4,3,9.333333,35.86836106362501,5.531727310296695,80.0,11.507884579897485
RhoA perturbation; Rac1 response,Hill_expr,H(H(H(R))),3,4,3,9.666667,36.407556719374995,5.428268466568994,80.0,11.507884579897485
RhoA perturbation; Rac1 response,Hill_expr,H(H(H(R))),3,4,3,10.0,35.335303085250004,5.434029141654743,80.0,11.507884579897485
RhoA perturbation; Rac1 response,Hill_expr,H(H(H(R))),3,4,3,10.33333,35.160878269624995,5.396729922961505,80.0,11.507884579897485
RhoA perturbation; Rac1 response,Hill_expr,H(H(H(R))),3,4,3,10.66667,36.24939250387503,5.538121957950258,80.0,11.507884579897485
RhoA perturbation; Rac1 response,Hill_expr,H(H(H(R))),3,4,3,11.0,37.37152335212499,5.528340849936087,80.0,11.507884579897485
RhoA perturbation; Rac1 response,Hill_expr,H(H(H(R))),3,4,3,11.33333,38.74832157974999,5.533748750438115,80.0,11.507884579897485
RhoA perturbation; Rac1 response,Hill_expr,H(H(H(R))),3,4,3,11.66667,38.07010675412502,5.543759331789647,80.0,11.507884579897485
RhoA perturbation; Rac1 response,Hill_expr,H(H(H(R))),3,4,3,12.0,39.63976049699998,5.670038938734038,80.0,11.507884579897485
RhoA perturbation; Rac1 response,Hill_expr,H(H(H(R))),3,4,3,12.33333,39.877722357875015,5.6815290829271685,80.0,11.507884579897485
RhoA perturbation; Rac1 response,Hill_expr,H(H(H(R))),3,4,3,12.66667,41.43385763199999,5.604815366791928,80.0,11.507884579897485
RhoA perturbation; Rac1 response,Hill_expr,H(H(H(R))),3,4,3,13.0,41.57483332500002,5.6808779593278755,80.0,11.507884579897485
RhoA perturbation; Rac1 response,Hill_expr,H(H(H(R))),3,4,3,13.33333,42.19735376224999,5.733610998560068,80.0,11.507884579897485
RhoA perturbation; Rac1 response,Hill_expr,H(H(H(R))),3,4,3,13.66667,40.362294325375004,5.723266613190431,80.0,11.507884579897485
RhoA perturbation; Rac1 response,Hill_expr,H(H(H(R))),3,4,3,14.0,39.47222318150003,5.696522983669431,80.0,11.507884579897485
RhoA perturbation; Rac1 response,Hill_expr,H(H(H(R))),3,4,3,14.33333,39.705036106124986,5.583156165948099,80.0,11.507884579897485
RhoA perturbation; Rac1 response,Hill_expr,H(H(H(R))),3,4,3,14.66667,40.851035414875,5.6522790317061204,80.0,11.507884579897485
RhoA perturbation; Rac1 response,Hill_expr,H(H(H(R))),3,4,3,15.0,40.54514006962498,5.6768523043026615,80.0,11.507884579897485
RhoA perturbation; Rac1 response,Hill_expr,H(H(H(R))),3,4,3,15.33333,41.32761998424999,5.630671607329237,80.0,11.507884579897485
RhoA perturbation; Rac1 response,Hill_expr,H(H(H(R))),3,4,3,15.66667,40.73784667475,5.69717178960748,80.0,11.507884579897485
RhoA perturbation; Rac1 response,Hill_expr,H(H(H(R))),3,4,3,16.0,42.584126971625,5.770515788632695,80.0,11.507884579897485
RhoA perturbation; Rac1 response,Hill_expr,H(H(H(R))),3,4,3,16.33333,41.846711594625,5.8275534461558385,80.0,11.507884579897485
RhoA perturbation; Rac1 response,Hill_expr,H(H(H(R))),3,4,3,16.66667,40.94162946050001,5.733888215518726,80.0,11.507884579897485
RhoA perturbation; Rac1 response,Hill_expr,H(H(H(R))),3,4,3,17.0,43.055054836375035,5.754478083690295,80.0,11.507884579897485
RhoA perturbation; Rac1 response,Hill_expr,H(H(H(R))),3,4,3,17.33333,42.855766021125014,5.6963691598033295,80.0,11.507884579897485
RhoA perturbation; Rac1 response,Hill_expr,H(H(H(R))),3,4,3,17.66667,44.7054921885,5.806444494935948,80.0,11.507884579897485
RhoA perturbation; Rac1 response,Hill_expr,H(H(H(R))),3,4,3,18.0,44.263716705749985,5.744471784096954,80.0,11.507884579897485
RhoA perturbation; Rac1 response,Hill_expr,H(H(H(R))),3,4,3,18.33333,42.8251505395,5.801277555080771,80.0,11.507884579897485
RhoA perturbation; Rac1 response,Hill_expr,H(H(H(R))),3,4,3,18.66667,43.388878527625,5.829161035786278,80.0,11.507884579897485
RhoA perturbation; Rac1 response,Hill_expr,H(H(H(R))),3,4,3,19.0,43.666588430625005,5.667702243793217,80.0,11.507884579897485
RhoA perturbation; Rac1 response,Hill_expr,H(H(H(R))),3,4,3,19.33333,45.334017831999994,5.812417520349717,80.0,11.507884579897485
RhoA perturbation; Rac1 response,Hill_expr,H(H(H(R))),3,4,3,19.66667,44.914543018875,5.79099819192254,80.0,11.507884579897485
RhoA perturbation; Rac1 response,Hill_expr,H(H(H(R))),3,4,3,20.0,44.572232559250004,5.817052810245743,80.0,11.507884579897485
RhoA perturbation; Rac1 response,Hill_expr,H(H(H(R))),3,4,3,20.33333,40.51139308287501,5.706678918618629,80.0,11.507884579897485
RhoA perturbation; Rac1 response,Hill_expr,H(H(H(R))),3,4,3,20.66667,37.803339820625,5.442297824147259,80.0,11.507884579897485
RhoA perturbation; Rac1 response,Hill_expr,H(H(H(R))),3,4,3,21.0,36.83530481274999,5.377426535933674,80.0,11.507884579897485
RhoA perturbation; Rac1 response,Hill_expr,H(H(H(R))),3,4,3,21.33333,34.902504401749994,5.086190084460841,80.0,11.507884579897485
RhoA perturbation; Rac1 response,Hill_expr,H(H(H(R))),3,4,3,21.66667,32.358773020124985,4.962234411776436,80.0,11.507884579897485
RhoA perturbation; Rac1 response,Hill_expr,H(H(H(R))),3,4,3,22.0,31.058346401500007,4.718970813896896,80.0,11.507884579897485
RhoA perturbation; Rac1 response,Hill_expr,H(H(H(R))),3,4,3,22.33333,30.659511084875,4.591853455206336,80.0,11.507884579897485
RhoA perturbation; Rac1 response,Hill_expr,H(H(H(R))),3,4,3,22.66667,27.945735520249997,4.519291240834524,80.0,11.507884579897485
RhoA perturbation; Rac1 response,Hill_expr,H(H(H(R))),3,4,3,23.0,29.499232588624988,4.379393433310475,80.0,11.507884579897485
RhoA perturbation; Rac1 response,Hill_expr,H(H(H(R))),3,4,3,23.33333,26.421660202749997,4.194218334282237,80.0,11.507884579897485
RhoA perturbation; Rac1 response,Hill_expr,H(H(H(R))),3,4,3,23.66667,25.22736179324999,4.17689653001624,80.0,11.507884579897485
RhoA perturbation; Rac1 response,Hill_expr,H(H(H(R))),3,4,3,24.0,24.314893736374998,4.061461501574148,80.0,11.507884579897485
RhoA perturbation; Rac1 response,Hill_expr,H(H(H(R))),3,4,3,24.33333,22.240597807375,3.843944873018156,80.0,11.507884579897485
RhoA perturbation; Rac1 response,Hill_expr,H(H(H(R))),3,4,3,24.66667,21.553199025624988,3.6691485795747103,80.0,11.507884579897485
RhoA perturbation; Rac1 response,Hill_expr,H(H(H(R))),3,4,3,25.0,19.863821151125,3.6468348086246767,80.0,11.507884579897485
RhoA perturbation; Rac1 response,Hill_expr,H(H(H(R))),3,4,3,25.33333,16.932267740750003,3.4805307171673125,80.0,11.507884579897485
RhoA perturbation; Rac1 response,Hill_expr,H(H(H(R))),3,4,3,25.66667,18.068718093875006,3.528808249145459,80.0,11.507884579897485
RhoA perturbation; Rac1 response,Hill_expr,H(H(H(R))),3,4,3,26.0,16.248535159249997,3.4082234275501917,80.0,11.507884579897485
RhoA perturbation; Rac1 response,Hill_expr,H(H(H(R))),3,4,3,26.33333,17.563465463875,3.382511521953084,80.0,11.507884579897485
RhoA perturbation; Rac1 response,Hill_expr,H(H(H(R))),3,4,3,26.66667,15.361787431625,3.1845843076809692,80.0,11.507884579897485
RhoA perturbation; Rac1 response,Hill_expr,H(H(H(R))),3,4,3,27.0,14.854973019500008,3.097704325022788,80.0,11.507884579897485
RhoA perturbation; Rac1 response,Hill_expr,H(H(H(R))),3,4,3,27.33333,14.746504492124995,3.089208804848729,80.0,11.507884579897485
RhoA perturbation; Rac1 response,Hill_expr,H(H(H(R))),3,4,3,27.66667,13.389730869875,2.86435067269115,80.0,11.507884579897485
RhoA perturbation; Rac1 response,Hill_expr,H(H(H(R))),3,4,3,28.0,13.047866296875,2.7829199705590355,80.0,11.507884579897485
RhoA perturbation; Rac1 response,Hill_expr,H(H(H(R))),3,4,3,28.33333,12.79419637099999,2.741318158577171,80.0,11.507884579897485
RhoA perturbation; Rac1 response,Hill_expr,H(H(H(R))),3,4,3,28.66667,12.093769360875005,2.5876402780456833,80.0,11.507884579897485
RhoA perturbation; Rac1 response,Hill_expr,H(H(H(R))),3,4,3,29.0,13.066173804999995,2.5590064226511555,80.0,11.507884579897485
RhoA perturbation; Rac1 response,Hill_expr,H(H(H(R))),3,4,3,29.33333,11.962233619500001,2.2764795137535137,80.0,11.507884579897485
RhoA perturbation; Rac1 response,Hill_expr,H(H(H(R))),3,4,3,29.66667,11.778198033,2.3065581426143087,80.0,11.507884579897485
RhoA perturbation; Rac1 response,Hill_expr,H(H(H(R))),3,4,3,30.0,11.931489493625001,2.283206439036089,80.0,11.507884579897485
RhoA perturbation; Rac1 response,Hill_expr,H(H(H(R))),3,4,3,30.33333,11.864284518250006,2.227124211277553,80.0,11.507884579897485
RhoA perturbation; Rac1 response,Hill_expr,H(H(H(R))),3,4,3,30.66667,10.727707190500002,2.1617326843202975,80.0,11.507884579897485
RhoA perturbation; Rac1 response,Hill_expr,H(H(H(R))),3,4,3,31.0,11.321055857875002,2.1133653218609703,80.0,11.507884579897485
RhoA perturbation; Rac1 response,Hill_expr,H(H(H(R))),3,4,3,31.33333,9.681192162124999,2.075053951855054,80.0,11.507884579897485
RhoA perturbation; Rac1 response,Hill_expr,H(H(H(R))),3,4,3,31.66667,9.858793051125001,1.9731991137083271,80.0,11.507884579897485
RhoA perturbation; Rac1 response,Hill_expr,H(H(H(R))),3,4,3,32.0,9.751500392875,1.8185354370605673,80.0,11.507884579897485
RhoA perturbation; Rac1 response,Hill_expr,H(H(H(R))),3,4,3,32.33333,10.423419645,1.8611195091302073,80.0,11.507884579897485
RhoA perturbation; Rac1 response,Hill_expr,H(H(H(R))),3,4,3,32.66667,9.1168839295,1.8294995092749495,80.0,11.507884579897485
RhoA perturbation; Rac1 response,Hill_expr,H(H(H(R))),3,4,3,33.0,7.897097908499991,1.7983095647373577,80.0,11.507884579897485
RhoA perturbation; Rac1 response,Hill_expr,H(H(H(R))),3,4,3,33.33333,7.189429227124994,1.7042641393511773,80.0,11.507884579897485
RhoA perturbation; Rac1 response,Hill_expr,H(H(H(R))),3,4,3,33.66667,7.7557665621249985,1.7977748334996162,80.0,11.507884579897485
RhoA perturbation; Rac1 response,Hill_expr,H(H(H(R))),3,4,3,34.0,7.001074584124995,1.9620248084976701,80.0,11.507884579897485
RhoA perturbation; Rac1 response,Hill_expr,H(H(H(R))),3,4,3,34.33333,7.552257760375001,1.8208534926932152,80.0,11.507884579897485
RhoA perturbation; Rac1 response,Hill_expr,H(H(H(R))),3,4,3,34.66667,6.673025697000003,1.8516300730445912,80.0,11.507884579897485
RhoA perturbation; Rac1 response,Hill_expr,H(H(H(R))),3,4,3,35.0,7.022828758875003,1.8260248447738565,80.0,11.507884579897485
RhoA perturbation; Rac1 response,Hill_expr,H(H(H(R))),3,4,3,35.33333,5.354098614625,1.727030919005176,80.0,11.507884579897485
RhoA perturbation; Rac1 response,Hill_expr,H(H(H(R))),3,4,3,35.66667,6.334587531499996,1.7152440553908999,80.0,11.507884579897485
RhoA perturbation; Rac1 response,Hill_expr,H(H(H(R))),3,4,3,36.0,4.428455727374998,1.7127589728698311,80.0,11.507884579897485
RhoA perturbation; Rac1 response,Hill_expr,H(H(H(R))),3,4,3,36.33333,4.410370907000005,1.613681805084379,80.0,11.507884579897485
RhoA perturbation; Rac1 response,Hill_expr,H(H(H(R))),3,4,3,36.66667,4.115654407875,1.625652970086845,80.0,11.507884579897485
RhoA perturbation; Rac1 response,Hill_expr,H(H(H(R))),3,4,3,37.0,4.479636555875,1.7000713535578325,80.0,11.507884579897485
RhoA perturbation; Rac1 response,Hill_expr,H(H(H(R))),3,4,3,37.33333,2.868887833624999,1.662513012809657,80.0,11.507884579897485
RhoA perturbation; Rac1 response,Hill_expr,H(H(H(R))),3,4,3,37.66667,4.2424165142499985,1.7261812779100496,80.0,11.507884579897485
RhoA perturbation; Rac1 response,Hill_expr,H(H(H(R))),3,4,3,38.0,4.4917785188750035,1.6113699205025556,80.0,11.507884579897485
RhoA perturbation; Rac1 response,Hill_expr,H(H(H(R))),3,4,3,38.33333,3.819373902500002,1.7679290644372516,80.0,11.507884579897485
RhoA perturbation; Rac1 response,Hill_expr,H(H(H(R))),3,4,3,38.66667,3.0226327430000017,1.804166249213009,80.0,11.507884579897485
RhoA perturbation; Rac1 response,Hill_expr,H(H(H(R))),3,4,3,39.0,3.471399687500001,1.7428258510903027,80.0,11.507884579897485
RhoA perturbation; Rac1 response,Hill_expr,H(H(H(R))),3,4,3,39.33333,3.5710842597500005,1.6776002402277683,80.0,11.507884579897485
RhoA perturbation; Rac1 response,Hill_expr,H(H(H(R))),3,4,3,39.66667,3.4638432541250013,1.587218421349147,80.0,11.507884579897485
RhoA perturbation; Rac1 response,Hill_expr,H(H(H(R))),3,4,3,40.0,4.459667909874997,1.7199645389940506,80.0,11.507884579897485
Rac1 perturbation; RhoA response,linear_R,R,0,1,0,0.0,-1.3762895822549015,0.50411235386505,102.0,39.11504637272698
Rac1 perturbation; RhoA response,linear_R,R,0,1,0,0.3333333,21.80185077156863,3.422024980475965,102.0,38.87949588547868
Rac1 perturbation; RhoA response,linear_R,R,0,1,0,0.6666667,30.611781803333344,4.267726477815583,102.0,38.64400081162237
Rac1 perturbation; RhoA response,linear_R,R,0,1,0,1.0,36.53921146166665,4.7264010770576395,102.0,38.408561279385474
Rac1 perturbation; RhoA response,linear_R,R,0,1,0,1.333333,40.477224400588234,4.96975511730596,102.0,38.17317741686597
Rac1 perturbation; RhoA response,linear_R,R,0,1,0,1.666667,43.672935604509775,5.187860435813586,102.0,37.937848293177154
Rac1 perturbation; RhoA response,linear_R,R,0,1,0,2.0,45.44188075156865,5.219705333024379,102.0,37.70257530723113
Rac1 perturbation; RhoA response,linear_R,R,0,1,0,2.333333,47.868677996862765,5.318296797389352,102.0,37.467357739901686
Rac1 perturbation; RhoA response,linear_R,R,0,1,0,2.666667,49.029414602647094,5.380577874091345,102.0,37.232194872730865
Rac1 perturbation; RhoA response,linear_R,R,0,1,0,3.0,48.87878536852945,5.4279260084635395,102.0,36.99708810364223
Rac1 perturbation; RhoA response,linear_R,R,0,1,0,3.333333,49.545590385490236,5.424570471400211,102.0,36.76203671401772
Rac1 perturbation; RhoA response,linear_R,R,0,1,0,3.666667,50.60425583872549,5.496107309152899,102.0,36.527039985907074
Rac1 perturbation; RhoA response,linear_R,R,0,1,0,4.0,51.097094013823536,5.375149351545362,102.0,36.292099316246095
Rac1 perturbation; RhoA response,linear_R,R,0,1,0,4.333334,51.92032161539212,5.5017946234984585,102.0,36.05721328235091
Rac1 perturbation; RhoA response,linear_R,R,0,1,0,4.666667,53.32254371009807,5.471471875035747,102.0,35.8223832804994
Rac1 perturbation; RhoA response,linear_R,R,0,1,0,5.0,53.65529186735294,5.5488078085022225,102.0,35.58760859291939
Rac1 perturbation; RhoA response,linear_R,R,0,1,0,5.333334,53.23606688637256,5.6422528946411745,102.0,35.352888502505714
Rac1 perturbation; RhoA response,linear_R,R,0,1,0,5.666667,54.337714760000026,5.627293786005503,102.0,35.118224404549935
Rac1 perturbation; RhoA response,linear_R,R,0,1,0,6.0,55.12635692107845,5.643440842444053,102.0,34.883615581787026
Rac1 perturbation; RhoA response,linear_R,R,0,1,0,6.333334,55.17007110450979,5.701209437509858,102.0,34.64906131761831
Rac1 perturbation; RhoA response,linear_R,R,0,1,0,6.666667,56.69644097803922,5.717524859993219,102.0,34.41456300634969
Rac1 perturbation; RhoA response,linear_R,R,0,1,0,7.0,56.69522668107843,5.77149142849537,102.0,34.18011993122284
Rac1 perturbation; RhoA response,linear_R,R,0,1,0,7.333334,58.28530611843136,5.761652468322007,102.0,33.94573137614535
Rac1 perturbation; RhoA response,linear_R,R,0,1,0,7.666667,56.961419657647085,5.735573448742369,102.0,33.71139873443802
Rac1 perturbation; RhoA response,linear_R,R,0,1,0,8.0,57.82338275784312,5.783570548698452,102.0,33.47712128984901
Rac1 perturbation; RhoA response,linear_R,R,0,1,0,8.333333,57.75019856147062,5.826416212905212,102.0,33.2428990293765
Rac1 perturbation; RhoA response,linear_R,R,0,1,0,8.666667,57.203753222352915,5.852569095038439,102.0,33.00873123760276
Rac1 perturbation; RhoA response,linear_R,R,0,1,0,9.0,59.05442461176468,5.764011948896135,102.0,32.774619306535975
Rac1 perturbation; RhoA response,linear_R,R,0,1,0,9.333333,59.10767345686274,5.811593078418382,102.0,32.54056252059898
Rac1 perturbation; RhoA response,linear_R,R,0,1,0,9.666667,59.51643125921565,5.796861784424392,102.0,32.30656016487943
Rac1 perturbation; RhoA response,linear_R,R,0,1,0,10.0,58.97425116039215,5.880594663651929,102.0,32.072613630402174
Rac1 perturbation; RhoA response,linear_R,R,0,1,0,10.33333,59.97277649754901,5.925760585001861,102.0,31.838724306872457
Rac1 perturbation; RhoA response,linear_R,R,0,1,0,10.66667,59.67217276107842,5.911423324421129,102.0,31.60488306127082
Rac1 perturbation; RhoA response,linear_R,R,0,1,0,11.0,59.94570601833335,5.938615244252045,102.0,31.371103910813986
Rac1 perturbation; RhoA response,linear_R,R,0,1,0,11.33333,60.26858066990196,5.969688831347074,102.0,31.13737982660494
Rac1 perturbation; RhoA response,linear_R,R,0,1,0,11.66667,60.39380383892158,6.000789739288233,102.0,30.903703786357475
Rac1 perturbation; RhoA response,linear_R,R,0,1,0,12.0,60.59690535833334,6.002558505598481,102.0,30.67008979738558
Rac1 perturbation; RhoA response,linear_R,R,0,1,0,12.33333,61.123595551960754,6.037858062722709,102.0,30.436530835757914
Rac1 perturbation; RhoA response,linear_R,R,0,1,0,12.66667,59.86330000117649,6.008450062217623,102.0,30.203019884149544
Rac1 perturbation; RhoA response,linear_R,R,0,1,0,13.0,60.16060124039215,6.045579739948293,102.0,29.969570939978468
Rac1 perturbation; RhoA response,linear_R,R,0,1,0,13.33333,60.81838072127449,6.051579153459915,102.0,29.736176984275616
Rac1 perturbation; RhoA response,linear_R,R,0,1,0,13.66667,59.48289247960783,6.053387283634875,102.0,29.502831004673748
Rac1 perturbation; RhoA response,linear_R,R,0,1,0,14.0,60.599503611764675,6.119341040924408,102.0,29.26954698870177
Rac1 perturbation; RhoA response,linear_R,R,0,1,0,14.33333,60.19987780362744,6.0850591297034455,102.0,29.03631792234954
Rac1 perturbation; RhoA response,linear_R,R,0,1,0,14.66667,59.93194524715691,6.106322483011755,102.0,28.80313679820373
Rac1 perturbation; RhoA response,linear_R,R,0,1,0,15.0,60.337562376274484,6.078237746506857,102.0,28.570017593911615
Rac1 perturbation; RhoA response,linear_R,R,0,1,0,15.33333,59.58158538578434,6.207874054728857,102.0,28.336953300418074
Rac1 perturbation; RhoA response,linear_R,R,0,1,0,15.66667,60.71967915656863,6.093759525579715,102.0,28.103936915260604
Rac1 perturbation; RhoA response,linear_R,R,0,1,0,16.0,59.92963646921569,6.152597945396288,102.0,27.870982406211265
Rac1 perturbation; RhoA response,linear_R,R,0,1,0,16.33333,60.424480239313745,6.1628092434583905,102.0,27.638082769166864
Rac1 perturbation; RhoA response,linear_R,R,0,1,0,16.66667,60.825864639607836,6.093484097308075,102.0,27.40523100661195
Rac1 perturbation; RhoA response,linear_R,R,0,1,0,17.0,59.230446043823555,6.1847919298934935,102.0,27.172441076450678
Rac1 perturbation; RhoA response,linear_R,R,0,1,0,17.33333,59.53360226147061,6.144033862175193,102.0,26.93970597952814
Rac1 perturbation; RhoA response,linear_R,R,0,1,0,17.66667,60.603943836372565,6.146058064480174,102.0,26.70701872327247
Rac1 perturbation; RhoA response,linear_R,R,0,1,0,18.0,60.08698748911767,6.153517102502953,102.0,26.474393255726728
Rac1 perturbation; RhoA response,linear_R,R,0,1,0,18.33333,58.60493436343134,6.284901944529139,102.0,26.24182258268081
Rac1 perturbation; RhoA response,linear_R,R,0,1,0,18.66667,58.18239181794117,6.2687536088556275,102.0,26.00929971650303
Rac1 perturbation; RhoA response,linear_R,R,0,1,0,19.0,59.209288051666626,6.187989336239144,102.0,25.776838595382532
Rac1 perturbation; RhoA response,linear_R,R,0,1,0,19.33333,58.852119528431395,6.2289736432097715,102.0,25.544432230050276
Rac1 perturbation; RhoA response,linear_R,R,0,1,0,19.66667,58.169122079019594,6.2673284333163135,102.0,25.312073637811388
Rac1 perturbation; RhoA response,linear_R,R,0,1,0,20.0,60.252442538823544,6.211282861614537,102.0,25.079776747007568
Rac1 perturbation; RhoA response,linear_R,R,0,1,0,20.33333,54.93775363313726,5.937689612009537,102.0,24.847534573308046
Rac1 perturbation; RhoA response,linear_R,R,0,1,0,20.66667,53.41221635401958,5.695227244367421,102.0,24.615340138950888
Rac1 perturbation; RhoA response,linear_R,R,0,1,0,21.0,51.74590877382354,5.497075961536212,102.0,24.383207362437783
Rac1 perturbation; RhoA response,linear_R,R,0,1,0,21.33333,49.811513076666664,5.335278746646896,102.0,24.151129264371896
Rac1 perturbation; RhoA response,linear_R,R,0,1,0,21.66667,48.297746493235316,5.129799521430641,102.0,23.91909887192135
Rac1 perturbation; RhoA response,linear_R,R,0,1,0,22.0,45.60092938411764,4.995006420064211,102.0,23.687130093754597
Rac1 perturbation; RhoA response,linear_R,R,0,1,0,22.33333,44.4127340992157,4.8266340646873305,102.0,23.455215955405507
Rac1 perturbation; RhoA response,linear_R,R,0,1,0,22.66667,42.491818248921575,4.625541088577205,102.0,23.223349488968505
Rac1 perturbation; RhoA response,linear_R,R,0,1,0,23.0,41.659108101274484,4.515479641560975,102.0,22.991544593285443
Rac1 perturbation; RhoA response,linear_R,R,0,1,0,23.33333,38.6730312614706,4.488783836612278,102.0,22.759794298818154
Rac1 perturbation; RhoA response,linear_R,R,0,1,0,23.66667,38.53872666362746,4.129225207279518,102.0,22.52809164258322
Rac1 perturbation; RhoA response,linear_R,R,0,1,0,24.0,37.54951162980392,4.102495634891386,102.0,22.296450513603688
Rac1 perturbation; RhoA response,linear_R,R,0,1,0,24.33333,35.11277371294116,3.9638793036179685,102.0,22.064863947264787
Rac1 perturbation; RhoA response,linear_R,R,0,1,0,24.66667,35.0134794919608,3.7620191021991634,102.0,21.833324985502607
Rac1 perturbation; RhoA response,linear_R,R,0,1,0,25.0,32.11807277588238,3.9196736044049127,102.0,21.6018475075276
Rac1 perturbation; RhoA response,linear_R,R,0,1,0,25.33333,31.736724898627468,3.5403495985543985,102.0,21.370424553645613
Rac1 perturbation; RhoA response,linear_R,R,0,1,0,25.66667,30.718837153627458,3.397342988096774,102.0,21.139049170708475
Rac1 perturbation; RhoA response,linear_R,R,0,1,0,26.0,27.908241541372547,3.431207266681927,102.0,20.907735228121147
Rac1 perturbation; RhoA response,linear_R,R,0,1,0,26.33333,28.56984123049018,3.217931216224954,102.0,20.676475771106315
Rac1 perturbation; RhoA response,linear_R,R,0,1,0,26.66667,26.37594937568628,3.1554019459006484,102.0,20.445263851428216
Rac1 perturbation; RhoA response,linear_R,R,0,1,0,27.0,25.747825074019605,3.0542962188404728,102.0,20.2141133286932
Rac1 perturbation; RhoA response,linear_R,R,0,1,0,27.33333,24.73268942078432,2.9243926581318958,102.0,19.983017253037477
Rac1 perturbation; RhoA response,linear_R,R,0,1,0,27.66667,24.258557118431348,2.896928675563027,102.0,19.75196868113391
Rac1 perturbation; RhoA response,linear_R,R,0,1,0,28.0,23.011840799215722,2.7702758563838996,102.0,19.520981462797568
Rac1 perturbation; RhoA response,linear_R,R,0,1,0,28.33333,21.77760988117646,2.700625819371455,102.0,19.290048653074393
Rac1 perturbation; RhoA response,linear_R,R,0,1,0,28.66667,21.54180312882353,2.6256973587996195,102.0,19.059163313542776
Rac1 perturbation; RhoA response,linear_R,R,0,1,0,29.0,20.32287866245098,2.66995211310369,102.0,18.828339284232946
Rac1 perturbation; RhoA response,linear_R,R,0,1,0,29.33333,20.363870878333348,2.4945211722808143,102.0,18.59756962509737
Rac1 perturbation; RhoA response,linear_R,R,0,1,0,29.66667,19.97427564813725,2.4175255153915023,102.0,18.366847402616507
Rac1 perturbation; RhoA response,linear_R,R,0,1,0,30.0,17.7973158992157,2.5306698777694208,102.0,18.136186447042416
Rac1 perturbation; RhoA response,linear_R,R,0,1,0,30.33333,17.458103272352947,2.3291121650380746,102.0,17.90557982323108
Rac1 perturbation; RhoA response,linear_R,R,0,1,0,30.66667,16.752543151568634,2.262527913054402,102.0,17.675020602561045
Rac1 perturbation; RhoA response,linear_R,R,0,1,0,31.0,14.37553241666668,2.4586861511019147,102.0,17.444522605513846
Rac1 perturbation; RhoA response,linear_R,R,0,1,0,31.33333,13.515102849705887,2.4533890918269075,102.0,17.21407890184455
Rac1 perturbation; RhoA response,linear_R,R,0,1,0,31.66667,16.101014468627447,2.038048694449689,102.0,16.983682567827127
Rac1 perturbation; RhoA response,linear_R,R,0,1,0,32.0,14.126859001274509,1.9854514656714357,102.0,16.753347414178805
Rac1 perturbation; RhoA response,linear_R,R,0,1,0,32.33333,13.246295078725488,2.0531502378823445,102.0,16.523066515551072
Rac1 perturbation; RhoA response,linear_R,R,0,1,0,32.66667,12.516971541568626,2.040471503019399,102.0,16.292832953109087
Rac1 perturbation; RhoA response,linear_R,R,0,1,0,33.0,12.442076037156873,2.0134486287433977,102.0,16.062660527813335
Rac1 perturbation; RhoA response,linear_R,R,0,1,0,33.33333,12.216547963823531,1.8727446195322992,102.0,15.832542319207832
Rac1 perturbation; RhoA response,linear_R,R,0,1,0,33.66667,11.682215155196088,1.8560369327016877,102.0,15.602471413345608
Rac1 perturbation; RhoA response,linear_R,R,0,1,0,34.0,10.906749343823531,1.8787041449193262,102.0,15.37246160143728
Rac1 perturbation; RhoA response,linear_R,R,0,1,0,34.33333,11.297668761078432,1.8448578953953105,102.0,15.142505967915838
Rac1 perturbation; RhoA response,linear_R,R,0,1,0,34.66667,12.379576779705877,1.8287141006657635,102.0,14.912597603719075
Rac1 perturbation; RhoA response,linear_R,R,0,1,0,35.0,10.84845148784313,1.8385037400772086,102.0,14.682750290314065
Rac1 perturbation; RhoA response,linear_R,R,0,1,0,35.33333,11.238808759313724,1.7713856536652122,102.0,14.452957117019892
Rac1 perturbation; RhoA response,linear_R,R,0,1,0,35.66667,11.247143731274516,1.718822062362493,102.0,14.223211179655333
Rac1 perturbation; RhoA response,linear_R,R,0,1,0,36.0,10.426152883627456,1.7539688826656712,102.0,13.993526249951035
Rac1 perturbation; RhoA response,linear_R,R,0,1,0,36.33333,11.260318706862732,1.6868161769351129,102.0,13.763895422108277
Rac1 perturbation; RhoA response,linear_R,R,0,1,0,36.66667,9.972245372254905,1.7253956850272392,102.0,13.534311796823609
Rac1 perturbation; RhoA response,linear_R,R,0,1,0,37.0,10.654978836470594,1.7021852829646875,102.0,13.304789136098336
Rac1 perturbation; RhoA response,linear_R,R,0,1,0,37.33333,9.74520202176471,1.696097020042852,102.0,13.07532053901241
Rac1 perturbation; RhoA response,linear_R,R,0,1,0,37.66667,9.260330918921571,1.701754690667574,102.0,12.845899111136799
Rac1 perturbation; RhoA response,linear_R,R,0,1,0,38.0,9.296067204705885,1.7005456129781193,102.0,12.61653860474993
Rac1 perturbation; RhoA response,linear_R,R,0,1,0,38.33333,10.309174082549015,1.704818568689371,102.0,12.387232123807177
Rac1 perturbation; RhoA response,linear_R,R,0,1,0,38.66667,8.86877129264706,1.6918583576513293,102.0,12.157972778750398
Rac1 perturbation; RhoA response,linear_R,R,0,1,0,39.0,8.963871901960788,1.6809574639558549,102.0,11.928774312142234
Rac1 perturbation; RhoA response,linear_R,R,0,1,0,39.33333,9.20126891764706,1.6523584950996888,102.0,11.699629832810167
Rac1 perturbation; RhoA response,linear_R,R,0,1,0,39.66667,7.3494802596078435,1.833555564668603,102.0,11.47053245606326
Rac1 perturbation; RhoA response,linear_R,R,0,1,0,40.0,8.58402001862745,1.5668875650562373,102.0,11.241495914755156
Rac1 perturbation; RhoA response,simple_hill,H(R),1,2,1,0.0,-1.3762895822549015,0.50411235386505,102.0,38.43539933839387
Rac1 perturbation; RhoA response,simple_hill,H(R),1,2,1,0.3333333,21.80185077156863,3.422024980475965,102.0,38.43539933839387
Rac1 perturbation; RhoA response,simple_hill,H(R),1,2,1,0.6666667,30.611781803333344,4.267726477815583,102.0,38.43539933839387
Rac1 perturbation; RhoA response,simple_hill,H(R),1,2,1,1.0,36.53921146166665,4.7264010770576395,102.0,38.43539933839387
Rac1 perturbation; RhoA response,simple_hill,H(R),1,2,1,1.333333,40.477224400588234,4.96975511730596,102.0,38.43539933839387
Rac1 perturbation; RhoA response,simple_hill,H(R),1,2,1,1.666667,43.672935604509775,5.187860435813586,102.0,38.43539933839387
Rac1 perturbation; RhoA response,simple_hill,H(R),1,2,1,2.0,45.44188075156865,5.219705333024379,102.0,38.43539933839387
Rac1 perturbation; RhoA response,simple_hill,H(R),1,2,1,2.333333,47.868677996862765,5.318296797389352,102.0,38.43539933839387
Rac1 perturbation; RhoA response,simple_hill,H(R),1,2,1,2.666667,49.029414602647094,5.380577874091345,102.0,38.43539933839387
Rac1 perturbation; RhoA response,simple_hill,H(R),1,2,1,3.0,48.87878536852945,5.4279260084635395,102.0,38.43539933839387
Rac1 perturbation; RhoA response,simple_hill,H(R),1,2,1,3.333333,49.545590385490236,5.424570471400211,102.0,38.43539933839387
Rac1 perturbation; RhoA response,simple_hill,H(R),1,2,1,3.666667,50.60425583872549,5.496107309152899,102.0,38.43539933839387
Rac1 perturbation; RhoA response,simple_hill,H(R),1,2,1,4.0,51.097094013823536,5.375149351545362,102.0,38.43539933839387
Rac1 perturbation; RhoA response,simple_hill,H(R),1,2,1,4.333334,51.92032161539212,5.5017946234984585,102.0,38.43539933839387
Rac1 perturbation; RhoA response,simple_hill,H(R),1,2,1,4.666667,53.32254371009807,5.471471875035747,102.0,38.43539933839387
Rac1 perturbation; RhoA response,simple_hill,H(R),1,2,1,5.0,53.65529186735294,5.5488078085022225,102.0,38.435399338393864
Rac1 perturbation; RhoA response,simple_hill,H(R),1,2,1,5.333334,53.23606688637256,5.6422528946411745,102.0,38.43539933839382
Rac1 perturbation; RhoA response,simple_hill,H(R),1,2,1,5.666667,54.337714760000026,5.627293786005503,102.0,38.435399338393644
Rac1 perturbation; RhoA response,simple_hill,H(R),1,2,1,6.0,55.12635692107845,5.643440842444053,102.0,38.4353993383929
Rac1 perturbation; RhoA response,simple_hill,H(R),1,2,1,6.333334,55.17007110450979,5.701209437509858,102.0,38.43539933839006
Rac1 perturbation; RhoA response,simple_hill,H(R),1,2,1,6.666667,56.69644097803922,5.717524859993219,102.0,38.43539933838012
Rac1 perturbation; RhoA response,simple_hill,H(R),1,2,1,7.0,56.69522668107843,5.77149142849537,102.0,38.4353993383478
Rac1 perturbation; RhoA response,simple_hill,H(R),1,2,1,7.333334,58.28530611843136,5.761652468322007,102.0,38.43539933824954
Rac1 perturbation; RhoA response,simple_hill,H(R),1,2,1,7.666667,56.961419657647085,5.735573448742369,102.0,38.435399337968576
Rac1 perturbation; RhoA response,simple_hill,H(R),1,2,1,8.0,57.82338275784312,5.783570548698452,102.0,38.435399337208885
Rac1 perturbation; RhoA response,simple_hill,H(R),1,2,1,8.333333,57.75019856147062,5.826416212905212,102.0,38.43539933525735
Rac1 perturbation; RhoA response,simple_hill,H(R),1,2,1,8.666667,57.203753222352915,5.852569095038439,102.0,38.43539933047486
Rac1 perturbation; RhoA response,simple_hill,H(R),1,2,1,9.0,59.05442461176468,5.764011948896135,102.0,38.43539931925324
Rac1 perturbation; RhoA response,simple_hill,H(R),1,2,1,9.333333,59.10767345686274,5.811593078418382,102.0,38.43539929396063
Rac1 perturbation; RhoA response,simple_hill,H(R),1,2,1,9.666667,59.51643125921565,5.796861784424392,102.0,38.43539923904057
Rac1 perturbation; RhoA response,simple_hill,H(R),1,2,1,10.0,58.97425116039215,5.880594663651929,102.0,38.435399123855746
Rac1 perturbation; RhoA response,simple_hill,H(R),1,2,1,10.33333,59.97277649754901,5.925760585001861,102.0,38.43539888996953
Rac1 perturbation; RhoA response,simple_hill,H(R),1,2,1,10.66667,59.67217276107842,5.911423324421129,102.0,38.43539842917585
Rac1 perturbation; RhoA response,simple_hill,H(R),1,2,1,11.0,59.94570601833335,5.938615244252045,102.0,38.435397546727245
Rac1 perturbation; RhoA response,simple_hill,H(R),1,2,1,11.33333,60.26858066990196,5.969688831347074,102.0,38.43539590102729
Rac1 perturbation; RhoA response,simple_hill,H(R),1,2,1,11.66667,60.39380383892158,6.000789739288233,102.0,38.43539290743683
Rac1 perturbation; RhoA response,simple_hill,H(R),1,2,1,12.0,60.59690535833334,6.002558505598481,102.0,38.435387588738735
Rac1 perturbation; RhoA response,simple_hill,H(R),1,2,1,12.33333,61.123595551960754,6.037858062722709,102.0,38.43537834583406
Rac1 perturbation; RhoA response,simple_hill,H(R),1,2,1,12.66667,59.86330000117649,6.008450062217623,102.0,38.43536261527077
Rac1 perturbation; RhoA response,simple_hill,H(R),1,2,1,13.0,60.16060124039215,6.045579739948293,102.0,38.43533636931316
Rac1 perturbation; RhoA response,simple_hill,H(R),1,2,1,13.33333,60.81838072127449,6.051579153459915,102.0,38.435293390433486
Rac1 perturbation; RhoA response,simple_hill,H(R),1,2,1,13.66667,59.48289247960783,6.053387283634875,102.0,38.43522424715782
Rac1 perturbation; RhoA response,simple_hill,H(R),1,2,1,14.0,60.599503611764675,6.119341040924408,102.0,38.435114878105345
Rac1 perturbation; RhoA response,simple_hill,H(R),1,2,1,14.33333,60.19987780362744,6.0850591297034455,102.0,38.43494462777386
Rac1 perturbation; RhoA response,simple_hill,H(R),1,2,1,14.66667,59.93194524715691,6.106322483011755,102.0,38.43468360812111
Rac1 perturbation; RhoA response,simple_hill,H(R),1,2,1,15.0,60.337562376274484,6.078237746506857,102.0,38.43428922226993
Rac1 perturbation; RhoA response,simple_hill,H(R),1,2,1,15.33333,59.58158538578434,6.207874054728857,102.0,38.43370151413701
Rac1 perturbation; RhoA response,simple_hill,H(R),1,2,1,15.66667,60.71967915656863,6.093759525579715,102.0,38.43283719904877
Rac1 perturbation; RhoA response,simple_hill,H(R),1,2,1,16.0,59.92963646921569,6.152597945396288,102.0,38.43158213856614
Rac1 perturbation; RhoA response,simple_hill,H(R),1,2,1,16.33333,60.424480239313745,6.1628092434583905,102.0,38.42978155289509
Rac1 perturbation; RhoA response,simple_hill,H(R),1,2,1,16.66667,60.825864639607836,6.093484097308075,102.0,38.427227997590215
Rac1 perturbation; RhoA response,simple_hill,H(R),1,2,1,17.0,59.230446043823555,6.1847919298934935,102.0,38.423646843262006
Rac1 perturbation; RhoA response,simple_hill,H(R),1,2,1,17.33333,59.53360226147061,6.144033862175193,102.0,38.4186777693745
Rac1 perturbation; RhoA response,simple_hill,H(R),1,2,1,17.66667,60.603943836372565,6.146058064480174,102.0,38.41185307171999
Rac1 perturbation; RhoA response,simple_hill,H(R),1,2,1,18.0,60.08698748911767,6.153517102502953,102.0,38.402572647470144
Rac1 perturbation; RhoA response,simple_hill,H(R),1,2,1,18.33333,58.60493436343134,6.284901944529139,102.0,38.39007252234149
Rac1 perturbation; RhoA response,simple_hill,H(R),1,2,1,18.66667,58.18239181794117,6.2687536088556275,102.0,38.37339004406602
Rac1 perturbation; RhoA response,simple_hill,H(R),1,2,1,19.0,59.209288051666626,6.187989336239144,102.0,38.35132606255435
Rac1 perturbation; RhoA response,simple_hill,H(R),1,2,1,19.33333,58.852119528431395,6.2289736432097715,102.0,38.322397627086815
Rac1 perturbation; RhoA response,simple_hill,H(R),1,2,1,19.66667,58.169122079019594,6.2673284333163135,102.0,38.28479018994502
Rac1 perturbation; RhoA response,simple_hill,H(R),1,2,1,20.0,60.252442538823544,6.211282861614537,102.0,38.23631070802183
Rac1 perturbation; RhoA response,simple_hill,H(R),1,2,1,20.33333,54.93775363313726,5.937689612009537,102.0,38.17432877319044
Rac1 perturbation; RhoA response,simple_hill,H(R),1,2,1,20.66667,53.41221635401958,5.695227244367421,102.0,38.09572783222231
Rac1 perturbation; RhoA response,simple_hill,H(R),1,2,1,21.0,51.74590877382354,5.497075961536212,102.0,37.99686972212521
Rac1 perturbation; RhoA response,simple_hill,H(R),1,2,1,21.33333,49.811513076666664,5.335278746646896,102.0,37.8735477640606
Rac1 perturbation; RhoA response,simple_hill,H(R),1,2,1,21.66667,48.297746493235316,5.129799521430641,102.0,37.720976178063786
Rac1 perturbation; RhoA response,simple_hill,H(R),1,2,1,22.0,45.60092938411764,4.995006420064211,102.0,37.53382017502519
Rac1 perturbation; RhoA response,simple_hill,H(R),1,2,1,22.33333,44.4127340992157,4.8266340646873305,102.0,37.30621936424758
Rac1 perturbation; RhoA response,simple_hill,H(R),1,2,1,22.66667,42.491818248921575,4.625541088577205,102.0,37.03189529635274
Rac1 perturbation; RhoA response,simple_hill,H(R),1,2,1,23.0,41.659108101274484,4.515479641560975,102.0,36.70434034697382
Rac1 perturbation; RhoA response,simple_hill,H(R),1,2,1,23.33333,38.6730312614706,4.488783836612278,102.0,36.31699549597967
Rac1 perturbation; RhoA response,simple_hill,H(R),1,2,1,23.66667,38.53872666362746,4.129225207279518,102.0,35.863566199851945
Rac1 perturbation; RhoA response,simple_hill,H(R),1,2,1,24.0,37.54951162980392,4.102495634891386,102.0,35.33843971160885
Rac1 perturbation; RhoA response,simple_hill,H(R),1,2,1,24.33333,35.11277371294116,3.9638793036179685,102.0,34.737027837227444
Rac1 perturbation; RhoA response,simple_hill,H(R),1,2,1,24.66667,35.0134794919608,3.7620191021991634,102.0,34.05625118626528
Rac1 perturbation; RhoA response,simple_hill,H(R),1,2,1,25.0,32.11807277588238,3.9196736044049127,102.0,33.29505471184963
Rac1 perturbation; RhoA response,simple_hill,H(R),1,2,1,25.33333,31.736724898627468,3.5403495985543985,102.0,32.45466954129581
Rac1 perturbation; RhoA response,simple_hill,H(R),1,2,1,25.66667,30.718837153627458,3.397342988096774,102.0,31.538933056344618
Rac1 perturbation; RhoA response,simple_hill,H(R),1,2,1,26.0,27.908241541372547,3.431207266681927,102.0,30.55448484485579
Rac1 perturbation; RhoA response,simple_hill,H(R),1,2,1,26.33333,28.56984123049018,3.217931216224954,102.0,29.510500842380658
Rac1 perturbation; RhoA response,simple_hill,H(R),1,2,1,26.66667,26.37594937568628,3.1554019459006484,102.0,28.41845035941121
Rac1 perturbation; RhoA response,simple_hill,H(R),1,2,1,27.0,25.747825074019605,3.0542962188404728,102.0,27.291685457521204
Rac1 perturbation; RhoA response,simple_hill,H(R),1,2,1,27.33333,24.73268942078432,2.9243926581318958,102.0,26.144574998575767
Rac1 perturbation; RhoA response,simple_hill,H(R),1,2,1,27.66667,24.258557118431348,2.896928675563027,102.0,24.99185007086949
Rac1 perturbation; RhoA response,simple_hill,H(R),1,2,1,28.0,23.011840799215722,2.7702758563838996,102.0,23.84796026535846
Rac1 perturbation; RhoA response,simple_hill,H(R),1,2,1,28.33333,21.77760988117646,2.700625819371455,102.0,22.726192463643102
Rac1 perturbation; RhoA response,simple_hill,H(R),1,2,1,28.66667,21.54180312882353,2.6256973587996195,102.0,21.638241730560818
Rac1 perturbation; RhoA response,simple_hill,H(R),1,2,1,29.0,20.32287866245098,2.66995211310369,102.0,20.593943039382015
Rac1 perturbation; RhoA response,simple_hill,H(R),1,2,1,29.33333,20.363870878333348,2.4945211722808143,102.0,19.600892605797497
Rac1 perturbation; RhoA response,simple_hill,H(R),1,2,1,29.66667,19.97427564813725,2.4175255153915023,102.0,18.664536245957944
Rac1 perturbation; RhoA response,simple_hill,H(R),1,2,1,30.0,17.7973158992157,2.5306698777694208,102.0,17.788365542577537
Rac1 perturbation; RhoA response,simple_hill,H(R),1,2,1,30.33333,17.458103272352947,2.3291121650380746,102.0,16.973964315412594
Rac1 perturbation; RhoA response,simple_hill,H(R),1,2,1,30.66667,16.752543151568634,2.262527913054402,102.0,16.22137357643199
Rac1 perturbation; RhoA response,simple_hill,H(R),1,2,1,31.0,14.37553241666668,2.4586861511019147,102.0,15.529446109975396
Rac1 perturbation; RhoA response,simple_hill,H(R),1,2,1,31.33333,13.515102849705887,2.4533890918269075,102.0,14.896001930522022
Rac1 perturbation; RhoA response,simple_hill,H(R),1,2,1,31.66667,16.101014468627447,2.038048694449689,102.0,14.318171831086776
Rac1 perturbation; RhoA response,simple_hill,H(R),1,2,1,32.0,14.126859001274509,1.9854514656714357,102.0,13.792675528716526
Rac1 perturbation; RhoA response,simple_hill,H(R),1,2,1,32.33333,13.246295078725488,2.0531502378823445,102.0,13.315913100604671
Rac1 perturbation; RhoA response,simple_hill,H(R),1,2,1,32.66667,12.516971541568626,2.040471503019399,102.0,12.884179923528219
Rac1 perturbation; RhoA response,simple_hill,H(R),1,2,1,33.0,12.442076037156873,2.0134486287433977,102.0,12.49381911632059
Rac1 perturbation; RhoA response,simple_hill,H(R),1,2,1,33.33333,12.216547963823531,1.8727446195322992,102.0,12.141232349061404
Rac1 perturbation; RhoA response,simple_hill,H(R),1,2,1,33.66667,11.682215155196088,1.8560369327016877,102.0,11.822985420011037
Rac1 perturbation; RhoA response,simple_hill,H(R),1,2,1,34.0,10.906749343823531,1.8787041449193262,102.0,11.535871748700629
Rac1 perturbation; RhoA response,simple_hill,H(R),1,2,1,34.33333,11.297668761078432,1.8448578953953105,102.0,11.276878228219886
Rac1 perturbation; RhoA response,simple_hill,H(R),1,2,1,34.66667,12.379576779705877,1.8287141006657635,102.0,11.043227796806825
Rac1 perturbation; RhoA response,simple_hill,H(R),1,2,1,35.0,10.84845148784313,1.8385037400772086,102.0,10.832397355427783
Rac1 perturbation; RhoA response,simple_hill,H(R),1,2,1,35.33333,11.238808759313724,1.7713856536652122,102.0,10.642069873459121
Rac1 perturbation; RhoA response,simple_hill,H(R),1,2,1,35.66667,11.247143731274516,1.718822062362493,102.0,10.470147785116527
Rac1 perturbation; RhoA response,simple_hill,H(R),1,2,1,36.0,10.426152883627456,1.7539688826656712,102.0,10.314752503443142
Rac1 perturbation; RhoA response,simple_hill,H(R),1,2,1,36.33333,11.260318706862732,1.6868161769351129,102.0,10.17417885901072
Rac1 perturbation; RhoA response,simple_hill,H(R),1,2,1,36.66667,9.972245372254905,1.7253956850272392,102.0,10.046897274213578
Rac1 perturbation; RhoA response,simple_hill,H(R),1,2,1,37.0,10.654978836470594,1.7021852829646875,102.0,9.931547945375087
Rac1 perturbation; RhoA response,simple_hill,H(R),1,2,1,37.33333,9.74520202176471,1.696097020042852,102.0,9.826903207021239
Rac1 perturbation; RhoA response,simple_hill,H(R),1,2,1,37.66667,9.260330918921571,1.701754690667574,102.0,9.731866409629209
Rac1 perturbation; RhoA response,simple_hill,H(R),1,2,1,38.0,9.296067204705885,1.7005456129781193,102.0,9.64546592185042
Rac1 perturbation; RhoA response,simple_hill,H(R),1,2,1,38.33333,10.309174082549015,1.704818568689371,102.0,9.566825977201113
Rac1 perturbation; RhoA response,simple_hill,H(R),1,2,1,38.66667,8.86877129264706,1.6918583576513293,102.0,9.49516522125299
Rac1 perturbation; RhoA response,simple_hill,H(R),1,2,1,39.0,8.963871901960788,1.6809574639558549,102.0,9.429792071104032
Rac1 perturbation; RhoA response,simple_hill,H(R),1,2,1,39.33333,9.20126891764706,1.6523584950996888,102.0,9.370082786103968
Rac1 perturbation; RhoA response,simple_hill,H(R),1,2,1,39.66667,7.3494802596078435,1.833555564668603,102.0,9.315480540751025
Rac1 perturbation; RhoA response,simple_hill,H(R),1,2,1,40.0,8.58402001862745,1.5668875650562373,102.0,9.265492279786972
Rac1 perturbation; RhoA response,Hill_expr,R,0,1,0,0.0,-1.3762895822549015,0.50411235386505,102.0,0.0
Rac1 perturbation; RhoA response,Hill_expr,R,0,1,0,0.3333333,21.80185077156863,3.422024980475965,102.0,0.9989910965962828
Rac1 perturbation; RhoA response,Hill_expr,R,0,1,0,0.6666667,30.611781803333344,4.267726477815583,102.0,0.9999989821160287
Rac1 perturbation; RhoA response,Hill_expr,R,0,1,0,1.0,36.53921146166665,4.7264010770576395,102.0,0.9999999989730534
Rac1 perturbation; RhoA response,Hill_expr,R,0,1,0,1.333333,40.477224400588234,4.96975511730596,102.0,0.9999999999989639
Rac1 perturbation; RhoA response,Hill_expr,R,0,1,0,1.666667,43.672935604509775,5.187860435813586,102.0,0.999999999999999
Rac1 perturbation; RhoA response,Hill_expr,R,0,1,0,2.0,45.44188075156865,5.219705333024379,102.0,1.0
Rac1 perturbation; RhoA response,Hill_expr,R,0,1,0,2.333333,47.868677996862765,5.318296797389352,102.0,1.0
Rac1 perturbation; RhoA response,Hill_expr,R,0,1,0,2.666667,49.029414602647094,5.380577874091345,102.0,1.0
Rac1 perturbation; RhoA response,Hill_expr,R,0,1,0,3.0,48.87878536852945,5.4279260084635395,102.0,1.0
Rac1 perturbation; RhoA response,Hill_expr,R,0,1,0,3.333333,49.545590385490236,5.424570471400211,102.0,1.0
Rac1 perturbation; RhoA response,Hill_expr,R,0,1,0,3.666667,50.60425583872549,5.496107309152899,102.0,1.0
Rac1 perturbation; RhoA response,Hill_expr,R,0,1,0,4.0,51.097094013823536,5.375149351545362,102.0,1.0
Rac1 perturbation; RhoA response,Hill_expr,R,0,1,0,4.333334,51.92032161539212,5.5017946234984585,102.0,1.0
Rac1 perturbation; RhoA response,Hill_expr,R,0,1,0,4.666667,53.32254371009807,5.471471875035747,102.0,1.0
Rac1 perturbation; RhoA response,Hill_expr,R,0,1,0,5.0,53.65529186735294,5.5488078085022225,102.0,1.0
Rac1 perturbation; RhoA response,Hill_expr,R,0,1,0,5.333334,53.23606688637256,5.6422528946411745,102.0,1.0
Rac1 perturbation; RhoA response,Hill_expr,R,0,1,0,5.666667,54.337714760000026,5.627293786005503,102.0,1.0
Rac1 perturbation; RhoA response,Hill_expr,R,0,1,0,6.0,55.12635692107845,5.643440842444053,102.0,1.0
Rac1 perturbation; RhoA response,Hill_expr,R,0,1,0,6.333334,55.17007110450979,5.701209437509858,102.0,1.0
Rac1 perturbation; RhoA response,Hill_expr,R,0,1,0,6.666667,56.69644097803922,5.717524859993219,102.0,1.0
Rac1 perturbation; RhoA response,Hill_expr,R,0,1,0,7.0,56.69522668107843,5.77149142849537,102.0,1.0
Rac1 perturbation; RhoA response,Hill_expr,R,0,1,0,7.333334,58.28530611843136,5.761652468322007,102.0,1.0
Rac1 perturbation; RhoA response,Hill_expr,R,0,1,0,7.666667,56.961419657647085,5.735573448742369,102.0,1.0
Rac1 perturbation; RhoA response,Hill_expr,R,0,1,0,8.0,57.82338275784312,5.783570548698452,102.0,1.0
Rac1 perturbation; RhoA response,Hill_expr,R,0,1,0,8.333333,57.75019856147062,5.826416212905212,102.0,1.0
Rac1 perturbation; RhoA response,Hill_expr,R,0,1,0,8.666667,57.203753222352915,5.852569095038439,102.0,1.0
Rac1 perturbation; RhoA response,Hill_expr,R,0,1,0,9.0,59.05442461176468,5.764011948896135,102.0,1.0
Rac1 perturbation; RhoA response,Hill_expr,R,0,1,0,9.333333,59.10767345686274,5.811593078418382,102.0,1.0
Rac1 perturbation; RhoA response,Hill_expr,R,0,1,0,9.666667,59.51643125921565,5.796861784424392,102.0,1.0
Rac1 perturbation; RhoA response,Hill_expr,R,0,1,0,10.0,58.97425116039215,5.880594663651929,102.0,1.0
Rac1 perturbation; RhoA response,Hill_expr,R,0,1,0,10.33333,59.97277649754901,5.925760585001861,102.0,1.0
Rac1 perturbation; RhoA response,Hill_expr,R,0,1,0,10.66667,59.67217276107842,5.911423324421129,102.0,1.0
Rac1 perturbation; RhoA response,Hill_expr,R,0,1,0,11.0,59.94570601833335,5.938615244252045,102.0,1.0
Rac1 perturbation; RhoA response,Hill_expr,R,0,1,0,11.33333,60.26858066990196,5.969688831347074,102.0,1.0
Rac1 perturbation; RhoA response,Hill_expr,R,0,1,0,11.66667,60.39380383892158,6.000789739288233,102.0,1.0
Rac1 perturbation; RhoA response,Hill_expr,R,0,1,0,12.0,60.59690535833334,6.002558505598481,102.0,1.0
Rac1 perturbation; RhoA response,Hill_expr,R,0,1,0,12.33333,61.123595551960754,6.037858062722709,102.0,1.0
Rac1 perturbation; RhoA response,Hill_expr,R,0,1,0,12.66667,59.86330000117649,6.008450062217623,102.0,1.0
Rac1 perturbation; RhoA response,Hill_expr,R,0,1,0,13.0,60.16060124039215,6.045579739948293,102.0,1.0
Rac1 perturbation; RhoA response,Hill_expr,R,0,1,0,13.33333,60.81838072127449,6.051579153459915,102.0,1.0
Rac1 perturbation; RhoA response,Hill_expr,R,0,1,0,13.66667,59.48289247960783,6.053387283634875,102.0,1.0
Rac1 perturbation; RhoA response,Hill_expr,R,0,1,0,14.0,60.599503611764675,6.119341040924408,102.0,1.0
Rac1 perturbation; RhoA response,Hill_expr,R,0,1,0,14.33333,60.19987780362744,6.0850591297034455,102.0,1.0
Rac1 perturbation; RhoA response,Hill_expr,R,0,1,0,14.66667,59.93194524715691,6.106322483011755,102.0,1.0
Rac1 perturbation; RhoA response,Hill_expr,R,0,1,0,15.0,60.337562376274484,6.078237746506857,102.0,1.0
Rac1 perturbation; RhoA response,Hill_expr,R,0,1,0,15.33333,59.58158538578434,6.207874054728857,102.0,1.0
Rac1 perturbation; RhoA response,Hill_expr,R,0,1,0,15.66667,60.71967915656863,6.093759525579715,102.0,1.0
Rac1 perturbation; RhoA response,Hill_expr,R,0,1,0,16.0,59.92963646921569,6.152597945396288,102.0,1.0
Rac1 perturbation; RhoA response,Hill_expr,R,0,1,0,16.33333,60.424480239313745,6.1628092434583905,102.0,1.0
Rac1 perturbation; RhoA response,Hill_expr,R,0,1,0,16.66667,60.825864639607836,6.093484097308075,102.0,1.0
Rac1 perturbation; RhoA response,Hill_expr,R,0,1,0,17.0,59.230446043823555,6.1847919298934935,102.0,1.0
Rac1 perturbation; RhoA response,Hill_expr,R,0,1,0,17.33333,59.53360226147061,6.144033862175193,102.0,1.0
Rac1 perturbation; RhoA response,Hill_expr,R,0,1,0,17.66667,60.603943836372565,6.146058064480174,102.0,1.0
Rac1 perturbation; RhoA response,Hill_expr,R,0,1,0,18.0,60.08698748911767,6.153517102502953,102.0,1.0
Rac1 perturbation; RhoA response,Hill_expr,R,0,1,0,18.33333,58.60493436343134,6.284901944529139,102.0,1.0
Rac1 perturbation; RhoA response,Hill_expr,R,0,1,0,18.66667,58.18239181794117,6.2687536088556275,102.0,1.0
Rac1 perturbation; RhoA response,Hill_expr,R,0,1,0,19.0,59.209288051666626,6.187989336239144,102.0,1.0
Rac1 perturbation; RhoA response,Hill_expr,R,0,1,0,19.33333,58.852119528431395,6.2289736432097715,102.0,1.0
Rac1 perturbation; RhoA response,Hill_expr,R,0,1,0,19.66667,58.169122079019594,6.2673284333163135,102.0,1.0
Rac1 perturbation; RhoA response,Hill_expr,R,0,1,0,20.0,60.252442538823544,6.211282861614537,102.0,1.0
Rac1 perturbation; RhoA response,Hill_expr,R,0,1,0,20.33333,54.93775363313726,5.937689612009537,102.0,1.0
Rac1 perturbation; RhoA response,Hill_expr,R,0,1,0,20.66667,53.41221635401958,5.695227244367421,102.0,1.0
Rac1 perturbation; RhoA response,Hill_expr,R,0,1,0,21.0,51.74590877382354,5.497075961536212,102.0,1.0
Rac1 perturbation; RhoA response,Hill_expr,R,0,1,0,21.33333,49.811513076666664,5.335278746646896,102.0,1.0
Rac1 perturbation; RhoA response,Hill_expr,R,0,1,0,21.66667,48.297746493235316,5.129799521430641,102.0,1.0
Rac1 perturbation; RhoA response,Hill_expr,R,0,1,0,22.0,45.60092938411764,4.995006420064211,102.0,1.0
Rac1 perturbation; RhoA response,Hill_expr,R,0,1,0,22.33333,44.4127340992157,4.8266340646873305,102.0,1.0
Rac1 perturbation; RhoA response,Hill_expr,R,0,1,0,22.66667,42.491818248921575,4.625541088577205,102.0,1.0
Rac1 perturbation; RhoA response,Hill_expr,R,0,1,0,23.0,41.659108101274484,4.515479641560975,102.0,1.0
Rac1 perturbation; RhoA response,Hill_expr,R,0,1,0,23.33333,38.6730312614706,4.488783836612278,102.0,1.0
Rac1 perturbation; RhoA response,Hill_expr,R,0,1,0,23.66667,38.53872666362746,4.129225207279518,102.0,1.0
Rac1 perturbation; RhoA response,Hill_expr,R,0,1,0,24.0,37.54951162980392,4.102495634891386,102.0,1.0
Rac1 perturbation; RhoA response,Hill_expr,R,0,1,0,24.33333,35.11277371294116,3.9638793036179685,102.0,1.0
Rac1 perturbation; RhoA response,Hill_expr,R,0,1,0,24.66667,35.0134794919608,3.7620191021991634,102.0,1.0
Rac1 perturbation; RhoA response,Hill_expr,R,0,1,0,25.0,32.11807277588238,3.9196736044049127,102.0,1.0
Rac1 perturbation; RhoA response,Hill_expr,R,0,1,0,25.33333,31.736724898627468,3.5403495985543985,102.0,1.0
Rac1 perturbation; RhoA response,Hill_expr,R,0,1,0,25.66667,30.718837153627458,3.397342988096774,102.0,1.0
Rac1 perturbation; RhoA response,Hill_expr,R,0,1,0,26.0,27.908241541372547,3.431207266681927,102.0,1.0
Rac1 perturbation; RhoA response,Hill_expr,R,0,1,0,26.33333,28.56984123049018,3.217931216224954,102.0,1.0
Rac1 perturbation; RhoA response,Hill_expr,R,0,1,0,26.66667,26.37594937568628,3.1554019459006484,102.0,1.0
Rac1 perturbation; RhoA response,Hill_expr,R,0,1,0,27.0,25.747825074019605,3.0542962188404728,102.0,1.0
Rac1 perturbation; RhoA response,Hill_expr,R,0,1,0,27.33333,24.73268942078432,2.9243926581318958,102.0,1.0
Rac1 perturbation; RhoA response,Hill_expr,R,0,1,0,27.66667,24.258557118431348,2.896928675563027,102.0,1.0
Rac1 perturbation; RhoA response,Hill_expr,R,0,1,0,28.0,23.011840799215722,2.7702758563838996,102.0,1.0
Rac1 perturbation; RhoA response,Hill_expr,R,0,1,0,28.33333,21.77760988117646,2.700625819371455,102.0,1.0
Rac1 perturbation; RhoA response,Hill_expr,R,0,1,0,28.66667,21.54180312882353,2.6256973587996195,102.0,1.0
Rac1 perturbation; RhoA response,Hill_expr,R,0,1,0,29.0,20.32287866245098,2.66995211310369,102.0,1.0
Rac1 perturbation; RhoA response,Hill_expr,R,0,1,0,29.33333,20.363870878333348,2.4945211722808143,102.0,1.0
Rac1 perturbation; RhoA response,Hill_expr,R,0,1,0,29.66667,19.97427564813725,2.4175255153915023,102.0,1.0
Rac1 perturbation; RhoA response,Hill_expr,R,0,1,0,30.0,17.7973158992157,2.5306698777694208,102.0,1.0
Rac1 perturbation; RhoA response,Hill_expr,R,0,1,0,30.33333,17.458103272352947,2.3291121650380746,102.0,1.0
Rac1 perturbation; RhoA response,Hill_expr,R,0,1,0,30.66667,16.752543151568634,2.262527913054402,102.0,1.0
Rac1 perturbation; RhoA response,Hill_expr,R,0,1,0,31.0,14.37553241666668,2.4586861511019147,102.0,1.0
Rac1 perturbation; RhoA response,Hill_expr,R,0,1,0,31.33333,13.515102849705887,2.4533890918269075,102.0,1.0
Rac1 perturbation; RhoA response,Hill_expr,R,0,1,0,31.66667,16.101014468627447,2.038048694449689,102.0,1.0
Rac1 perturbation; RhoA response,Hill_expr,R,0,1,0,32.0,14.126859001274509,1.9854514656714357,102.0,1.0
Rac1 perturbation; RhoA response,Hill_expr,R,0,1,0,32.33333,13.246295078725488,2.0531502378823445,102.0,1.0
Rac1 perturbation; RhoA response,Hill_expr,R,0,1,0,32.66667,12.516971541568626,2.040471503019399,102.0,1.0
Rac1 perturbation; RhoA response,Hill_expr,R,0,1,0,33.0,12.442076037156873,2.0134486287433977,102.0,1.0
Rac1 perturbation; RhoA response,Hill_expr,R,0,1,0,33.33333,12.216547963823531,1.8727446195322992,102.0,1.0
Rac1 perturbation; RhoA response,Hill_expr,R,0,1,0,33.66667,11.682215155196088,1.8560369327016877,102.0,1.0
Rac1 perturbation; RhoA response,Hill_expr,R,0,1,0,34.0,10.906749343823531,1.8787041449193262,102.0,1.0
Rac1 perturbation; RhoA response,Hill_expr,R,0,1,0,34.33333,11.297668761078432,1.8448578953953105,102.0,1.0
Rac1 perturbation; RhoA response,Hill_expr,R,0,1,0,34.66667,12.379576779705877,1.8287141006657635,102.0,1.0
Rac1 perturbation; RhoA response,Hill_expr,R,0,1,0,35.0,10.84845148784313,1.8385037400772086,102.0,1.0
Rac1 perturbation; RhoA response,Hill_expr,R,0,1,0,35.33333,11.238808759313724,1.7713856536652122,102.0,1.0
Rac1 perturbation; RhoA response,Hill_expr,R,0,1,0,35.66667,11.247143731274516,1.718822062362493,102.0,1.0
Rac1 perturbation; RhoA response,Hill_expr,R,0,1,0,36.0,10.426152883627456,1.7539688826656712,102.0,1.0
Rac1 perturbation; RhoA response,Hill_expr,R,0,1,0,36.33333,11.260318706862732,1.6868161769351129,102.0,1.0
Rac1 perturbation; RhoA response,Hill_expr,R,0,1,0,36.66667,9.972245372254905,1.7253956850272392,102.0,1.0
Rac1 perturbation; RhoA response,Hill_expr,R,0,1,0,37.0,10.654978836470594,1.7021852829646875,102.0,1.0
Rac1 perturbation; RhoA response,Hill_expr,R,0,1,0,37.33333,9.74520202176471,1.696097020042852,102.0,1.0
Rac1 perturbation; RhoA response,Hill_expr,R,0,1,0,37.66667,9.260330918921571,1.701754690667574,102.0,1.0
Rac1 perturbation; RhoA response,Hill_expr,R,0,1,0,38.0,9.296067204705885,1.7005456129781193,102.0,1.0
Rac1 perturbation; RhoA response,Hill_expr,R,0,1,0,38.33333,10.309174082549015,1.704818568689371,102.0,1.0
Rac1 perturbation; RhoA response,Hill_expr,R,0,1,0,38.66667,8.86877129264706,1.6918583576513293,102.0,1.0
Rac1 perturbation; RhoA response,Hill_expr,R,0,1,0,39.0,8.963871901960788,1.6809574639558549,102.0,1.0
Rac1 perturbation; RhoA response,Hill_expr,R,0,1,0,39.33333,9.20126891764706,1.6523584950996888,102.0,1.0
Rac1 perturbation; RhoA response,Hill_expr,R,0,1,0,39.66667,7.3494802596078435,1.833555564668603,102.0,1.0
Rac1 perturbation; RhoA response,Hill_expr,R,0,1,0,40.0,8.58402001862745,1.5668875650562373,102.0,1.0
Rac1 perturbation; RhoA response,Hill_expr,(R+R),0,3,0,0.0,-1.3762895822549015,0.50411235386505,102.0,0.0
Rac1 perturbation; RhoA response,Hill_expr,(R+R),0,3,0,0.3333333,21.80185077156863,3.422024980475965,102.0,1.9987134200242973
Rac1 perturbation; RhoA response,Hill_expr,(R+R),0,3,0,0.6666667,30.611781803333344,4.267726477815583,102.0,1.9999991723578077
Rac1 perturbation; RhoA response,Hill_expr,(R+R),0,3,0,1.0,36.53921146166665,4.7264010770576395,102.0,1.999999999467586
Rac1 perturbation; RhoA response,Hill_expr,(R+R),0,3,0,1.333333,40.477224400588234,4.96975511730596,102.0,1.9999999999996576
Rac1 perturbation; RhoA response,Hill_expr,(R+R),0,3,0,1.666667,43.672935604509775,5.187860435813586,102.0,1.9999999999999998
Rac1 perturbation; RhoA response,Hill_expr,(R+R),0,3,0,2.0,45.44188075156865,5.219705333024379,102.0,2.0
Rac1 perturbation; RhoA response,Hill_expr,(R+R),0,3,0,2.333333,47.868677996862765,5.318296797389352,102.0,2.0
Rac1 perturbation; RhoA response,Hill_expr,(R+R),0,3,0,2.666667,49.029414602647094,5.380577874091345,102.0,2.0
Rac1 perturbation; RhoA response,Hill_expr,(R+R),0,3,0,3.0,48.87878536852945,5.4279260084635395,102.0,2.0
Rac1 perturbation; RhoA response,Hill_expr,(R+R),0,3,0,3.333333,49.545590385490236,5.424570471400211,102.0,2.0
Rac1 perturbation; RhoA response,Hill_expr,(R+R),0,3,0,3.666667,50.60425583872549,5.496107309152899,102.0,2.0
Rac1 perturbation; RhoA response,Hill_expr,(R+R),0,3,0,4.0,51.097094013823536,5.375149351545362,102.0,2.0
Rac1 perturbation; RhoA response,Hill_expr,(R+R),0,3,0,4.333334,51.92032161539212,5.5017946234984585,102.0,2.0
Rac1 perturbation; RhoA response,Hill_expr,(R+R),0,3,0,4.666667,53.32254371009807,5.471471875035747,102.0,2.0
Rac1 perturbation; RhoA response,Hill_expr,(R+R),0,3,0,5.0,53.65529186735294,5.5488078085022225,102.0,2.0
Rac1 perturbation; RhoA response,Hill_expr,(R+R),0,3,0,5.333334,53.23606688637256,5.6422528946411745,102.0,2.0
Rac1 perturbation; RhoA response,Hill_expr,(R+R),0,3,0,5.666667,54.337714760000026,5.627293786005503,102.0,2.0
Rac1 perturbation; RhoA response,Hill_expr,(R+R),0,3,0,6.0,55.12635692107845,5.643440842444053,102.0,2.0
Rac1 perturbation; RhoA response,Hill_expr,(R+R),0,3,0,6.333334,55.17007110450979,5.701209437509858,102.0,2.0
Rac1 perturbation; RhoA response,Hill_expr,(R+R),0,3,0,6.666667,56.69644097803922,5.717524859993219,102.0,2.0
Rac1 perturbation; RhoA response,Hill_expr,(R+R),0,3,0,7.0,56.69522668107843,5.77149142849537,102.0,2.0
Rac1 perturbation; RhoA response,Hill_expr,(R+R),0,3,0,7.333334,58.28530611843136,5.761652468322007,102.0,2.0
Rac1 perturbation; RhoA response,Hill_expr,(R+R),0,3,0,7.666667,56.961419657647085,5.735573448742369,102.0,2.0
Rac1 perturbation; RhoA response,Hill_expr,(R+R),0,3,0,8.0,57.82338275784312,5.783570548698452,102.0,2.0
Rac1 perturbation; RhoA response,Hill_expr,(R+R),0,3,0,8.333333,57.75019856147062,5.826416212905212,102.0,2.0
Rac1 perturbation; RhoA response,Hill_expr,(R+R),0,3,0,8.666667,57.203753222352915,5.852569095038439,102.0,2.0
Rac1 perturbation; RhoA response,Hill_expr,(R+R),0,3,0,9.0,59.05442461176468,5.764011948896135,102.0,2.0
Rac1 perturbation; RhoA response,Hill_expr,(R+R),0,3,0,9.333333,59.10767345686274,5.811593078418382,102.0,2.0
Rac1 perturbation; RhoA response,Hill_expr,(R+R),0,3,0,9.666667,59.51643125921565,5.796861784424392,102.0,2.0
Rac1 perturbation; RhoA response,Hill_expr,(R+R),0,3,0,10.0,58.97425116039215,5.880594663651929,102.0,2.0
Rac1 perturbation; RhoA response,Hill_expr,(R+R),0,3,0,10.33333,59.97277649754901,5.925760585001861,102.0,2.0
Rac1 perturbation; RhoA response,Hill_expr,(R+R),0,3,0,10.66667,59.67217276107842,5.911423324421129,102.0,2.0
Rac1 perturbation; RhoA response,Hill_expr,(R+R),0,3,0,11.0,59.94570601833335,5.938615244252045,102.0,2.0
Rac1 perturbation; RhoA response,Hill_expr,(R+R),0,3,0,11.33333,60.26858066990196,5.969688831347074,102.0,2.0
Rac1 perturbation; RhoA response,Hill_expr,(R+R),0,3,0,11.66667,60.39380383892158,6.000789739288233,102.0,2.0
Rac1 perturbation; RhoA response,Hill_expr,(R+R),0,3,0,12.0,60.59690535833334,6.002558505598481,102.0,2.0
Rac1 perturbation; RhoA response,Hill_expr,(R+R),0,3,0,12.33333,61.123595551960754,6.037858062722709,102.0,2.0
Rac1 perturbation; RhoA response,Hill_expr,(R+R),0,3,0,12.66667,59.86330000117649,6.008450062217623,102.0,2.0
Rac1 perturbation; RhoA response,Hill_expr,(R+R),0,3,0,13.0,60.16060124039215,6.045579739948293,102.0,2.0
Rac1 perturbation; RhoA response,Hill_expr,(R+R),0,3,0,13.33333,60.81838072127449,6.051579153459915,102.0,2.0
Rac1 perturbation; RhoA response,Hill_expr,(R+R),0,3,0,13.66667,59.48289247960783,6.053387283634875,102.0,2.0
Rac1 perturbation; RhoA response,Hill_expr,(R+R),0,3,0,14.0,60.599503611764675,6.119341040924408,102.0,2.0
Rac1 perturbation; RhoA response,Hill_expr,(R+R),0,3,0,14.33333,60.19987780362744,6.0850591297034455,102.0,2.0
Rac1 perturbation; RhoA response,Hill_expr,(R+R),0,3,0,14.66667,59.93194524715691,6.106322483011755,102.0,2.0
Rac1 perturbation; RhoA response,Hill_expr,(R+R),0,3,0,15.0,60.337562376274484,6.078237746506857,102.0,2.0
Rac1 perturbation; RhoA response,Hill_expr,(R+R),0,3,0,15.33333,59.58158538578434,6.207874054728857,102.0,2.0
Rac1 perturbation; RhoA response,Hill_expr,(R+R),0,3,0,15.66667,60.71967915656863,6.093759525579715,102.0,2.0
Rac1 perturbation; RhoA response,Hill_expr,(R+R),0,3,0,16.0,59.92963646921569,6.152597945396288,102.0,2.0
Rac1 perturbation; RhoA response,Hill_expr,(R+R),0,3,0,16.33333,60.424480239313745,6.1628092434583905,102.0,2.0
Rac1 perturbation; RhoA response,Hill_expr,(R+R),0,3,0,16.66667,60.825864639607836,6.093484097308075,102.0,2.0
Rac1 perturbation; RhoA response,Hill_expr,(R+R),0,3,0,17.0,59.230446043823555,6.1847919298934935,102.0,2.0
Rac1 perturbation; RhoA response,Hill_expr,(R+R),0,3,0,17.33333,59.53360226147061,6.144033862175193,102.0,2.0
Rac1 perturbation; RhoA response,Hill_expr,(R+R),0,3,0,17.66667,60.603943836372565,6.146058064480174,102.0,2.0
Rac1 perturbation; RhoA response,Hill_expr,(R+R),0,3,0,18.0,60.08698748911767,6.153517102502953,102.0,2.0
Rac1 perturbation; RhoA response,Hill_expr,(R+R),0,3,0,18.33333,58.60493436343134,6.284901944529139,102.0,2.0
Rac1 perturbation; RhoA response,Hill_expr,(R+R),0,3,0,18.66667,58.18239181794117,6.2687536088556275,102.0,2.0
Rac1 perturbation; RhoA response,Hill_expr,(R+R),0,3,0,19.0,59.209288051666626,6.187989336239144,102.0,2.0
Rac1 perturbation; RhoA response,Hill_expr,(R+R),0,3,0,19.33333,58.852119528431395,6.2289736432097715,102.0,2.0
Rac1 perturbation; RhoA response,Hill_expr,(R+R),0,3,0,19.66667,58.169122079019594,6.2673284333163135,102.0,2.0
Rac1 perturbation; RhoA response,Hill_expr,(R+R),0,3,0,20.0,60.252442538823544,6.211282861614537,102.0,2.0
Rac1 perturbation; RhoA response,Hill_expr,(R+R),0,3,0,20.33333,54.93775363313726,5.937689612009537,102.0,2.0
Rac1 perturbation; RhoA response,Hill_expr,(R+R),0,3,0,20.66667,53.41221635401958,5.695227244367421,102.0,2.0
Rac1 perturbation; RhoA response,Hill_expr,(R+R),0,3,0,21.0,51.74590877382354,5.497075961536212,102.0,2.0
Rac1 perturbation; RhoA response,Hill_expr,(R+R),0,3,0,21.33333,49.811513076666664,5.335278746646896,102.0,2.0
Rac1 perturbation; RhoA response,Hill_expr,(R+R),0,3,0,21.66667,48.297746493235316,5.129799521430641,102.0,2.0
Rac1 perturbation; RhoA response,Hill_expr,(R+R),0,3,0,22.0,45.60092938411764,4.995006420064211,102.0,2.0
Rac1 perturbation; RhoA response,Hill_expr,(R+R),0,3,0,22.33333,44.4127340992157,4.8266340646873305,102.0,2.0
Rac1 perturbation; RhoA response,Hill_expr,(R+R),0,3,0,22.66667,42.491818248921575,4.625541088577205,102.0,2.0
Rac1 perturbation; RhoA response,Hill_expr,(R+R),0,3,0,23.0,41.659108101274484,4.515479641560975,102.0,2.0
Rac1 perturbation; RhoA response,Hill_expr,(R+R),0,3,0,23.33333,38.6730312614706,4.488783836612278,102.0,2.0
Rac1 perturbation; RhoA response,Hill_expr,(R+R),0,3,0,23.66667,38.53872666362746,4.129225207279518,102.0,2.0
Rac1 perturbation; RhoA response,Hill_expr,(R+R),0,3,0,24.0,37.54951162980392,4.102495634891386,102.0,2.0
Rac1 perturbation; RhoA response,Hill_expr,(R+R),0,3,0,24.33333,35.11277371294116,3.9638793036179685,102.0,2.0
Rac1 perturbation; RhoA response,Hill_expr,(R+R),0,3,0,24.66667,35.0134794919608,3.7620191021991634,102.0,2.0
Rac1 perturbation; RhoA response,Hill_expr,(R+R),0,3,0,25.0,32.11807277588238,3.9196736044049127,102.0,2.0
Rac1 perturbation; RhoA response,Hill_expr,(R+R),0,3,0,25.33333,31.736724898627468,3.5403495985543985,102.0,2.0
Rac1 perturbation; RhoA response,Hill_expr,(R+R),0,3,0,25.66667,30.718837153627458,3.397342988096774,102.0,2.0
Rac1 perturbation; RhoA response,Hill_expr,(R+R),0,3,0,26.0,27.908241541372547,3.431207266681927,102.0,2.0
Rac1 perturbation; RhoA response,Hill_expr,(R+R),0,3,0,26.33333,28.56984123049018,3.217931216224954,102.0,2.0
Rac1 perturbation; RhoA response,Hill_expr,(R+R),0,3,0,26.66667,26.37594937568628,3.1554019459006484,102.0,2.0
Rac1 perturbation; RhoA response,Hill_expr,(R+R),0,3,0,27.0,25.747825074019605,3.0542962188404728,102.0,2.0
Rac1 perturbation; RhoA response,Hill_expr,(R+R),0,3,0,27.33333,24.73268942078432,2.9243926581318958,102.0,2.0
Rac1 perturbation; RhoA response,Hill_expr,(R+R),0,3,0,27.66667,24.258557118431348,2.896928675563027,102.0,2.0
Rac1 perturbation; RhoA response,Hill_expr,(R+R),0,3,0,28.0,23.011840799215722,2.7702758563838996,102.0,2.0
Rac1 perturbation; RhoA response,Hill_expr,(R+R),0,3,0,28.33333,21.77760988117646,2.700625819371455,102.0,2.0
Rac1 perturbation; RhoA response,Hill_expr,(R+R),0,3,0,28.66667,21.54180312882353,2.6256973587996195,102.0,2.0
Rac1 perturbation; RhoA response,Hill_expr,(R+R),0,3,0,29.0,20.32287866245098,2.66995211310369,102.0,2.0
Rac1 perturbation; RhoA response,Hill_expr,(R+R),0,3,0,29.33333,20.363870878333348,2.4945211722808143,102.0,2.0
Rac1 perturbation; RhoA response,Hill_expr,(R+R),0,3,0,29.66667,19.97427564813725,2.4175255153915023,102.0,2.0
Rac1 perturbation; RhoA response,Hill_expr,(R+R),0,3,0,30.0,17.7973158992157,2.5306698777694208,102.0,2.0
Rac1 perturbation; RhoA response,Hill_expr,(R+R),0,3,0,30.33333,17.458103272352947,2.3291121650380746,102.0,2.0
Rac1 perturbation; RhoA response,Hill_expr,(R+R),0,3,0,30.66667,16.752543151568634,2.262527913054402,102.0,2.0
Rac1 perturbation; RhoA response,Hill_expr,(R+R),0,3,0,31.0,14.37553241666668,2.4586861511019147,102.0,2.0
Rac1 perturbation; RhoA response,Hill_expr,(R+R),0,3,0,31.33333,13.515102849705887,2.4533890918269075,102.0,2.0
Rac1 perturbation; RhoA response,Hill_expr,(R+R),0,3,0,31.66667,16.101014468627447,2.038048694449689,102.0,2.0
Rac1 perturbation; RhoA response,Hill_expr,(R+R),0,3,0,32.0,14.126859001274509,1.9854514656714357,102.0,2.0
Rac1 perturbation; RhoA response,Hill_expr,(R+R),0,3,0,32.33333,13.246295078725488,2.0531502378823445,102.0,2.0
Rac1 perturbation; RhoA response,Hill_expr,(R+R),0,3,0,32.66667,12.516971541568626,2.040471503019399,102.0,2.0
Rac1 perturbation; RhoA response,Hill_expr,(R+R),0,3,0,33.0,12.442076037156873,2.0134486287433977,102.0,2.0
Rac1 perturbation; RhoA response,Hill_expr,(R+R),0,3,0,33.33333,12.216547963823531,1.8727446195322992,102.0,2.0
Rac1 perturbation; RhoA response,Hill_expr,(R+R),0,3,0,33.66667,11.682215155196088,1.8560369327016877,102.0,2.0
Rac1 perturbation; RhoA response,Hill_expr,(R+R),0,3,0,34.0,10.906749343823531,1.8787041449193262,102.0,2.0
Rac1 perturbation; RhoA response,Hill_expr,(R+R),0,3,0,34.33333,11.297668761078432,1.8448578953953105,102.0,2.0
Rac1 perturbation; RhoA response,Hill_expr,(R+R),0,3,0,34.66667,12.379576779705877,1.8287141006657635,102.0,2.0
Rac1 perturbation; RhoA response,Hill_expr,(R+R),0,3,0,35.0,10.84845148784313,1.8385037400772086,102.0,2.0
Rac1 perturbation; RhoA response,Hill_expr,(R+R),0,3,0,35.33333,11.238808759313724,1.7713856536652122,102.0,2.0
Rac1 perturbation; RhoA response,Hill_expr,(R+R),0,3,0,35.66667,11.247143731274516,1.718822062362493,102.0,2.0
Rac1 perturbation; RhoA response,Hill_expr,(R+R),0,3,0,36.0,10.426152883627456,1.7539688826656712,102.0,2.0
Rac1 perturbation; RhoA response,Hill_expr,(R+R),0,3,0,36.33333,11.260318706862732,1.6868161769351129,102.0,2.0
Rac1 perturbation; RhoA response,Hill_expr,(R+R),0,3,0,36.66667,9.972245372254905,1.7253956850272392,102.0,2.0
Rac1 perturbation; RhoA response,Hill_expr,(R+R),0,3,0,37.0,10.654978836470594,1.7021852829646875,102.0,2.0
Rac1 perturbation; RhoA response,Hill_expr,(R+R),0,3,0,37.33333,9.74520202176471,1.696097020042852,102.0,2.0
Rac1 perturbation; RhoA response,Hill_expr,(R+R),0,3,0,37.66667,9.260330918921571,1.701754690667574,102.0,2.0
Rac1 perturbation; RhoA response,Hill_expr,(R+R),0,3,0,38.0,9.296067204705885,1.7005456129781193,102.0,2.0
Rac1 perturbation; RhoA response,Hill_expr,(R+R),0,3,0,38.33333,10.309174082549015,1.704818568689371,102.0,2.0
Rac1 perturbation; RhoA response,Hill_expr,(R+R),0,3,0,38.66667,8.86877129264706,1.6918583576513293,102.0,2.0
Rac1 perturbation; RhoA response,Hill_expr,(R+R),0,3,0,39.0,8.963871901960788,1.6809574639558549,102.0,2.0
Rac1 perturbation; RhoA response,Hill_expr,(R+R),0,3,0,39.33333,9.20126891764706,1.6523584950996888,102.0,2.0
Rac1 perturbation; RhoA response,Hill_expr,(R+R),0,3,0,39.66667,7.3494802596078435,1.833555564668603,102.0,2.0
Rac1 perturbation; RhoA response,Hill_expr,(R+R),0,3,0,40.0,8.58402001862745,1.5668875650562373,102.0,2.0
Rac1 perturbation; RhoA response,Hill_expr,((R+R)+R),0,5,0,0.0,-1.3762895822549015,0.50411235386505,102.0,0.0
Rac1 perturbation; RhoA response,Hill_expr,((R+R)+R),0,5,0,0.3333333,21.80185077156863,3.422024980475965,102.0,2.998070130036446
Rac1 perturbation; RhoA response,Hill_expr,((R+R)+R),0,5,0,0.6666667,30.611781803333344,4.267726477815583,102.0,2.9999987585367114
Rac1 perturbation; RhoA response,Hill_expr,((R+R)+R),0,5,0,1.0,36.53921146166665,4.7264010770576395,102.0,2.9999999992013793
Rac1 perturbation; RhoA response,Hill_expr,((R+R)+R),0,5,0,1.333333,40.477224400588234,4.96975511730596,102.0,2.9999999999994866
Rac1 perturbation; RhoA response,Hill_expr,((R+R)+R),0,5,0,1.666667,43.672935604509775,5.187860435813586,102.0,2.9999999999999996
Rac1 perturbation; RhoA response,Hill_expr,((R+R)+R),0,5,0,2.0,45.44188075156865,5.219705333024379,102.0,3.0
Rac1 perturbation; RhoA response,Hill_expr,((R+R)+R),0,5,0,2.333333,47.868677996862765,5.318296797389352,102.0,3.0
Rac1 perturbation; RhoA response,Hill_expr,((R+R)+R),0,5,0,2.666667,49.029414602647094,5.380577874091345,102.0,3.0
Rac1 perturbation; RhoA response,Hill_expr,((R+R)+R),0,5,0,3.0,48.87878536852945,5.4279260084635395,102.0,3.0
Rac1 perturbation; RhoA response,Hill_expr,((R+R)+R),0,5,0,3.333333,49.545590385490236,5.424570471400211,102.0,3.0
Rac1 perturbation; RhoA response,Hill_expr,((R+R)+R),0,5,0,3.666667,50.60425583872549,5.496107309152899,102.0,3.0
Rac1 perturbation; RhoA response,Hill_expr,((R+R)+R),0,5,0,4.0,51.097094013823536,5.375149351545362,102.0,3.0
Rac1 perturbation; RhoA response,Hill_expr,((R+R)+R),0,5,0,4.333334,51.92032161539212,5.5017946234984585,102.0,3.0
Rac1 perturbation; RhoA response,Hill_expr,((R+R)+R),0,5,0,4.666667,53.32254371009807,5.471471875035747,102.0,3.0
Rac1 perturbation; RhoA response,Hill_expr,((R+R)+R),0,5,0,5.0,53.65529186735294,5.5488078085022225,102.0,3.0
Rac1 perturbation; RhoA response,Hill_expr,((R+R)+R),0,5,0,5.333334,53.23606688637256,5.6422528946411745,102.0,3.0
Rac1 perturbation; RhoA response,Hill_expr,((R+R)+R),0,5,0,5.666667,54.337714760000026,5.627293786005503,102.0,3.0
Rac1 perturbation; RhoA response,Hill_expr,((R+R)+R),0,5,0,6.0,55.12635692107845,5.643440842444053,102.0,3.0
Rac1 perturbation; RhoA response,Hill_expr,((R+R)+R),0,5,0,6.333334,55.17007110450979,5.701209437509858,102.0,3.0
Rac1 perturbation; RhoA response,Hill_expr,((R+R)+R),0,5,0,6.666667,56.69644097803922,5.717524859993219,102.0,3.0
Rac1 perturbation; RhoA response,Hill_expr,((R+R)+R),0,5,0,7.0,56.69522668107843,5.77149142849537,102.0,3.0
Rac1 perturbation; RhoA response,Hill_expr,((R+R)+R),0,5,0,7.333334,58.28530611843136,5.761652468322007,102.0,3.0
Rac1 perturbation; RhoA response,Hill_expr,((R+R)+R),0,5,0,7.666667,56.961419657647085,5.735573448742369,102.0,3.0
Rac1 perturbation; RhoA response,Hill_expr,((R+R)+R),0,5,0,8.0,57.82338275784312,5.783570548698452,102.0,3.0
Rac1 perturbation; RhoA response,Hill_expr,((R+R)+R),0,5,0,8.333333,57.75019856147062,5.826416212905212,102.0,3.0
Rac1 perturbation; RhoA response,Hill_expr,((R+R)+R),0,5,0,8.666667,57.203753222352915,5.852569095038439,102.0,3.0
Rac1 perturbation; RhoA response,Hill_expr,((R+R)+R),0,5,0,9.0,59.05442461176468,5.764011948896135,102.0,3.0
Rac1 perturbation; RhoA response,Hill_expr,((R+R)+R),0,5,0,9.333333,59.10767345686274,5.811593078418382,102.0,3.0
Rac1 perturbation; RhoA response,Hill_expr,((R+R)+R),0,5,0,9.666667,59.51643125921565,5.796861784424392,102.0,3.0
Rac1 perturbation; RhoA response,Hill_expr,((R+R)+R),0,5,0,10.0,58.97425116039215,5.880594663651929,102.0,3.0
Rac1 perturbation; RhoA response,Hill_expr,((R+R)+R),0,5,0,10.33333,59.97277649754901,5.925760585001861,102.0,3.0
Rac1 perturbation; RhoA response,Hill_expr,((R+R)+R),0,5,0,10.66667,59.67217276107842,5.911423324421129,102.0,3.0
Rac1 perturbation; RhoA response,Hill_expr,((R+R)+R),0,5,0,11.0,59.94570601833335,5.938615244252045,102.0,3.0
Rac1 perturbation; RhoA response,Hill_expr,((R+R)+R),0,5,0,11.33333,60.26858066990196,5.969688831347074,102.0,3.0
Rac1 perturbation; RhoA response,Hill_expr,((R+R)+R),0,5,0,11.66667,60.39380383892158,6.000789739288233,102.0,3.0
Rac1 perturbation; RhoA response,Hill_expr,((R+R)+R),0,5,0,12.0,60.59690535833334,6.002558505598481,102.0,3.0
Rac1 perturbation; RhoA response,Hill_expr,((R+R)+R),0,5,0,12.33333,61.123595551960754,6.037858062722709,102.0,3.0
Rac1 perturbation; RhoA response,Hill_expr,((R+R)+R),0,5,0,12.66667,59.86330000117649,6.008450062217623,102.0,3.0
Rac1 perturbation; RhoA response,Hill_expr,((R+R)+R),0,5,0,13.0,60.16060124039215,6.045579739948293,102.0,3.0
Rac1 perturbation; RhoA response,Hill_expr,((R+R)+R),0,5,0,13.33333,60.81838072127449,6.051579153459915,102.0,3.0
Rac1 perturbation; RhoA response,Hill_expr,((R+R)+R),0,5,0,13.66667,59.48289247960783,6.053387283634875,102.0,3.0
Rac1 perturbation; RhoA response,Hill_expr,((R+R)+R),0,5,0,14.0,60.599503611764675,6.119341040924408,102.0,3.0
Rac1 perturbation; RhoA response,Hill_expr,((R+R)+R),0,5,0,14.33333,60.19987780362744,6.0850591297034455,102.0,3.0
Rac1 perturbation; RhoA response,Hill_expr,((R+R)+R),0,5,0,14.66667,59.93194524715691,6.106322483011755,102.0,3.0
Rac1 perturbation; RhoA response,Hill_expr,((R+R)+R),0,5,0,15.0,60.337562376274484,6.078237746506857,102.0,3.0
Rac1 perturbation; RhoA response,Hill_expr,((R+R)+R),0,5,0,15.33333,59.58158538578434,6.207874054728857,102.0,3.0
Rac1 perturbation; RhoA response,Hill_expr,((R+R)+R),0,5,0,15.66667,60.71967915656863,6.093759525579715,102.0,3.0
Rac1 perturbation; RhoA response,Hill_expr,((R+R)+R),0,5,0,16.0,59.92963646921569,6.152597945396288,102.0,3.0
Rac1 perturbation; RhoA response,Hill_expr,((R+R)+R),0,5,0,16.33333,60.424480239313745,6.1628092434583905,102.0,3.0
Rac1 perturbation; RhoA response,Hill_expr,((R+R)+R),0,5,0,16.66667,60.825864639607836,6.093484097308075,102.0,3.0
Rac1 perturbation; RhoA response,Hill_expr,((R+R)+R),0,5,0,17.0,59.230446043823555,6.1847919298934935,102.0,3.0
Rac1 perturbation; RhoA response,Hill_expr,((R+R)+R),0,5,0,17.33333,59.53360226147061,6.144033862175193,102.0,3.0
Rac1 perturbation; RhoA response,Hill_expr,((R+R)+R),0,5,0,17.66667,60.603943836372565,6.146058064480174,102.0,3.0
Rac1 perturbation; RhoA response,Hill_expr,((R+R)+R),0,5,0,18.0,60.08698748911767,6.153517102502953,102.0,3.0
Rac1 perturbation; RhoA response,Hill_expr,((R+R)+R),0,5,0,18.33333,58.60493436343134,6.284901944529139,102.0,3.0
Rac1 perturbation; RhoA response,Hill_expr,((R+R)+R),0,5,0,18.66667,58.18239181794117,6.2687536088556275,102.0,3.0
Rac1 perturbation; RhoA response,Hill_expr,((R+R)+R),0,5,0,19.0,59.209288051666626,6.187989336239144,102.0,3.0
Rac1 perturbation; RhoA response,Hill_expr,((R+R)+R),0,5,0,19.33333,58.852119528431395,6.2289736432097715,102.0,3.0
Rac1 perturbation; RhoA response,Hill_expr,((R+R)+R),0,5,0,19.66667,58.169122079019594,6.2673284333163135,102.0,3.0
Rac1 perturbation; RhoA response,Hill_expr,((R+R)+R),0,5,0,20.0,60.252442538823544,6.211282861614537,102.0,3.0
Rac1 perturbation; RhoA response,Hill_expr,((R+R)+R),0,5,0,20.33333,54.93775363313726,5.937689612009537,102.0,3.0
Rac1 perturbation; RhoA response,Hill_expr,((R+R)+R),0,5,0,20.66667,53.41221635401958,5.695227244367421,102.0,3.0
Rac1 perturbation; RhoA response,Hill_expr,((R+R)+R),0,5,0,21.0,51.74590877382354,5.497075961536212,102.0,3.0
Rac1 perturbation; RhoA response,Hill_expr,((R+R)+R),0,5,0,21.33333,49.811513076666664,5.335278746646896,102.0,3.0
Rac1 perturbation; RhoA response,Hill_expr,((R+R)+R),0,5,0,21.66667,48.297746493235316,5.129799521430641,102.0,3.0
Rac1 perturbation; RhoA response,Hill_expr,((R+R)+R),0,5,0,22.0,45.60092938411764,4.995006420064211,102.0,3.0
Rac1 perturbation; RhoA response,Hill_expr,((R+R)+R),0,5,0,22.33333,44.4127340992157,4.8266340646873305,102.0,3.0
Rac1 perturbation; RhoA response,Hill_expr,((R+R)+R),0,5,0,22.66667,42.491818248921575,4.625541088577205,102.0,3.0
Rac1 perturbation; RhoA response,Hill_expr,((R+R)+R),0,5,0,23.0,41.659108101274484,4.515479641560975,102.0,3.0
Rac1 perturbation; RhoA response,Hill_expr,((R+R)+R),0,5,0,23.33333,38.6730312614706,4.488783836612278,102.0,3.0
Rac1 perturbation; RhoA response,Hill_expr,((R+R)+R),0,5,0,23.66667,38.53872666362746,4.129225207279518,102.0,3.0
Rac1 perturbation; RhoA response,Hill_expr,((R+R)+R),0,5,0,24.0,37.54951162980392,4.102495634891386,102.0,3.0
Rac1 perturbation; RhoA response,Hill_expr,((R+R)+R),0,5,0,24.33333,35.11277371294116,3.9638793036179685,102.0,3.0
Rac1 perturbation; RhoA response,Hill_expr,((R+R)+R),0,5,0,24.66667,35.0134794919608,3.7620191021991634,102.0,3.0
Rac1 perturbation; RhoA response,Hill_expr,((R+R)+R),0,5,0,25.0,32.11807277588238,3.9196736044049127,102.0,3.0
Rac1 perturbation; RhoA response,Hill_expr,((R+R)+R),0,5,0,25.33333,31.736724898627468,3.5403495985543985,102.0,3.0
Rac1 perturbation; RhoA response,Hill_expr,((R+R)+R),0,5,0,25.66667,30.718837153627458,3.397342988096774,102.0,3.0
Rac1 perturbation; RhoA response,Hill_expr,((R+R)+R),0,5,0,26.0,27.908241541372547,3.431207266681927,102.0,3.0
Rac1 perturbation; RhoA response,Hill_expr,((R+R)+R),0,5,0,26.33333,28.56984123049018,3.217931216224954,102.0,3.0
Rac1 perturbation; RhoA response,Hill_expr,((R+R)+R),0,5,0,26.66667,26.37594937568628,3.1554019459006484,102.0,3.0
Rac1 perturbation; RhoA response,Hill_expr,((R+R)+R),0,5,0,27.0,25.747825074019605,3.0542962188404728,102.0,3.0
Rac1 perturbation; RhoA response,Hill_expr,((R+R)+R),0,5,0,27.33333,24.73268942078432,2.9243926581318958,102.0,3.0
Rac1 perturbation; RhoA response,Hill_expr,((R+R)+R),0,5,0,27.66667,24.258557118431348,2.896928675563027,102.0,3.0
Rac1 perturbation; RhoA response,Hill_expr,((R+R)+R),0,5,0,28.0,23.011840799215722,2.7702758563838996,102.0,3.0
Rac1 perturbation; RhoA response,Hill_expr,((R+R)+R),0,5,0,28.33333,21.77760988117646,2.700625819371455,102.0,3.0
Rac1 perturbation; RhoA response,Hill_expr,((R+R)+R),0,5,0,28.66667,21.54180312882353,2.6256973587996195,102.0,3.0
Rac1 perturbation; RhoA response,Hill_expr,((R+R)+R),0,5,0,29.0,20.32287866245098,2.66995211310369,102.0,3.0
Rac1 perturbation; RhoA response,Hill_expr,((R+R)+R),0,5,0,29.33333,20.363870878333348,2.4945211722808143,102.0,3.0
Rac1 perturbation; RhoA response,Hill_expr,((R+R)+R),0,5,0,29.66667,19.97427564813725,2.4175255153915023,102.0,3.0
Rac1 perturbation; RhoA response,Hill_expr,((R+R)+R),0,5,0,30.0,17.7973158992157,2.5306698777694208,102.0,3.0
Rac1 perturbation; RhoA response,Hill_expr,((R+R)+R),0,5,0,30.33333,17.458103272352947,2.3291121650380746,102.0,3.0
Rac1 perturbation; RhoA response,Hill_expr,((R+R)+R),0,5,0,30.66667,16.752543151568634,2.262527913054402,102.0,3.0
Rac1 perturbation; RhoA response,Hill_expr,((R+R)+R),0,5,0,31.0,14.37553241666668,2.4586861511019147,102.0,3.0
Rac1 perturbation; RhoA response,Hill_expr,((R+R)+R),0,5,0,31.33333,13.515102849705887,2.4533890918269075,102.0,3.0
Rac1 perturbation; RhoA response,Hill_expr,((R+R)+R),0,5,0,31.66667,16.101014468627447,2.038048694449689,102.0,3.0
Rac1 perturbation; RhoA response,Hill_expr,((R+R)+R),0,5,0,32.0,14.126859001274509,1.9854514656714357,102.0,3.0
Rac1 perturbation; RhoA response,Hill_expr,((R+R)+R),0,5,0,32.33333,13.246295078725488,2.0531502378823445,102.0,3.0
Rac1 perturbation; RhoA response,Hill_expr,((R+R)+R),0,5,0,32.66667,12.516971541568626,2.040471503019399,102.0,3.0
Rac1 perturbation; RhoA response,Hill_expr,((R+R)+R),0,5,0,33.0,12.442076037156873,2.0134486287433977,102.0,3.0
Rac1 perturbation; RhoA response,Hill_expr,((R+R)+R),0,5,0,33.33333,12.216547963823531,1.8727446195322992,102.0,3.0
Rac1 perturbation; RhoA response,Hill_expr,((R+R)+R),0,5,0,33.66667,11.682215155196088,1.8560369327016877,102.0,3.0
Rac1 perturbation; RhoA response,Hill_expr,((R+R)+R),0,5,0,34.0,10.906749343823531,1.8787041449193262,102.0,3.0
Rac1 perturbation; RhoA response,Hill_expr,((R+R)+R),0,5,0,34.33333,11.297668761078432,1.8448578953953105,102.0,3.0
Rac1 perturbation; RhoA response,Hill_expr,((R+R)+R),0,5,0,34.66667,12.379576779705877,1.8287141006657635,102.0,3.0
Rac1 perturbation; RhoA response,Hill_expr,((R+R)+R),0,5,0,35.0,10.84845148784313,1.8385037400772086,102.0,3.0
Rac1 perturbation; RhoA response,Hill_expr,((R+R)+R),0,5,0,35.33333,11.238808759313724,1.7713856536652122,102.0,3.0
Rac1 perturbation; RhoA response,Hill_expr,((R+R)+R),0,5,0,35.66667,11.247143731274516,1.718822062362493,102.0,3.0
Rac1 perturbation; RhoA response,Hill_expr,((R+R)+R),0,5,0,36.0,10.426152883627456,1.7539688826656712,102.0,3.0
Rac1 perturbation; RhoA response,Hill_expr,((R+R)+R),0,5,0,36.33333,11.260318706862732,1.6868161769351129,102.0,3.0
Rac1 perturbation; RhoA response,Hill_expr,((R+R)+R),0,5,0,36.66667,9.972245372254905,1.7253956850272392,102.0,3.0
Rac1 perturbation; RhoA response,Hill_expr,((R+R)+R),0,5,0,37.0,10.654978836470594,1.7021852829646875,102.0,3.0
Rac1 perturbation; RhoA response,Hill_expr,((R+R)+R),0,5,0,37.33333,9.74520202176471,1.696097020042852,102.0,3.0
Rac1 perturbation; RhoA response,Hill_expr,((R+R)+R),0,5,0,37.66667,9.260330918921571,1.701754690667574,102.0,3.0
Rac1 perturbation; RhoA response,Hill_expr,((R+R)+R),0,5,0,38.0,9.296067204705885,1.7005456129781193,102.0,3.0
Rac1 perturbation; RhoA response,Hill_expr,((R+R)+R),0,5,0,38.33333,10.309174082549015,1.704818568689371,102.0,3.0
Rac1 perturbation; RhoA response,Hill_expr,((R+R)+R),0,5,0,38.66667,8.86877129264706,1.6918583576513293,102.0,3.0
Rac1 perturbation; RhoA response,Hill_expr,((R+R)+R),0,5,0,39.0,8.963871901960788,1.6809574639558549,102.0,3.0
Rac1 perturbation; RhoA response,Hill_expr,((R+R)+R),0,5,0,39.33333,9.20126891764706,1.6523584950996888,102.0,3.0
Rac1 perturbation; RhoA response,Hill_expr,((R+R)+R),0,5,0,39.66667,7.3494802596078435,1.833555564668603,102.0,3.0
Rac1 perturbation; RhoA response,Hill_expr,((R+R)+R),0,5,0,40.0,8.58402001862745,1.5668875650562373,102.0,3.0
Rac1 perturbation; RhoA response,Hill_expr,H(R),1,2,1,0.0,-1.3762895822549015,0.50411235386505,102.0,38.43535089393549
Rac1 perturbation; RhoA response,Hill_expr,H(R),1,2,1,0.3333333,21.80185077156863,3.422024980475965,102.0,38.43535089393549
Rac1 perturbation; RhoA response,Hill_expr,H(R),1,2,1,0.6666667,30.611781803333344,4.267726477815583,102.0,38.43535089393549
Rac1 perturbation; RhoA response,Hill_expr,H(R),1,2,1,1.0,36.53921146166665,4.7264010770576395,102.0,38.43535089393549
Rac1 perturbation; RhoA response,Hill_expr,H(R),1,2,1,1.333333,40.477224400588234,4.96975511730596,102.0,38.43535089393549
Rac1 perturbation; RhoA response,Hill_expr,H(R),1,2,1,1.666667,43.672935604509775,5.187860435813586,102.0,38.43535089393549
Rac1 perturbation; RhoA response,Hill_expr,H(R),1,2,1,2.0,45.44188075156865,5.219705333024379,102.0,38.43535089393549
Rac1 perturbation; RhoA response,Hill_expr,H(R),1,2,1,2.333333,47.868677996862765,5.318296797389352,102.0,38.43535089393549
Rac1 perturbation; RhoA response,Hill_expr,H(R),1,2,1,2.666667,49.029414602647094,5.380577874091345,102.0,38.43535089393549
Rac1 perturbation; RhoA response,Hill_expr,H(R),1,2,1,3.0,48.87878536852945,5.4279260084635395,102.0,38.43535089393549
Rac1 perturbation; RhoA response,Hill_expr,H(R),1,2,1,3.333333,49.545590385490236,5.424570471400211,102.0,38.43535089393549
Rac1 perturbation; RhoA response,Hill_expr,H(R),1,2,1,3.666667,50.60425583872549,5.496107309152899,102.0,38.43535089393549
Rac1 perturbation; RhoA response,Hill_expr,H(R),1,2,1,4.0,51.097094013823536,5.375149351545362,102.0,38.43535089393549
Rac1 perturbation; RhoA response,Hill_expr,H(R),1,2,1,4.333334,51.92032161539212,5.5017946234984585,102.0,38.43535089393549
Rac1 perturbation; RhoA response,Hill_expr,H(R),1,2,1,4.666667,53.32254371009807,5.471471875035747,102.0,38.43535089393549
Rac1 perturbation; RhoA response,Hill_expr,H(R),1,2,1,5.0,53.65529186735294,5.5488078085022225,102.0,38.435350893935485
Rac1 perturbation; RhoA response,Hill_expr,H(R),1,2,1,5.333334,53.23606688637256,5.6422528946411745,102.0,38.43535089393544
Rac1 perturbation; RhoA response,Hill_expr,H(R),1,2,1,5.666667,54.337714760000026,5.627293786005503,102.0,38.435350893935265
Rac1 perturbation; RhoA response,Hill_expr,H(R),1,2,1,6.0,55.12635692107845,5.643440842444053,102.0,38.43535089393452
Rac1 perturbation; RhoA response,Hill_expr,H(R),1,2,1,6.333334,55.17007110450979,5.701209437509858,102.0,38.435350893931684
Rac1 perturbation; RhoA response,Hill_expr,H(R),1,2,1,6.666667,56.69644097803922,5.717524859993219,102.0,38.43535089392174
Rac1 perturbation; RhoA response,Hill_expr,H(R),1,2,1,7.0,56.69522668107843,5.77149142849537,102.0,38.435350893889435
Rac1 perturbation; RhoA response,Hill_expr,H(R),1,2,1,7.333334,58.28530611843136,5.761652468322007,102.0,38.4353508937912
Rac1 perturbation; RhoA response,Hill_expr,H(R),1,2,1,7.666667,56.961419657647085,5.735573448742369,102.0,38.43535089351033
Rac1 perturbation; RhoA response,Hill_expr,H(R),1,2,1,8.0,57.82338275784312,5.783570548698452,102.0,38.43535089275087
Rac1 perturbation; RhoA response,Hill_expr,H(R),1,2,1,8.333333,57.75019856147062,5.826416212905212,102.0,38.43535089079993
Rac1 perturbation; RhoA response,Hill_expr,H(R),1,2,1,8.666667,57.203753222352915,5.852569095038439,102.0,38.435350886018846
Rac1 perturbation; RhoA response,Hill_expr,H(R),1,2,1,9.0,59.05442461176468,5.764011948896135,102.0,38.43535087480045
Rac1 perturbation; RhoA response,Hill_expr,H(R),1,2,1,9.333333,59.10767345686274,5.811593078418382,102.0,38.435350849514954
Rac1 perturbation; RhoA response,Hill_expr,H(R),1,2,1,9.666667,59.51643125921565,5.796861784424392,102.0,38.43535079461001
Rac1 perturbation; RhoA response,Hill_expr,H(R),1,2,1,10.0,58.97425116039215,5.880594663651929,102.0,38.435350679456164
Rac1 perturbation; RhoA response,Hill_expr,H(R),1,2,1,10.33333,59.97277649754901,5.925760585001861,102.0,38.43535044563139
Rac1 perturbation; RhoA response,Hill_expr,H(R),1,2,1,10.66667,59.67217276107842,5.911423324421129,102.0,38.43534998495597
Rac1 perturbation; RhoA response,Hill_expr,H(R),1,2,1,11.0,59.94570601833335,5.938615244252045,102.0,38.43534910272845
Rac1 perturbation; RhoA response,Hill_expr,H(R),1,2,1,11.33333,60.26858066990196,5.969688831347074,102.0,38.435347457430844
Rac1 perturbation; RhoA response,Hill_expr,H(R),1,2,1,11.66667,60.39380383892158,6.000789739288233,102.0,38.435344464554255
Rac1 perturbation; RhoA response,Hill_expr,H(R),1,2,1,12.0,60.59690535833334,6.002558505598481,102.0,38.435339147092726
Rac1 perturbation; RhoA response,Hill_expr,H(R),1,2,1,12.33333,61.123595551960754,6.037858062722709,102.0,38.43532990628214
Rac1 perturbation; RhoA response,Hill_expr,H(R),1,2,1,12.66667,59.86330000117649,6.008450062217623,102.0,38.43531417919005
Rac1 perturbation; RhoA response,Hill_expr,H(R),1,2,1,13.0,60.16060124039215,6.045579739948293,102.0,38.43528793887036
Rac1 perturbation; RhoA response,Hill_expr,H(R),1,2,1,13.33333,60.81838072127449,6.051579153459915,102.0,38.43524496897303
Rac1 perturbation; RhoA response,Hill_expr,H(R),1,2,1,13.66667,59.48289247960783,6.053387283634875,102.0,38.435175839748446
Rac1 perturbation; RhoA response,Hill_expr,H(R),1,2,1,14.0,60.599503611764675,6.119341040924408,102.0,38.43506649229398
Rac1 perturbation; RhoA response,Hill_expr,H(R),1,2,1,14.33333,60.19987780362744,6.0850591297034455,102.0,38.43489627461279
Rac1 perturbation; RhoA response,Hill_expr,H(R),1,2,1,14.66667,59.93194524715691,6.106322483011755,102.0,38.43463530354002
Rac1 perturbation; RhoA response,Hill_expr,H(R),1,2,1,15.0,60.337562376274484,6.078237746506857,102.0,38.43424098887228
Rac1 perturbation; RhoA response,Hill_expr,H(R),1,2,1,15.33333,59.58158538578434,6.207874054728857,102.0,38.433653383532345
Rac1 perturbation; RhoA response,Hill_expr,H(R),1,2,1,15.66667,60.71967915656863,6.093759525579715,102.0,38.432789214819344
Rac1 perturbation; RhoA response,Hill_expr,H(R),1,2,1,16.0,59.92963646921569,6.152597945396288,102.0,38.43153435996414
Rac1 perturbation; RhoA response,Hill_expr,H(R),1,2,1,16.33333,60.424480239313745,6.1628092434583905,102.0,38.42973405942931
Rac1 perturbation; RhoA response,Hill_expr,H(R),1,2,1,16.66667,60.825864639607836,6.093484097308075,102.0,38.42718089458549
Rac1 perturbation; RhoA response,Hill_expr,H(R),1,2,1,17.0,59.230446043823555,6.1847919298934935,102.0,38.42360026844431
Rac1 perturbation; RhoA response,Hill_expr,H(R),1,2,1,17.33333,59.53360226147061,6.144033862175193,102.0,38.41863190066667
Rac1 perturbation; RhoA response,Hill_expr,H(R),1,2,1,17.66667,60.603943836372565,6.146058064480174,102.0,38.41180813619545
Rac1 perturbation; RhoA response,Hill_expr,H(R),1,2,1,18.0,60.08698748911767,6.153517102502953,102.0,38.40252893133027
Rac1 perturbation; RhoA response,Hill_expr,H(R),1,2,1,18.33333,58.60493436343134,6.284901944529139,102.0,38.3900303820637
Rac1 perturbation; RhoA response,Hill_expr,H(R),1,2,1,18.66667,58.18239181794117,6.2687536088556275,102.0,38.37334991827417
Rac1 perturbation; RhoA response,Hill_expr,H(R),1,2,1,19.0,59.209288051666626,6.187989336239144,102.0,38.351288484010695
Rac1 perturbation; RhoA response,Hill_expr,H(R),1,2,1,19.33333,58.852119528431395,6.2289736432097715,102.0,38.322363234785605
Rac1 perturbation; RhoA response,Hill_expr,H(R),1,2,1,19.66667,58.169122079019594,6.2673284333163135,102.0,38.284759739997625
Rac1 perturbation; RhoA response,Hill_expr,H(R),1,2,1,20.0,60.252442538823544,6.211282861614537,102.0,38.23628508183242
Rac1 perturbation; RhoA response,Hill_expr,H(R),1,2,1,20.33333,54.93775363313726,5.937689612009537,102.0,38.17430898257428
Rac1 perturbation; RhoA response,Hill_expr,H(R),1,2,1,20.66667,53.41221635401958,5.695227244367421,102.0,38.09571501868538
Rac1 perturbation; RhoA response,Hill_expr,H(R),1,2,1,21.0,51.74590877382354,5.497075961536212,102.0,37.99686514754057
Rac1 perturbation; RhoA response,Hill_expr,H(R),1,2,1,21.33333,49.811513076666664,5.335278746646896,102.0,37.873552792239515
Rac1 perturbation; RhoA response,Hill_expr,H(R),1,2,1,21.66667,48.297746493235316,5.129799521430641,102.0,37.72099224285473
Rac1 perturbation; RhoA response,Hill_expr,H(R),1,2,1,22.0,45.60092938411764,4.995006420064211,102.0,37.53384873164449
Rac1 perturbation; RhoA response,Hill_expr,H(R),1,2,1,22.33333,44.4127340992157,4.8266340646873305,102.0,37.306261824951946
Rac1 perturbation; RhoA response,Hill_expr,H(R),1,2,1,22.66667,42.491818248921575,4.625541088577205,102.0,37.0319529466935
Rac1 perturbation; RhoA response,Hill_expr,H(R),1,2,1,23.0,41.659108101274484,4.515479641560975,102.0,36.704414242716354
Rac1 perturbation; RhoA response,Hill_expr,H(R),1,2,1,23.33333,38.6730312614706,4.488783836612278,102.0,36.31708634841492
Rac1 perturbation; RhoA response,Hill_expr,H(R),1,2,1,23.66667,38.53872666362746,4.129225207279518,102.0,35.863674252229366
Rac1 perturbation; RhoA response,Hill_expr,H(R),1,2,1,24.0,37.54951162980392,4.102495634891386,102.0,35.338564616823184
Rac1 perturbation; RhoA response,Hill_expr,H(R),1,2,1,24.33333,35.11277371294116,3.9638793036179685,102.0,34.73716855559056
Rac1 perturbation; RhoA response,Hill_expr,H(R),1,2,1,24.66667,35.0134794919608,3.7620191021991634,102.0,34.05640591512602
Rac1 perturbation; RhoA response,Hill_expr,H(R),1,2,1,25.0,32.11807277588238,3.9196736044049127,102.0,33.29522086457853
Rac1 perturbation; RhoA response,Hill_expr,H(R),1,2,1,25.33333,31.736724898627468,3.5403495985543985,102.0,32.454843793505404
Rac1 perturbation; RhoA response,Hill_expr,H(R),1,2,1,25.66667,30.718837153627458,3.397342988096774,102.0,31.53911146292712
Rac1 perturbation; RhoA response,Hill_expr,H(R),1,2,1,26.0,27.908241541372547,3.431207266681927,102.0,30.554663027873293
Rac1 perturbation; RhoA response,Hill_expr,H(R),1,2,1,26.33333,28.56984123049018,3.217931216224954,102.0,29.510674237419465
Rac1 perturbation; RhoA response,Hill_expr,H(R),1,2,1,26.66667,26.37594937568628,3.1554019459006484,102.0,28.418614494846842
Rac1 perturbation; RhoA response,Hill_expr,H(R),1,2,1,27.0,25.747825074019605,3.0542962188404728,102.0,27.291836237908036
Rac1 perturbation; RhoA response,Hill_expr,H(R),1,2,1,27.33333,24.73268942078432,2.9243926581318958,102.0,26.144708955912762
Rac1 perturbation; RhoA response,Hill_expr,H(R),1,2,1,27.66667,24.258557118431348,2.896928675563027,102.0,24.99196455700519
Rac1 perturbation; RhoA response,Hill_expr,H(R),1,2,1,28.0,23.011840799215722,2.7702758563838996,102.0,23.848053568230807
Rac1 perturbation; RhoA response,Hill_expr,H(R),1,2,1,28.33333,21.77760988117646,2.700625819371455,102.0,22.726263835029222
Rac1 perturbation; RhoA response,Hill_expr,H(R),1,2,1,28.66667,21.54180312882353,2.6256973587996195,102.0,21.63829133647622
Rac1 perturbation; RhoA response,Hill_expr,H(R),1,2,1,29.0,20.32287866245098,2.66995211310369,102.0,20.593971849296462
Rac1 perturbation; RhoA response,Hill_expr,H(R),1,2,1,29.33333,20.363870878333348,2.4945211722808143,102.0,19.600902235968686
Rac1 perturbation; RhoA response,Hill_expr,H(R),1,2,1,29.66667,19.97427564813725,2.4175255153915023,102.0,18.664528785403128
Rac1 perturbation; RhoA response,Hill_expr,H(R),1,2,1,30.0,17.7973158992157,2.5306698777694208,102.0,17.788343380683845
Rac1 perturbation; RhoA response,Hill_expr,H(R),1,2,1,30.33333,17.458103272352947,2.3291121650380746,102.0,16.97392998183407
Rac1 perturbation; RhoA response,Hill_expr,H(R),1,2,1,30.66667,16.752543151568634,2.262527913054402,102.0,16.22132960775638
Rac1 perturbation; RhoA response,Hill_expr,H(R),1,2,1,31.0,14.37553241666668,2.4586861511019147,102.0,15.529394946156899
Rac1 perturbation; RhoA response,Hill_expr,H(R),1,2,1,31.33333,13.515102849705887,2.4533890918269075,102.0,14.895945839037278
Rac1 perturbation; RhoA response,Hill_expr,H(R),1,2,1,31.66667,16.101014468627447,2.038048694449689,102.0,14.318112859112532
Rac1 perturbation; RhoA response,Hill_expr,H(R),1,2,1,32.0,14.126859001274509,1.9854514656714357,102.0,13.792615477920915
Rac1 perturbation; RhoA response,Hill_expr,H(R),1,2,1,32.33333,13.246295078725488,2.0531502378823445,102.0,13.315853519303229
Rac1 perturbation; RhoA response,Hill_expr,H(R),1,2,1,32.66667,12.516971541568626,2.040471503019399,102.0,12.884122112495398
Rac1 perturbation; RhoA response,Hill_expr,H(R),1,2,1,33.0,12.442076037156873,2.0134486287433977,102.0,12.493764143253355
Rac1 perturbation; RhoA response,Hill_expr,H(R),1,2,1,33.33333,12.216547963823531,1.8727446195322992,102.0,12.141181068940426
Rac1 perturbation; RhoA response,Hill_expr,H(R),1,2,1,33.66667,11.682215155196088,1.8560369327016877,102.0,11.82293849829329
Rac1 perturbation; RhoA response,Hill_expr,H(R),1,2,1,34.0,10.906749343823531,1.8787041449193262,102.0,11.535829684888512
Rac1 perturbation; RhoA response,Hill_expr,H(R),1,2,1,34.33333,11.297668761078432,1.8448578953953105,102.0,11.276841379722455
Rac1 perturbation; RhoA response,Hill_expr,H(R),1,2,1,34.66667,12.379576779705877,1.8287141006657635,102.0,11.04319640106069
Rac1 perturbation; RhoA response,Hill_expr,H(R),1,2,1,35.0,10.84845148784313,1.8385037400772086,102.0,10.83237154955771
Rac1 perturbation; RhoA response,Hill_expr,H(R),1,2,1,35.33333,11.238808759313724,1.7713856536652122,102.0,10.642049712754286
Rac1 perturbation; RhoA response,Hill_expr,H(R),1,2,1,35.66667,11.247143731274516,1.718822062362493,102.0,10.470133258795265
Rac1 perturbation; RhoA response,Hill_expr,H(R),1,2,1,36.0,10.426152883627456,1.7539688826656712,102.0,10.314743547740854
Rac1 perturbation; RhoA response,Hill_expr,H(R),1,2,1,36.33333,11.260318706862732,1.6868161769351129,102.0,10.174175369267466
Rac1 perturbation; RhoA response,Hill_expr,H(R),1,2,1,36.66667,9.972245372254905,1.7253956850272392,102.0,10.046899114610326
Rac1 perturbation; RhoA response,Hill_expr,H(R),1,2,1,37.0,10.654978836470594,1.7021852829646875,102.0,9.931554956577532
Rac1 perturbation; RhoA response,Hill_expr,H(R),1,2,1,37.33333,9.74520202176471,1.696097020042852,102.0,9.826915213362344
Rac1 perturbation; RhoA response,Hill_expr,H(R),1,2,1,37.66667,9.260330918921571,1.701754690667574,102.0,9.731883224562417
Rac1 perturbation; RhoA response,Hill_expr,H(R),1,2,1,38.0,9.296067204705885,1.7005456129781193,102.0,9.64548735194776
Rac1 perturbation; RhoA response,Hill_expr,H(R),1,2,1,38.33333,10.309174082549015,1.704818568689371,102.0,9.566851826133565
Rac1 perturbation; RhoA response,Hill_expr,H(R),1,2,1,38.66667,8.86877129264706,1.6918583576513293,102.0,9.49519529257136
Rac1 perturbation; RhoA response,Hill_expr,H(R),1,2,1,39.0,8.963871901960788,1.6809574639558549,102.0,9.429826170050422
Rac1 perturbation; RhoA response,Hill_expr,H(R),1,2,1,39.33333,9.20126891764706,1.6523584950996888,102.0,9.370120721674684
Rac1 perturbation; RhoA response,Hill_expr,H(R),1,2,1,39.66667,7.3494802596078435,1.833555564668603,102.0,9.315522126936493
Rac1 perturbation; RhoA response,Hill_expr,H(R),1,2,1,40.0,8.58402001862745,1.5668875650562373,102.0,9.265537336168745
Rac1 perturbation; RhoA response,Hill_expr,(H(R)+R),1,4,1,0.0,-1.3762895822549015,0.50411235386505,102.0,-1.376288752655183
Rac1 perturbation; RhoA response,Hill_expr,(H(R)+R),1,4,1,0.3333333,21.80185077156863,3.422024980475965,102.0,20.270327886792234
Rac1 perturbation; RhoA response,Hill_expr,(H(R)+R),1,4,1,0.6666667,30.611781803333344,4.267726477815583,102.0,20.270804773631724
Rac1 perturbation; RhoA response,Hill_expr,(H(R)+R),1,4,1,1.0,36.53921146166665,4.7264010770576395,102.0,20.270804795281887
Rac1 perturbation; RhoA response,Hill_expr,(H(R)+R),1,4,1,1.333333,40.477224400588234,4.96975511730596,102.0,20.27080479528287
Rac1 perturbation; RhoA response,Hill_expr,(H(R)+R),1,4,1,1.666667,43.672935604509775,5.187860435813586,102.0,20.27080479528287
Rac1 perturbation; RhoA response,Hill_expr,(H(R)+R),1,4,1,2.0,45.44188075156865,5.219705333024379,102.0,20.27080479528287
Rac1 perturbation; RhoA response,Hill_expr,(H(R)+R),1,4,1,2.333333,47.868677996862765,5.318296797389352,102.0,20.27080479528287
Rac1 perturbation; RhoA response,Hill_expr,(H(R)+R),1,4,1,2.666667,49.029414602647094,5.380577874091345,102.0,20.27080479528287
Rac1 perturbation; RhoA response,Hill_expr,(H(R)+R),1,4,1,3.0,48.87878536852945,5.4279260084635395,102.0,20.27080479528287
Rac1 perturbation; RhoA response,Hill_expr,(H(R)+R),1,4,1,3.333333,49.545590385490236,5.424570471400211,102.0,20.27080479528287
Rac1 perturbation; RhoA response,Hill_expr,(H(R)+R),1,4,1,3.666667,50.60425583872549,5.496107309152899,102.0,20.27080479528287
Rac1 perturbation; RhoA response,Hill_expr,(H(R)+R),1,4,1,4.0,51.097094013823536,5.375149351545362,102.0,20.27080479528287
Rac1 perturbation; RhoA response,Hill_expr,(H(R)+R),1,4,1,4.333334,51.92032161539212,5.5017946234984585,102.0,20.27080479528287
Rac1 perturbation; RhoA response,Hill_expr,(H(R)+R),1,4,1,4.666667,53.32254371009807,5.471471875035747,102.0,20.27080479528287
Rac1 perturbation; RhoA response,Hill_expr,(H(R)+R),1,4,1,5.0,53.65529186735294,5.5488078085022225,102.0,20.27080479528287
Rac1 perturbation; RhoA response,Hill_expr,(H(R)+R),1,4,1,5.333334,53.23606688637256,5.6422528946411745,102.0,20.27080479528287
Rac1 perturbation; RhoA response,Hill_expr,(H(R)+R),1,4,1,5.666667,54.337714760000026,5.627293786005503,102.0,20.27080479528287
Rac1 perturbation; RhoA response,Hill_expr,(H(R)+R),1,4,1,6.0,55.12635692107845,5.643440842444053,102.0,20.27080479528287
Rac1 perturbation; RhoA response,Hill_expr,(H(R)+R),1,4,1,6.333334,55.17007110450979,5.701209437509858,102.0,20.27080479528287
Rac1 perturbation; RhoA response,Hill_expr,(H(R)+R),1,4,1,6.666667,56.69644097803922,5.717524859993219,102.0,20.27080479528287
Rac1 perturbation; RhoA response,Hill_expr,(H(R)+R),1,4,1,7.0,56.69522668107843,5.77149142849537,102.0,20.27080479528287
Rac1 perturbation; RhoA response,Hill_expr,(H(R)+R),1,4,1,7.333334,58.28530611843136,5.761652468322007,102.0,20.27080479528287
Rac1 perturbation; RhoA response,Hill_expr,(H(R)+R),1,4,1,7.666667,56.961419657647085,5.735573448742369,102.0,20.27080479528287
Rac1 perturbation; RhoA response,Hill_expr,(H(R)+R),1,4,1,8.0,57.82338275784312,5.783570548698452,102.0,20.27080479528287
Rac1 perturbation; RhoA response,Hill_expr,(H(R)+R),1,4,1,8.333333,57.75019856147062,5.826416212905212,102.0,20.27080479528287
Rac1 perturbation; RhoA response,Hill_expr,(H(R)+R),1,4,1,8.666667,57.203753222352915,5.852569095038439,102.0,20.27080479528287
Rac1 perturbation; RhoA response,Hill_expr,(H(R)+R),1,4,1,9.0,59.05442461176468,5.764011948896135,102.0,20.27080479528287
Rac1 perturbation; RhoA response,Hill_expr,(H(R)+R),1,4,1,9.333333,59.10767345686274,5.811593078418382,102.0,20.27080479528287
Rac1 perturbation; RhoA response,Hill_expr,(H(R)+R),1,4,1,9.666667,59.51643125921565,5.796861784424392,102.0,20.27080479528287
Rac1 perturbation; RhoA response,Hill_expr,(H(R)+R),1,4,1,10.0,58.97425116039215,5.880594663651929,102.0,20.27080479528287
Rac1 perturbation; RhoA response,Hill_expr,(H(R)+R),1,4,1,10.33333,59.97277649754901,5.925760585001861,102.0,20.27080479528287
Rac1 perturbation; RhoA response,Hill_expr,(H(R)+R),1,4,1,10.66667,59.67217276107842,5.911423324421129,102.0,20.27080479528287
Rac1 perturbation; RhoA response,Hill_expr,(H(R)+R),1,4,1,11.0,59.94570601833335,5.938615244252045,102.0,20.27080479528287
Rac1 perturbation; RhoA response,Hill_expr,(H(R)+R),1,4,1,11.33333,60.26858066990196,5.969688831347074,102.0,20.27080479528287
Rac1 perturbation; RhoA response,Hill_expr,(H(R)+R),1,4,1,11.66667,60.39380383892158,6.000789739288233,102.0,20.27080479528287
Rac1 perturbation; RhoA response,Hill_expr,(H(R)+R),1,4,1,12.0,60.59690535833334,6.002558505598481,102.0,20.27080479528287
Rac1 perturbation; RhoA response,Hill_expr,(H(R)+R),1,4,1,12.33333,61.123595551960754,6.037858062722709,102.0,20.27080479528287
Rac1 perturbation; RhoA response,Hill_expr,(H(R)+R),1,4,1,12.66667,59.86330000117649,6.008450062217623,102.0,20.27080479528287
Rac1 perturbation; RhoA response,Hill_expr,(H(R)+R),1,4,1,13.0,60.16060124039215,6.045579739948293,102.0,20.27080479528287
Rac1 perturbation; RhoA response,Hill_expr,(H(R)+R),1,4,1,13.33333,60.81838072127449,6.051579153459915,102.0,20.27080479528287
Rac1 perturbation; RhoA response,Hill_expr,(H(R)+R),1,4,1,13.66667,59.48289247960783,6.053387283634875,102.0,20.27080479528287
Rac1 perturbation; RhoA response,Hill_expr,(H(R)+R),1,4,1,14.0,60.599503611764675,6.119341040924408,102.0,20.27080479528287
Rac1 perturbation; RhoA response,Hill_expr,(H(R)+R),1,4,1,14.33333,60.19987780362744,6.0850591297034455,102.0,20.27080479528287
Rac1 perturbation; RhoA response,Hill_expr,(H(R)+R),1,4,1,14.66667,59.93194524715691,6.106322483011755,102.0,20.27080479528287
Rac1 perturbation; RhoA response,Hill_expr,(H(R)+R),1,4,1,15.0,60.337562376274484,6.078237746506857,102.0,20.27080479528287
Rac1 perturbation; RhoA response,Hill_expr,(H(R)+R),1,4,1,15.33333,59.58158538578434,6.207874054728857,102.0,20.27080479528287
Rac1 perturbation; RhoA response,Hill_expr,(H(R)+R),1,4,1,15.66667,60.71967915656863,6.093759525579715,102.0,20.27080479528287
Rac1 perturbation; RhoA response,Hill_expr,(H(R)+R),1,4,1,16.0,59.92963646921569,6.152597945396288,102.0,20.27080479528287
Rac1 perturbation; RhoA response,Hill_expr,(H(R)+R),1,4,1,16.33333,60.424480239313745,6.1628092434583905,102.0,20.27080479528287
Rac1 perturbation; RhoA response,Hill_expr,(H(R)+R),1,4,1,16.66667,60.825864639607836,6.093484097308075,102.0,20.27080479528287
Rac1 perturbation; RhoA response,Hill_expr,(H(R)+R),1,4,1,17.0,59.230446043823555,6.1847919298934935,102.0,20.27080479528287
Rac1 perturbation; RhoA response,Hill_expr,(H(R)+R),1,4,1,17.33333,59.53360226147061,6.144033862175193,102.0,20.27080479528287
Rac1 perturbation; RhoA response,Hill_expr,(H(R)+R),1,4,1,17.66667,60.603943836372565,6.146058064480174,102.0,20.27080479528287
Rac1 perturbation; RhoA response,Hill_expr,(H(R)+R),1,4,1,18.0,60.08698748911767,6.153517102502953,102.0,20.27080479528287
Rac1 perturbation; RhoA response,Hill_expr,(H(R)+R),1,4,1,18.33333,58.60493436343134,6.284901944529139,102.0,20.27080479528287
Rac1 perturbation; RhoA response,Hill_expr,(H(R)+R),1,4,1,18.66667,58.18239181794117,6.2687536088556275,102.0,20.27080479528287
Rac1 perturbation; RhoA response,Hill_expr,(H(R)+R),1,4,1,19.0,59.209288051666626,6.187989336239144,102.0,20.27080479528287
Rac1 perturbation; RhoA response,Hill_expr,(H(R)+R),1,4,1,19.33333,58.852119528431395,6.2289736432097715,102.0,20.27080479528287
Rac1 perturbation; RhoA response,Hill_expr,(H(R)+R),1,4,1,19.66667,58.169122079019594,6.2673284333163135,102.0,20.27080479528287
Rac1 perturbation; RhoA response,Hill_expr,(H(R)+R),1,4,1,20.0,60.252442538823544,6.211282861614537,102.0,20.27080479528287
Rac1 perturbation; RhoA response,Hill_expr,(H(R)+R),1,4,1,20.33333,54.93775363313726,5.937689612009537,102.0,20.27080479528287
Rac1 perturbation; RhoA response,Hill_expr,(H(R)+R),1,4,1,20.66667,53.41221635401958,5.695227244367421,102.0,20.27080479528287
Rac1 perturbation; RhoA response,Hill_expr,(H(R)+R),1,4,1,21.0,51.74590877382354,5.497075961536212,102.0,20.27080479528287
Rac1 perturbation; RhoA response,Hill_expr,(H(R)+R),1,4,1,21.33333,49.811513076666664,5.335278746646896,102.0,20.27080479528287
Rac1 perturbation; RhoA response,Hill_expr,(H(R)+R),1,4,1,21.66667,48.297746493235316,5.129799521430641,102.0,20.27080479528287
Rac1 perturbation; RhoA response,Hill_expr,(H(R)+R),1,4,1,22.0,45.60092938411764,4.995006420064211,102.0,20.27080479528287
Rac1 perturbation; RhoA response,Hill_expr,(H(R)+R),1,4,1,22.33333,44.4127340992157,4.8266340646873305,102.0,20.27080479528287
Rac1 perturbation; RhoA response,Hill_expr,(H(R)+R),1,4,1,22.66667,42.491818248921575,4.625541088577205,102.0,20.27080479528287
Rac1 perturbation; RhoA response,Hill_expr,(H(R)+R),1,4,1,23.0,41.659108101274484,4.515479641560975,102.0,20.27080479528287
Rac1 perturbation; RhoA response,Hill_expr,(H(R)+R),1,4,1,23.33333,38.6730312614706,4.488783836612278,102.0,20.27080479528287
Rac1 perturbation; RhoA response,Hill_expr,(H(R)+R),1,4,1,23.66667,38.53872666362746,4.129225207279518,102.0,20.27080479528287
Rac1 perturbation; RhoA response,Hill_expr,(H(R)+R),1,4,1,24.0,37.54951162980392,4.102495634891386,102.0,20.27080479528287
Rac1 perturbation; RhoA response,Hill_expr,(H(R)+R),1,4,1,24.33333,35.11277371294116,3.9638793036179685,102.0,20.27080479528287
Rac1 perturbation; RhoA response,Hill_expr,(H(R)+R),1,4,1,24.66667,35.0134794919608,3.7620191021991634,102.0,20.27080479528287
Rac1 perturbation; RhoA response,Hill_expr,(H(R)+R),1,4,1,25.0,32.11807277588238,3.9196736044049127,102.0,20.27080479528287
Rac1 perturbation; RhoA response,Hill_expr,(H(R)+R),1,4,1,25.33333,31.736724898627468,3.5403495985543985,102.0,20.27080479528287
Rac1 perturbation; RhoA response,Hill_expr,(H(R)+R),1,4,1,25.66667,30.718837153627458,3.397342988096774,102.0,20.27080479528287
Rac1 perturbation; RhoA response,Hill_expr,(H(R)+R),1,4,1,26.0,27.908241541372547,3.431207266681927,102.0,20.27080479528287
Rac1 perturbation; RhoA response,Hill_expr,(H(R)+R),1,4,1,26.33333,28.56984123049018,3.217931216224954,102.0,20.27080479528287
Rac1 perturbation; RhoA response,Hill_expr,(H(R)+R),1,4,1,26.66667,26.37594937568628,3.1554019459006484,102.0,20.27080479528287
Rac1 perturbation; RhoA response,Hill_expr,(H(R)+R),1,4,1,27.0,25.747825074019605,3.0542962188404728,102.0,20.27080479528287
Rac1 perturbation; RhoA response,Hill_expr,(H(R)+R),1,4,1,27.33333,24.73268942078432,2.9243926581318958,102.0,20.27080479528287
Rac1 perturbation; RhoA response,Hill_expr,(H(R)+R),1,4,1,27.66667,24.258557118431348,2.896928675563027,102.0,20.27080479528287
Rac1 perturbation; RhoA response,Hill_expr,(H(R)+R),1,4,1,28.0,23.011840799215722,2.7702758563838996,102.0,20.27080479528287
Rac1 perturbation; RhoA response,Hill_expr,(H(R)+R),1,4,1,28.33333,21.77760988117646,2.700625819371455,102.0,20.27080479528287
Rac1 perturbation; RhoA response,Hill_expr,(H(R)+R),1,4,1,28.66667,21.54180312882353,2.6256973587996195,102.0,20.27080479528287
Rac1 perturbation; RhoA response,Hill_expr,(H(R)+R),1,4,1,29.0,20.32287866245098,2.66995211310369,102.0,20.27080479528287
Rac1 perturbation; RhoA response,Hill_expr,(H(R)+R),1,4,1,29.33333,20.363870878333348,2.4945211722808143,102.0,20.27080479528287
Rac1 perturbation; RhoA response,Hill_expr,(H(R)+R),1,4,1,29.66667,19.97427564813725,2.4175255153915023,102.0,20.27080479528287
Rac1 perturbation; RhoA response,Hill_expr,(H(R)+R),1,4,1,30.0,17.7973158992157,2.5306698777694208,102.0,20.27080479528287
Rac1 perturbation; RhoA response,Hill_expr,(H(R)+R),1,4,1,30.33333,17.458103272352947,2.3291121650380746,102.0,20.27080479528287
Rac1 perturbation; RhoA response,Hill_expr,(H(R)+R),1,4,1,30.66667,16.752543151568634,2.262527913054402,102.0,20.27080479528287
Rac1 perturbation; RhoA response,Hill_expr,(H(R)+R),1,4,1,31.0,14.37553241666668,2.4586861511019147,102.0,20.27080479528287
Rac1 perturbation; RhoA response,Hill_expr,(H(R)+R),1,4,1,31.33333,13.515102849705887,2.4533890918269075,102.0,20.27080479528287
Rac1 perturbation; RhoA response,Hill_expr,(H(R)+R),1,4,1,31.66667,16.101014468627447,2.038048694449689,102.0,20.27080479528287
Rac1 perturbation; RhoA response,Hill_expr,(H(R)+R),1,4,1,32.0,14.126859001274509,1.9854514656714357,102.0,20.27080479528287
Rac1 perturbation; RhoA response,Hill_expr,(H(R)+R),1,4,1,32.33333,13.246295078725488,2.0531502378823445,102.0,20.27080479528287
Rac1 perturbation; RhoA response,Hill_expr,(H(R)+R),1,4,1,32.66667,12.516971541568626,2.040471503019399,102.0,20.27080479528287
Rac1 perturbation; RhoA response,Hill_expr,(H(R)+R),1,4,1,33.0,12.442076037156873,2.0134486287433977,102.0,20.27080479528287
Rac1 perturbation; RhoA response,Hill_expr,(H(R)+R),1,4,1,33.33333,12.216547963823531,1.8727446195322992,102.0,20.27080479528287
Rac1 perturbation; RhoA response,Hill_expr,(H(R)+R),1,4,1,33.66667,11.682215155196088,1.8560369327016877,102.0,20.27080479528287
Rac1 perturbation; RhoA response,Hill_expr,(H(R)+R),1,4,1,34.0,10.906749343823531,1.8787041449193262,102.0,20.27080479528287
Rac1 perturbation; RhoA response,Hill_expr,(H(R)+R),1,4,1,34.33333,11.297668761078432,1.8448578953953105,102.0,20.27080479528287
Rac1 perturbation; RhoA response,Hill_expr,(H(R)+R),1,4,1,34.66667,12.379576779705877,1.8287141006657635,102.0,20.27080479528287
Rac1 perturbation; RhoA response,Hill_expr,(H(R)+R),1,4,1,35.0,10.84845148784313,1.8385037400772086,102.0,20.27080479528287
Rac1 perturbation; RhoA response,Hill_expr,(H(R)+R),1,4,1,35.33333,11.238808759313724,1.7713856536652122,102.0,20.27080479528287
Rac1 perturbation; RhoA response,Hill_expr,(H(R)+R),1,4,1,35.66667,11.247143731274516,1.718822062362493,102.0,20.27080479528287
Rac1 perturbation; RhoA response,Hill_expr,(H(R)+R),1,4,1,36.0,10.426152883627456,1.7539688826656712,102.0,20.27080479528287
Rac1 perturbation; RhoA response,Hill_expr,(H(R)+R),1,4,1,36.33333,11.260318706862732,1.6868161769351129,102.0,20.27080479528287
Rac1 perturbation; RhoA response,Hill_expr,(H(R)+R),1,4,1,36.66667,9.972245372254905,1.7253956850272392,102.0,20.27080479528287
Rac1 perturbation; RhoA response,Hill_expr,(H(R)+R),1,4,1,37.0,10.654978836470594,1.7021852829646875,102.0,20.27080479528287
Rac1 perturbation; RhoA response,Hill_expr,(H(R)+R),1,4,1,37.33333,9.74520202176471,1.696097020042852,102.0,20.27080479528287
Rac1 perturbation; RhoA response,Hill_expr,(H(R)+R),1,4,1,37.66667,9.260330918921571,1.701754690667574,102.0,20.27080479528287
Rac1 perturbation; RhoA response,Hill_expr,(H(R)+R),1,4,1,38.0,9.296067204705885,1.7005456129781193,102.0,20.27080479528287
Rac1 perturbation; RhoA response,Hill_expr,(H(R)+R),1,4,1,38.33333,10.309174082549015,1.704818568689371,102.0,20.27080479528287
Rac1 perturbation; RhoA response,Hill_expr,(H(R)+R),1,4,1,38.66667,8.86877129264706,1.6918583576513293,102.0,20.27080479528287
Rac1 perturbation; RhoA response,Hill_expr,(H(R)+R),1,4,1,39.0,8.963871901960788,1.6809574639558549,102.0,20.27080479528287
Rac1 perturbation; RhoA response,Hill_expr,(H(R)+R),1,4,1,39.33333,9.20126891764706,1.6523584950996888,102.0,20.27080479528287
Rac1 perturbation; RhoA response,Hill_expr,(H(R)+R),1,4,1,39.66667,7.3494802596078435,1.833555564668603,102.0,20.27080479528287
Rac1 perturbation; RhoA response,Hill_expr,(H(R)+R),1,4,1,40.0,8.58402001862745,1.5668875650562373,102.0,20.27080479528287
Rac1 perturbation; RhoA response,Hill_expr,H((R+R)),1,4,1,0.0,-1.3762895822549015,0.50411235386505,102.0,38.43546920215111
Rac1 perturbation; RhoA response,Hill_expr,H((R+R)),1,4,1,0.3333333,21.80185077156863,3.422024980475965,102.0,38.43546920215111
Rac1 perturbation; RhoA response,Hill_expr,H((R+R)),1,4,1,0.6666667,30.611781803333344,4.267726477815583,102.0,38.43546920215111
Rac1 perturbation; RhoA response,Hill_expr,H((R+R)),1,4,1,1.0,36.53921146166665,4.7264010770576395,102.0,38.43546920215111
Rac1 perturbation; RhoA response,Hill_expr,H((R+R)),1,4,1,1.333333,40.477224400588234,4.96975511730596,102.0,38.43546920215111
Rac1 perturbation; RhoA response,Hill_expr,H((R+R)),1,4,1,1.666667,43.672935604509775,5.187860435813586,102.0,38.43546920215111
Rac1 perturbation; RhoA response,Hill_expr,H((R+R)),1,4,1,2.0,45.44188075156865,5.219705333024379,102.0,38.43546920215111
Rac1 perturbation; RhoA response,Hill_expr,H((R+R)),1,4,1,2.333333,47.868677996862765,5.318296797389352,102.0,38.43546920215111
Rac1 perturbation; RhoA response,Hill_expr,H((R+R)),1,4,1,2.666667,49.029414602647094,5.380577874091345,102.0,38.43546920215111
Rac1 perturbation; RhoA response,Hill_expr,H((R+R)),1,4,1,3.0,48.87878536852945,5.4279260084635395,102.0,38.43546920215111
Rac1 perturbation; RhoA response,Hill_expr,H((R+R)),1,4,1,3.333333,49.545590385490236,5.424570471400211,102.0,38.43546920215111
Rac1 perturbation; RhoA response,Hill_expr,H((R+R)),1,4,1,3.666667,50.60425583872549,5.496107309152899,102.0,38.43546920215111
Rac1 perturbation; RhoA response,Hill_expr,H((R+R)),1,4,1,4.0,51.097094013823536,5.375149351545362,102.0,38.43546920215111
Rac1 perturbation; RhoA response,Hill_expr,H((R+R)),1,4,1,4.333334,51.92032161539212,5.5017946234984585,102.0,38.43546920215111
Rac1 perturbation; RhoA response,Hill_expr,H((R+R)),1,4,1,4.666667,53.32254371009807,5.471471875035747,102.0,38.43546920215111
Rac1 perturbation; RhoA response,Hill_expr,H((R+R)),1,4,1,5.0,53.65529186735294,5.5488078085022225,102.0,38.435469202151104
Rac1 perturbation; RhoA response,Hill_expr,H((R+R)),1,4,1,5.333334,53.23606688637256,5.6422528946411745,102.0,38.43546920215106
Rac1 perturbation; RhoA response,Hill_expr,H((R+R)),1,4,1,5.666667,54.337714760000026,5.627293786005503,102.0,38.435469202150884
Rac1 perturbation; RhoA response,Hill_expr,H((R+R)),1,4,1,6.0,55.12635692107845,5.643440842444053,102.0,38.43546920215014
Rac1 perturbation; RhoA response,Hill_expr,H((R+R)),1,4,1,6.333334,55.17007110450979,5.701209437509858,102.0,38.4354692021473
Rac1 perturbation; RhoA response,Hill_expr,H((R+R)),1,4,1,6.666667,56.69644097803922,5.717524859993219,102.0,38.435469202137355
Rac1 perturbation; RhoA response,Hill_expr,H((R+R)),1,4,1,7.0,56.69522668107843,5.77149142849537,102.0,38.43546920210502
Rac1 perturbation; RhoA response,Hill_expr,H((R+R)),1,4,1,7.333334,58.28530611843136,5.761652468322007,102.0,38.43546920200671
Rac1 perturbation; RhoA response,Hill_expr,H((R+R)),1,4,1,7.666667,56.961419657647085,5.735573448742369,102.0,38.435469201725624
Rac1 perturbation; RhoA response,Hill_expr,H((R+R)),1,4,1,8.0,57.82338275784312,5.783570548698452,102.0,38.435469200965606
Rac1 perturbation; RhoA response,Hill_expr,H((R+R)),1,4,1,8.333333,57.75019856147062,5.826416212905212,102.0,38.435469199013255
Rac1 perturbation; RhoA response,Hill_expr,H((R+R)),1,4,1,8.666667,57.203753222352915,5.852569095038439,102.0,38.43546919422879
Rac1 perturbation; RhoA response,Hill_expr,H((R+R)),1,4,1,9.0,59.05442461176468,5.764011948896135,102.0,38.43546918300264
Rac1 perturbation; RhoA response,Hill_expr,H((R+R)),1,4,1,9.333333,59.10767345686274,5.811593078418382,102.0,38.435469157700034
Rac1 perturbation; RhoA response,Hill_expr,H((R+R)),1,4,1,9.666667,59.51643125921565,5.796861784424392,102.0,38.435469102758766
Rac1 perturbation; RhoA response,Hill_expr,H((R+R)),1,4,1,10.0,58.97425116039215,5.880594663651929,102.0,38.435468987530456
Rac1 perturbation; RhoA response,Hill_expr,H((R+R)),1,4,1,10.33333,59.97277649754901,5.925760585001861,102.0,38.43546875355796
Rac1 perturbation; RhoA response,Hill_expr,H((R+R)),1,4,1,10.66667,59.67217276107842,5.911423324421129,102.0,38.435468292598266
Rac1 perturbation; RhoA response,Hill_expr,H((R+R)),1,4,1,11.0,59.94570601833335,5.938615244252045,102.0,38.43546740983926
Rac1 perturbation; RhoA response,Hill_expr,H((R+R)),1,4,1,11.33333,60.26858066990196,5.969688831347074,102.0,38.435465763574385
Rac1 perturbation; RhoA response,Hill_expr,H((R+R)),1,4,1,11.66667,60.39380383892158,6.000789739288233,102.0,38.435462768981516
Rac1 perturbation; RhoA response,Hill_expr,H((R+R)),1,4,1,12.0,60.59690535833334,6.002558505598481,102.0,38.43545744854696
Rac1 perturbation; RhoA response,Hill_expr,H((R+R)),1,4,1,12.33333,61.123595551960754,6.037858062722709,102.0,38.43544820270149
Rac1 perturbation; RhoA response,Hill_expr,H((R+R)),1,4,1,12.66667,59.86330000117649,6.008450062217623,102.0,38.435432467263105
Rac1 perturbation; RhoA response,Hill_expr,H((R+R)),1,4,1,13.0,60.16060124039215,6.045579739948293,102.0,38.43540621338686
Rac1 perturbation; RhoA response,Hill_expr,H((R+R)),1,4,1,13.33333,60.81838072127449,6.051579153459915,102.0,38.43536322189025
Rac1 perturbation; RhoA response,Hill_expr,H((R+R)),1,4,1,13.66667,59.48289247960783,6.053387283634875,102.0,38.43529405887635
Rac1 perturbation; RhoA response,Hill_expr,H((R+R)),1,4,1,14.0,60.599503611764675,6.119341040924408,102.0,38.435184659481614
Rac1 perturbation; RhoA response,Hill_expr,H((R+R)),1,4,1,14.33333,60.19987780362744,6.0850591297034455,102.0,38.4350143632769
Rac1 perturbation; RhoA response,Hill_expr,H((R+R)),1,4,1,14.66667,59.93194524715691,6.106322483011755,102.0,38.43475327536362
Rac1 perturbation; RhoA response,Hill_expr,H((R+R)),1,4,1,15.0,60.337562376274484,6.078237746506857,102.0,38.43435878948157
Rac1 perturbation; RhoA response,Hill_expr,H((R+R)),1,4,1,15.33333,59.58158538578434,6.207874054728857,102.0,38.4337709368833
Rac1 perturbation; RhoA response,Hill_expr,H((R+R)),1,4,1,15.66667,60.71967915656863,6.093759525579715,102.0,38.432906416056404
Rac1 perturbation; RhoA response,Hill_expr,H((R+R)),1,4,1,16.0,59.92963646921569,6.152597945396288,102.0,38.431651066518874
Rac1 perturbation; RhoA response,Hill_expr,H((R+R)),1,4,1,16.33333,60.424480239313745,6.1628092434583905,102.0,38.42985007997544
Rac1 perturbation; RhoA response,Hill_expr,H((R+R)),1,4,1,16.66667,60.825864639607836,6.093484097308075,102.0,38.427295975648796
Rac1 perturbation; RhoA response,Hill_expr,H((R+R)),1,4,1,17.0,59.230446043823555,6.1847919298934935,102.0,38.42371407853808
Rac1 perturbation; RhoA response,Hill_expr,H((R+R)),1,4,1,17.33333,59.53360226147061,6.144033862175193,102.0,38.41874401150543
Rac1 perturbation; RhoA response,Hill_expr,H((R+R)),1,4,1,17.66667,60.603943836372565,6.146058064480174,102.0,38.41191800111071
Rac1 perturbation; RhoA response,Hill_expr,H((R+R)),1,4,1,18.0,60.08698748911767,6.153517102502953,102.0,38.40263586120826
Rac1 perturbation; RhoA response,Hill_expr,H((R+R)),1,4,1,18.33333,58.60493436343134,6.284901944529139,102.0,38.39013351844682
Rac1 perturbation; RhoA response,Hill_expr,H((R+R)),1,4,1,18.66667,58.18239181794117,6.2687536088556275,102.0,38.373448204700466
Rac1 perturbation; RhoA response,Hill_expr,H((R+R)),1,4,1,19.0,59.209288051666626,6.187989336239144,102.0,38.351380637031895
Rac1 perturbation; RhoA response,Hill_expr,H((R+R)),1,4,1,19.33333,58.852119528431395,6.2289736432097715,102.0,38.32244771470516
Rac1 perturbation; RhoA response,Hill_expr,H((R+R)),1,4,1,19.66667,58.169122079019594,6.2673284333163135,102.0,38.2848347244759
Rac1 perturbation; RhoA response,Hill_expr,H((R+R)),1,4,1,20.0,60.252442538823544,6.211282861614537,102.0,38.23634844596666
Rac1 perturbation; RhoA response,Hill_expr,H((R+R)),1,4,1,20.33333,54.93775363313726,5.937689612009537,102.0,38.17435828628444
Rac1 perturbation; RhoA response,Hill_expr,H((R+R)),1,4,1,20.66667,53.41221635401958,5.695227244367421,102.0,38.09574750809892
Rac1 perturbation; RhoA response,Hill_expr,H((R+R)),1,4,1,21.0,51.74590877382354,5.497075961536212,102.0,37.996877777035344
Rac1 perturbation; RhoA response,Hill_expr,H((R+R)),1,4,1,21.33333,49.811513076666664,5.335278746646896,102.0,37.873542268355486
Rac1 perturbation; RhoA response,Hill_expr,H((R+R)),1,4,1,21.66667,48.297746493235316,5.129799521430641,102.0,37.720955100607625
Rac1 perturbation; RhoA response,Hill_expr,H((R+R)),1,4,1,22.0,45.60092938411764,4.995006420064211,102.0,37.53378145121192
Rac1 perturbation; RhoA response,Hill_expr,H((R+R)),1,4,1,22.33333,44.4127340992157,4.8266340646873305,102.0,37.30616098608958
Rac1 perturbation; RhoA response,Hill_expr,H((R+R)),1,4,1,22.66667,42.491818248921575,4.625541088577205,102.0,37.031815430006695
Rac1 perturbation; RhoA response,Hill_expr,H((R+R)),1,4,1,23.0,41.659108101274484,4.515479641560975,102.0,36.70423747767837
Rac1 perturbation; RhoA response,Hill_expr,H((R+R)),1,4,1,23.33333,38.6730312614706,4.488783836612278,102.0,36.31686858959286
Rac1 perturbation; RhoA response,Hill_expr,H((R+R)),1,4,1,23.66667,38.53872666362746,4.129225207279518,102.0,35.86341487727479
Rac1 perturbation; RhoA response,Hill_expr,H((R+R)),1,4,1,24.0,37.54951162980392,4.102495634891386,102.0,35.33826442194595
Rac1 perturbation; RhoA response,Hill_expr,H((R+R)),1,4,1,24.33333,35.11277371294116,3.9638793036179685,102.0,34.736830003185034
Rac1 perturbation; RhoA response,Hill_expr,H((R+R)),1,4,1,24.66667,35.0134794919608,3.7620191021991634,102.0,34.056033305292665
Rac1 perturbation; RhoA response,Hill_expr,H((R+R)),1,4,1,25.0,32.11807277588238,3.9196736044049127,102.0,33.29482038832239
Rac1 perturbation; RhoA response,Hill_expr,H((R+R)),1,4,1,25.33333,31.736724898627468,3.5403495985543985,102.0,32.45442342432837
Rac1 perturbation; RhoA response,Hill_expr,H((R+R)),1,4,1,25.66667,30.718837153627458,3.397342988096774,102.0,31.538680678014785
Rac1 perturbation; RhoA response,Hill_expr,H((R+R)),1,4,1,26.0,27.908241541372547,3.431207266681927,102.0,30.554232358469065
Rac1 perturbation; RhoA response,Hill_expr,H((R+R)),1,4,1,26.33333,28.56984123049018,3.217931216224954,102.0,29.510254677732853
Rac1 perturbation; RhoA response,Hill_expr,H((R+R)),1,4,1,26.66667,26.37594937568628,3.1554019459006484,102.0,28.418216830804894
Rac1 perturbation; RhoA response,Hill_expr,H((R+R)),1,4,1,27.0,25.747825074019605,3.0542962188404728,102.0,27.291470364833486
Rac1 perturbation; RhoA response,Hill_expr,H((R+R)),1,4,1,27.33333,24.73268942078432,2.9243926581318958,102.0,26.14438327223663
Rac1 perturbation; RhoA response,Hill_expr,H((R+R)),1,4,1,27.66667,24.258557118431348,2.896928675563027,102.0,24.99168549862179
Rac1 perturbation; RhoA response,Hill_expr,H((R+R)),1,4,1,28.0,23.011840799215722,2.7702758563838996,102.0,23.847825325412565
Rac1 perturbation; RhoA response,Hill_expr,H((R+R)),1,4,1,28.33333,21.77760988117646,2.700625819371455,102.0,22.726088281896512
Rac1 perturbation; RhoA response,Hill_expr,H((R+R)),1,4,1,28.66667,21.54180312882353,2.6256973587996195,102.0,21.638168146692887
Rac1 perturbation; RhoA response,Hill_expr,H((R+R)),1,4,1,29.0,20.32287866245098,2.66995211310369,102.0,20.593898759396595
Rac1 perturbation; RhoA response,Hill_expr,H((R+R)),1,4,1,29.33333,20.363870878333348,2.4945211722808143,102.0,19.600875419746902
Rac1 perturbation; RhoA response,Hill_expr,H((R+R)),1,4,1,29.66667,19.97427564813725,2.4175255153915023,102.0,18.66454327087283
Rac1 perturbation; RhoA response,Hill_expr,H((R+R)),1,4,1,30.0,17.7973158992157,2.5306698777694208,102.0,17.788393463858316
Rac1 perturbation; RhoA response,Hill_expr,H((R+R)),1,4,1,30.33333,17.458103272352947,2.3291121650380746,102.0,16.97400961168389
Rac1 perturbation; RhoA response,Hill_expr,H((R+R)),1,4,1,30.66667,16.752543151568634,2.262527913054402,102.0,16.22143270731831
Rac1 perturbation; RhoA response,Hill_expr,H((R+R)),1,4,1,31.0,14.37553241666668,2.4586861511019147,102.0,15.529515662408073
Rac1 perturbation; RhoA response,Hill_expr,H((R+R)),1,4,1,31.33333,13.515102849705887,2.4533890918269075,102.0,14.896078726380928
Rac1 perturbation; RhoA response,Hill_expr,H((R+R)),1,4,1,31.66667,16.101014468627447,2.038048694449689,102.0,14.318252995549045
Rac1 perturbation; RhoA response,Hill_expr,H((R+R)),1,4,1,32.0,14.126859001274509,1.9854514656714357,102.0,13.792758526806562
Rac1 perturbation; RhoA response,Hill_expr,H((R+R)),1,4,1,32.33333,13.246295078725488,2.0531502378823445,102.0,13.31599574933912
Rac1 perturbation; RhoA response,Hill_expr,H((R+R)),1,4,1,32.66667,12.516971541568626,2.040471503019399,102.0,12.884260384736123
Rac1 perturbation; RhoA response,Hill_expr,H((R+R)),1,4,1,33.0,12.442076037156873,2.0134486287433977,102.0,12.493895877151488
Rac1 perturbation; RhoA response,Hill_expr,H((R+R)),1,4,1,33.33333,12.216547963823531,1.8727446195322992,102.0,12.14130419412514
Rac1 perturbation; RhoA response,Hill_expr,H((R+R)),1,4,1,33.66667,11.682215155196088,1.8560369327016877,102.0,11.823051399379178
Rac1 perturbation; RhoA response,Hill_expr,H((R+R)),1,4,1,34.0,10.906749343823531,1.8787041449193262,102.0,11.535931145237619
Rac1 perturbation; RhoA response,Hill_expr,H((R+R)),1,4,1,34.33333,11.297668761078432,1.8448578953953105,102.0,11.276930524444463
Rac1 perturbation; RhoA response,Hill_expr,H((R+R)),1,4,1,34.66667,12.379576779705877,1.8287141006657635,102.0,11.043272644083391
Rac1 perturbation; RhoA response,Hill_expr,H((R+R)),1,4,1,35.0,10.84845148784313,1.8385037400772086,102.0,10.832434546522762
Rac1 perturbation; RhoA response,Hill_expr,H((R+R)),1,4,1,35.33333,11.238808759313724,1.7713856536652122,102.0,10.642099316738499
Rac1 perturbation; RhoA response,Hill_expr,H((R+R)),1,4,1,35.66667,11.247143731274516,1.718822062362493,102.0,10.470169482484096
Rac1 perturbation; RhoA response,Hill_expr,H((R+R)),1,4,1,36.0,10.426152883627456,1.7539688826656712,102.0,10.314766531988258
Rac1 perturbation; RhoA response,Hill_expr,H((R+R)),1,4,1,36.33333,11.260318706862732,1.6868161769351129,102.0,10.17418535406355
Rac1 perturbation; RhoA response,Hill_expr,H((R+R)),1,4,1,36.66667,9.972245372254905,1.7253956850272392,102.0,10.046896415665323
Rac1 perturbation; RhoA response,Hill_expr,H((R+R)),1,4,1,37.0,10.654978836470594,1.7021852829646875,102.0,9.9315399469119
Rac1 perturbation; RhoA response,Hill_expr,H((R+R)),1,4,1,37.33333,9.74520202176471,1.696097020042852,102.0,9.826888306019438
Rac1 perturbation; RhoA response,Hill_expr,H((R+R)),1,4,1,37.66667,9.260330918921571,1.701754690667574,102.0,9.731844859459343
Rac1 perturbation; RhoA response,Hill_expr,H((R+R)),1,4,1,38.0,9.296067204705885,1.7005456129781193,102.0,9.645437986212748
Rac1 perturbation; RhoA response,Hill_expr,H((R+R)),1,4,1,38.33333,10.309174082549015,1.704818568689371,102.0,9.566791924502645
Rac1 perturbation; RhoA response,Hill_expr,H((R+R)),1,4,1,38.66667,8.86877129264706,1.6918583576513293,102.0,9.495125320658314
Rac1 perturbation; RhoA response,Hill_expr,H((R+R)),1,4,1,39.0,8.963871901960788,1.6809574639558549,102.0,9.429746589941605
Rac1 perturbation; RhoA response,Hill_expr,H((R+R)),1,4,1,39.33333,9.20126891764706,1.6523584950996888,102.0,9.370031986935395
Rac1 perturbation; RhoA response,Hill_expr,H((R+R)),1,4,1,39.66667,7.3494802596078435,1.833555564668603,102.0,9.315424679589757
Rac1 perturbation; RhoA response,Hill_expr,H((R+R)),1,4,1,40.0,8.58402001862745,1.5668875650562373,102.0,9.265431605216925
Rac1 perturbation; RhoA response,Hill_expr,(H(R)+H(R)),1,5,2,0.0,-1.3762895822549015,0.50411235386505,102.0,-1.3794265527320946
Rac1 perturbation; RhoA response,Hill_expr,(H(R)+H(R)),1,5,2,0.3333333,21.80185077156863,3.422024980475965,102.0,23.46476529123387
Rac1 perturbation; RhoA response,Hill_expr,(H(R)+H(R)),1,5,2,0.6666667,30.611781803333344,4.267726477815583,102.0,31.41876392113838
Rac1 perturbation; RhoA response,Hill_expr,(H(R)+H(R)),1,5,2,1.0,36.53921146166665,4.7264010770576395,102.0,36.3515360434549
Rac1 perturbation; RhoA response,Hill_expr,(H(R)+H(R)),1,5,2,1.333333,40.477224400588234,4.96975511730596,102.0,39.85762900241049
Rac1 perturbation; RhoA response,Hill_expr,(H(R)+H(R)),1,5,2,1.666667,43.672935604509775,5.187860435813586,102.0,42.53110330872162
Rac1 perturbation; RhoA response,Hill_expr,(H(R)+H(R)),1,5,2,2.0,45.44188075156865,5.219705333024379,102.0,44.661413655642804
Rac1 perturbation; RhoA response,Hill_expr,(H(R)+H(R)),1,5,2,2.333333,47.868677996862765,5.318296797389352,102.0,46.411523978797604
Rac1 perturbation; RhoA response,Hill_expr,(H(R)+H(R)),1,5,2,2.666667,49.029414602647094,5.380577874091345,102.0,47.88207998492552
Rac1 perturbation; RhoA response,Hill_expr,(H(R)+H(R)),1,5,2,3.0,48.87878536852945,5.4279260084635395,102.0,49.13942473247794
Rac1 perturbation; RhoA response,Hill_expr,(H(R)+H(R)),1,5,2,3.333333,49.545590385490236,5.424570471400211,102.0,50.22949673977318
Rac1 perturbation; RhoA response,Hill_expr,(H(R)+H(R)),1,5,2,3.666667,50.60425583872549,5.496107309152899,102.0,51.18533039178295
Rac1 perturbation; RhoA response,Hill_expr,(H(R)+H(R)),1,5,2,4.0,51.097094013823536,5.375149351545362,102.0,52.03141054408591
Rac1 perturbation; RhoA response,Hill_expr,(H(R)+H(R)),1,5,2,4.333334,51.92032161539212,5.5017946234984585,102.0,52.78636231879985
Rac1 perturbation; RhoA response,Hill_expr,(H(R)+H(R)),1,5,2,4.666667,53.32254371009807,5.471471875035747,102.0,53.46463907229852
Rac1 perturbation; RhoA response,Hill_expr,(H(R)+H(R)),1,5,2,5.0,53.65529186735294,5.5488078085022225,102.0,54.07767236820576
Rac1 perturbation; RhoA response,Hill_expr,(H(R)+H(R)),1,5,2,5.333334,53.23606688637256,5.6422528946411745,102.0,54.634639492912456
Rac1 perturbation; RhoA response,Hill_expr,(H(R)+H(R)),1,5,2,5.666667,54.337714760000026,5.627293786005503,102.0,55.14300358679631
Rac1 perturbation; RhoA response,Hill_expr,(H(R)+H(R)),1,5,2,6.0,55.12635692107845,5.643440842444053,102.0,55.60891450028996
Rac1 perturbation; RhoA response,Hill_expr,(H(R)+H(R)),1,5,2,6.333334,55.17007110450979,5.701209437509858,102.0,56.03748952648072
Rac1 perturbation; RhoA response,Hill_expr,(H(R)+H(R)),1,5,2,6.666667,56.69644097803922,5.717524859993219,102.0,56.433023556581084
Rac1 perturbation; RhoA response,Hill_expr,(H(R)+H(R)),1,5,2,7.0,56.69522668107843,5.77149142849537,102.0,56.79915835634532
Rac1 perturbation; RhoA response,Hill_expr,(H(R)+H(R)),1,5,2,7.333334,58.28530611843136,5.761652468322007,102.0,57.139002317906794
Rac1 perturbation; RhoA response,Hill_expr,(H(R)+H(R)),1,5,2,7.666667,56.961419657647085,5.735573448742369,102.0,57.45522410933583
Rac1 perturbation; RhoA response,Hill_expr,(H(R)+H(R)),1,5,2,8.0,57.82338275784312,5.783570548698452,102.0,57.750134320561095
Rac1 perturbation; RhoA response,Hill_expr,(H(R)+H(R)),1,5,2,8.333333,57.75019856147062,5.826416212905212,102.0,58.025741001191356
Rac1 perturbation; RhoA response,Hill_expr,(H(R)+H(R)),1,5,2,8.666667,57.203753222352915,5.852569095038439,102.0,58.28379878996438
Rac1 perturbation; RhoA response,Hill_expr,(H(R)+H(R)),1,5,2,9.0,59.05442461176468,5.764011948896135,102.0,58.525843300668654
Rac1 perturbation; RhoA response,Hill_expr,(H(R)+H(R)),1,5,2,9.333333,59.10767345686274,5.811593078418382,102.0,58.753225005926495
Rac1 perturbation; RhoA response,Hill_expr,(H(R)+H(R)),1,5,2,9.666667,59.51643125921565,5.796861784424392,102.0,58.96712890838389
Rac1 perturbation; RhoA response,Hill_expr,(H(R)+H(R)),1,5,2,10.0,58.97425116039215,5.880594663651929,102.0,59.1685886361876
Rac1 perturbation; RhoA response,Hill_expr,(H(R)+H(R)),1,5,2,10.33333,59.97277649754901,5.925760585001861,102.0,59.35849841768333
Rac1 perturbation; RhoA response,Hill_expr,(H(R)+H(R)),1,5,2,10.66667,59.67217276107842,5.911423324421129,102.0,59.537624694551916
Rac1 perturbation; RhoA response,Hill_expr,(H(R)+H(R)),1,5,2,11.0,59.94570601833335,5.938615244252045,102.0,59.70657800827609
Rac1 perturbation; RhoA response,Hill_expr,(H(R)+H(R)),1,5,2,11.33333,60.26858066990196,5.969688831347074,102.0,59.865838569465694
Rac1 perturbation; RhoA response,Hill_expr,(H(R)+H(R)),1,5,2,11.66667,60.39380383892158,6.000789739288233,102.0,60.015723789877974
Rac1 perturbation; RhoA response,Hill_expr,(H(R)+H(R)),1,5,2,12.0,60.59690535833334,6.002558505598481,102.0,60.15635436840739
Rac1 perturbation; RhoA response,Hill_expr,(H(R)+H(R)),1,5,2,12.33333,61.123595551960754,6.037858062722709,102.0,60.28765276860426
Rac1 perturbation; RhoA response,Hill_expr,(H(R)+H(R)),1,5,2,12.66667,59.86330000117649,6.008450062217623,102.0,60.409293379087124
Rac1 perturbation; RhoA response,Hill_expr,(H(R)+H(R)),1,5,2,13.0,60.16060124039215,6.045579739948293,102.0,60.52065164672663
Rac1 perturbation; RhoA response,Hill_expr,(H(R)+H(R)),1,5,2,13.33333,60.81838072127449,6.051579153459915,102.0,60.620779569607535
Rac1 perturbation; RhoA response,Hill_expr,(H(R)+H(R)),1,5,2,13.66667,59.48289247960783,6.053387283634875,102.0,60.70834287743968
Rac1 perturbation; RhoA response,Hill_expr,(H(R)+H(R)),1,5,2,14.0,60.599503611764675,6.119341040924408,102.0,60.78156229844034
Rac1 perturbation; RhoA response,Hill_expr,(H(R)+H(R)),1,5,2,14.33333,60.19987780362744,6.0850591297034455,102.0,60.83817744706434
Rac1 perturbation; RhoA response,Hill_expr,(H(R)+H(R)),1,5,2,14.66667,59.93194524715691,6.106322483011755,102.0,60.87538827524338
Rac1 perturbation; RhoA response,Hill_expr,(H(R)+H(R)),1,5,2,15.0,60.337562376274484,6.078237746506857,102.0,60.88981291707978
Rac1 perturbation; RhoA response,Hill_expr,(H(R)+H(R)),1,5,2,15.33333,59.58158538578434,6.207874054728857,102.0,60.877465255806115
Rac1 perturbation; RhoA response,Hill_expr,(H(R)+H(R)),1,5,2,15.66667,60.71967915656863,6.093759525579715,102.0,60.83373546761156
Rac1 perturbation; RhoA response,Hill_expr,(H(R)+H(R)),1,5,2,16.0,59.92963646921569,6.152597945396288,102.0,60.75340739727712
Rac1 perturbation; RhoA response,Hill_expr,(H(R)+H(R)),1,5,2,16.33333,60.424480239313745,6.1628092434583905,102.0,60.630688622567824
Rac1 perturbation; RhoA response,Hill_expr,(H(R)+H(R)),1,5,2,16.66667,60.825864639607836,6.093484097308075,102.0,60.45927965458906
Rac1 perturbation; RhoA response,Hill_expr,(H(R)+H(R)),1,5,2,17.0,59.230446043823555,6.1847919298934935,102.0,60.23250406809741
Rac1 perturbation; RhoA response,Hill_expr,(H(R)+H(R)),1,5,2,17.33333,59.53360226147061,6.144033862175193,102.0,59.94342808731531
Rac1 perturbation; RhoA response,Hill_expr,(H(R)+H(R)),1,5,2,17.66667,60.603943836372565,6.146058064480174,102.0,59.58505993705986
Rac1 perturbation; RhoA response,Hill_expr,(H(R)+H(R)),1,5,2,18.0,60.08698748911767,6.153517102502953,102.0,59.15062304066437
Rac1 perturbation; RhoA response,Hill_expr,(H(R)+H(R)),1,5,2,18.33333,58.60493436343134,6.284901944529139,102.0,58.63375879494502
Rac1 perturbation; RhoA response,Hill_expr,(H(R)+H(R)),1,5,2,18.66667,58.18239181794117,6.2687536088556275,102.0,58.028839155325265
Rac1 perturbation; RhoA response,Hill_expr,(H(R)+H(R)),1,5,2,19.0,59.209288051666626,6.187989336239144,102.0,57.331333735411725
Rac1 perturbation; RhoA response,Hill_expr,(H(R)+H(R)),1,5,2,19.33333,58.852119528431395,6.2289736432097715,102.0,56.53799462031446
Rac1 perturbation; RhoA response,Hill_expr,(H(R)+H(R)),1,5,2,19.66667,58.169122079019594,6.2673284333163135,102.0,55.64716246984897
Rac1 perturbation; RhoA response,Hill_expr,(H(R)+H(R)),1,5,2,20.0,60.252442538823544,6.211282861614537,102.0,54.659073351036284
Rac1 perturbation; RhoA response,Hill_expr,(H(R)+H(R)),1,5,2,20.33333,54.93775363313726,5.937689612009537,102.0,53.57584103056569
Rac1 perturbation; RhoA response,Hill_expr,(H(R)+H(R)),1,5,2,20.66667,53.41221635401958,5.695227244367421,102.0,52.40157950490276
Rac1 perturbation; RhoA response,Hill_expr,(H(R)+H(R)),1,5,2,21.0,51.74590877382354,5.497075961536212,102.0,51.14247901106261
Rac1 perturbation; RhoA response,Hill_expr,(H(R)+H(R)),1,5,2,21.33333,49.811513076666664,5.335278746646896,102.0,49.80645244060352
Rac1 perturbation; RhoA response,Hill_expr,(H(R)+H(R)),1,5,2,21.66667,48.297746493235316,5.129799521430641,102.0,48.40299612439717
Rac1 perturbation; RhoA response,Hill_expr,(H(R)+H(R)),1,5,2,22.0,45.60092938411764,4.995006420064211,102.0,46.94301452805817
Rac1 perturbation; RhoA response,Hill_expr,(H(R)+H(R)),1,5,2,22.33333,44.4127340992157,4.8266340646873305,102.0,45.4381998063114
Rac1 perturbation; RhoA response,Hill_expr,(H(R)+H(R)),1,5,2,22.66667,42.491818248921575,4.625541088577205,102.0,43.900755403213665
Rac1 perturbation; RhoA response,Hill_expr,(H(R)+H(R)),1,5,2,23.0,41.659108101274484,4.515479641560975,102.0,42.343141623077784
Rac1 perturbation; RhoA response,Hill_expr,(H(R)+H(R)),1,5,2,23.33333,38.6730312614706,4.488783836612278,102.0,40.77742263522355
Rac1 perturbation; RhoA response,Hill_expr,(H(R)+H(R)),1,5,2,23.66667,38.53872666362746,4.129225207279518,102.0,39.21507204319349
Rac1 perturbation; RhoA response,Hill_expr,(H(R)+H(R)),1,5,2,24.0,37.54951162980392,4.102495634891386,102.0,37.666841902230644
Rac1 perturbation; RhoA response,Hill_expr,(H(R)+H(R)),1,5,2,24.33333,35.11277371294116,3.9638793036179685,102.0,36.14227562827709
Rac1 perturbation; RhoA response,Hill_expr,(H(R)+H(R)),1,5,2,24.66667,35.0134794919608,3.7620191021991634,102.0,34.64971565754014
Rac1 perturbation; RhoA response,Hill_expr,(H(R)+H(R)),1,5,2,25.0,32.11807277588238,3.9196736044049127,102.0,33.196364425619116
Rac1 perturbation; RhoA response,Hill_expr,(H(R)+H(R)),1,5,2,25.33333,31.736724898627468,3.5403495985543985,102.0,31.788003671036712
Rac1 perturbation; RhoA response,Hill_expr,(H(R)+H(R)),1,5,2,25.66667,30.718837153627458,3.397342988096774,102.0,30.429171604742457
Rac1 perturbation; RhoA response,Hill_expr,(H(R)+H(R)),1,5,2,26.0,27.908241541372547,3.431207266681927,102.0,29.1233534735658
Rac1 perturbation; RhoA response,Hill_expr,(H(R)+H(R)),1,5,2,26.33333,28.56984123049018,3.217931216224954,102.0,27.872837602552288
Rac1 perturbation; RhoA response,Hill_expr,(H(R)+H(R)),1,5,2,26.66667,26.37594937568628,3.1554019459006484,102.0,26.678962290160158
Rac1 perturbation; RhoA response,Hill_expr,(H(R)+H(R)),1,5,2,27.0,25.747825074019605,3.0542962188404728,102.0,25.54234072734291
Rac1 perturbation; RhoA response,Hill_expr,(H(R)+H(R)),1,5,2,27.33333,24.73268942078432,2.9243926581318958,102.0,24.462771730490843
Rac1 perturbation; RhoA response,Hill_expr,(H(R)+H(R)),1,5,2,27.66667,24.258557118431348,2.896928675563027,102.0,23.439476001912126
Rac1 perturbation; RhoA response,Hill_expr,(H(R)+H(R)),1,5,2,28.0,23.011840799215722,2.7702758563838996,102.0,22.4712934723066
Rac1 perturbation; RhoA response,Hill_expr,(H(R)+H(R)),1,5,2,28.33333,21.77760988117646,2.700625819371455,102.0,21.556601570956175
Rac1 perturbation; RhoA response,Hill_expr,(H(R)+H(R)),1,5,2,28.66667,21.54180312882353,2.6256973587996195,102.0,20.693505218985933
Rac1 perturbation; RhoA response,Hill_expr,(H(R)+H(R)),1,5,2,29.0,20.32287866245098,2.66995211310369,102.0,19.879985926810015
Rac1 perturbation; RhoA response,Hill_expr,(H(R)+H(R)),1,5,2,29.33333,20.363870878333348,2.4945211722808143,102.0,19.113813395227645
Rac1 perturbation; RhoA response,Hill_expr,(H(R)+H(R)),1,5,2,29.66667,19.97427564813725,2.4175255153915023,102.0,18.392685389690904
Rac1 perturbation; RhoA response,Hill_expr,(H(R)+H(R)),1,5,2,30.0,17.7973158992157,2.5306698777694208,102.0,17.71433197556898
Rac1 perturbation; RhoA response,Hill_expr,(H(R)+H(R)),1,5,2,30.33333,17.458103272352947,2.3291121650380746,102.0,17.07642256439525
Rac1 perturbation; RhoA response,Hill_expr,(H(R)+H(R)),1,5,2,30.66667,16.752543151568634,2.262527913054402,102.0,16.476665180103055
Rac1 perturbation; RhoA response,Hill_expr,(H(R)+H(R)),1,5,2,31.0,14.37553241666668,2.4586861511019147,102.0,15.912877156446214
Rac1 perturbation; RhoA response,Hill_expr,(H(R)+H(R)),1,5,2,31.33333,13.515102849705887,2.4533890918269075,102.0,15.382893787764992
Rac1 perturbation; RhoA response,Hill_expr,(H(R)+H(R)),1,5,2,31.66667,16.101014468627447,2.038048694449689,102.0,14.884638655726874
Rac1 perturbation; RhoA response,Hill_expr,(H(R)+H(R)),1,5,2,32.0,14.126859001274509,1.9854514656714357,102.0,14.416171813089065
Rac1 perturbation; RhoA response,Hill_expr,(H(R)+H(R)),1,5,2,32.33333,13.246295078725488,2.0531502378823445,102.0,13.975604963081679
Rac1 perturbation; RhoA response,Hill_expr,(H(R)+H(R)),1,5,2,32.66667,12.516971541568626,2.040471503019399,102.0,13.561152349404793
Rac1 perturbation; RhoA response,Hill_expr,(H(R)+H(R)),1,5,2,33.0,12.442076037156873,2.0134486287433977,102.0,13.171164605309812
Rac1 perturbation; RhoA response,Hill_expr,(H(R)+H(R)),1,5,2,33.33333,12.216547963823531,1.8727446195322992,102.0,12.804053041111466
Rac1 perturbation; RhoA response,Hill_expr,(H(R)+H(R)),1,5,2,33.66667,11.682215155196088,1.8560369327016877,102.0,12.458327714076788
Rac1 perturbation; RhoA response,Hill_expr,(H(R)+H(R)),1,5,2,34.0,10.906749343823531,1.8787041449193262,102.0,12.132622300214209
Rac1 perturbation; RhoA response,Hill_expr,(H(R)+H(R)),1,5,2,34.33333,11.297668761078432,1.8448578953953105,102.0,11.825628194733213
Rac1 perturbation; RhoA response,Hill_expr,(H(R)+H(R)),1,5,2,34.66667,12.379576779705877,1.8287141006657635,102.0,11.536124039293675
Rac1 perturbation; RhoA response,Hill_expr,(H(R)+H(R)),1,5,2,35.0,10.84845148784313,1.8385037400772086,102.0,11.26299490357163
Rac1 perturbation; RhoA response,Hill_expr,(H(R)+H(R)),1,5,2,35.33333,11.238808759313724,1.7713856536652122,102.0,11.00517577752889
Rac1 perturbation; RhoA response,Hill_expr,(H(R)+H(R)),1,5,2,35.66667,11.247143731274516,1.718822062362493,102.0,10.761675235891559
Rac1 perturbation; RhoA response,Hill_expr,(H(R)+H(R)),1,5,2,36.0,10.426152883627456,1.7539688826656712,102.0,10.53159088354677
Rac1 perturbation; RhoA response,Hill_expr,(H(R)+H(R)),1,5,2,36.33333,11.260318706862732,1.6868161769351129,102.0,10.314061280967131
Rac1 perturbation; RhoA response,Hill_expr,(H(R)+H(R)),1,5,2,36.66667,9.972245372254905,1.7253956850272392,102.0,10.108285419886975
Rac1 perturbation; RhoA response,Hill_expr,(H(R)+H(R)),1,5,2,37.0,10.654978836470594,1.7021852829646875,102.0,9.913535586084905
Rac1 perturbation; RhoA response,Hill_expr,(H(R)+H(R)),1,5,2,37.33333,9.74520202176471,1.696097020042852,102.0,9.729116587369028
Rac1 perturbation; RhoA response,Hill_expr,(H(R)+H(R)),1,5,2,37.66667,9.260330918921571,1.701754690667574,102.0,9.55438210536321
Rac1 perturbation; RhoA response,Hill_expr,(H(R)+H(R)),1,5,2,38.0,9.296067204705885,1.7005456129781193,102.0,9.388745666701972
Rac1 perturbation; RhoA response,Hill_expr,(H(R)+H(R)),1,5,2,38.33333,10.309174082549015,1.704818568689371,102.0,9.231646065722735
Rac1 perturbation; RhoA response,Hill_expr,(H(R)+H(R)),1,5,2,38.66667,8.86877129264706,1.6918583576513293,102.0,9.082561293266316
Rac1 perturbation; RhoA response,Hill_expr,(H(R)+H(R)),1,5,2,39.0,8.963871901960788,1.6809574639558549,102.0,8.94101804494499
Rac1 perturbation; RhoA response,Hill_expr,(H(R)+H(R)),1,5,2,39.33333,9.20126891764706,1.6523584950996888,102.0,8.806562341136285
Rac1 perturbation; RhoA response,Hill_expr,(H(R)+H(R)),1,5,2,39.66667,7.3494802596078435,1.833555564668603,102.0,8.678771514733803
Rac1 perturbation; RhoA response,Hill_expr,(H(R)+H(R)),1,5,2,40.0,8.58402001862745,1.5668875650562373,102.0,8.55726253665052
Rac1 perturbation; RhoA response,Hill_expr,H(H(R)),2,3,2,0.0,-1.3762895822549015,0.50411235386505,102.0,-1.3762905456640846
Rac1 perturbation; RhoA response,Hill_expr,H(H(R)),2,3,2,0.3333333,21.80185077156863,3.422024980475965,102.0,20.270804650239864
Rac1 perturbation; RhoA response,Hill_expr,H(H(R)),2,3,2,0.6666667,30.611781803333344,4.267726477815583,102.0,20.270804650252625
Rac1 perturbation; RhoA response,Hill_expr,H(H(R)),2,3,2,1.0,36.53921146166665,4.7264010770576395,102.0,20.27080465025422
Rac1 perturbation; RhoA response,Hill_expr,H(H(R)),2,3,2,1.333333,40.477224400588234,4.96975511730596,102.0,20.270804650254696
Rac1 perturbation; RhoA response,Hill_expr,H(H(R)),2,3,2,1.666667,43.672935604509775,5.187860435813586,102.0,20.2708046502549
Rac1 perturbation; RhoA response,Hill_expr,H(H(R)),2,3,2,2.0,45.44188075156865,5.219705333024379,102.0,20.270804650255
Rac1 perturbation; RhoA response,Hill_expr,H(H(R)),2,3,2,2.333333,47.868677996862765,5.318296797389352,102.0,20.27080465025505
Rac1 perturbation; RhoA response,Hill_expr,H(H(R)),2,3,2,2.666667,49.029414602647094,5.380577874091345,102.0,20.270804650255084
Rac1 perturbation; RhoA response,Hill_expr,H(H(R)),2,3,2,3.0,48.87878536852945,5.4279260084635395,102.0,20.270804650255105
Rac1 perturbation; RhoA response,Hill_expr,H(H(R)),2,3,2,3.333333,49.545590385490236,5.424570471400211,102.0,20.270804650255116
Rac1 perturbation; RhoA response,Hill_expr,H(H(R)),2,3,2,3.666667,50.60425583872549,5.496107309152899,102.0,20.270804650255123
Rac1 perturbation; RhoA response,Hill_expr,H(H(R)),2,3,2,4.0,51.097094013823536,5.375149351545362,102.0,20.27080465025513
Rac1 perturbation; RhoA response,Hill_expr,H(H(R)),2,3,2,4.333334,51.92032161539212,5.5017946234984585,102.0,20.27080465025513
Rac1 perturbation; RhoA response,Hill_expr,H(H(R)),2,3,2,4.666667,53.32254371009807,5.471471875035747,102.0,20.270804650255133
Rac1 perturbation; RhoA response,Hill_expr,H(H(R)),2,3,2,5.0,53.65529186735294,5.5488078085022225,102.0,20.270804650255133
Rac1 perturbation; RhoA response,Hill_expr,H(H(R)),2,3,2,5.333334,53.23606688637256,5.6422528946411745,102.0,20.270804650255137
Rac1 perturbation; RhoA response,Hill_expr,H(H(R)),2,3,2,5.666667,54.337714760000026,5.627293786005503,102.0,20.270804650255137
Rac1 perturbation; RhoA response,Hill_expr,H(H(R)),2,3,2,6.0,55.12635692107845,5.643440842444053,102.0,20.270804650255137
Rac1 perturbation; RhoA response,Hill_expr,H(H(R)),2,3,2,6.333334,55.17007110450979,5.701209437509858,102.0,20.270804650255137
Rac1 perturbation; RhoA response,Hill_expr,H(H(R)),2,3,2,6.666667,56.69644097803922,5.717524859993219,102.0,20.270804650255137
Rac1 perturbation; RhoA response,Hill_expr,H(H(R)),2,3,2,7.0,56.69522668107843,5.77149142849537,102.0,20.270804650255137
Rac1 perturbation; RhoA response,Hill_expr,H(H(R)),2,3,2,7.333334,58.28530611843136,5.761652468322007,102.0,20.270804650255137
Rac1 perturbation; RhoA response,Hill_expr,H(H(R)),2,3,2,7.666667,56.961419657647085,5.735573448742369,102.0,20.270804650255137
Rac1 perturbation; RhoA response,Hill_expr,H(H(R)),2,3,2,8.0,57.82338275784312,5.783570548698452,102.0,20.270804650255137
Rac1 perturbation; RhoA response,Hill_expr,H(H(R)),2,3,2,8.333333,57.75019856147062,5.826416212905212,102.0,20.270804650255137
Rac1 perturbation; RhoA response,Hill_expr,H(H(R)),2,3,2,8.666667,57.203753222352915,5.852569095038439,102.0,20.270804650255137
Rac1 perturbation; RhoA response,Hill_expr,H(H(R)),2,3,2,9.0,59.05442461176468,5.764011948896135,102.0,20.270804650255137
Rac1 perturbation; RhoA response,Hill_expr,H(H(R)),2,3,2,9.333333,59.10767345686274,5.811593078418382,102.0,20.270804650255137
Rac1 perturbation; RhoA response,Hill_expr,H(H(R)),2,3,2,9.666667,59.51643125921565,5.796861784424392,102.0,20.270804650255137
Rac1 perturbation; RhoA response,Hill_expr,H(H(R)),2,3,2,10.0,58.97425116039215,5.880594663651929,102.0,20.270804650255137
Rac1 perturbation; RhoA response,Hill_expr,H(H(R)),2,3,2,10.33333,59.97277649754901,5.925760585001861,102.0,20.270804650255137
Rac1 perturbation; RhoA response,Hill_expr,H(H(R)),2,3,2,10.66667,59.67217276107842,5.911423324421129,102.0,20.270804650255137
Rac1 perturbation; RhoA response,Hill_expr,H(H(R)),2,3,2,11.0,59.94570601833335,5.938615244252045,102.0,20.270804650255137
Rac1 perturbation; RhoA response,Hill_expr,H(H(R)),2,3,2,11.33333,60.26858066990196,5.969688831347074,102.0,20.270804650255137
Rac1 perturbation; RhoA response,Hill_expr,H(H(R)),2,3,2,11.66667,60.39380383892158,6.000789739288233,102.0,20.270804650255137
Rac1 perturbation; RhoA response,Hill_expr,H(H(R)),2,3,2,12.0,60.59690535833334,6.002558505598481,102.0,20.270804650255137
Rac1 perturbation; RhoA response,Hill_expr,H(H(R)),2,3,2,12.33333,61.123595551960754,6.037858062722709,102.0,20.270804650255137
Rac1 perturbation; RhoA response,Hill_expr,H(H(R)),2,3,2,12.66667,59.86330000117649,6.008450062217623,102.0,20.270804650255137
Rac1 perturbation; RhoA response,Hill_expr,H(H(R)),2,3,2,13.0,60.16060124039215,6.045579739948293,102.0,20.270804650255137
Rac1 perturbation; RhoA response,Hill_expr,H(H(R)),2,3,2,13.33333,60.81838072127449,6.051579153459915,102.0,20.270804650255137
Rac1 perturbation; RhoA response,Hill_expr,H(H(R)),2,3,2,13.66667,59.48289247960783,6.053387283634875,102.0,20.270804650255137
Rac1 perturbation; RhoA response,Hill_expr,H(H(R)),2,3,2,14.0,60.599503611764675,6.119341040924408,102.0,20.270804650255137
Rac1 perturbation; RhoA response,Hill_expr,H(H(R)),2,3,2,14.33333,60.19987780362744,6.0850591297034455,102.0,20.270804650255137
Rac1 perturbation; RhoA response,Hill_expr,H(H(R)),2,3,2,14.66667,59.93194524715691,6.106322483011755,102.0,20.270804650255137
Rac1 perturbation; RhoA response,Hill_expr,H(H(R)),2,3,2,15.0,60.337562376274484,6.078237746506857,102.0,20.270804650255137
Rac1 perturbation; RhoA response,Hill_expr,H(H(R)),2,3,2,15.33333,59.58158538578434,6.207874054728857,102.0,20.270804650255137
Rac1 perturbation; RhoA response,Hill_expr,H(H(R)),2,3,2,15.66667,60.71967915656863,6.093759525579715,102.0,20.270804650255137
Rac1 perturbation; RhoA response,Hill_expr,H(H(R)),2,3,2,16.0,59.92963646921569,6.152597945396288,102.0,20.270804650255137
Rac1 perturbation; RhoA response,Hill_expr,H(H(R)),2,3,2,16.33333,60.424480239313745,6.1628092434583905,102.0,20.270804650255137
Rac1 perturbation; RhoA response,Hill_expr,H(H(R)),2,3,2,16.66667,60.825864639607836,6.093484097308075,102.0,20.270804650255137
Rac1 perturbation; RhoA response,Hill_expr,H(H(R)),2,3,2,17.0,59.230446043823555,6.1847919298934935,102.0,20.270804650255137
Rac1 perturbation; RhoA response,Hill_expr,H(H(R)),2,3,2,17.33333,59.53360226147061,6.144033862175193,102.0,20.270804650255137
Rac1 perturbation; RhoA response,Hill_expr,H(H(R)),2,3,2,17.66667,60.603943836372565,6.146058064480174,102.0,20.270804650255137
Rac1 perturbation; RhoA response,Hill_expr,H(H(R)),2,3,2,18.0,60.08698748911767,6.153517102502953,102.0,20.270804650255137
Rac1 perturbation; RhoA response,Hill_expr,H(H(R)),2,3,2,18.33333,58.60493436343134,6.284901944529139,102.0,20.270804650255137
Rac1 perturbation; RhoA response,Hill_expr,H(H(R)),2,3,2,18.66667,58.18239181794117,6.2687536088556275,102.0,20.270804650255137
Rac1 perturbation; RhoA response,Hill_expr,H(H(R)),2,3,2,19.0,59.209288051666626,6.187989336239144,102.0,20.270804650255137
Rac1 perturbation; RhoA response,Hill_expr,H(H(R)),2,3,2,19.33333,58.852119528431395,6.2289736432097715,102.0,20.270804650255137
Rac1 perturbation; RhoA response,Hill_expr,H(H(R)),2,3,2,19.66667,58.169122079019594,6.2673284333163135,102.0,20.270804650255137
Rac1 perturbation; RhoA response,Hill_expr,H(H(R)),2,3,2,20.0,60.252442538823544,6.211282861614537,102.0,20.270804650255137
Rac1 perturbation; RhoA response,Hill_expr,H(H(R)),2,3,2,20.33333,54.93775363313726,5.937689612009537,102.0,20.270804650255137
Rac1 perturbation; RhoA response,Hill_expr,H(H(R)),2,3,2,20.66667,53.41221635401958,5.695227244367421,102.0,20.270804650255137
Rac1 perturbation; RhoA response,Hill_expr,H(H(R)),2,3,2,21.0,51.74590877382354,5.497075961536212,102.0,20.270804650255137
Rac1 perturbation; RhoA response,Hill_expr,H(H(R)),2,3,2,21.33333,49.811513076666664,5.335278746646896,102.0,20.270804650255137
Rac1 perturbation; RhoA response,Hill_expr,H(H(R)),2,3,2,21.66667,48.297746493235316,5.129799521430641,102.0,20.270804650255137
Rac1 perturbation; RhoA response,Hill_expr,H(H(R)),2,3,2,22.0,45.60092938411764,4.995006420064211,102.0,20.270804650255137
Rac1 perturbation; RhoA response,Hill_expr,H(H(R)),2,3,2,22.33333,44.4127340992157,4.8266340646873305,102.0,20.270804650255137
Rac1 perturbation; RhoA response,Hill_expr,H(H(R)),2,3,2,22.66667,42.491818248921575,4.625541088577205,102.0,20.270804650255137
Rac1 perturbation; RhoA response,Hill_expr,H(H(R)),2,3,2,23.0,41.659108101274484,4.515479641560975,102.0,20.270804650255137
Rac1 perturbation; RhoA response,Hill_expr,H(H(R)),2,3,2,23.33333,38.6730312614706,4.488783836612278,102.0,20.270804650255137
Rac1 perturbation; RhoA response,Hill_expr,H(H(R)),2,3,2,23.66667,38.53872666362746,4.129225207279518,102.0,20.270804650255137
Rac1 perturbation; RhoA response,Hill_expr,H(H(R)),2,3,2,24.0,37.54951162980392,4.102495634891386,102.0,20.270804650255137
Rac1 perturbation; RhoA response,Hill_expr,H(H(R)),2,3,2,24.33333,35.11277371294116,3.9638793036179685,102.0,20.270804650255137
Rac1 perturbation; RhoA response,Hill_expr,H(H(R)),2,3,2,24.66667,35.0134794919608,3.7620191021991634,102.0,20.270804650255137
Rac1 perturbation; RhoA response,Hill_expr,H(H(R)),2,3,2,25.0,32.11807277588238,3.9196736044049127,102.0,20.270804650255137
Rac1 perturbation; RhoA response,Hill_expr,H(H(R)),2,3,2,25.33333,31.736724898627468,3.5403495985543985,102.0,20.270804650255137
Rac1 perturbation; RhoA response,Hill_expr,H(H(R)),2,3,2,25.66667,30.718837153627458,3.397342988096774,102.0,20.270804650255137
Rac1 perturbation; RhoA response,Hill_expr,H(H(R)),2,3,2,26.0,27.908241541372547,3.431207266681927,102.0,20.270804650255137
Rac1 perturbation; RhoA response,Hill_expr,H(H(R)),2,3,2,26.33333,28.56984123049018,3.217931216224954,102.0,20.270804650255137
Rac1 perturbation; RhoA response,Hill_expr,H(H(R)),2,3,2,26.66667,26.37594937568628,3.1554019459006484,102.0,20.270804650255137
Rac1 perturbation; RhoA response,Hill_expr,H(H(R)),2,3,2,27.0,25.747825074019605,3.0542962188404728,102.0,20.270804650255137
Rac1 perturbation; RhoA response,Hill_expr,H(H(R)),2,3,2,27.33333,24.73268942078432,2.9243926581318958,102.0,20.270804650255137
Rac1 perturbation; RhoA response,Hill_expr,H(H(R)),2,3,2,27.66667,24.258557118431348,2.896928675563027,102.0,20.270804650255137
Rac1 perturbation; RhoA response,Hill_expr,H(H(R)),2,3,2,28.0,23.011840799215722,2.7702758563838996,102.0,20.270804650255137
Rac1 perturbation; RhoA response,Hill_expr,H(H(R)),2,3,2,28.33333,21.77760988117646,2.700625819371455,102.0,20.270804650255137
Rac1 perturbation; RhoA response,Hill_expr,H(H(R)),2,3,2,28.66667,21.54180312882353,2.6256973587996195,102.0,20.270804650255137
Rac1 perturbation; RhoA response,Hill_expr,H(H(R)),2,3,2,29.0,20.32287866245098,2.66995211310369,102.0,20.270804650255137
Rac1 perturbation; RhoA response,Hill_expr,H(H(R)),2,3,2,29.33333,20.363870878333348,2.4945211722808143,102.0,20.270804650255137
Rac1 perturbation; RhoA response,Hill_expr,H(H(R)),2,3,2,29.66667,19.97427564813725,2.4175255153915023,102.0,20.270804650255137
Rac1 perturbation; RhoA response,Hill_expr,H(H(R)),2,3,2,30.0,17.7973158992157,2.5306698777694208,102.0,20.270804650255137
Rac1 perturbation; RhoA response,Hill_expr,H(H(R)),2,3,2,30.33333,17.458103272352947,2.3291121650380746,102.0,20.270804650255137
Rac1 perturbation; RhoA response,Hill_expr,H(H(R)),2,3,2,30.66667,16.752543151568634,2.262527913054402,102.0,20.270804650255137
Rac1 perturbation; RhoA response,Hill_expr,H(H(R)),2,3,2,31.0,14.37553241666668,2.4586861511019147,102.0,20.270804650255137
Rac1 perturbation; RhoA response,Hill_expr,H(H(R)),2,3,2,31.33333,13.515102849705887,2.4533890918269075,102.0,20.270804650255137
Rac1 perturbation; RhoA response,Hill_expr,H(H(R)),2,3,2,31.66667,16.101014468627447,2.038048694449689,102.0,20.270804650255137
Rac1 perturbation; RhoA response,Hill_expr,H(H(R)),2,3,2,32.0,14.126859001274509,1.9854514656714357,102.0,20.270804650255137
Rac1 perturbation; RhoA response,Hill_expr,H(H(R)),2,3,2,32.33333,13.246295078725488,2.0531502378823445,102.0,20.270804650255137
Rac1 perturbation; RhoA response,Hill_expr,H(H(R)),2,3,2,32.66667,12.516971541568626,2.040471503019399,102.0,20.270804650255137
Rac1 perturbation; RhoA response,Hill_expr,H(H(R)),2,3,2,33.0,12.442076037156873,2.0134486287433977,102.0,20.270804650255137
Rac1 perturbation; RhoA response,Hill_expr,H(H(R)),2,3,2,33.33333,12.216547963823531,1.8727446195322992,102.0,20.270804650255137
Rac1 perturbation; RhoA response,Hill_expr,H(H(R)),2,3,2,33.66667,11.682215155196088,1.8560369327016877,102.0,20.270804650255137
Rac1 perturbation; RhoA response,Hill_expr,H(H(R)),2,3,2,34.0,10.906749343823531,1.8787041449193262,102.0,20.270804650255137
Rac1 perturbation; RhoA response,Hill_expr,H(H(R)),2,3,2,34.33333,11.297668761078432,1.8448578953953105,102.0,20.270804650255137
Rac1 perturbation; RhoA response,Hill_expr,H(H(R)),2,3,2,34.66667,12.379576779705877,1.8287141006657635,102.0,20.270804650255137
Rac1 perturbation; RhoA response,Hill_expr,H(H(R)),2,3,2,35.0,10.84845148784313,1.8385037400772086,102.0,20.270804650255137
Rac1 perturbation; RhoA response,Hill_expr,H(H(R)),2,3,2,35.33333,11.238808759313724,1.7713856536652122,102.0,20.270804650255137
Rac1 perturbation; RhoA response,Hill_expr,H(H(R)),2,3,2,35.66667,11.247143731274516,1.718822062362493,102.0,20.270804650255137
Rac1 perturbation; RhoA response,Hill_expr,H(H(R)),2,3,2,36.0,10.426152883627456,1.7539688826656712,102.0,20.270804650255137
Rac1 perturbation; RhoA response,Hill_expr,H(H(R)),2,3,2,36.33333,11.260318706862732,1.6868161769351129,102.0,20.270804650255137
Rac1 perturbation; RhoA response,Hill_expr,H(H(R)),2,3,2,36.66667,9.972245372254905,1.7253956850272392,102.0,20.270804650255137
Rac1 perturbation; RhoA response,Hill_expr,H(H(R)),2,3,2,37.0,10.654978836470594,1.7021852829646875,102.0,20.270804650255137
Rac1 perturbation; RhoA response,Hill_expr,H(H(R)),2,3,2,37.33333,9.74520202176471,1.696097020042852,102.0,20.270804650255137
Rac1 perturbation; RhoA response,Hill_expr,H(H(R)),2,3,2,37.66667,9.260330918921571,1.701754690667574,102.0,20.270804650255137
Rac1 perturbation; RhoA response,Hill_expr,H(H(R)),2,3,2,38.0,9.296067204705885,1.7005456129781193,102.0,20.270804650255137
Rac1 perturbation; RhoA response,Hill_expr,H(H(R)),2,3,2,38.33333,10.309174082549015,1.704818568689371,102.0,20.270804650255137
Rac1 perturbation; RhoA response,Hill_expr,H(H(R)),2,3,2,38.66667,8.86877129264706,1.6918583576513293,102.0,20.270804650255137
Rac1 perturbation; RhoA response,Hill_expr,H(H(R)),2,3,2,39.0,8.963871901960788,1.6809574639558549,102.0,20.270804650255137
Rac1 perturbation; RhoA response,Hill_expr,H(H(R)),2,3,2,39.33333,9.20126891764706,1.6523584950996888,102.0,20.270804650255137
Rac1 perturbation; RhoA response,Hill_expr,H(H(R)),2,3,2,39.66667,7.3494802596078435,1.833555564668603,102.0,20.270804650255137
Rac1 perturbation; RhoA response,Hill_expr,H(H(R)),2,3,2,40.0,8.58402001862745,1.5668875650562373,102.0,20.270804650255137
Rac1 perturbation; RhoA response,Hill_expr,(H(H(R))+R),2,5,2,0.0,-1.3762895822549015,0.50411235386505,102.0,-1.3762903264024218
Rac1 perturbation; RhoA response,Hill_expr,(H(H(R))+R),2,5,2,0.3333333,21.80185077156863,3.422024980475965,102.0,20.270744930015855
Rac1 perturbation; RhoA response,Hill_expr,(H(H(R))+R),2,5,2,0.6666667,30.611781803333344,4.267726477815583,102.0,20.270790574286135
Rac1 perturbation; RhoA response,Hill_expr,(H(H(R))+R),2,5,2,1.0,36.53921146166665,4.7264010770576395,102.0,20.270790576368864
Rac1 perturbation; RhoA response,Hill_expr,(H(H(R))+R),2,5,2,1.333333,40.477224400588234,4.96975511730596,102.0,20.27079057636896
Rac1 perturbation; RhoA response,Hill_expr,(H(H(R))+R),2,5,2,1.666667,43.672935604509775,5.187860435813586,102.0,20.27079057636896
Rac1 perturbation; RhoA response,Hill_expr,(H(H(R))+R),2,5,2,2.0,45.44188075156865,5.219705333024379,102.0,20.27079057636896
Rac1 perturbation; RhoA response,Hill_expr,(H(H(R))+R),2,5,2,2.333333,47.868677996862765,5.318296797389352,102.0,20.27079057636896
Rac1 perturbation; RhoA response,Hill_expr,(H(H(R))+R),2,5,2,2.666667,49.029414602647094,5.380577874091345,102.0,20.27079057636896
Rac1 perturbation; RhoA response,Hill_expr,(H(H(R))+R),2,5,2,3.0,48.87878536852945,5.4279260084635395,102.0,20.27079057636896
Rac1 perturbation; RhoA response,Hill_expr,(H(H(R))+R),2,5,2,3.333333,49.545590385490236,5.424570471400211,102.0,20.27079057636896
Rac1 perturbation; RhoA response,Hill_expr,(H(H(R))+R),2,5,2,3.666667,50.60425583872549,5.496107309152899,102.0,20.27079057636896
Rac1 perturbation; RhoA response,Hill_expr,(H(H(R))+R),2,5,2,4.0,51.097094013823536,5.375149351545362,102.0,20.27079057636896
Rac1 perturbation; RhoA response,Hill_expr,(H(H(R))+R),2,5,2,4.333334,51.92032161539212,5.5017946234984585,102.0,20.27079057636896
Rac1 perturbation; RhoA response,Hill_expr,(H(H(R))+R),2,5,2,4.666667,53.32254371009807,5.471471875035747,102.0,20.27079057636896
Rac1 perturbation; RhoA response,Hill_expr,(H(H(R))+R),2,5,2,5.0,53.65529186735294,5.5488078085022225,102.0,20.27079057636896
Rac1 perturbation; RhoA response,Hill_expr,(H(H(R))+R),2,5,2,5.333334,53.23606688637256,5.6422528946411745,102.0,20.27079057636896
Rac1 perturbation; RhoA response,Hill_expr,(H(H(R))+R),2,5,2,5.666667,54.337714760000026,5.627293786005503,102.0,20.27079057636896
Rac1 perturbation; RhoA response,Hill_expr,(H(H(R))+R),2,5,2,6.0,55.12635692107845,5.643440842444053,102.0,20.27079057636896
Rac1 perturbation; RhoA response,Hill_expr,(H(H(R))+R),2,5,2,6.333334,55.17007110450979,5.701209437509858,102.0,20.27079057636896
Rac1 perturbation; RhoA response,Hill_expr,(H(H(R))+R),2,5,2,6.666667,56.69644097803922,5.717524859993219,102.0,20.27079057636896
Rac1 perturbation; RhoA response,Hill_expr,(H(H(R))+R),2,5,2,7.0,56.69522668107843,5.77149142849537,102.0,20.27079057636896
Rac1 perturbation; RhoA response,Hill_expr,(H(H(R))+R),2,5,2,7.333334,58.28530611843136,5.761652468322007,102.0,20.27079057636896
Rac1 perturbation; RhoA response,Hill_expr,(H(H(R))+R),2,5,2,7.666667,56.961419657647085,5.735573448742369,102.0,20.27079057636896
Rac1 perturbation; RhoA response,Hill_expr,(H(H(R))+R),2,5,2,8.0,57.82338275784312,5.783570548698452,102.0,20.27079057636896
Rac1 perturbation; RhoA response,Hill_expr,(H(H(R))+R),2,5,2,8.333333,57.75019856147062,5.826416212905212,102.0,20.27079057636896
Rac1 perturbation; RhoA response,Hill_expr,(H(H(R))+R),2,5,2,8.666667,57.203753222352915,5.852569095038439,102.0,20.27079057636896
Rac1 perturbation; RhoA response,Hill_expr,(H(H(R))+R),2,5,2,9.0,59.05442461176468,5.764011948896135,102.0,20.27079057636896
Rac1 perturbation; RhoA response,Hill_expr,(H(H(R))+R),2,5,2,9.333333,59.10767345686274,5.811593078418382,102.0,20.27079057636896
Rac1 perturbation; RhoA response,Hill_expr,(H(H(R))+R),2,5,2,9.666667,59.51643125921565,5.796861784424392,102.0,20.27079057636896
Rac1 perturbation; RhoA response,Hill_expr,(H(H(R))+R),2,5,2,10.0,58.97425116039215,5.880594663651929,102.0,20.27079057636896
Rac1 perturbation; RhoA response,Hill_expr,(H(H(R))+R),2,5,2,10.33333,59.97277649754901,5.925760585001861,102.0,20.27079057636896
Rac1 perturbation; RhoA response,Hill_expr,(H(H(R))+R),2,5,2,10.66667,59.67217276107842,5.911423324421129,102.0,20.27079057636896
Rac1 perturbation; RhoA response,Hill_expr,(H(H(R))+R),2,5,2,11.0,59.94570601833335,5.938615244252045,102.0,20.27079057636896
Rac1 perturbation; RhoA response,Hill_expr,(H(H(R))+R),2,5,2,11.33333,60.26858066990196,5.969688831347074,102.0,20.27079057636896
Rac1 perturbation; RhoA response,Hill_expr,(H(H(R))+R),2,5,2,11.66667,60.39380383892158,6.000789739288233,102.0,20.27079057636896
Rac1 perturbation; RhoA response,Hill_expr,(H(H(R))+R),2,5,2,12.0,60.59690535833334,6.002558505598481,102.0,20.27079057636896
Rac1 perturbation; RhoA response,Hill_expr,(H(H(R))+R),2,5,2,12.33333,61.123595551960754,6.037858062722709,102.0,20.27079057636896
Rac1 perturbation; RhoA response,Hill_expr,(H(H(R))+R),2,5,2,12.66667,59.86330000117649,6.008450062217623,102.0,20.27079057636896
Rac1 perturbation; RhoA response,Hill_expr,(H(H(R))+R),2,5,2,13.0,60.16060124039215,6.045579739948293,102.0,20.27079057636896
Rac1 perturbation; RhoA response,Hill_expr,(H(H(R))+R),2,5,2,13.33333,60.81838072127449,6.051579153459915,102.0,20.27079057636896
Rac1 perturbation; RhoA response,Hill_expr,(H(H(R))+R),2,5,2,13.66667,59.48289247960783,6.053387283634875,102.0,20.27079057636896
Rac1 perturbation; RhoA response,Hill_expr,(H(H(R))+R),2,5,2,14.0,60.599503611764675,6.119341040924408,102.0,20.27079057636896
Rac1 perturbation; RhoA response,Hill_expr,(H(H(R))+R),2,5,2,14.33333,60.19987780362744,6.0850591297034455,102.0,20.27079057636896
Rac1 perturbation; RhoA response,Hill_expr,(H(H(R))+R),2,5,2,14.66667,59.93194524715691,6.106322483011755,102.0,20.27079057636896
Rac1 perturbation; RhoA response,Hill_expr,(H(H(R))+R),2,5,2,15.0,60.337562376274484,6.078237746506857,102.0,20.27079057636896
Rac1 perturbation; RhoA response,Hill_expr,(H(H(R))+R),2,5,2,15.33333,59.58158538578434,6.207874054728857,102.0,20.27079057636896
Rac1 perturbation; RhoA response,Hill_expr,(H(H(R))+R),2,5,2,15.66667,60.71967915656863,6.093759525579715,102.0,20.27079057636896
Rac1 perturbation; RhoA response,Hill_expr,(H(H(R))+R),2,5,2,16.0,59.92963646921569,6.152597945396288,102.0,20.27079057636896
Rac1 perturbation; RhoA response,Hill_expr,(H(H(R))+R),2,5,2,16.33333,60.424480239313745,6.1628092434583905,102.0,20.27079057636896
Rac1 perturbation; RhoA response,Hill_expr,(H(H(R))+R),2,5,2,16.66667,60.825864639607836,6.093484097308075,102.0,20.27079057636896
Rac1 perturbation; RhoA response,Hill_expr,(H(H(R))+R),2,5,2,17.0,59.230446043823555,6.1847919298934935,102.0,20.27079057636896
Rac1 perturbation; RhoA response,Hill_expr,(H(H(R))+R),2,5,2,17.33333,59.53360226147061,6.144033862175193,102.0,20.27079057636896
Rac1 perturbation; RhoA response,Hill_expr,(H(H(R))+R),2,5,2,17.66667,60.603943836372565,6.146058064480174,102.0,20.27079057636896
Rac1 perturbation; RhoA response,Hill_expr,(H(H(R))+R),2,5,2,18.0,60.08698748911767,6.153517102502953,102.0,20.27079057636896
Rac1 perturbation; RhoA response,Hill_expr,(H(H(R))+R),2,5,2,18.33333,58.60493436343134,6.284901944529139,102.0,20.27079057636896
Rac1 perturbation; RhoA response,Hill_expr,(H(H(R))+R),2,5,2,18.66667,58.18239181794117,6.2687536088556275,102.0,20.27079057636896
Rac1 perturbation; RhoA response,Hill_expr,(H(H(R))+R),2,5,2,19.0,59.209288051666626,6.187989336239144,102.0,20.27079057636896
Rac1 perturbation; RhoA response,Hill_expr,(H(H(R))+R),2,5,2,19.33333,58.852119528431395,6.2289736432097715,102.0,20.27079057636896
Rac1 perturbation; RhoA response,Hill_expr,(H(H(R))+R),2,5,2,19.66667,58.169122079019594,6.2673284333163135,102.0,20.27079057636896
Rac1 perturbation; RhoA response,Hill_expr,(H(H(R))+R),2,5,2,20.0,60.252442538823544,6.211282861614537,102.0,20.27079057636896
Rac1 perturbation; RhoA response,Hill_expr,(H(H(R))+R),2,5,2,20.33333,54.93775363313726,5.937689612009537,102.0,20.27079057636896
Rac1 perturbation; RhoA response,Hill_expr,(H(H(R))+R),2,5,2,20.66667,53.41221635401958,5.695227244367421,102.0,20.27079057636896
Rac1 perturbation; RhoA response,Hill_expr,(H(H(R))+R),2,5,2,21.0,51.74590877382354,5.497075961536212,102.0,20.27079057636896
Rac1 perturbation; RhoA response,Hill_expr,(H(H(R))+R),2,5,2,21.33333,49.811513076666664,5.335278746646896,102.0,20.27079057636896
Rac1 perturbation; RhoA response,Hill_expr,(H(H(R))+R),2,5,2,21.66667,48.297746493235316,5.129799521430641,102.0,20.27079057636896
Rac1 perturbation; RhoA response,Hill_expr,(H(H(R))+R),2,5,2,22.0,45.60092938411764,4.995006420064211,102.0,20.27079057636896
Rac1 perturbation; RhoA response,Hill_expr,(H(H(R))+R),2,5,2,22.33333,44.4127340992157,4.8266340646873305,102.0,20.27079057636896
Rac1 perturbation; RhoA response,Hill_expr,(H(H(R))+R),2,5,2,22.66667,42.491818248921575,4.625541088577205,102.0,20.27079057636896
Rac1 perturbation; RhoA response,Hill_expr,(H(H(R))+R),2,5,2,23.0,41.659108101274484,4.515479641560975,102.0,20.27079057636896
Rac1 perturbation; RhoA response,Hill_expr,(H(H(R))+R),2,5,2,23.33333,38.6730312614706,4.488783836612278,102.0,20.27079057636896
Rac1 perturbation; RhoA response,Hill_expr,(H(H(R))+R),2,5,2,23.66667,38.53872666362746,4.129225207279518,102.0,20.27079057636896
Rac1 perturbation; RhoA response,Hill_expr,(H(H(R))+R),2,5,2,24.0,37.54951162980392,4.102495634891386,102.0,20.27079057636896
Rac1 perturbation; RhoA response,Hill_expr,(H(H(R))+R),2,5,2,24.33333,35.11277371294116,3.9638793036179685,102.0,20.27079057636896
Rac1 perturbation; RhoA response,Hill_expr,(H(H(R))+R),2,5,2,24.66667,35.0134794919608,3.7620191021991634,102.0,20.27079057636896
Rac1 perturbation; RhoA response,Hill_expr,(H(H(R))+R),2,5,2,25.0,32.11807277588238,3.9196736044049127,102.0,20.27079057636896
Rac1 perturbation; RhoA response,Hill_expr,(H(H(R))+R),2,5,2,25.33333,31.736724898627468,3.5403495985543985,102.0,20.27079057636896
Rac1 perturbation; RhoA response,Hill_expr,(H(H(R))+R),2,5,2,25.66667,30.718837153627458,3.397342988096774,102.0,20.27079057636896
Rac1 perturbation; RhoA response,Hill_expr,(H(H(R))+R),2,5,2,26.0,27.908241541372547,3.431207266681927,102.0,20.27079057636896
Rac1 perturbation; RhoA response,Hill_expr,(H(H(R))+R),2,5,2,26.33333,28.56984123049018,3.217931216224954,102.0,20.27079057636896
Rac1 perturbation; RhoA response,Hill_expr,(H(H(R))+R),2,5,2,26.66667,26.37594937568628,3.1554019459006484,102.0,20.27079057636896
Rac1 perturbation; RhoA response,Hill_expr,(H(H(R))+R),2,5,2,27.0,25.747825074019605,3.0542962188404728,102.0,20.27079057636896
Rac1 perturbation; RhoA response,Hill_expr,(H(H(R))+R),2,5,2,27.33333,24.73268942078432,2.9243926581318958,102.0,20.27079057636896
Rac1 perturbation; RhoA response,Hill_expr,(H(H(R))+R),2,5,2,27.66667,24.258557118431348,2.896928675563027,102.0,20.27079057636896
Rac1 perturbation; RhoA response,Hill_expr,(H(H(R))+R),2,5,2,28.0,23.011840799215722,2.7702758563838996,102.0,20.27079057636896
Rac1 perturbation; RhoA response,Hill_expr,(H(H(R))+R),2,5,2,28.33333,21.77760988117646,2.700625819371455,102.0,20.27079057636896
Rac1 perturbation; RhoA response,Hill_expr,(H(H(R))+R),2,5,2,28.66667,21.54180312882353,2.6256973587996195,102.0,20.27079057636896
Rac1 perturbation; RhoA response,Hill_expr,(H(H(R))+R),2,5,2,29.0,20.32287866245098,2.66995211310369,102.0,20.27079057636896
Rac1 perturbation; RhoA response,Hill_expr,(H(H(R))+R),2,5,2,29.33333,20.363870878333348,2.4945211722808143,102.0,20.27079057636896
Rac1 perturbation; RhoA response,Hill_expr,(H(H(R))+R),2,5,2,29.66667,19.97427564813725,2.4175255153915023,102.0,20.27079057636896
Rac1 perturbation; RhoA response,Hill_expr,(H(H(R))+R),2,5,2,30.0,17.7973158992157,2.5306698777694208,102.0,20.27079057636896
Rac1 perturbation; RhoA response,Hill_expr,(H(H(R))+R),2,5,2,30.33333,17.458103272352947,2.3291121650380746,102.0,20.27079057636896
Rac1 perturbation; RhoA response,Hill_expr,(H(H(R))+R),2,5,2,30.66667,16.752543151568634,2.262527913054402,102.0,20.27079057636896
Rac1 perturbation; RhoA response,Hill_expr,(H(H(R))+R),2,5,2,31.0,14.37553241666668,2.4586861511019147,102.0,20.27079057636896
Rac1 perturbation; RhoA response,Hill_expr,(H(H(R))+R),2,5,2,31.33333,13.515102849705887,2.4533890918269075,102.0,20.27079057636896
Rac1 perturbation; RhoA response,Hill_expr,(H(H(R))+R),2,5,2,31.66667,16.101014468627447,2.038048694449689,102.0,20.27079057636896
Rac1 perturbation; RhoA response,Hill_expr,(H(H(R))+R),2,5,2,32.0,14.126859001274509,1.9854514656714357,102.0,20.27079057636896
Rac1 perturbation; RhoA response,Hill_expr,(H(H(R))+R),2,5,2,32.33333,13.246295078725488,2.0531502378823445,102.0,20.27079057636896
Rac1 perturbation; RhoA response,Hill_expr,(H(H(R))+R),2,5,2,32.66667,12.516971541568626,2.040471503019399,102.0,20.27079057636896
Rac1 perturbation; RhoA response,Hill_expr,(H(H(R))+R),2,5,2,33.0,12.442076037156873,2.0134486287433977,102.0,20.27079057636896
Rac1 perturbation; RhoA response,Hill_expr,(H(H(R))+R),2,5,2,33.33333,12.216547963823531,1.8727446195322992,102.0,20.27079057636896
Rac1 perturbation; RhoA response,Hill_expr,(H(H(R))+R),2,5,2,33.66667,11.682215155196088,1.8560369327016877,102.0,20.27079057636896
Rac1 perturbation; RhoA response,Hill_expr,(H(H(R))+R),2,5,2,34.0,10.906749343823531,1.8787041449193262,102.0,20.27079057636896
Rac1 perturbation; RhoA response,Hill_expr,(H(H(R))+R),2,5,2,34.33333,11.297668761078432,1.8448578953953105,102.0,20.27079057636896
Rac1 perturbation; RhoA response,Hill_expr,(H(H(R))+R),2,5,2,34.66667,12.379576779705877,1.8287141006657635,102.0,20.27079057636896
Rac1 perturbation; RhoA response,Hill_expr,(H(H(R))+R),2,5,2,35.0,10.84845148784313,1.8385037400772086,102.0,20.27079057636896
Rac1 perturbation; RhoA response,Hill_expr,(H(H(R))+R),2,5,2,35.33333,11.238808759313724,1.7713856536652122,102.0,20.27079057636896
Rac1 perturbation; RhoA response,Hill_expr,(H(H(R))+R),2,5,2,35.66667,11.247143731274516,1.718822062362493,102.0,20.27079057636896
Rac1 perturbation; RhoA response,Hill_expr,(H(H(R))+R),2,5,2,36.0,10.426152883627456,1.7539688826656712,102.0,20.27079057636896
Rac1 perturbation; RhoA response,Hill_expr,(H(H(R))+R),2,5,2,36.33333,11.260318706862732,1.6868161769351129,102.0,20.27079057636896
Rac1 perturbation; RhoA response,Hill_expr,(H(H(R))+R),2,5,2,36.66667,9.972245372254905,1.7253956850272392,102.0,20.27079057636896
Rac1 perturbation; RhoA response,Hill_expr,(H(H(R))+R),2,5,2,37.0,10.654978836470594,1.7021852829646875,102.0,20.27079057636896
Rac1 perturbation; RhoA response,Hill_expr,(H(H(R))+R),2,5,2,37.33333,9.74520202176471,1.696097020042852,102.0,20.27079057636896
Rac1 perturbation; RhoA response,Hill_expr,(H(H(R))+R),2,5,2,37.66667,9.260330918921571,1.701754690667574,102.0,20.27079057636896
Rac1 perturbation; RhoA response,Hill_expr,(H(H(R))+R),2,5,2,38.0,9.296067204705885,1.7005456129781193,102.0,20.27079057636896
Rac1 perturbation; RhoA response,Hill_expr,(H(H(R))+R),2,5,2,38.33333,10.309174082549015,1.704818568689371,102.0,20.27079057636896
Rac1 perturbation; RhoA response,Hill_expr,(H(H(R))+R),2,5,2,38.66667,8.86877129264706,1.6918583576513293,102.0,20.27079057636896
Rac1 perturbation; RhoA response,Hill_expr,(H(H(R))+R),2,5,2,39.0,8.963871901960788,1.6809574639558549,102.0,20.27079057636896
Rac1 perturbation; RhoA response,Hill_expr,(H(H(R))+R),2,5,2,39.33333,9.20126891764706,1.6523584950996888,102.0,20.27079057636896
Rac1 perturbation; RhoA response,Hill_expr,(H(H(R))+R),2,5,2,39.66667,7.3494802596078435,1.833555564668603,102.0,20.27079057636896
Rac1 perturbation; RhoA response,Hill_expr,(H(H(R))+R),2,5,2,40.0,8.58402001862745,1.5668875650562373,102.0,20.27079057636896
Rac1 perturbation; RhoA response,Hill_expr,H((H(R)+R)),2,5,2,0.0,-1.3762895822549015,0.50411235386505,102.0,-1.3762919909663092
Rac1 perturbation; RhoA response,Hill_expr,H((H(R)+R)),2,5,2,0.3333333,21.80185077156863,3.422024980475965,102.0,20.27080473436926
Rac1 perturbation; RhoA response,Hill_expr,H((H(R)+R)),2,5,2,0.6666667,30.611781803333344,4.267726477815583,102.0,20.27080474160629
Rac1 perturbation; RhoA response,Hill_expr,H((H(R)+R)),2,5,2,1.0,36.53921146166665,4.7264010770576395,102.0,20.270804741977788
Rac1 perturbation; RhoA response,Hill_expr,H((H(R)+R)),2,5,2,1.333333,40.477224400588234,4.96975511730596,102.0,20.27080474205943
Rac1 perturbation; RhoA response,Hill_expr,H((H(R)+R)),2,5,2,1.666667,43.672935604509775,5.187860435813586,102.0,20.270804742087368
Rac1 perturbation; RhoA response,Hill_expr,H((H(R)+R)),2,5,2,2.0,45.44188075156865,5.219705333024379,102.0,20.270804742098775
Rac1 perturbation; RhoA response,Hill_expr,H((H(R)+R)),2,5,2,2.333333,47.868677996862765,5.318296797389352,102.0,20.270804742103813
Rac1 perturbation; RhoA response,Hill_expr,H((H(R)+R)),2,5,2,2.666667,49.029414602647094,5.380577874091345,102.0,20.270804742106115
Rac1 perturbation; RhoA response,Hill_expr,H((H(R)+R)),2,5,2,3.0,48.87878536852945,5.4279260084635395,102.0,20.270804742107185
Rac1 perturbation; RhoA response,Hill_expr,H((H(R)+R)),2,5,2,3.333333,49.545590385490236,5.424570471400211,102.0,20.270804742107686
Rac1 perturbation; RhoA response,Hill_expr,H((H(R)+R)),2,5,2,3.666667,50.60425583872549,5.496107309152899,102.0,20.27080474210792
Rac1 perturbation; RhoA response,Hill_expr,H((H(R)+R)),2,5,2,4.0,51.097094013823536,5.375149351545362,102.0,20.27080474210803
Rac1 perturbation; RhoA response,Hill_expr,H((H(R)+R)),2,5,2,4.333334,51.92032161539212,5.5017946234984585,102.0,20.270804742108083
Rac1 perturbation; RhoA response,Hill_expr,H((H(R)+R)),2,5,2,4.666667,53.32254371009807,5.471471875035747,102.0,20.27080474210811
Rac1 perturbation; RhoA response,Hill_expr,H((H(R)+R)),2,5,2,5.0,53.65529186735294,5.5488078085022225,102.0,20.270804742108123
Rac1 perturbation; RhoA response,Hill_expr,H((H(R)+R)),2,5,2,5.333334,53.23606688637256,5.6422528946411745,102.0,20.270804742108126
Rac1 perturbation; RhoA response,Hill_expr,H((H(R)+R)),2,5,2,5.666667,54.337714760000026,5.627293786005503,102.0,20.27080474210813
Rac1 perturbation; RhoA response,Hill_expr,H((H(R)+R)),2,5,2,6.0,55.12635692107845,5.643440842444053,102.0,20.27080474210813
Rac1 perturbation; RhoA response,Hill_expr,H((H(R)+R)),2,5,2,6.333334,55.17007110450979,5.701209437509858,102.0,20.27080474210813
Rac1 perturbation; RhoA response,Hill_expr,H((H(R)+R)),2,5,2,6.666667,56.69644097803922,5.717524859993219,102.0,20.27080474210813
Rac1 perturbation; RhoA response,Hill_expr,H((H(R)+R)),2,5,2,7.0,56.69522668107843,5.77149142849537,102.0,20.27080474210813
Rac1 perturbation; RhoA response,Hill_expr,H((H(R)+R)),2,5,2,7.333334,58.28530611843136,5.761652468322007,102.0,20.27080474210813
Rac1 perturbation; RhoA response,Hill_expr,H((H(R)+R)),2,5,2,7.666667,56.961419657647085,5.735573448742369,102.0,20.27080474210813
Rac1 perturbation; RhoA response,Hill_expr,H((H(R)+R)),2,5,2,8.0,57.82338275784312,5.783570548698452,102.0,20.27080474210813
Rac1 perturbation; RhoA response,Hill_expr,H((H(R)+R)),2,5,2,8.333333,57.75019856147062,5.826416212905212,102.0,20.27080474210813
Rac1 perturbation; RhoA response,Hill_expr,H((H(R)+R)),2,5,2,8.666667,57.203753222352915,5.852569095038439,102.0,20.27080474210813
Rac1 perturbation; RhoA response,Hill_expr,H((H(R)+R)),2,5,2,9.0,59.05442461176468,5.764011948896135,102.0,20.27080474210813
Rac1 perturbation; RhoA response,Hill_expr,H((H(R)+R)),2,5,2,9.333333,59.10767345686274,5.811593078418382,102.0,20.27080474210813
Rac1 perturbation; RhoA response,Hill_expr,H((H(R)+R)),2,5,2,9.666667,59.51643125921565,5.796861784424392,102.0,20.27080474210813
Rac1 perturbation; RhoA response,Hill_expr,H((H(R)+R)),2,5,2,10.0,58.97425116039215,5.880594663651929,102.0,20.27080474210813
Rac1 perturbation; RhoA response,Hill_expr,H((H(R)+R)),2,5,2,10.33333,59.97277649754901,5.925760585001861,102.0,20.27080474210813
Rac1 perturbation; RhoA response,Hill_expr,H((H(R)+R)),2,5,2,10.66667,59.67217276107842,5.911423324421129,102.0,20.27080474210813
Rac1 perturbation; RhoA response,Hill_expr,H((H(R)+R)),2,5,2,11.0,59.94570601833335,5.938615244252045,102.0,20.27080474210813
Rac1 perturbation; RhoA response,Hill_expr,H((H(R)+R)),2,5,2,11.33333,60.26858066990196,5.969688831347074,102.0,20.27080474210813
Rac1 perturbation; RhoA response,Hill_expr,H((H(R)+R)),2,5,2,11.66667,60.39380383892158,6.000789739288233,102.0,20.27080474210813
Rac1 perturbation; RhoA response,Hill_expr,H((H(R)+R)),2,5,2,12.0,60.59690535833334,6.002558505598481,102.0,20.27080474210813
Rac1 perturbation; RhoA response,Hill_expr,H((H(R)+R)),2,5,2,12.33333,61.123595551960754,6.037858062722709,102.0,20.27080474210813
Rac1 perturbation; RhoA response,Hill_expr,H((H(R)+R)),2,5,2,12.66667,59.86330000117649,6.008450062217623,102.0,20.27080474210813
Rac1 perturbation; RhoA response,Hill_expr,H((H(R)+R)),2,5,2,13.0,60.16060124039215,6.045579739948293,102.0,20.27080474210813
Rac1 perturbation; RhoA response,Hill_expr,H((H(R)+R)),2,5,2,13.33333,60.81838072127449,6.051579153459915,102.0,20.27080474210813
Rac1 perturbation; RhoA response,Hill_expr,H((H(R)+R)),2,5,2,13.66667,59.48289247960783,6.053387283634875,102.0,20.27080474210813
Rac1 perturbation; RhoA response,Hill_expr,H((H(R)+R)),2,5,2,14.0,60.599503611764675,6.119341040924408,102.0,20.27080474210813
Rac1 perturbation; RhoA response,Hill_expr,H((H(R)+R)),2,5,2,14.33333,60.19987780362744,6.0850591297034455,102.0,20.27080474210813
Rac1 perturbation; RhoA response,Hill_expr,H((H(R)+R)),2,5,2,14.66667,59.93194524715691,6.106322483011755,102.0,20.27080474210813
Rac1 perturbation; RhoA response,Hill_expr,H((H(R)+R)),2,5,2,15.0,60.337562376274484,6.078237746506857,102.0,20.27080474210813
Rac1 perturbation; RhoA response,Hill_expr,H((H(R)+R)),2,5,2,15.33333,59.58158538578434,6.207874054728857,102.0,20.27080474210813
Rac1 perturbation; RhoA response,Hill_expr,H((H(R)+R)),2,5,2,15.66667,60.71967915656863,6.093759525579715,102.0,20.27080474210813
Rac1 perturbation; RhoA response,Hill_expr,H((H(R)+R)),2,5,2,16.0,59.92963646921569,6.152597945396288,102.0,20.27080474210813
Rac1 perturbation; RhoA response,Hill_expr,H((H(R)+R)),2,5,2,16.33333,60.424480239313745,6.1628092434583905,102.0,20.27080474210813
Rac1 perturbation; RhoA response,Hill_expr,H((H(R)+R)),2,5,2,16.66667,60.825864639607836,6.093484097308075,102.0,20.27080474210813
Rac1 perturbation; RhoA response,Hill_expr,H((H(R)+R)),2,5,2,17.0,59.230446043823555,6.1847919298934935,102.0,20.27080474210813
Rac1 perturbation; RhoA response,Hill_expr,H((H(R)+R)),2,5,2,17.33333,59.53360226147061,6.144033862175193,102.0,20.27080474210813
Rac1 perturbation; RhoA response,Hill_expr,H((H(R)+R)),2,5,2,17.66667,60.603943836372565,6.146058064480174,102.0,20.27080474210813
Rac1 perturbation; RhoA response,Hill_expr,H((H(R)+R)),2,5,2,18.0,60.08698748911767,6.153517102502953,102.0,20.27080474210813
Rac1 perturbation; RhoA response,Hill_expr,H((H(R)+R)),2,5,2,18.33333,58.60493436343134,6.284901944529139,102.0,20.27080474210813
Rac1 perturbation; RhoA response,Hill_expr,H((H(R)+R)),2,5,2,18.66667,58.18239181794117,6.2687536088556275,102.0,20.27080474210813
Rac1 perturbation; RhoA response,Hill_expr,H((H(R)+R)),2,5,2,19.0,59.209288051666626,6.187989336239144,102.0,20.27080474210813
Rac1 perturbation; RhoA response,Hill_expr,H((H(R)+R)),2,5,2,19.33333,58.852119528431395,6.2289736432097715,102.0,20.27080474210813
Rac1 perturbation; RhoA response,Hill_expr,H((H(R)+R)),2,5,2,19.66667,58.169122079019594,6.2673284333163135,102.0,20.27080474210813
Rac1 perturbation; RhoA response,Hill_expr,H((H(R)+R)),2,5,2,20.0,60.252442538823544,6.211282861614537,102.0,20.27080474210813
Rac1 perturbation; RhoA response,Hill_expr,H((H(R)+R)),2,5,2,20.33333,54.93775363313726,5.937689612009537,102.0,20.27080474210813
Rac1 perturbation; RhoA response,Hill_expr,H((H(R)+R)),2,5,2,20.66667,53.41221635401958,5.695227244367421,102.0,20.27080474210813
Rac1 perturbation; RhoA response,Hill_expr,H((H(R)+R)),2,5,2,21.0,51.74590877382354,5.497075961536212,102.0,20.27080474210813
Rac1 perturbation; RhoA response,Hill_expr,H((H(R)+R)),2,5,2,21.33333,49.811513076666664,5.335278746646896,102.0,20.27080474210813
Rac1 perturbation; RhoA response,Hill_expr,H((H(R)+R)),2,5,2,21.66667,48.297746493235316,5.129799521430641,102.0,20.27080474210813
Rac1 perturbation; RhoA response,Hill_expr,H((H(R)+R)),2,5,2,22.0,45.60092938411764,4.995006420064211,102.0,20.27080474210813
Rac1 perturbation; RhoA response,Hill_expr,H((H(R)+R)),2,5,2,22.33333,44.4127340992157,4.8266340646873305,102.0,20.27080474210813
Rac1 perturbation; RhoA response,Hill_expr,H((H(R)+R)),2,5,2,22.66667,42.491818248921575,4.625541088577205,102.0,20.27080474210813
Rac1 perturbation; RhoA response,Hill_expr,H((H(R)+R)),2,5,2,23.0,41.659108101274484,4.515479641560975,102.0,20.27080474210813
Rac1 perturbation; RhoA response,Hill_expr,H((H(R)+R)),2,5,2,23.33333,38.6730312614706,4.488783836612278,102.0,20.27080474210813
Rac1 perturbation; RhoA response,Hill_expr,H((H(R)+R)),2,5,2,23.66667,38.53872666362746,4.129225207279518,102.0,20.27080474210813
Rac1 perturbation; RhoA response,Hill_expr,H((H(R)+R)),2,5,2,24.0,37.54951162980392,4.102495634891386,102.0,20.27080474210813
Rac1 perturbation; RhoA response,Hill_expr,H((H(R)+R)),2,5,2,24.33333,35.11277371294116,3.9638793036179685,102.0,20.27080474210813
Rac1 perturbation; RhoA response,Hill_expr,H((H(R)+R)),2,5,2,24.66667,35.0134794919608,3.7620191021991634,102.0,20.27080474210813
Rac1 perturbation; RhoA response,Hill_expr,H((H(R)+R)),2,5,2,25.0,32.11807277588238,3.9196736044049127,102.0,20.27080474210813
Rac1 perturbation; RhoA response,Hill_expr,H((H(R)+R)),2,5,2,25.33333,31.736724898627468,3.5403495985543985,102.0,20.27080474210813
Rac1 perturbation; RhoA response,Hill_expr,H((H(R)+R)),2,5,2,25.66667,30.718837153627458,3.397342988096774,102.0,20.27080474210813
Rac1 perturbation; RhoA response,Hill_expr,H((H(R)+R)),2,5,2,26.0,27.908241541372547,3.431207266681927,102.0,20.27080474210813
Rac1 perturbation; RhoA response,Hill_expr,H((H(R)+R)),2,5,2,26.33333,28.56984123049018,3.217931216224954,102.0,20.27080474210813
Rac1 perturbation; RhoA response,Hill_expr,H((H(R)+R)),2,5,2,26.66667,26.37594937568628,3.1554019459006484,102.0,20.27080474210813
Rac1 perturbation; RhoA response,Hill_expr,H((H(R)+R)),2,5,2,27.0,25.747825074019605,3.0542962188404728,102.0,20.27080474210813
Rac1 perturbation; RhoA response,Hill_expr,H((H(R)+R)),2,5,2,27.33333,24.73268942078432,2.9243926581318958,102.0,20.27080474210813
Rac1 perturbation; RhoA response,Hill_expr,H((H(R)+R)),2,5,2,27.66667,24.258557118431348,2.896928675563027,102.0,20.27080474210813
Rac1 perturbation; RhoA response,Hill_expr,H((H(R)+R)),2,5,2,28.0,23.011840799215722,2.7702758563838996,102.0,20.27080474210813
Rac1 perturbation; RhoA response,Hill_expr,H((H(R)+R)),2,5,2,28.33333,21.77760988117646,2.700625819371455,102.0,20.27080474210813
Rac1 perturbation; RhoA response,Hill_expr,H((H(R)+R)),2,5,2,28.66667,21.54180312882353,2.6256973587996195,102.0,20.27080474210813
Rac1 perturbation; RhoA response,Hill_expr,H((H(R)+R)),2,5,2,29.0,20.32287866245098,2.66995211310369,102.0,20.27080474210813
Rac1 perturbation; RhoA response,Hill_expr,H((H(R)+R)),2,5,2,29.33333,20.363870878333348,2.4945211722808143,102.0,20.27080474210813
Rac1 perturbation; RhoA response,Hill_expr,H((H(R)+R)),2,5,2,29.66667,19.97427564813725,2.4175255153915023,102.0,20.27080474210813
Rac1 perturbation; RhoA response,Hill_expr,H((H(R)+R)),2,5,2,30.0,17.7973158992157,2.5306698777694208,102.0,20.27080474210813
Rac1 perturbation; RhoA response,Hill_expr,H((H(R)+R)),2,5,2,30.33333,17.458103272352947,2.3291121650380746,102.0,20.27080474210813
Rac1 perturbation; RhoA response,Hill_expr,H((H(R)+R)),2,5,2,30.66667,16.752543151568634,2.262527913054402,102.0,20.27080474210813
Rac1 perturbation; RhoA response,Hill_expr,H((H(R)+R)),2,5,2,31.0,14.37553241666668,2.4586861511019147,102.0,20.27080474210813
Rac1 perturbation; RhoA response,Hill_expr,H((H(R)+R)),2,5,2,31.33333,13.515102849705887,2.4533890918269075,102.0,20.27080474210813
Rac1 perturbation; RhoA response,Hill_expr,H((H(R)+R)),2,5,2,31.66667,16.101014468627447,2.038048694449689,102.0,20.27080474210813
Rac1 perturbation; RhoA response,Hill_expr,H((H(R)+R)),2,5,2,32.0,14.126859001274509,1.9854514656714357,102.0,20.27080474210813
Rac1 perturbation; RhoA response,Hill_expr,H((H(R)+R)),2,5,2,32.33333,13.246295078725488,2.0531502378823445,102.0,20.27080474210813
Rac1 perturbation; RhoA response,Hill_expr,H((H(R)+R)),2,5,2,32.66667,12.516971541568626,2.040471503019399,102.0,20.27080474210813
Rac1 perturbation; RhoA response,Hill_expr,H((H(R)+R)),2,5,2,33.0,12.442076037156873,2.0134486287433977,102.0,20.27080474210813
Rac1 perturbation; RhoA response,Hill_expr,H((H(R)+R)),2,5,2,33.33333,12.216547963823531,1.8727446195322992,102.0,20.27080474210813
Rac1 perturbation; RhoA response,Hill_expr,H((H(R)+R)),2,5,2,33.66667,11.682215155196088,1.8560369327016877,102.0,20.27080474210813
Rac1 perturbation; RhoA response,Hill_expr,H((H(R)+R)),2,5,2,34.0,10.906749343823531,1.8787041449193262,102.0,20.27080474210813
Rac1 perturbation; RhoA response,Hill_expr,H((H(R)+R)),2,5,2,34.33333,11.297668761078432,1.8448578953953105,102.0,20.27080474210813
Rac1 perturbation; RhoA response,Hill_expr,H((H(R)+R)),2,5,2,34.66667,12.379576779705877,1.8287141006657635,102.0,20.27080474210813
Rac1 perturbation; RhoA response,Hill_expr,H((H(R)+R)),2,5,2,35.0,10.84845148784313,1.8385037400772086,102.0,20.27080474210813
Rac1 perturbation; RhoA response,Hill_expr,H((H(R)+R)),2,5,2,35.33333,11.238808759313724,1.7713856536652122,102.0,20.27080474210813
Rac1 perturbation; RhoA response,Hill_expr,H((H(R)+R)),2,5,2,35.66667,11.247143731274516,1.718822062362493,102.0,20.27080474210813
Rac1 perturbation; RhoA response,Hill_expr,H((H(R)+R)),2,5,2,36.0,10.426152883627456,1.7539688826656712,102.0,20.27080474210813
Rac1 perturbation; RhoA response,Hill_expr,H((H(R)+R)),2,5,2,36.33333,11.260318706862732,1.6868161769351129,102.0,20.27080474210813
Rac1 perturbation; RhoA response,Hill_expr,H((H(R)+R)),2,5,2,36.66667,9.972245372254905,1.7253956850272392,102.0,20.27080474210813
Rac1 perturbation; RhoA response,Hill_expr,H((H(R)+R)),2,5,2,37.0,10.654978836470594,1.7021852829646875,102.0,20.27080474210813
Rac1 perturbation; RhoA response,Hill_expr,H((H(R)+R)),2,5,2,37.33333,9.74520202176471,1.696097020042852,102.0,20.27080474210813
Rac1 perturbation; RhoA response,Hill_expr,H((H(R)+R)),2,5,2,37.66667,9.260330918921571,1.701754690667574,102.0,20.27080474210813
Rac1 perturbation; RhoA response,Hill_expr,H((H(R)+R)),2,5,2,38.0,9.296067204705885,1.7005456129781193,102.0,20.27080474210813
Rac1 perturbation; RhoA response,Hill_expr,H((H(R)+R)),2,5,2,38.33333,10.309174082549015,1.704818568689371,102.0,20.27080474210813
Rac1 perturbation; RhoA response,Hill_expr,H((H(R)+R)),2,5,2,38.66667,8.86877129264706,1.6918583576513293,102.0,20.27080474210813
Rac1 perturbation; RhoA response,Hill_expr,H((H(R)+R)),2,5,2,39.0,8.963871901960788,1.6809574639558549,102.0,20.27080474210813
Rac1 perturbation; RhoA response,Hill_expr,H((H(R)+R)),2,5,2,39.33333,9.20126891764706,1.6523584950996888,102.0,20.27080474210813
Rac1 perturbation; RhoA response,Hill_expr,H((H(R)+R)),2,5,2,39.66667,7.3494802596078435,1.833555564668603,102.0,20.27080474210813
Rac1 perturbation; RhoA response,Hill_expr,H((H(R)+R)),2,5,2,40.0,8.58402001862745,1.5668875650562373,102.0,20.27080474210813
Rac1 perturbation; RhoA response,Hill_expr,H(H((R+R))),2,5,2,0.0,-1.3762895822549015,0.50411235386505,102.0,-1.37628978715841
Rac1 perturbation; RhoA response,Hill_expr,H(H((R+R))),2,5,2,0.3333333,21.80185077156863,3.422024980475965,102.0,20.270804709328974
Rac1 perturbation; RhoA response,Hill_expr,H(H((R+R))),2,5,2,0.6666667,30.611781803333344,4.267726477815583,102.0,20.27080470971315
Rac1 perturbation; RhoA response,Hill_expr,H(H((R+R))),2,5,2,1.0,36.53921146166665,4.7264010770576395,102.0,20.27080470971957
Rac1 perturbation; RhoA response,Hill_expr,H(H((R+R))),2,5,2,1.333333,40.477224400588234,4.96975511730596,102.0,20.27080470972036
Rac1 perturbation; RhoA response,Hill_expr,H(H((R+R))),2,5,2,1.666667,43.672935604509775,5.187860435813586,102.0,20.270804709720476
Rac1 perturbation; RhoA response,Hill_expr,H(H((R+R))),2,5,2,2.0,45.44188075156865,5.219705333024379,102.0,20.270804709720494
Rac1 perturbation; RhoA response,Hill_expr,H(H((R+R))),2,5,2,2.333333,47.868677996862765,5.318296797389352,102.0,20.270804709720498
Rac1 perturbation; RhoA response,Hill_expr,H(H((R+R))),2,5,2,2.666667,49.029414602647094,5.380577874091345,102.0,20.270804709720498
Rac1 perturbation; RhoA response,Hill_expr,H(H((R+R))),2,5,2,3.0,48.87878536852945,5.4279260084635395,102.0,20.270804709720498
Rac1 perturbation; RhoA response,Hill_expr,H(H((R+R))),2,5,2,3.333333,49.545590385490236,5.424570471400211,102.0,20.270804709720498
Rac1 perturbation; RhoA response,Hill_expr,H(H((R+R))),2,5,2,3.666667,50.60425583872549,5.496107309152899,102.0,20.270804709720498
Rac1 perturbation; RhoA response,Hill_expr,H(H((R+R))),2,5,2,4.0,51.097094013823536,5.375149351545362,102.0,20.270804709720498
Rac1 perturbation; RhoA response,Hill_expr,H(H((R+R))),2,5,2,4.333334,51.92032161539212,5.5017946234984585,102.0,20.270804709720498
Rac1 perturbation; RhoA response,Hill_expr,H(H((R+R))),2,5,2,4.666667,53.32254371009807,5.471471875035747,102.0,20.270804709720498
Rac1 perturbation; RhoA response,Hill_expr,H(H((R+R))),2,5,2,5.0,53.65529186735294,5.5488078085022225,102.0,20.270804709720498
Rac1 perturbation; RhoA response,Hill_expr,H(H((R+R))),2,5,2,5.333334,53.23606688637256,5.6422528946411745,102.0,20.270804709720498
Rac1 perturbation; RhoA response,Hill_expr,H(H((R+R))),2,5,2,5.666667,54.337714760000026,5.627293786005503,102.0,20.270804709720498
Rac1 perturbation; RhoA response,Hill_expr,H(H((R+R))),2,5,2,6.0,55.12635692107845,5.643440842444053,102.0,20.270804709720498
Rac1 perturbation; RhoA response,Hill_expr,H(H((R+R))),2,5,2,6.333334,55.17007110450979,5.701209437509858,102.0,20.270804709720498
Rac1 perturbation; RhoA response,Hill_expr,H(H((R+R))),2,5,2,6.666667,56.69644097803922,5.717524859993219,102.0,20.270804709720498
Rac1 perturbation; RhoA response,Hill_expr,H(H((R+R))),2,5,2,7.0,56.69522668107843,5.77149142849537,102.0,20.270804709720498
Rac1 perturbation; RhoA response,Hill_expr,H(H((R+R))),2,5,2,7.333334,58.28530611843136,5.761652468322007,102.0,20.270804709720498
Rac1 perturbation; RhoA response,Hill_expr,H(H((R+R))),2,5,2,7.666667,56.961419657647085,5.735573448742369,102.0,20.270804709720498
Rac1 perturbation; RhoA response,Hill_expr,H(H((R+R))),2,5,2,8.0,57.82338275784312,5.783570548698452,102.0,20.270804709720498
Rac1 perturbation; RhoA response,Hill_expr,H(H((R+R))),2,5,2,8.333333,57.75019856147062,5.826416212905212,102.0,20.270804709720498
Rac1 perturbation; RhoA response,Hill_expr,H(H((R+R))),2,5,2,8.666667,57.203753222352915,5.852569095038439,102.0,20.270804709720498
Rac1 perturbation; RhoA response,Hill_expr,H(H((R+R))),2,5,2,9.0,59.05442461176468,5.764011948896135,102.0,20.270804709720498
Rac1 perturbation; RhoA response,Hill_expr,H(H((R+R))),2,5,2,9.333333,59.10767345686274,5.811593078418382,102.0,20.270804709720498
Rac1 perturbation; RhoA response,Hill_expr,H(H((R+R))),2,5,2,9.666667,59.51643125921565,5.796861784424392,102.0,20.270804709720498
Rac1 perturbation; RhoA response,Hill_expr,H(H((R+R))),2,5,2,10.0,58.97425116039215,5.880594663651929,102.0,20.270804709720498
Rac1 perturbation; RhoA response,Hill_expr,H(H((R+R))),2,5,2,10.33333,59.97277649754901,5.925760585001861,102.0,20.270804709720498
Rac1 perturbation; RhoA response,Hill_expr,H(H((R+R))),2,5,2,10.66667,59.67217276107842,5.911423324421129,102.0,20.270804709720498
Rac1 perturbation; RhoA response,Hill_expr,H(H((R+R))),2,5,2,11.0,59.94570601833335,5.938615244252045,102.0,20.270804709720498
Rac1 perturbation; RhoA response,Hill_expr,H(H((R+R))),2,5,2,11.33333,60.26858066990196,5.969688831347074,102.0,20.270804709720498
Rac1 perturbation; RhoA response,Hill_expr,H(H((R+R))),2,5,2,11.66667,60.39380383892158,6.000789739288233,102.0,20.270804709720498
Rac1 perturbation; RhoA response,Hill_expr,H(H((R+R))),2,5,2,12.0,60.59690535833334,6.002558505598481,102.0,20.270804709720498
Rac1 perturbation; RhoA response,Hill_expr,H(H((R+R))),2,5,2,12.33333,61.123595551960754,6.037858062722709,102.0,20.270804709720498
Rac1 perturbation; RhoA response,Hill_expr,H(H((R+R))),2,5,2,12.66667,59.86330000117649,6.008450062217623,102.0,20.270804709720498
Rac1 perturbation; RhoA response,Hill_expr,H(H((R+R))),2,5,2,13.0,60.16060124039215,6.045579739948293,102.0,20.270804709720498
Rac1 perturbation; RhoA response,Hill_expr,H(H((R+R))),2,5,2,13.33333,60.81838072127449,6.051579153459915,102.0,20.270804709720498
Rac1 perturbation; RhoA response,Hill_expr,H(H((R+R))),2,5,2,13.66667,59.48289247960783,6.053387283634875,102.0,20.270804709720498
Rac1 perturbation; RhoA response,Hill_expr,H(H((R+R))),2,5,2,14.0,60.599503611764675,6.119341040924408,102.0,20.270804709720498
Rac1 perturbation; RhoA response,Hill_expr,H(H((R+R))),2,5,2,14.33333,60.19987780362744,6.0850591297034455,102.0,20.270804709720498
Rac1 perturbation; RhoA response,Hill_expr,H(H((R+R))),2,5,2,14.66667,59.93194524715691,6.106322483011755,102.0,20.270804709720498
Rac1 perturbation; RhoA response,Hill_expr,H(H((R+R))),2,5,2,15.0,60.337562376274484,6.078237746506857,102.0,20.270804709720498
Rac1 perturbation; RhoA response,Hill_expr,H(H((R+R))),2,5,2,15.33333,59.58158538578434,6.207874054728857,102.0,20.270804709720498
Rac1 perturbation; RhoA response,Hill_expr,H(H((R+R))),2,5,2,15.66667,60.71967915656863,6.093759525579715,102.0,20.270804709720498
Rac1 perturbation; RhoA response,Hill_expr,H(H((R+R))),2,5,2,16.0,59.92963646921569,6.152597945396288,102.0,20.270804709720498
Rac1 perturbation; RhoA response,Hill_expr,H(H((R+R))),2,5,2,16.33333,60.424480239313745,6.1628092434583905,102.0,20.270804709720498
Rac1 perturbation; RhoA response,Hill_expr,H(H((R+R))),2,5,2,16.66667,60.825864639607836,6.093484097308075,102.0,20.270804709720498
Rac1 perturbation; RhoA response,Hill_expr,H(H((R+R))),2,5,2,17.0,59.230446043823555,6.1847919298934935,102.0,20.270804709720498
Rac1 perturbation; RhoA response,Hill_expr,H(H((R+R))),2,5,2,17.33333,59.53360226147061,6.144033862175193,102.0,20.270804709720498
Rac1 perturbation; RhoA response,Hill_expr,H(H((R+R))),2,5,2,17.66667,60.603943836372565,6.146058064480174,102.0,20.270804709720498
Rac1 perturbation; RhoA response,Hill_expr,H(H((R+R))),2,5,2,18.0,60.08698748911767,6.153517102502953,102.0,20.270804709720498
Rac1 perturbation; RhoA response,Hill_expr,H(H((R+R))),2,5,2,18.33333,58.60493436343134,6.284901944529139,102.0,20.270804709720498
Rac1 perturbation; RhoA response,Hill_expr,H(H((R+R))),2,5,2,18.66667,58.18239181794117,6.2687536088556275,102.0,20.270804709720498
Rac1 perturbation; RhoA response,Hill_expr,H(H((R+R))),2,5,2,19.0,59.209288051666626,6.187989336239144,102.0,20.270804709720498
Rac1 perturbation; RhoA response,Hill_expr,H(H((R+R))),2,5,2,19.33333,58.852119528431395,6.2289736432097715,102.0,20.270804709720498
Rac1 perturbation; RhoA response,Hill_expr,H(H((R+R))),2,5,2,19.66667,58.169122079019594,6.2673284333163135,102.0,20.270804709720498
Rac1 perturbation; RhoA response,Hill_expr,H(H((R+R))),2,5,2,20.0,60.252442538823544,6.211282861614537,102.0,20.270804709720498
Rac1 perturbation; RhoA response,Hill_expr,H(H((R+R))),2,5,2,20.33333,54.93775363313726,5.937689612009537,102.0,20.270804709720498
Rac1 perturbation; RhoA response,Hill_expr,H(H((R+R))),2,5,2,20.66667,53.41221635401958,5.695227244367421,102.0,20.270804709720498
Rac1 perturbation; RhoA response,Hill_expr,H(H((R+R))),2,5,2,21.0,51.74590877382354,5.497075961536212,102.0,20.270804709720498
Rac1 perturbation; RhoA response,Hill_expr,H(H((R+R))),2,5,2,21.33333,49.811513076666664,5.335278746646896,102.0,20.270804709720498
Rac1 perturbation; RhoA response,Hill_expr,H(H((R+R))),2,5,2,21.66667,48.297746493235316,5.129799521430641,102.0,20.270804709720498
Rac1 perturbation; RhoA response,Hill_expr,H(H((R+R))),2,5,2,22.0,45.60092938411764,4.995006420064211,102.0,20.270804709720498
Rac1 perturbation; RhoA response,Hill_expr,H(H((R+R))),2,5,2,22.33333,44.4127340992157,4.8266340646873305,102.0,20.270804709720498
Rac1 perturbation; RhoA response,Hill_expr,H(H((R+R))),2,5,2,22.66667,42.491818248921575,4.625541088577205,102.0,20.270804709720498
Rac1 perturbation; RhoA response,Hill_expr,H(H((R+R))),2,5,2,23.0,41.659108101274484,4.515479641560975,102.0,20.270804709720498
Rac1 perturbation; RhoA response,Hill_expr,H(H((R+R))),2,5,2,23.33333,38.6730312614706,4.488783836612278,102.0,20.270804709720498
Rac1 perturbation; RhoA response,Hill_expr,H(H((R+R))),2,5,2,23.66667,38.53872666362746,4.129225207279518,102.0,20.270804709720498
Rac1 perturbation; RhoA response,Hill_expr,H(H((R+R))),2,5,2,24.0,37.54951162980392,4.102495634891386,102.0,20.270804709720498
Rac1 perturbation; RhoA response,Hill_expr,H(H((R+R))),2,5,2,24.33333,35.11277371294116,3.9638793036179685,102.0,20.270804709720498
Rac1 perturbation; RhoA response,Hill_expr,H(H((R+R))),2,5,2,24.66667,35.0134794919608,3.7620191021991634,102.0,20.270804709720498
Rac1 perturbation; RhoA response,Hill_expr,H(H((R+R))),2,5,2,25.0,32.11807277588238,3.9196736044049127,102.0,20.270804709720498
Rac1 perturbation; RhoA response,Hill_expr,H(H((R+R))),2,5,2,25.33333,31.736724898627468,3.5403495985543985,102.0,20.270804709720498
Rac1 perturbation; RhoA response,Hill_expr,H(H((R+R))),2,5,2,25.66667,30.718837153627458,3.397342988096774,102.0,20.270804709720498
Rac1 perturbation; RhoA response,Hill_expr,H(H((R+R))),2,5,2,26.0,27.908241541372547,3.431207266681927,102.0,20.270804709720498
Rac1 perturbation; RhoA response,Hill_expr,H(H((R+R))),2,5,2,26.33333,28.56984123049018,3.217931216224954,102.0,20.270804709720498
Rac1 perturbation; RhoA response,Hill_expr,H(H((R+R))),2,5,2,26.66667,26.37594937568628,3.1554019459006484,102.0,20.270804709720498
Rac1 perturbation; RhoA response,Hill_expr,H(H((R+R))),2,5,2,27.0,25.747825074019605,3.0542962188404728,102.0,20.270804709720498
Rac1 perturbation; RhoA response,Hill_expr,H(H((R+R))),2,5,2,27.33333,24.73268942078432,2.9243926581318958,102.0,20.270804709720498
Rac1 perturbation; RhoA response,Hill_expr,H(H((R+R))),2,5,2,27.66667,24.258557118431348,2.896928675563027,102.0,20.270804709720498
Rac1 perturbation; RhoA response,Hill_expr,H(H((R+R))),2,5,2,28.0,23.011840799215722,2.7702758563838996,102.0,20.270804709720498
Rac1 perturbation; RhoA response,Hill_expr,H(H((R+R))),2,5,2,28.33333,21.77760988117646,2.700625819371455,102.0,20.270804709720498
Rac1 perturbation; RhoA response,Hill_expr,H(H((R+R))),2,5,2,28.66667,21.54180312882353,2.6256973587996195,102.0,20.270804709720498
Rac1 perturbation; RhoA response,Hill_expr,H(H((R+R))),2,5,2,29.0,20.32287866245098,2.66995211310369,102.0,20.270804709720498
Rac1 perturbation; RhoA response,Hill_expr,H(H((R+R))),2,5,2,29.33333,20.363870878333348,2.4945211722808143,102.0,20.270804709720498
Rac1 perturbation; RhoA response,Hill_expr,H(H((R+R))),2,5,2,29.66667,19.97427564813725,2.4175255153915023,102.0,20.270804709720498
Rac1 perturbation; RhoA response,Hill_expr,H(H((R+R))),2,5,2,30.0,17.7973158992157,2.5306698777694208,102.0,20.270804709720498
Rac1 perturbation; RhoA response,Hill_expr,H(H((R+R))),2,5,2,30.33333,17.458103272352947,2.3291121650380746,102.0,20.270804709720498
Rac1 perturbation; RhoA response,Hill_expr,H(H((R+R))),2,5,2,30.66667,16.752543151568634,2.262527913054402,102.0,20.270804709720498
Rac1 perturbation; RhoA response,Hill_expr,H(H((R+R))),2,5,2,31.0,14.37553241666668,2.4586861511019147,102.0,20.270804709720498
Rac1 perturbation; RhoA response,Hill_expr,H(H((R+R))),2,5,2,31.33333,13.515102849705887,2.4533890918269075,102.0,20.270804709720498
Rac1 perturbation; RhoA response,Hill_expr,H(H((R+R))),2,5,2,31.66667,16.101014468627447,2.038048694449689,102.0,20.270804709720498
Rac1 perturbation; RhoA response,Hill_expr,H(H((R+R))),2,5,2,32.0,14.126859001274509,1.9854514656714357,102.0,20.270804709720498
Rac1 perturbation; RhoA response,Hill_expr,H(H((R+R))),2,5,2,32.33333,13.246295078725488,2.0531502378823445,102.0,20.270804709720498
Rac1 perturbation; RhoA response,Hill_expr,H(H((R+R))),2,5,2,32.66667,12.516971541568626,2.040471503019399,102.0,20.270804709720498
Rac1 perturbation; RhoA response,Hill_expr,H(H((R+R))),2,5,2,33.0,12.442076037156873,2.0134486287433977,102.0,20.270804709720498
Rac1 perturbation; RhoA response,Hill_expr,H(H((R+R))),2,5,2,33.33333,12.216547963823531,1.8727446195322992,102.0,20.270804709720498
Rac1 perturbation; RhoA response,Hill_expr,H(H((R+R))),2,5,2,33.66667,11.682215155196088,1.8560369327016877,102.0,20.270804709720498
Rac1 perturbation; RhoA response,Hill_expr,H(H((R+R))),2,5,2,34.0,10.906749343823531,1.8787041449193262,102.0,20.270804709720498
Rac1 perturbation; RhoA response,Hill_expr,H(H((R+R))),2,5,2,34.33333,11.297668761078432,1.8448578953953105,102.0,20.270804709720498
Rac1 perturbation; RhoA response,Hill_expr,H(H((R+R))),2,5,2,34.66667,12.379576779705877,1.8287141006657635,102.0,20.270804709720498
Rac1 perturbation; RhoA response,Hill_expr,H(H((R+R))),2,5,2,35.0,10.84845148784313,1.8385037400772086,102.0,20.270804709720498
Rac1 perturbation; RhoA response,Hill_expr,H(H((R+R))),2,5,2,35.33333,11.238808759313724,1.7713856536652122,102.0,20.270804709720498
Rac1 perturbation; RhoA response,Hill_expr,H(H((R+R))),2,5,2,35.66667,11.247143731274516,1.718822062362493,102.0,20.270804709720498
Rac1 perturbation; RhoA response,Hill_expr,H(H((R+R))),2,5,2,36.0,10.426152883627456,1.7539688826656712,102.0,20.270804709720498
Rac1 perturbation; RhoA response,Hill_expr,H(H((R+R))),2,5,2,36.33333,11.260318706862732,1.6868161769351129,102.0,20.270804709720498
Rac1 perturbation; RhoA response,Hill_expr,H(H((R+R))),2,5,2,36.66667,9.972245372254905,1.7253956850272392,102.0,20.270804709720498
Rac1 perturbation; RhoA response,Hill_expr,H(H((R+R))),2,5,2,37.0,10.654978836470594,1.7021852829646875,102.0,20.270804709720498
Rac1 perturbation; RhoA response,Hill_expr,H(H((R+R))),2,5,2,37.33333,9.74520202176471,1.696097020042852,102.0,20.270804709720498
Rac1 perturbation; RhoA response,Hill_expr,H(H((R+R))),2,5,2,37.66667,9.260330918921571,1.701754690667574,102.0,20.270804709720498
Rac1 perturbation; RhoA response,Hill_expr,H(H((R+R))),2,5,2,38.0,9.296067204705885,1.7005456129781193,102.0,20.270804709720498
Rac1 perturbation; RhoA response,Hill_expr,H(H((R+R))),2,5,2,38.33333,10.309174082549015,1.704818568689371,102.0,20.270804709720498
Rac1 perturbation; RhoA response,Hill_expr,H(H((R+R))),2,5,2,38.66667,8.86877129264706,1.6918583576513293,102.0,20.270804709720498
Rac1 perturbation; RhoA response,Hill_expr,H(H((R+R))),2,5,2,39.0,8.963871901960788,1.6809574639558549,102.0,20.270804709720498
Rac1 perturbation; RhoA response,Hill_expr,H(H((R+R))),2,5,2,39.33333,9.20126891764706,1.6523584950996888,102.0,20.270804709720498
Rac1 perturbation; RhoA response,Hill_expr,H(H((R+R))),2,5,2,39.66667,7.3494802596078435,1.833555564668603,102.0,20.270804709720498
Rac1 perturbation; RhoA response,Hill_expr,H(H((R+R))),2,5,2,40.0,8.58402001862745,1.5668875650562373,102.0,20.270804709720498
Rac1 perturbation; RhoA response,Hill_expr,H(H(H(R))),3,4,3,0.0,-1.3762895822549015,0.50411235386505,102.0,19.034201699903335
Rac1 perturbation; RhoA response,Hill_expr,H(H(H(R))),3,4,3,0.3333333,21.80185077156863,3.422024980475965,102.0,19.034201699903335
Rac1 perturbation; RhoA response,Hill_expr,H(H(H(R))),3,4,3,0.6666667,30.611781803333344,4.267726477815583,102.0,19.034201699903335
Rac1 perturbation; RhoA response,Hill_expr,H(H(H(R))),3,4,3,1.0,36.53921146166665,4.7264010770576395,102.0,19.034201699903335
Rac1 perturbation; RhoA response,Hill_expr,H(H(H(R))),3,4,3,1.333333,40.477224400588234,4.96975511730596,102.0,19.034201699903335
Rac1 perturbation; RhoA response,Hill_expr,H(H(H(R))),3,4,3,1.666667,43.672935604509775,5.187860435813586,102.0,19.034201699903335
Rac1 perturbation; RhoA response,Hill_expr,H(H(H(R))),3,4,3,2.0,45.44188075156865,5.219705333024379,102.0,19.034201699903335
Rac1 perturbation; RhoA response,Hill_expr,H(H(H(R))),3,4,3,2.333333,47.868677996862765,5.318296797389352,102.0,19.034201699903335
Rac1 perturbation; RhoA response,Hill_expr,H(H(H(R))),3,4,3,2.666667,49.029414602647094,5.380577874091345,102.0,19.034201699903335
Rac1 perturbation; RhoA response,Hill_expr,H(H(H(R))),3,4,3,3.0,48.87878536852945,5.4279260084635395,102.0,19.034201699903335
Rac1 perturbation; RhoA response,Hill_expr,H(H(H(R))),3,4,3,3.333333,49.545590385490236,5.424570471400211,102.0,19.034201699903335
Rac1 perturbation; RhoA response,Hill_expr,H(H(H(R))),3,4,3,3.666667,50.60425583872549,5.496107309152899,102.0,19.034201699903335
Rac1 perturbation; RhoA response,Hill_expr,H(H(H(R))),3,4,3,4.0,51.097094013823536,5.375149351545362,102.0,19.034201699903335
Rac1 perturbation; RhoA response,Hill_expr,H(H(H(R))),3,4,3,4.333334,51.92032161539212,5.5017946234984585,102.0,19.034201699903335
Rac1 perturbation; RhoA response,Hill_expr,H(H(H(R))),3,4,3,4.666667,53.32254371009807,5.471471875035747,102.0,19.034201699903335
Rac1 perturbation; RhoA response,Hill_expr,H(H(H(R))),3,4,3,5.0,53.65529186735294,5.5488078085022225,102.0,19.034201699903335
Rac1 perturbation; RhoA response,Hill_expr,H(H(H(R))),3,4,3,5.333334,53.23606688637256,5.6422528946411745,102.0,19.034201699903335
Rac1 perturbation; RhoA response,Hill_expr,H(H(H(R))),3,4,3,5.666667,54.337714760000026,5.627293786005503,102.0,19.034201699903335
Rac1 perturbation; RhoA response,Hill_expr,H(H(H(R))),3,4,3,6.0,55.12635692107845,5.643440842444053,102.0,19.034201699903335
Rac1 perturbation; RhoA response,Hill_expr,H(H(H(R))),3,4,3,6.333334,55.17007110450979,5.701209437509858,102.0,19.034201699903335
Rac1 perturbation; RhoA response,Hill_expr,H(H(H(R))),3,4,3,6.666667,56.69644097803922,5.717524859993219,102.0,19.034201699903335
Rac1 perturbation; RhoA response,Hill_expr,H(H(H(R))),3,4,3,7.0,56.69522668107843,5.77149142849537,102.0,19.034201699903335
Rac1 perturbation; RhoA response,Hill_expr,H(H(H(R))),3,4,3,7.333334,58.28530611843136,5.761652468322007,102.0,19.034201699903335
Rac1 perturbation; RhoA response,Hill_expr,H(H(H(R))),3,4,3,7.666667,56.961419657647085,5.735573448742369,102.0,19.034201699903335
Rac1 perturbation; RhoA response,Hill_expr,H(H(H(R))),3,4,3,8.0,57.82338275784312,5.783570548698452,102.0,19.034201699903335
Rac1 perturbation; RhoA response,Hill_expr,H(H(H(R))),3,4,3,8.333333,57.75019856147062,5.826416212905212,102.0,19.034201699903335
Rac1 perturbation; RhoA response,Hill_expr,H(H(H(R))),3,4,3,8.666667,57.203753222352915,5.852569095038439,102.0,19.034201699903335
Rac1 perturbation; RhoA response,Hill_expr,H(H(H(R))),3,4,3,9.0,59.05442461176468,5.764011948896135,102.0,19.034201699903335
Rac1 perturbation; RhoA response,Hill_expr,H(H(H(R))),3,4,3,9.333333,59.10767345686274,5.811593078418382,102.0,19.034201699903335
Rac1 perturbation; RhoA response,Hill_expr,H(H(H(R))),3,4,3,9.666667,59.51643125921565,5.796861784424392,102.0,19.034201699903335
Rac1 perturbation; RhoA response,Hill_expr,H(H(H(R))),3,4,3,10.0,58.97425116039215,5.880594663651929,102.0,19.034201699903335
Rac1 perturbation; RhoA response,Hill_expr,H(H(H(R))),3,4,3,10.33333,59.97277649754901,5.925760585001861,102.0,19.034201699903335
Rac1 perturbation; RhoA response,Hill_expr,H(H(H(R))),3,4,3,10.66667,59.67217276107842,5.911423324421129,102.0,19.034201699903335
Rac1 perturbation; RhoA response,Hill_expr,H(H(H(R))),3,4,3,11.0,59.94570601833335,5.938615244252045,102.0,19.034201699903335
Rac1 perturbation; RhoA response,Hill_expr,H(H(H(R))),3,4,3,11.33333,60.26858066990196,5.969688831347074,102.0,19.034201699903335
Rac1 perturbation; RhoA response,Hill_expr,H(H(H(R))),3,4,3,11.66667,60.39380383892158,6.000789739288233,102.0,19.034201699903335
Rac1 perturbation; RhoA response,Hill_expr,H(H(H(R))),3,4,3,12.0,60.59690535833334,6.002558505598481,102.0,19.034201699903335
Rac1 perturbation; RhoA response,Hill_expr,H(H(H(R))),3,4,3,12.33333,61.123595551960754,6.037858062722709,102.0,19.034201699903335
Rac1 perturbation; RhoA response,Hill_expr,H(H(H(R))),3,4,3,12.66667,59.86330000117649,6.008450062217623,102.0,19.034201699903335
Rac1 perturbation; RhoA response,Hill_expr,H(H(H(R))),3,4,3,13.0,60.16060124039215,6.045579739948293,102.0,19.034201699903335
Rac1 perturbation; RhoA response,Hill_expr,H(H(H(R))),3,4,3,13.33333,60.81838072127449,6.051579153459915,102.0,19.034201699903335
Rac1 perturbation; RhoA response,Hill_expr,H(H(H(R))),3,4,3,13.66667,59.48289247960783,6.053387283634875,102.0,19.034201699903335
Rac1 perturbation; RhoA response,Hill_expr,H(H(H(R))),3,4,3,14.0,60.599503611764675,6.119341040924408,102.0,19.034201699903335
Rac1 perturbation; RhoA response,Hill_expr,H(H(H(R))),3,4,3,14.33333,60.19987780362744,6.0850591297034455,102.0,19.034201699903335
Rac1 perturbation; RhoA response,Hill_expr,H(H(H(R))),3,4,3,14.66667,59.93194524715691,6.106322483011755,102.0,19.034201699903335
Rac1 perturbation; RhoA response,Hill_expr,H(H(H(R))),3,4,3,15.0,60.337562376274484,6.078237746506857,102.0,19.034201699903335
Rac1 perturbation; RhoA response,Hill_expr,H(H(H(R))),3,4,3,15.33333,59.58158538578434,6.207874054728857,102.0,19.034201699903335
Rac1 perturbation; RhoA response,Hill_expr,H(H(H(R))),3,4,3,15.66667,60.71967915656863,6.093759525579715,102.0,19.034201699903335
Rac1 perturbation; RhoA response,Hill_expr,H(H(H(R))),3,4,3,16.0,59.92963646921569,6.152597945396288,102.0,19.034201699903335
Rac1 perturbation; RhoA response,Hill_expr,H(H(H(R))),3,4,3,16.33333,60.424480239313745,6.1628092434583905,102.0,19.034201699903335
Rac1 perturbation; RhoA response,Hill_expr,H(H(H(R))),3,4,3,16.66667,60.825864639607836,6.093484097308075,102.0,19.034201699903335
Rac1 perturbation; RhoA response,Hill_expr,H(H(H(R))),3,4,3,17.0,59.230446043823555,6.1847919298934935,102.0,19.034201699903335
Rac1 perturbation; RhoA response,Hill_expr,H(H(H(R))),3,4,3,17.33333,59.53360226147061,6.144033862175193,102.0,19.034201699903335
Rac1 perturbation; RhoA response,Hill_expr,H(H(H(R))),3,4,3,17.66667,60.603943836372565,6.146058064480174,102.0,19.034201699903335
Rac1 perturbation; RhoA response,Hill_expr,H(H(H(R))),3,4,3,18.0,60.08698748911767,6.153517102502953,102.0,19.034201699903335
Rac1 perturbation; RhoA response,Hill_expr,H(H(H(R))),3,4,3,18.33333,58.60493436343134,6.284901944529139,102.0,19.034201699903335
Rac1 perturbation; RhoA response,Hill_expr,H(H(H(R))),3,4,3,18.66667,58.18239181794117,6.2687536088556275,102.0,19.034201699903335
Rac1 perturbation; RhoA response,Hill_expr,H(H(H(R))),3,4,3,19.0,59.209288051666626,6.187989336239144,102.0,19.034201699903335
Rac1 perturbation; RhoA response,Hill_expr,H(H(H(R))),3,4,3,19.33333,58.852119528431395,6.2289736432097715,102.0,19.034201699903335
Rac1 perturbation; RhoA response,Hill_expr,H(H(H(R))),3,4,3,19.66667,58.169122079019594,6.2673284333163135,102.0,19.034201699903335
Rac1 perturbation; RhoA response,Hill_expr,H(H(H(R))),3,4,3,20.0,60.252442538823544,6.211282861614537,102.0,19.034201699903335
Rac1 perturbation; RhoA response,Hill_expr,H(H(H(R))),3,4,3,20.33333,54.93775363313726,5.937689612009537,102.0,19.034201699903335
Rac1 perturbation; RhoA response,Hill_expr,H(H(H(R))),3,4,3,20.66667,53.41221635401958,5.695227244367421,102.0,19.034201699903335
Rac1 perturbation; RhoA response,Hill_expr,H(H(H(R))),3,4,3,21.0,51.74590877382354,5.497075961536212,102.0,19.034201699903335
Rac1 perturbation; RhoA response,Hill_expr,H(H(H(R))),3,4,3,21.33333,49.811513076666664,5.335278746646896,102.0,19.034201699903335
Rac1 perturbation; RhoA response,Hill_expr,H(H(H(R))),3,4,3,21.66667,48.297746493235316,5.129799521430641,102.0,19.034201699903335
Rac1 perturbation; RhoA response,Hill_expr,H(H(H(R))),3,4,3,22.0,45.60092938411764,4.995006420064211,102.0,19.034201699903335
Rac1 perturbation; RhoA response,Hill_expr,H(H(H(R))),3,4,3,22.33333,44.4127340992157,4.8266340646873305,102.0,19.034201699903335
Rac1 perturbation; RhoA response,Hill_expr,H(H(H(R))),3,4,3,22.66667,42.491818248921575,4.625541088577205,102.0,19.034201699903335
Rac1 perturbation; RhoA response,Hill_expr,H(H(H(R))),3,4,3,23.0,41.659108101274484,4.515479641560975,102.0,19.034201699903335
Rac1 perturbation; RhoA response,Hill_expr,H(H(H(R))),3,4,3,23.33333,38.6730312614706,4.488783836612278,102.0,19.034201699903335
Rac1 perturbation; RhoA response,Hill_expr,H(H(H(R))),3,4,3,23.66667,38.53872666362746,4.129225207279518,102.0,19.034201699903335
Rac1 perturbation; RhoA response,Hill_expr,H(H(H(R))),3,4,3,24.0,37.54951162980392,4.102495634891386,102.0,19.034201699903335
Rac1 perturbation; RhoA response,Hill_expr,H(H(H(R))),3,4,3,24.33333,35.11277371294116,3.9638793036179685,102.0,19.034201699903335
Rac1 perturbation; RhoA response,Hill_expr,H(H(H(R))),3,4,3,24.66667,35.0134794919608,3.7620191021991634,102.0,19.034201699903335
Rac1 perturbation; RhoA response,Hill_expr,H(H(H(R))),3,4,3,25.0,32.11807277588238,3.9196736044049127,102.0,19.034201699903335
Rac1 perturbation; RhoA response,Hill_expr,H(H(H(R))),3,4,3,25.33333,31.736724898627468,3.5403495985543985,102.0,19.034201699903335
Rac1 perturbation; RhoA response,Hill_expr,H(H(H(R))),3,4,3,25.66667,30.718837153627458,3.397342988096774,102.0,19.034201699903335
Rac1 perturbation; RhoA response,Hill_expr,H(H(H(R))),3,4,3,26.0,27.908241541372547,3.431207266681927,102.0,19.034201699903335
Rac1 perturbation; RhoA response,Hill_expr,H(H(H(R))),3,4,3,26.33333,28.56984123049018,3.217931216224954,102.0,19.034201699903335
Rac1 perturbation; RhoA response,Hill_expr,H(H(H(R))),3,4,3,26.66667,26.37594937568628,3.1554019459006484,102.0,19.034201699903335
Rac1 perturbation; RhoA response,Hill_expr,H(H(H(R))),3,4,3,27.0,25.747825074019605,3.0542962188404728,102.0,19.034201699903335
Rac1 perturbation; RhoA response,Hill_expr,H(H(H(R))),3,4,3,27.33333,24.73268942078432,2.9243926581318958,102.0,19.034201699903335
Rac1 perturbation; RhoA response,Hill_expr,H(H(H(R))),3,4,3,27.66667,24.258557118431348,2.896928675563027,102.0,19.034201699903335
Rac1 perturbation; RhoA response,Hill_expr,H(H(H(R))),3,4,3,28.0,23.011840799215722,2.7702758563838996,102.0,19.034201699903335
Rac1 perturbation; RhoA response,Hill_expr,H(H(H(R))),3,4,3,28.33333,21.77760988117646,2.700625819371455,102.0,19.034201699903335
Rac1 perturbation; RhoA response,Hill_expr,H(H(H(R))),3,4,3,28.66667,21.54180312882353,2.6256973587996195,102.0,19.034201699903335
Rac1 perturbation; RhoA response,Hill_expr,H(H(H(R))),3,4,3,29.0,20.32287866245098,2.66995211310369,102.0,19.034201699903335
Rac1 perturbation; RhoA response,Hill_expr,H(H(H(R))),3,4,3,29.33333,20.363870878333348,2.4945211722808143,102.0,19.034201699903335
Rac1 perturbation; RhoA response,Hill_expr,H(H(H(R))),3,4,3,29.66667,19.97427564813725,2.4175255153915023,102.0,19.034201699903335
Rac1 perturbation; RhoA response,Hill_expr,H(H(H(R))),3,4,3,30.0,17.7973158992157,2.5306698777694208,102.0,19.034201699903335
Rac1 perturbation; RhoA response,Hill_expr,H(H(H(R))),3,4,3,30.33333,17.458103272352947,2.3291121650380746,102.0,19.034201699903335
Rac1 perturbation; RhoA response,Hill_expr,H(H(H(R))),3,4,3,30.66667,16.752543151568634,2.262527913054402,102.0,19.034201699903335
Rac1 perturbation; RhoA response,Hill_expr,H(H(H(R))),3,4,3,31.0,14.37553241666668,2.4586861511019147,102.0,19.034201699903335
Rac1 perturbation; RhoA response,Hill_expr,H(H(H(R))),3,4,3,31.33333,13.515102849705887,2.4533890918269075,102.0,19.034201699903335
Rac1 perturbation; RhoA response,Hill_expr,H(H(H(R))),3,4,3,31.66667,16.101014468627447,2.038048694449689,102.0,19.034201699903335
Rac1 perturbation; RhoA response,Hill_expr,H(H(H(R))),3,4,3,32.0,14.126859001274509,1.9854514656714357,102.0,19.034201699903335
Rac1 perturbation; RhoA response,Hill_expr,H(H(H(R))),3,4,3,32.33333,13.246295078725488,2.0531502378823445,102.0,19.034201699903335
Rac1 perturbation; RhoA response,Hill_expr,H(H(H(R))),3,4,3,32.66667,12.516971541568626,2.040471503019399,102.0,19.034201699903335
Rac1 perturbation; RhoA response,Hill_expr,H(H(H(R))),3,4,3,33.0,12.442076037156873,2.0134486287433977,102.0,19.034201699903335
Rac1 perturbation; RhoA response,Hill_expr,H(H(H(R))),3,4,3,33.33333,12.216547963823531,1.8727446195322992,102.0,19.034201699903335
Rac1 perturbation; RhoA response,Hill_expr,H(H(H(R))),3,4,3,33.66667,11.682215155196088,1.8560369327016877,102.0,19.034201699903335
Rac1 perturbation; RhoA response,Hill_expr,H(H(H(R))),3,4,3,34.0,10.906749343823531,1.8787041449193262,102.0,19.034201699903335
Rac1 perturbation; RhoA response,Hill_expr,H(H(H(R))),3,4,3,34.33333,11.297668761078432,1.8448578953953105,102.0,19.034201699903335
Rac1 perturbation; RhoA response,Hill_expr,H(H(H(R))),3,4,3,34.66667,12.379576779705877,1.8287141006657635,102.0,19.034201699903335
Rac1 perturbation; RhoA response,Hill_expr,H(H(H(R))),3,4,3,35.0,10.84845148784313,1.8385037400772086,102.0,19.034201699903335
Rac1 perturbation; RhoA response,Hill_expr,H(H(H(R))),3,4,3,35.33333,11.238808759313724,1.7713856536652122,102.0,19.034201699903335
Rac1 perturbation; RhoA response,Hill_expr,H(H(H(R))),3,4,3,35.66667,11.247143731274516,1.718822062362493,102.0,19.034201699903335
Rac1 perturbation; RhoA response,Hill_expr,H(H(H(R))),3,4,3,36.0,10.426152883627456,1.7539688826656712,102.0,19.034201699903335
Rac1 perturbation; RhoA response,Hill_expr,H(H(H(R))),3,4,3,36.33333,11.260318706862732,1.6868161769351129,102.0,19.034201699903335
Rac1 perturbation; RhoA response,Hill_expr,H(H(H(R))),3,4,3,36.66667,9.972245372254905,1.7253956850272392,102.0,19.034201699903335
Rac1 perturbation; RhoA response,Hill_expr,H(H(H(R))),3,4,3,37.0,10.654978836470594,1.7021852829646875,102.0,19.034201699903335
Rac1 perturbation; RhoA response,Hill_expr,H(H(H(R))),3,4,3,37.33333,9.74520202176471,1.696097020042852,102.0,19.034201699903335
Rac1 perturbation; RhoA response,Hill_expr,H(H(H(R))),3,4,3,37.66667,9.260330918921571,1.701754690667574,102.0,19.034201699903335
Rac1 perturbation; RhoA response,Hill_expr,H(H(H(R))),3,4,3,38.0,9.296067204705885,1.7005456129781193,102.0,19.034201699903335
Rac1 perturbation; RhoA response,Hill_expr,H(H(H(R))),3,4,3,38.33333,10.309174082549015,1.704818568689371,102.0,19.034201699903335
Rac1 perturbation; RhoA response,Hill_expr,H(H(H(R))),3,4,3,38.66667,8.86877129264706,1.6918583576513293,102.0,19.034201699903335
Rac1 perturbation; RhoA response,Hill_expr,H(H(H(R))),3,4,3,39.0,8.963871901960788,1.6809574639558549,102.0,19.034201699903335
Rac1 perturbation; RhoA response,Hill_expr,H(H(H(R))),3,4,3,39.33333,9.20126891764706,1.6523584950996888,102.0,19.034201699903335
Rac1 perturbation; RhoA response,Hill_expr,H(H(H(R))),3,4,3,39.66667,7.3494802596078435,1.833555564668603,102.0,19.034201699903335
Rac1 perturbation; RhoA response,Hill_expr,H(H(H(R))),3,4,3,40.0,8.58402001862745,1.5668875650562373,102.0,19.034201699903335
Rac1 perturbation; Cdc42 response,linear_R,R,0,1,0,0.0,3.827074169107142,1.1420722545863766,56.0,38.73791675950699
Rac1 perturbation; Cdc42 response,linear_R,R,0,1,0,0.3333333,17.239386878750004,3.6230717825189522,56.0,38.497023504493804
Rac1 perturbation; Cdc42 response,linear_R,R,0,1,0,0.6666667,27.944322892321427,5.920585685086165,56.0,38.256188206799
Rac1 perturbation; Cdc42 response,linear_R,R,0,1,0,1.0,33.91203219839284,7.19853947353434,56.0,38.01541099694486
Rac1 perturbation; Cdc42 response,linear_R,R,0,1,0,1.333333,40.62532188303572,8.336321677359155,56.0,37.774692005317725
Rac1 perturbation; Cdc42 response,linear_R,R,0,1,0,1.666667,39.357031090535735,8.579362248519546,56.0,37.53403027932305
Rac1 perturbation; Cdc42 response,linear_R,R,0,1,0,2.0,40.64119682910716,8.591445060017433,56.0,37.293427248959624
Rac1 perturbation; Cdc42 response,linear_R,R,0,1,0,2.333333,42.037109865535726,8.792954344886885,56.0,37.05288217819109
Rac1 perturbation; Cdc42 response,linear_R,R,0,1,0,2.666667,42.51144543464286,9.295292596102575,56.0,36.812394331680345
Rac1 perturbation; Cdc42 response,linear_R,R,0,1,0,3.0,48.12939723964284,9.963933815532174,56.0,36.57196513839276
Rac1 perturbation; Cdc42 response,linear_R,R,0,1,0,3.333333,45.16564558374999,10.429372020480425,56.0,36.33159386282402
Rac1 perturbation; Cdc42 response,linear_R,R,0,1,0,3.666667,49.82137254517857,10.932543988201424,56.0,36.09127977016824
Rac1 perturbation; Cdc42 response,linear_R,R,0,1,0,4.0,49.46123102089284,11.171653616071804,56.0,35.8510242883583
Rac1 perturbation; Cdc42 response,linear_R,R,0,1,0,4.333334,54.19426600017859,11.481299788019944,56.0,35.610825961914585
Rac1 perturbation; Cdc42 response,linear_R,R,0,1,0,4.666667,49.670968873571425,10.757617281060043,56.0,35.37068621808229
Rac1 perturbation; Cdc42 response,linear_R,R,0,1,0,5.0,50.903237674285734,10.529299956320257,56.0,35.1306043222424
Rac1 perturbation; Cdc42 response,linear_R,R,0,1,0,5.333334,48.62251751982142,10.221503553325313,56.0,34.89057954047375
Rac1 perturbation; Cdc42 response,linear_R,R,0,1,0,5.666667,48.60424288107142,11.563656042466464,56.0,34.65061329899017
Rac1 perturbation; Cdc42 response,linear_R,R,0,1,0,6.0,52.024706377321436,10.918739547859715,56.0,34.41070486370353
Rac1 perturbation; Cdc42 response,linear_R,R,0,1,0,6.333334,50.76793762,11.40638591876654,56.0,34.170853501222815
Rac1 perturbation; Cdc42 response,linear_R,R,0,1,0,6.666667,54.43562262785714,11.915146283078842,56.0,33.93106063673156
Rac1 perturbation; Cdc42 response,linear_R,R,0,1,0,7.0,52.03527786339288,11.713402551630317,56.0,33.691325536671975
Rac1 perturbation; Cdc42 response,linear_R,R,0,1,0,7.333334,50.833776938214285,11.055851899450207,56.0,33.45164746818275
Rac1 perturbation; Cdc42 response,linear_R,R,0,1,0,7.666667,53.823288135714314,10.863983314939432,56.0,33.2120278554179
Rac1 perturbation; Cdc42 response,linear_R,R,0,1,0,8.0,51.90479413160716,11.010775975290125,56.0,32.972465965349556
Rac1 perturbation; Cdc42 response,linear_R,R,0,1,0,8.333333,51.90697419892856,10.139950267233813,56.0,32.73296178407274
Rac1 perturbation; Cdc42 response,linear_R,R,0,1,0,8.666667,51.74549677267857,10.541134502239517,56.0,32.49351457943222
Rac1 perturbation; Cdc42 response,linear_R,R,0,1,0,9.0,52.604561248571436,10.642679744999985,56.0,32.25412577421
Rac1 perturbation; Cdc42 response,linear_R,R,0,1,0,9.333333,51.231733485535706,10.851944544841261,56.0,32.014794636084325
Rac1 perturbation; Cdc42 response,linear_R,R,0,1,0,9.666667,52.22727063178574,10.638437435555277,56.0,31.77552043342888
Rac1 perturbation; Cdc42 response,linear_R,R,0,1,0,10.0,50.698182273035734,10.542941423713255,56.0,31.536304587997925
Rac1 perturbation; Cdc42 response,linear_R,R,0,1,0,10.33333,54.06696888107144,10.702765966730157,56.0,31.297148520165624
Rac1 perturbation; Cdc42 response,linear_R,R,0,1,0,10.66667,50.439666005714294,11.084816945978258,56.0,31.05804289068515
Rac1 perturbation; Cdc42 response,linear_R,R,0,1,0,11.0,54.65172079357143,11.333885212747417,56.0,30.819002031729397
Rac1 perturbation; Cdc42 response,linear_R,R,0,1,0,11.33333,52.14428028982143,10.806780589267332,56.0,30.580018755534205
Rac1 perturbation; Cdc42 response,linear_R,R,0,1,0,11.66667,51.87196959607144,11.439420603811717,56.0,30.34108588124899
Rac1 perturbation; Cdc42 response,linear_R,R,0,1,0,12.0,58.43871945178572,11.606161569484064,56.0,30.102217730691265
Rac1 perturbation; Cdc42 response,linear_R,R,0,1,0,12.33333,55.085658180357136,11.032267610609408,56.0,29.86340712129038
Rac1 perturbation; Cdc42 response,linear_R,R,0,1,0,12.66667,58.64790563089287,11.327073931852615,56.0,29.624646877383604
Rac1 perturbation; Cdc42 response,linear_R,R,0,1,0,13.0,61.814454952142874,11.731313212238682,56.0,29.385951310441275
Rac1 perturbation; Cdc42 response,linear_R,R,0,1,0,13.33333,56.964429048214285,11.906372097202055,56.0,29.14731324308171
Rac1 perturbation; Cdc42 response,linear_R,R,0,1,0,13.66667,57.82881474017859,12.38989717920228,56.0,28.90872550482714
Rac1 perturbation; Cdc42 response,linear_R,R,0,1,0,14.0,60.89789809357142,12.211422473989089,56.0,28.67020239680729
Rac1 perturbation; Cdc42 response,linear_R,R,0,1,0,14.33333,56.72333004464287,12.463769096533317,56.0,28.431736746826655
Rac1 perturbation; Cdc42 response,linear_R,R,0,1,0,14.66667,61.075306226964265,13.0784984598502,56.0,28.19332138958777
Rac1 perturbation; Cdc42 response,linear_R,R,0,1,0,15.0,62.904096297321416,12.151439818200448,56.0,27.954970615887955
Rac1 perturbation; Cdc42 response,linear_R,R,0,1,0,15.33333,62.09625783482145,12.727114343581496,56.0,27.716677258713563
Rac1 perturbation; Cdc42 response,linear_R,R,0,1,0,15.66667,56.46932148821429,12.177318652118275,56.0,27.47843415794421
Rac1 perturbation; Cdc42 response,linear_R,R,0,1,0,16.0,58.19295324714285,12.181067682968143,56.0,27.24025559405203
Rac1 perturbation; Cdc42 response,linear_R,R,0,1,0,16.33333,64.50140953892856,12.661195440931824,56.0,27.00213440520135
Rac1 perturbation; Cdc42 response,linear_R,R,0,1,0,16.66667,62.852034469642874,11.277303250885263,56.0,26.764063436445195
Rac1 perturbation; Cdc42 response,linear_R,R,0,1,0,17.0,66.45181134142857,11.165071803688988,56.0,26.526056957937847
Rac1 perturbation; Cdc42 response,linear_R,R,0,1,0,17.33333,57.421065627678594,11.680646628908903,56.0,26.288107813018378
Rac1 perturbation; Cdc42 response,linear_R,R,0,1,0,17.66667,61.71634201214285,11.595872688120714,56.0,26.05020885190902
Rac1 perturbation; Cdc42 response,linear_R,R,0,1,0,18.0,64.21866456446428,11.601979812504425,56.0,25.812374334453956
Rac1 perturbation; Cdc42 response,linear_R,R,0,1,0,18.33333,57.705033513749996,11.955581833649635,56.0,25.5745971091628
Rac1 perturbation; Cdc42 response,linear_R,R,0,1,0,18.66667,65.40024261232142,11.470379982282436,56.0,25.33687003142375
Rac1 perturbation; Cdc42 response,linear_R,R,0,1,0,19.0,63.10916902857142,11.921338915995449,56.0,25.099207350778137
Rac1 perturbation; Cdc42 response,linear_R,R,0,1,0,19.33333,60.21811466982144,12.110144207906488,56.0,24.86160192090243
Rac1 perturbation; Cdc42 response,linear_R,R,0,1,0,19.66667,67.68370798124998,12.532239969121928,56.0,24.624046602347036
Rac1 perturbation; Cdc42 response,linear_R,R,0,1,0,20.0,65.88854110875,12.325811193535127,56.0,24.38655563435774
Rac1 perturbation; Cdc42 response,linear_R,R,0,1,0,20.33333,60.942376883749986,12.671791082956299,56.0,24.149121875774323
Rac1 perturbation; Cdc42 response,linear_R,R,0,1,0,20.66667,58.72241103892858,12.021432487384956,56.0,23.911738192305517
Rac1 perturbation; Cdc42 response,linear_R,R,0,1,0,21.0,53.51671177285713,11.960341593184005,56.0,23.67441881290911
Rac1 perturbation; Cdc42 response,linear_R,R,0,1,0,21.33333,52.13898499750002,11.591237873900097,56.0,23.437156601584537
Rac1 perturbation; Cdc42 response,linear_R,R,0,1,0,21.66667,49.44778040500001,9.954845105598858,56.0,23.199944429194957
Rac1 perturbation; Cdc42 response,linear_R,R,0,1,0,22.0,45.060534001071424,9.45136452278932,56.0,22.96279651441761
Rac1 perturbation; Cdc42 response,linear_R,R,0,1,0,22.33333,43.02879638517859,8.719762175239723,56.0,22.725705726408023
Rac1 perturbation; Cdc42 response,linear_R,R,0,1,0,22.66667,37.47054658071429,9.909421561463999,56.0,22.48866494117991
Rac1 perturbation; Cdc42 response,linear_R,R,0,1,0,23.0,41.85401168000003,9.023062811264177,56.0,22.251688367137717
Rac1 perturbation; Cdc42 response,linear_R,R,0,1,0,23.33333,37.604964228035726,10.062365408446167,56.0,22.014768878588633
Rac1 perturbation; Cdc42 response,linear_R,R,0,1,0,23.66667,37.97096682785712,10.205204664719476,56.0,21.777899356693812
Rac1 perturbation; Cdc42 response,linear_R,R,0,1,0,24.0,33.44989865607143,9.526733026885863,56.0,21.54109399959191
Rac1 perturbation; Cdc42 response,linear_R,R,0,1,0,24.33333,31.101288853392855,10.279031442108089,56.0,21.30434568673867
Rac1 perturbation; Cdc42 response,linear_R,R,0,1,0,24.66667,31.914791204107143,11.037035766121848,56.0,21.067647304438346
Rac1 perturbation; Cdc42 response,linear_R,R,0,1,0,25.0,27.23004851285713,11.038314703262866,56.0,20.83101304057158
Rac1 perturbation; Cdc42 response,linear_R,R,0,1,0,25.33333,32.39120195928573,11.042930203809027,56.0,20.594435779738554
Rac1 perturbation; Cdc42 response,linear_R,R,0,1,0,25.66667,30.632160998035726,10.340276930676131,56.0,20.35790841338352
Rac1 perturbation; Cdc42 response,linear_R,R,0,1,0,26.0,27.574354252678567,9.334215664690287,56.0,20.121445119135995
Rac1 perturbation; Cdc42 response,linear_R,R,0,1,0,26.33333,26.98825472053571,9.472706586669132,56.0,19.885038786737265
Rac1 perturbation; Cdc42 response,linear_R,R,0,1,0,26.66667,23.828536430892857,9.13385834952662,56.0,19.648682312767363
Rac1 perturbation; Cdc42 response,linear_R,R,0,1,0,27.0,21.245405446785718,8.572782839915652,56.0,19.412389864612557
Rac1 perturbation; Cdc42 response,linear_R,R,0,1,0,27.33333,23.797148394821424,8.805907887438186,56.0,19.17615433715124
Rac1 perturbation; Cdc42 response,linear_R,R,0,1,0,27.66667,21.786008418392857,8.789026557627777,56.0,18.939968632095905
Rac1 perturbation; Cdc42 response,linear_R,R,0,1,0,28.0,19.72074452785714,8.641463671185805,56.0,18.703846906596553
Rac1 perturbation; Cdc42 response,linear_R,R,0,1,0,28.33333,19.56133962517857,8.071880993712787,56.0,18.467782060665147
Rac1 perturbation; Cdc42 response,linear_R,R,0,1,0,28.66667,18.007073220000002,7.240060099460427,56.0,18.231767001142625
Rac1 perturbation; Cdc42 response,linear_R,R,0,1,0,29.0,19.781916438928565,7.319891109470625,56.0,17.995815874950623
Rac1 perturbation; Cdc42 response,linear_R,R,0,1,0,29.33333,17.908076492678568,7.0668718053002655,56.0,17.75992158723077
Rac1 perturbation; Cdc42 response,linear_R,R,0,1,0,29.66667,12.991376950000005,7.059269006642786,56.0,17.52407704994891
Rac1 perturbation; Cdc42 response,linear_R,R,0,1,0,30.0,15.252381256785714,6.399419728850981,56.0,17.288296399805187
Rac1 perturbation; Cdc42 response,linear_R,R,0,1,0,30.33333,15.787882359821426,6.563629955811476,56.0,17.052572547067573
Rac1 perturbation; Cdc42 response,linear_R,R,0,1,0,30.66667,9.94503414982142,6.731632025512227,56.0,16.81689840882293
Rac1 perturbation; Cdc42 response,linear_R,R,0,1,0,31.0,10.036817084107152,6.974630393313972,56.0,16.581288111557672
Rac1 perturbation; Cdc42 response,linear_R,R,0,1,0,31.33333,9.230053227142859,7.172982663463468,56.0,16.345734570662135
Rac1 perturbation; Cdc42 response,linear_R,R,0,1,0,31.66667,10.85532622482143,7.095689350913041,56.0,16.110230708340406
Rac1 perturbation; Cdc42 response,linear_R,R,0,1,0,32.0,10.824877368928572,6.444077889813405,56.0,15.874790640872632
Rac1 perturbation; Cdc42 response,linear_R,R,0,1,0,32.33333,13.311633482857141,6.671262005017986,56.0,15.639407288767707
Rac1 perturbation; Cdc42 response,linear_R,R,0,1,0,32.66667,11.734538476250005,6.632334561615327,56.0,15.404073579343638
Rac1 perturbation; Cdc42 response,linear_R,R,0,1,0,33.0,10.346004451607149,6.896387904216912,56.0,15.168803618681395
Rac1 perturbation; Cdc42 response,linear_R,R,0,1,0,33.33333,9.172568554464283,6.831884347604223,56.0,14.93359033240478
Rac1 perturbation; Cdc42 response,linear_R,R,0,1,0,33.66667,6.891297014642854,6.7290806069907845,56.0,14.698426652941823
Rac1 perturbation; Cdc42 response,linear_R,R,0,1,0,34.0,7.357812429642855,6.602966027505014,56.0,14.463326676181978
Rac1 perturbation; Cdc42 response,linear_R,R,0,1,0,34.33333,4.517738089999999,7.132717334021903,56.0,14.22828333286007
Rac1 perturbation; Cdc42 response,linear_R,R,0,1,0,34.66667,8.732542402678572,5.53186065202682,56.0,13.993289560510714
Rac1 perturbation; Cdc42 response,linear_R,R,0,1,0,35.0,7.524200926249997,5.4461896146963005,56.0,13.758359444838842
Rac1 perturbation; Cdc42 response,linear_R,R,0,1,0,35.33333,8.171790244107145,5.958449540399851,56.0,13.523485921686973
Rac1 perturbation; Cdc42 response,linear_R,R,0,1,0,35.66667,2.685928293750003,6.021733786898675,56.0,13.288661933692303
Rac1 perturbation; Cdc42 response,linear_R,R,0,1,0,36.0,7.68786100071428,4.934698327055554,56.0,13.053901556382794
Rac1 perturbation; Cdc42 response,linear_R,R,0,1,0,36.33333,10.28194019517858,5.482052580966321,56.0,12.81919773070489
Rac1 perturbation; Cdc42 response,linear_R,R,0,1,0,36.66667,6.935392835178574,5.434021527126732,56.0,12.584543404394697
Rac1 perturbation; Cdc42 response,linear_R,R,0,1,0,37.0,2.682297860535712,5.833526565132814,56.0,12.349952642810656
Rac1 perturbation; Cdc42 response,linear_R,R,0,1,0,37.33333,6.265093537857142,4.872114708366953,56.0,12.115418391999231
Rac1 perturbation; Cdc42 response,linear_R,R,0,1,0,37.66667,4.158479823928573,4.88215272901345,56.0,11.88093360479213
Rac1 perturbation; Cdc42 response,linear_R,R,0,1,0,38.0,2.774460211607141,5.726416993581822,56.0,11.646512336385026
Rac1 perturbation; Cdc42 response,linear_R,R,0,1,0,38.33333,4.220438699285711,5.851693453622379,56.0,11.41214753792142
Rac1 perturbation; Cdc42 response,linear_R,R,0,1,0,38.66667,5.898403981785713,5.248780406414624,56.0,11.177832167324283
Rac1 perturbation; Cdc42 response,linear_R,R,0,1,0,39.0,2.116079720535715,5.688757520636718,56.0,10.943580269634516
Rac1 perturbation; Cdc42 response,linear_R,R,0,1,0,39.33333,1.6641076423214272,5.611694198127312,56.0,10.709384801088223
Rac1 perturbation; Cdc42 response,linear_R,R,0,1,0,39.66667,4.2761368823214285,5.280550466228412,56.0,10.475238724696627
Rac1 perturbation; Cdc42 response,linear_R,R,0,1,0,40.0,2.753929924107144,5.166320955931824,56.0,10.241156075352869
Rac1 perturbation; Cdc42 response,simple_hill,H(R),1,2,1,0.0,3.827074169107142,1.1420722545863766,56.0,38.38462053835177
Rac1 perturbation; Cdc42 response,simple_hill,H(R),1,2,1,0.3333333,17.239386878750004,3.6230717825189522,56.0,38.38462053835177
Rac1 perturbation; Cdc42 response,simple_hill,H(R),1,2,1,0.6666667,27.944322892321427,5.920585685086165,56.0,38.38462053835177
Rac1 perturbation; Cdc42 response,simple_hill,H(R),1,2,1,1.0,33.91203219839284,7.19853947353434,56.0,38.38462053835177
Rac1 perturbation; Cdc42 response,simple_hill,H(R),1,2,1,1.333333,40.62532188303572,8.336321677359155,56.0,38.38462053835177
Rac1 perturbation; Cdc42 response,simple_hill,H(R),1,2,1,1.666667,39.357031090535735,8.579362248519546,56.0,38.38462053835177
Rac1 perturbation; Cdc42 response,simple_hill,H(R),1,2,1,2.0,40.64119682910716,8.591445060017433,56.0,38.38462053835177
Rac1 perturbation; Cdc42 response,simple_hill,H(R),1,2,1,2.333333,42.037109865535726,8.792954344886885,56.0,38.38462053835177
Rac1 perturbation; Cdc42 response,simple_hill,H(R),1,2,1,2.666667,42.51144543464286,9.295292596102575,56.0,38.38462053835177
Rac1 perturbation; Cdc42 response,simple_hill,H(R),1,2,1,3.0,48.12939723964284,9.963933815532174,56.0,38.38462053835177
Rac1 perturbation; Cdc42 response,simple_hill,H(R),1,2,1,3.333333,45.16564558374999,10.429372020480425,56.0,38.38462053835177
Rac1 perturbation; Cdc42 response,simple_hill,H(R),1,2,1,3.666667,49.82137254517857,10.932543988201424,56.0,38.38462053835177
Rac1 perturbation; Cdc42 response,simple_hill,H(R),1,2,1,4.0,49.46123102089284,11.171653616071804,56.0,38.38462053835177
Rac1 perturbation; Cdc42 response,simple_hill,H(R),1,2,1,4.333334,54.19426600017859,11.481299788019944,56.0,38.38462053835177
Rac1 perturbation; Cdc42 response,simple_hill,H(R),1,2,1,4.666667,49.670968873571425,10.757617281060043,56.0,38.38462053835177
Rac1 perturbation; Cdc42 response,simple_hill,H(R),1,2,1,5.0,50.903237674285734,10.529299956320257,56.0,38.384620538351754
Rac1 perturbation; Cdc42 response,simple_hill,H(R),1,2,1,5.333334,48.62251751982142,10.221503553325313,56.0,38.38462053835171
Rac1 perturbation; Cdc42 response,simple_hill,H(R),1,2,1,5.666667,48.60424288107142,11.563656042466464,56.0,38.384620538351484
Rac1 perturbation; Cdc42 response,simple_hill,H(R),1,2,1,6.0,52.024706377321436,10.918739547859715,56.0,38.384620538350546
Rac1 perturbation; Cdc42 response,simple_hill,H(R),1,2,1,6.333334,50.76793762,11.40638591876654,56.0,38.384620538347
Rac1 perturbation; Cdc42 response,simple_hill,H(R),1,2,1,6.666667,54.43562262785714,11.915146283078842,56.0,38.3846205383346
Rac1 perturbation; Cdc42 response,simple_hill,H(R),1,2,1,7.0,52.03527786339288,11.713402551630317,56.0,38.38462053829439
Rac1 perturbation; Cdc42 response,simple_hill,H(R),1,2,1,7.333334,50.833776938214285,11.055851899450207,56.0,38.384620538172484
Rac1 perturbation; Cdc42 response,simple_hill,H(R),1,2,1,7.666667,53.823288135714314,10.863983314939432,56.0,38.38462053782478
Rac1 perturbation; Cdc42 response,simple_hill,H(R),1,2,1,8.0,51.90479413160716,11.010775975290125,56.0,38.38462053688702
Rac1 perturbation; Cdc42 response,simple_hill,H(R),1,2,1,8.333333,51.90697419892856,10.139950267233813,56.0,38.38462053448416
Rac1 perturbation; Cdc42 response,simple_hill,H(R),1,2,1,8.666667,51.74549677267857,10.541134502239517,56.0,38.384620528610405
Rac1 perturbation; Cdc42 response,simple_hill,H(R),1,2,1,9.0,52.604561248571436,10.642679744999985,56.0,38.384620514862675
Rac1 perturbation; Cdc42 response,simple_hill,H(R),1,2,1,9.333333,51.231733485535706,10.851944544841261,56.0,38.38462048395331
Rac1 perturbation; Cdc42 response,simple_hill,H(R),1,2,1,9.666667,52.22727063178574,10.638437435555277,56.0,38.38462041700262
Rac1 perturbation; Cdc42 response,simple_hill,H(R),1,2,1,10.0,50.698182273035734,10.542941423713255,56.0,38.38462027692982
Rac1 perturbation; Cdc42 response,simple_hill,H(R),1,2,1,10.33333,54.06696888107144,10.702765966730157,56.0,38.38461999320031
Rac1 perturbation; Cdc42 response,simple_hill,H(R),1,2,1,10.66667,50.439666005714294,11.084816945978258,56.0,38.38461943555959
Rac1 perturbation; Cdc42 response,simple_hill,H(R),1,2,1,11.0,54.65172079357143,11.333885212747417,56.0,38.38461837020958
Rac1 perturbation; Cdc42 response,simple_hill,H(R),1,2,1,11.33333,52.14428028982143,10.806780589267332,56.0,38.384616388156374
Rac1 perturbation; Cdc42 response,simple_hill,H(R),1,2,1,11.66667,51.87196959607144,11.439420603811717,56.0,38.38461279127931
Rac1 perturbation; Cdc42 response,simple_hill,H(R),1,2,1,12.0,58.43871945178572,11.606161569484064,56.0,38.384606415784106
Rac1 perturbation; Cdc42 response,simple_hill,H(R),1,2,1,12.33333,55.085658180357136,11.032267610609408,56.0,38.38459536229835
Rac1 perturbation; Cdc42 response,simple_hill,H(R),1,2,1,12.66667,58.64790563089287,11.327073931852615,56.0,38.38457659403715
Rac1 perturbation; Cdc42 response,simple_hill,H(R),1,2,1,13.0,61.814454952142874,11.731313212238682,56.0,38.38454535209894
Rac1 perturbation; Cdc42 response,simple_hill,H(R),1,2,1,13.33333,56.964429048214285,11.906372097202055,56.0,38.384494309448854
Rac1 perturbation; Cdc42 response,simple_hill,H(R),1,2,1,13.66667,57.82881474017859,12.38989717920228,56.0,38.38441238049534
Rac1 perturbation; Cdc42 response,simple_hill,H(R),1,2,1,14.0,60.89789809357142,12.211422473989089,56.0,38.38428308065008
Rac1 perturbation; Cdc42 response,simple_hill,H(R),1,2,1,14.33333,56.72333004464287,12.463769096533317,56.0,38.384082257219966
Rac1 perturbation; Cdc42 response,simple_hill,H(R),1,2,1,14.66667,61.075306226964265,13.0784984598502,56.0,38.3837750515684
Rac1 perturbation; Cdc42 response,simple_hill,H(R),1,2,1,15.0,62.904096297321416,12.151439818200448,56.0,38.383311910140684
Rac1 perturbation; Cdc42 response,simple_hill,H(R),1,2,1,15.33333,62.09625783482145,12.727114343581496,56.0,38.38262326251978
Rac1 perturbation; Cdc42 response,simple_hill,H(R),1,2,1,15.66667,56.46932148821429,12.177318652118275,56.0,38.381612713921285
Rac1 perturbation; Cdc42 response,simple_hill,H(R),1,2,1,16.0,58.19295324714285,12.181067682968143,56.0,38.38014849412404
Rac1 perturbation; Cdc42 response,simple_hill,H(R),1,2,1,16.33333,64.50140953892856,12.661195440931824,56.0,38.37805236168892
Rac1 perturbation; Cdc42 response,simple_hill,H(R),1,2,1,16.66667,62.852034469642874,11.277303250885263,56.0,38.375086025631866
Rac1 perturbation; Cdc42 response,simple_hill,H(R),1,2,1,17.0,66.45181134142857,11.165071803688988,56.0,38.370934810347705
Rac1 perturbation; Cdc42 response,simple_hill,H(R),1,2,1,17.33333,57.421065627678594,11.680646628908903,56.0,38.365186873500996
Rac1 perturbation; Cdc42 response,simple_hill,H(R),1,2,1,17.66667,61.71634201214285,11.595872688120714,56.0,38.357308951288225
Rac1 perturbation; Cdc42 response,simple_hill,H(R),1,2,1,18.0,64.21866456446428,11.601979812504425,56.0,38.34661850878257
Rac1 perturbation; Cdc42 response,simple_hill,H(R),1,2,1,18.33333,57.705033513749996,11.955581833649635,56.0,38.33224872596849
Rac1 perturbation; Cdc42 response,simple_hill,H(R),1,2,1,18.66667,65.40024261232142,11.470379982282436,56.0,38.3131099761613
Rac1 perturbation; Cdc42 response,simple_hill,H(R),1,2,1,19.0,63.10916902857142,11.921338915995449,56.0,38.287848177642616
Rac1 perturbation; Cdc42 response,simple_hill,H(R),1,2,1,19.33333,60.21811466982144,12.110144207906488,56.0,38.25479262975597
Rac1 perturbation; Cdc42 response,simple_hill,H(R),1,2,1,19.66667,67.68370798124998,12.532239969121928,56.0,38.211903656235776
Rac1 perturbation; Cdc42 response,simple_hill,H(R),1,2,1,20.0,65.88854110875,12.325811193535127,56.0,38.15672155096541
Rac1 perturbation; Cdc42 response,simple_hill,H(R),1,2,1,20.33333,60.942376883749986,12.671791082956299,56.0,38.08630207996167
Rac1 perturbation; Cdc42 response,simple_hill,H(R),1,2,1,20.66667,58.72241103892858,12.021432487384956,56.0,37.99716354345045
Rac1 perturbation; Cdc42 response,simple_hill,H(R),1,2,1,21.0,53.51671177285713,11.960341593184005,56.0,37.88524867337464
Rac1 perturbation; Cdc42 response,simple_hill,H(R),1,2,1,21.33333,52.13898499750002,11.591237873900097,56.0,37.74587294295092
Rac1 perturbation; Cdc42 response,simple_hill,H(R),1,2,1,21.66667,49.44778040500001,9.954845105598858,56.0,37.57371293082434
Rac1 perturbation; Cdc42 response,simple_hill,H(R),1,2,1,22.0,45.060534001071424,9.45136452278932,56.0,37.36283875680215
Rac1 perturbation; Cdc42 response,simple_hill,H(R),1,2,1,22.33333,43.02879638517859,8.719762175239723,56.0,37.10673642760544
Rac1 perturbation; Cdc42 response,simple_hill,H(R),1,2,1,22.66667,37.47054658071429,9.909421561463999,56.0,36.79842173032556
Rac1 perturbation; Cdc42 response,simple_hill,H(R),1,2,1,23.0,41.85401168000003,9.023062811264177,56.0,36.430641422560946
Rac1 perturbation; Cdc42 response,simple_hill,H(R),1,2,1,23.33333,37.604964228035726,10.062365408446167,56.0,35.99605748502602
Rac1 perturbation; Cdc42 response,simple_hill,H(R),1,2,1,23.66667,37.97096682785712,10.205204664719476,56.0,35.487582239621744
Rac1 perturbation; Cdc42 response,simple_hill,H(R),1,2,1,24.0,33.44989865607143,9.526733026885863,56.0,34.898823900769216
Rac1 perturbation; Cdc42 response,simple_hill,H(R),1,2,1,24.33333,31.101288853392855,10.279031442108089,56.0,34.22444754629293
Rac1 perturbation; Cdc42 response,simple_hill,H(R),1,2,1,24.66667,31.914791204107143,11.037035766121848,56.0,33.46069727423596
Rac1 perturbation; Cdc42 response,simple_hill,H(R),1,2,1,25.0,27.23004851285713,11.038314703262866,56.0,32.60596071125446
Rac1 perturbation; Cdc42 response,simple_hill,H(R),1,2,1,25.33333,32.39120195928573,11.042930203809027,56.0,31.6610613031662
Rac1 perturbation; Cdc42 response,simple_hill,H(R),1,2,1,25.66667,30.632160998035726,10.340276930676131,56.0,30.62963273225249
Rac1 perturbation; Cdc42 response,simple_hill,H(R),1,2,1,26.0,27.574354252678567,9.334215664690287,56.0,29.518374334149716
Rac1 perturbation; Cdc42 response,simple_hill,H(R),1,2,1,26.33333,26.98825472053571,9.472706586669132,56.0,28.33680587628278
Rac1 perturbation; Cdc42 response,simple_hill,H(R),1,2,1,26.66667,23.828536430892857,9.13385834952662,56.0,27.09706242229078
Rac1 perturbation; Cdc42 response,simple_hill,H(R),1,2,1,27.0,21.245405446785718,8.572782839915652,56.0,25.813508175388115
Rac1 perturbation; Cdc42 response,simple_hill,H(R),1,2,1,27.33333,23.797148394821424,8.805907887438186,56.0,24.501829406530938
Rac1 perturbation; Cdc42 response,simple_hill,H(R),1,2,1,27.66667,21.786008418392857,8.789026557627777,56.0,23.178351296981234
Rac1 perturbation; Cdc42 response,simple_hill,H(R),1,2,1,28.0,19.72074452785714,8.641463671185805,56.0,21.85934529861336
Rac1 perturbation; Cdc42 response,simple_hill,H(R),1,2,1,28.33333,19.56133962517857,8.071880993712787,56.0,20.560033190683377
Rac1 perturbation; Cdc42 response,simple_hill,H(R),1,2,1,28.66667,18.007073220000002,7.240060099460427,56.0,19.294079445868288
Rac1 perturbation; Cdc42 response,simple_hill,H(R),1,2,1,29.0,19.781916438928565,7.319891109470625,56.0,18.073246314588236
Rac1 perturbation; Cdc42 response,simple_hill,H(R),1,2,1,29.33333,17.908076492678568,7.0668718053002655,56.0,16.906900164468787
Rac1 perturbation; Cdc42 response,simple_hill,H(R),1,2,1,29.66667,12.991376950000005,7.059269006642786,56.0,15.802050745732767
Rac1 perturbation; Cdc42 response,simple_hill,H(R),1,2,1,30.0,15.252381256785714,6.399419728850981,56.0,14.763517864938137
Rac1 perturbation; Cdc42 response,simple_hill,H(R),1,2,1,30.33333,15.787882359821426,6.563629955811476,56.0,13.793925245693853
Rac1 perturbation; Cdc42 response,simple_hill,H(R),1,2,1,30.66667,9.94503414982142,6.731632025512227,56.0,12.894079358770103
Rac1 perturbation; Cdc42 response,simple_hill,H(R),1,2,1,31.0,10.036817084107152,6.974630393313972,56.0,12.063350215270702
Rac1 perturbation; Cdc42 response,simple_hill,H(R),1,2,1,31.33333,9.230053227142859,7.172982663463468,56.0,11.299825771668164
Rac1 perturbation; Cdc42 response,simple_hill,H(R),1,2,1,31.66667,10.85532622482143,7.095689350913041,56.0,10.600702354874013
Rac1 perturbation; Cdc42 response,simple_hill,H(R),1,2,1,32.0,10.824877368928572,6.444077889813405,56.0,9.962607990950634
Rac1 perturbation; Cdc42 response,simple_hill,H(R),1,2,1,32.33333,13.311633482857141,6.671262005017986,56.0,9.381707306090927
Rac1 perturbation; Cdc42 response,simple_hill,H(R),1,2,1,32.66667,11.734538476250005,6.632334561615327,56.0,8.853961479535432
Rac1 perturbation; Cdc42 response,simple_hill,H(R),1,2,1,33.0,10.346004451607149,6.896387904216912,56.0,8.375317475193832
Rac1 perturbation; Cdc42 response,simple_hill,H(R),1,2,1,33.33333,9.172568554464283,6.831884347604223,56.0,7.941726558469895
Rac1 perturbation; Cdc42 response,simple_hill,H(R),1,2,1,33.66667,6.891297014642854,6.7290806069907845,56.0,7.549280026411324
Rac1 perturbation; Cdc42 response,simple_hill,H(R),1,2,1,34.0,7.357812429642855,6.602966027505014,56.0,7.194294704604875
Rac1 perturbation; Cdc42 response,simple_hill,H(R),1,2,1,34.33333,4.517738089999999,7.132717334021903,56.0,6.873277973706195
Rac1 perturbation; Cdc42 response,simple_hill,H(R),1,2,1,34.66667,8.732542402678572,5.53186065202682,56.0,6.582987039736302
Rac1 perturbation; Cdc42 response,simple_hill,H(R),1,2,1,35.0,7.524200926249997,5.4461896146963005,56.0,6.320457657153746
Rac1 perturbation; Cdc42 response,simple_hill,H(R),1,2,1,35.33333,8.171790244107145,5.958449540399851,56.0,6.082950345042249
Rac1 perturbation; Cdc42 response,simple_hill,H(R),1,2,1,35.66667,2.685928293750003,6.021733786898675,56.0,5.867972034761117
Rac1 perturbation; Cdc42 response,simple_hill,H(R),1,2,1,36.0,7.68786100071428,4.934698327055554,56.0,5.673280053000177
Rac1 perturbation; Cdc42 response,simple_hill,H(R),1,2,1,36.33333,10.28194019517858,5.482052580966321,56.0,5.4968290342360575
Rac1 perturbation; Cdc42 response,simple_hill,H(R),1,2,1,36.66667,6.935392835178574,5.434021527126732,56.0,5.336776918592967
Rac1 perturbation; Cdc42 response,simple_hill,H(R),1,2,1,37.0,2.682297860535712,5.833526565132814,56.0,5.191480605571556
Rac1 perturbation; Cdc42 response,simple_hill,H(R),1,2,1,37.33333,6.265093537857142,4.872114708366953,56.0,5.059451088387213
Rac1 perturbation; Cdc42 response,simple_hill,H(R),1,2,1,37.66667,4.158479823928573,4.88215272901345,56.0,4.93935408558108
Rac1 perturbation; Cdc42 response,simple_hill,H(R),1,2,1,38.0,2.774460211607141,5.726416993581822,56.0,4.830004309769599
Rac1 perturbation; Cdc42 response,simple_hill,H(R),1,2,1,38.33333,4.220438699285711,5.851693453622379,56.0,4.73033014306192
Rac1 perturbation; Cdc42 response,simple_hill,H(R),1,2,1,38.66667,5.898403981785713,5.248780406414624,56.0,4.6393730513478815
Rac1 perturbation; Cdc42 response,simple_hill,H(R),1,2,1,39.0,2.116079720535715,5.688757520636718,56.0,4.556282831282758
Rac1 perturbation; Cdc42 response,simple_hill,H(R),1,2,1,39.33333,1.6641076423214272,5.611694198127312,56.0,4.480290705370095
Rac1 perturbation; Cdc42 response,simple_hill,H(R),1,2,1,39.66667,4.2761368823214285,5.280550466228412,56.0,4.410708909914241
Rac1 perturbation; Cdc42 response,simple_hill,H(R),1,2,1,40.0,2.753929924107144,5.166320955931824,56.0,4.346927389118399
Rac1 perturbation; Cdc42 response,Hill_expr,R,0,1,0,0.0,3.827074169107142,1.1420722545863766,56.0,0.0
Rac1 perturbation; Cdc42 response,Hill_expr,R,0,1,0,0.3333333,17.239386878750004,3.6230717825189522,56.0,0.9993567100121487
Rac1 perturbation; Cdc42 response,Hill_expr,R,0,1,0,0.6666667,27.944322892321427,5.920585685086165,56.0,0.9999995861789038
Rac1 perturbation; Cdc42 response,Hill_expr,R,0,1,0,1.0,33.91203219839284,7.19853947353434,56.0,0.999999999733793
Rac1 perturbation; Cdc42 response,Hill_expr,R,0,1,0,1.333333,40.62532188303572,8.336321677359155,56.0,0.9999999999998288
Rac1 perturbation; Cdc42 response,Hill_expr,R,0,1,0,1.666667,39.357031090535735,8.579362248519546,56.0,0.9999999999999999
Rac1 perturbation; Cdc42 response,Hill_expr,R,0,1,0,2.0,40.64119682910716,8.591445060017433,56.0,1.0
Rac1 perturbation; Cdc42 response,Hill_expr,R,0,1,0,2.333333,42.037109865535726,8.792954344886885,56.0,1.0
Rac1 perturbation; Cdc42 response,Hill_expr,R,0,1,0,2.666667,42.51144543464286,9.295292596102575,56.0,1.0
Rac1 perturbation; Cdc42 response,Hill_expr,R,0,1,0,3.0,48.12939723964284,9.963933815532174,56.0,1.0
Rac1 perturbation; Cdc42 response,Hill_expr,R,0,1,0,3.333333,45.16564558374999,10.429372020480425,56.0,1.0
Rac1 perturbation; Cdc42 response,Hill_expr,R,0,1,0,3.666667,49.82137254517857,10.932543988201424,56.0,1.0
Rac1 perturbation; Cdc42 response,Hill_expr,R,0,1,0,4.0,49.46123102089284,11.171653616071804,56.0,1.0
Rac1 perturbation; Cdc42 response,Hill_expr,R,0,1,0,4.333334,54.19426600017859,11.481299788019944,56.0,1.0
Rac1 perturbation; Cdc42 response,Hill_expr,R,0,1,0,4.666667,49.670968873571425,10.757617281060043,56.0,1.0
Rac1 perturbation; Cdc42 response,Hill_expr,R,0,1,0,5.0,50.903237674285734,10.529299956320257,56.0,1.0
Rac1 perturbation; Cdc42 response,Hill_expr,R,0,1,0,5.333334,48.62251751982142,10.221503553325313,56.0,1.0
Rac1 perturbation; Cdc42 response,Hill_expr,R,0,1,0,5.666667,48.60424288107142,11.563656042466464,56.0,1.0
Rac1 perturbation; Cdc42 response,Hill_expr,R,0,1,0,6.0,52.024706377321436,10.918739547859715,56.0,1.0
Rac1 perturbation; Cdc42 response,Hill_expr,R,0,1,0,6.333334,50.76793762,11.40638591876654,56.0,1.0
Rac1 perturbation; Cdc42 response,Hill_expr,R,0,1,0,6.666667,54.43562262785714,11.915146283078842,56.0,1.0
Rac1 perturbation; Cdc42 response,Hill_expr,R,0,1,0,7.0,52.03527786339288,11.713402551630317,56.0,1.0
Rac1 perturbation; Cdc42 response,Hill_expr,R,0,1,0,7.333334,50.833776938214285,11.055851899450207,56.0,1.0
Rac1 perturbation; Cdc42 response,Hill_expr,R,0,1,0,7.666667,53.823288135714314,10.863983314939432,56.0,1.0
Rac1 perturbation; Cdc42 response,Hill_expr,R,0,1,0,8.0,51.90479413160716,11.010775975290125,56.0,1.0
Rac1 perturbation; Cdc42 response,Hill_expr,R,0,1,0,8.333333,51.90697419892856,10.139950267233813,56.0,1.0
Rac1 perturbation; Cdc42 response,Hill_expr,R,0,1,0,8.666667,51.74549677267857,10.541134502239517,56.0,1.0
Rac1 perturbation; Cdc42 response,Hill_expr,R,0,1,0,9.0,52.604561248571436,10.642679744999985,56.0,1.0
Rac1 perturbation; Cdc42 response,Hill_expr,R,0,1,0,9.333333,51.231733485535706,10.851944544841261,56.0,1.0
Rac1 perturbation; Cdc42 response,Hill_expr,R,0,1,0,9.666667,52.22727063178574,10.638437435555277,56.0,1.0
Rac1 perturbation; Cdc42 response,Hill_expr,R,0,1,0,10.0,50.698182273035734,10.542941423713255,56.0,1.0
Rac1 perturbation; Cdc42 response,Hill_expr,R,0,1,0,10.33333,54.06696888107144,10.702765966730157,56.0,1.0
Rac1 perturbation; Cdc42 response,Hill_expr,R,0,1,0,10.66667,50.439666005714294,11.084816945978258,56.0,1.0
Rac1 perturbation; Cdc42 response,Hill_expr,R,0,1,0,11.0,54.65172079357143,11.333885212747417,56.0,1.0
Rac1 perturbation; Cdc42 response,Hill_expr,R,0,1,0,11.33333,52.14428028982143,10.806780589267332,56.0,1.0
Rac1 perturbation; Cdc42 response,Hill_expr,R,0,1,0,11.66667,51.87196959607144,11.439420603811717,56.0,1.0
Rac1 perturbation; Cdc42 response,Hill_expr,R,0,1,0,12.0,58.43871945178572,11.606161569484064,56.0,1.0
Rac1 perturbation; Cdc42 response,Hill_expr,R,0,1,0,12.33333,55.085658180357136,11.032267610609408,56.0,1.0
Rac1 perturbation; Cdc42 response,Hill_expr,R,0,1,0,12.66667,58.64790563089287,11.327073931852615,56.0,1.0
Rac1 perturbation; Cdc42 response,Hill_expr,R,0,1,0,13.0,61.814454952142874,11.731313212238682,56.0,1.0
Rac1 perturbation; Cdc42 response,Hill_expr,R,0,1,0,13.33333,56.964429048214285,11.906372097202055,56.0,1.0
Rac1 perturbation; Cdc42 response,Hill_expr,R,0,1,0,13.66667,57.82881474017859,12.38989717920228,56.0,1.0
Rac1 perturbation; Cdc42 response,Hill_expr,R,0,1,0,14.0,60.89789809357142,12.211422473989089,56.0,1.0
Rac1 perturbation; Cdc42 response,Hill_expr,R,0,1,0,14.33333,56.72333004464287,12.463769096533317,56.0,1.0
Rac1 perturbation; Cdc42 response,Hill_expr,R,0,1,0,14.66667,61.075306226964265,13.0784984598502,56.0,1.0
Rac1 perturbation; Cdc42 response,Hill_expr,R,0,1,0,15.0,62.904096297321416,12.151439818200448,56.0,1.0
Rac1 perturbation; Cdc42 response,Hill_expr,R,0,1,0,15.33333,62.09625783482145,12.727114343581496,56.0,1.0
Rac1 perturbation; Cdc42 response,Hill_expr,R,0,1,0,15.66667,56.46932148821429,12.177318652118275,56.0,1.0
Rac1 perturbation; Cdc42 response,Hill_expr,R,0,1,0,16.0,58.19295324714285,12.181067682968143,56.0,1.0
Rac1 perturbation; Cdc42 response,Hill_expr,R,0,1,0,16.33333,64.50140953892856,12.661195440931824,56.0,1.0
Rac1 perturbation; Cdc42 response,Hill_expr,R,0,1,0,16.66667,62.852034469642874,11.277303250885263,56.0,1.0
Rac1 perturbation; Cdc42 response,Hill_expr,R,0,1,0,17.0,66.45181134142857,11.165071803688988,56.0,1.0
Rac1 perturbation; Cdc42 response,Hill_expr,R,0,1,0,17.33333,57.421065627678594,11.680646628908903,56.0,1.0
Rac1 perturbation; Cdc42 response,Hill_expr,R,0,1,0,17.66667,61.71634201214285,11.595872688120714,56.0,1.0
Rac1 perturbation; Cdc42 response,Hill_expr,R,0,1,0,18.0,64.21866456446428,11.601979812504425,56.0,1.0
Rac1 perturbation; Cdc42 response,Hill_expr,R,0,1,0,18.33333,57.705033513749996,11.955581833649635,56.0,1.0
Rac1 perturbation; Cdc42 response,Hill_expr,R,0,1,0,18.66667,65.40024261232142,11.470379982282436,56.0,1.0
Rac1 perturbation; Cdc42 response,Hill_expr,R,0,1,0,19.0,63.10916902857142,11.921338915995449,56.0,1.0
Rac1 perturbation; Cdc42 response,Hill_expr,R,0,1,0,19.33333,60.21811466982144,12.110144207906488,56.0,1.0
Rac1 perturbation; Cdc42 response,Hill_expr,R,0,1,0,19.66667,67.68370798124998,12.532239969121928,56.0,1.0
Rac1 perturbation; Cdc42 response,Hill_expr,R,0,1,0,20.0,65.88854110875,12.325811193535127,56.0,1.0
Rac1 perturbation; Cdc42 response,Hill_expr,R,0,1,0,20.33333,60.942376883749986,12.671791082956299,56.0,1.0
Rac1 perturbation; Cdc42 response,Hill_expr,R,0,1,0,20.66667,58.72241103892858,12.021432487384956,56.0,1.0
Rac1 perturbation; Cdc42 response,Hill_expr,R,0,1,0,21.0,53.51671177285713,11.960341593184005,56.0,1.0
Rac1 perturbation; Cdc42 response,Hill_expr,R,0,1,0,21.33333,52.13898499750002,11.591237873900097,56.0,1.0
Rac1 perturbation; Cdc42 response,Hill_expr,R,0,1,0,21.66667,49.44778040500001,9.954845105598858,56.0,1.0
Rac1 perturbation; Cdc42 response,Hill_expr,R,0,1,0,22.0,45.060534001071424,9.45136452278932,56.0,1.0
Rac1 perturbation; Cdc42 response,Hill_expr,R,0,1,0,22.33333,43.02879638517859,8.719762175239723,56.0,1.0
Rac1 perturbation; Cdc42 response,Hill_expr,R,0,1,0,22.66667,37.47054658071429,9.909421561463999,56.0,1.0
Rac1 perturbation; Cdc42 response,Hill_expr,R,0,1,0,23.0,41.85401168000003,9.023062811264177,56.0,1.0
Rac1 perturbation; Cdc42 response,Hill_expr,R,0,1,0,23.33333,37.604964228035726,10.062365408446167,56.0,1.0
Rac1 perturbation; Cdc42 response,Hill_expr,R,0,1,0,23.66667,37.97096682785712,10.205204664719476,56.0,1.0
Rac1 perturbation; Cdc42 response,Hill_expr,R,0,1,0,24.0,33.44989865607143,9.526733026885863,56.0,1.0
Rac1 perturbation; Cdc42 response,Hill_expr,R,0,1,0,24.33333,31.101288853392855,10.279031442108089,56.0,1.0
Rac1 perturbation; Cdc42 response,Hill_expr,R,0,1,0,24.66667,31.914791204107143,11.037035766121848,56.0,1.0
Rac1 perturbation; Cdc42 response,Hill_expr,R,0,1,0,25.0,27.23004851285713,11.038314703262866,56.0,1.0
Rac1 perturbation; Cdc42 response,Hill_expr,R,0,1,0,25.33333,32.39120195928573,11.042930203809027,56.0,1.0
Rac1 perturbation; Cdc42 response,Hill_expr,R,0,1,0,25.66667,30.632160998035726,10.340276930676131,56.0,1.0
Rac1 perturbation; Cdc42 response,Hill_expr,R,0,1,0,26.0,27.574354252678567,9.334215664690287,56.0,1.0
Rac1 perturbation; Cdc42 response,Hill_expr,R,0,1,0,26.33333,26.98825472053571,9.472706586669132,56.0,1.0
Rac1 perturbation; Cdc42 response,Hill_expr,R,0,1,0,26.66667,23.828536430892857,9.13385834952662,56.0,1.0
Rac1 perturbation; Cdc42 response,Hill_expr,R,0,1,0,27.0,21.245405446785718,8.572782839915652,56.0,1.0
Rac1 perturbation; Cdc42 response,Hill_expr,R,0,1,0,27.33333,23.797148394821424,8.805907887438186,56.0,1.0
Rac1 perturbation; Cdc42 response,Hill_expr,R,0,1,0,27.66667,21.786008418392857,8.789026557627777,56.0,1.0
Rac1 perturbation; Cdc42 response,Hill_expr,R,0,1,0,28.0,19.72074452785714,8.641463671185805,56.0,1.0
Rac1 perturbation; Cdc42 response,Hill_expr,R,0,1,0,28.33333,19.56133962517857,8.071880993712787,56.0,1.0
Rac1 perturbation; Cdc42 response,Hill_expr,R,0,1,0,28.66667,18.007073220000002,7.240060099460427,56.0,1.0
Rac1 perturbation; Cdc42 response,Hill_expr,R,0,1,0,29.0,19.781916438928565,7.319891109470625,56.0,1.0
Rac1 perturbation; Cdc42 response,Hill_expr,R,0,1,0,29.33333,17.908076492678568,7.0668718053002655,56.0,1.0
Rac1 perturbation; Cdc42 response,Hill_expr,R,0,1,0,29.66667,12.991376950000005,7.059269006642786,56.0,1.0
Rac1 perturbation; Cdc42 response,Hill_expr,R,0,1,0,30.0,15.252381256785714,6.399419728850981,56.0,1.0
Rac1 perturbation; Cdc42 response,Hill_expr,R,0,1,0,30.33333,15.787882359821426,6.563629955811476,56.0,1.0
Rac1 perturbation; Cdc42 response,Hill_expr,R,0,1,0,30.66667,9.94503414982142,6.731632025512227,56.0,1.0
Rac1 perturbation; Cdc42 response,Hill_expr,R,0,1,0,31.0,10.036817084107152,6.974630393313972,56.0,1.0
Rac1 perturbation; Cdc42 response,Hill_expr,R,0,1,0,31.33333,9.230053227142859,7.172982663463468,56.0,1.0
Rac1 perturbation; Cdc42 response,Hill_expr,R,0,1,0,31.66667,10.85532622482143,7.095689350913041,56.0,1.0
Rac1 perturbation; Cdc42 response,Hill_expr,R,0,1,0,32.0,10.824877368928572,6.444077889813405,56.0,1.0
Rac1 perturbation; Cdc42 response,Hill_expr,R,0,1,0,32.33333,13.311633482857141,6.671262005017986,56.0,1.0
Rac1 perturbation; Cdc42 response,Hill_expr,R,0,1,0,32.66667,11.734538476250005,6.632334561615327,56.0,1.0
Rac1 perturbation; Cdc42 response,Hill_expr,R,0,1,0,33.0,10.346004451607149,6.896387904216912,56.0,1.0
Rac1 perturbation; Cdc42 response,Hill_expr,R,0,1,0,33.33333,9.172568554464283,6.831884347604223,56.0,1.0
Rac1 perturbation; Cdc42 response,Hill_expr,R,0,1,0,33.66667,6.891297014642854,6.7290806069907845,56.0,1.0
Rac1 perturbation; Cdc42 response,Hill_expr,R,0,1,0,34.0,7.357812429642855,6.602966027505014,56.0,1.0
Rac1 perturbation; Cdc42 response,Hill_expr,R,0,1,0,34.33333,4.517738089999999,7.132717334021903,56.0,1.0
Rac1 perturbation; Cdc42 response,Hill_expr,R,0,1,0,34.66667,8.732542402678572,5.53186065202682,56.0,1.0
Rac1 perturbation; Cdc42 response,Hill_expr,R,0,1,0,35.0,7.524200926249997,5.4461896146963005,56.0,1.0
Rac1 perturbation; Cdc42 response,Hill_expr,R,0,1,0,35.33333,8.171790244107145,5.958449540399851,56.0,1.0
Rac1 perturbation; Cdc42 response,Hill_expr,R,0,1,0,35.66667,2.685928293750003,6.021733786898675,56.0,1.0
Rac1 perturbation; Cdc42 response,Hill_expr,R,0,1,0,36.0,7.68786100071428,4.934698327055554,56.0,1.0
Rac1 perturbation; Cdc42 response,Hill_expr,R,0,1,0,36.33333,10.28194019517858,5.482052580966321,56.0,1.0
Rac1 perturbation; Cdc42 response,Hill_expr,R,0,1,0,36.66667,6.935392835178574,5.434021527126732,56.0,1.0
Rac1 perturbation; Cdc42 response,Hill_expr,R,0,1,0,37.0,2.682297860535712,5.833526565132814,56.0,1.0
Rac1 perturbation; Cdc42 response,Hill_expr,R,0,1,0,37.33333,6.265093537857142,4.872114708366953,56.0,1.0
Rac1 perturbation; Cdc42 response,Hill_expr,R,0,1,0,37.66667,4.158479823928573,4.88215272901345,56.0,1.0
Rac1 perturbation; Cdc42 response,Hill_expr,R,0,1,0,38.0,2.774460211607141,5.726416993581822,56.0,1.0
Rac1 perturbation; Cdc42 response,Hill_expr,R,0,1,0,38.33333,4.220438699285711,5.851693453622379,56.0,1.0
Rac1 perturbation; Cdc42 response,Hill_expr,R,0,1,0,38.66667,5.898403981785713,5.248780406414624,56.0,1.0
Rac1 perturbation; Cdc42 response,Hill_expr,R,0,1,0,39.0,2.116079720535715,5.688757520636718,56.0,1.0
Rac1 perturbation; Cdc42 response,Hill_expr,R,0,1,0,39.33333,1.6641076423214272,5.611694198127312,56.0,1.0
Rac1 perturbation; Cdc42 response,Hill_expr,R,0,1,0,39.66667,4.2761368823214285,5.280550466228412,56.0,1.0
Rac1 perturbation; Cdc42 response,Hill_expr,R,0,1,0,40.0,2.753929924107144,5.166320955931824,56.0,1.0
Rac1 perturbation; Cdc42 response,Hill_expr,(R+R),0,3,0,0.0,3.827074169107142,1.1420722545863766,56.0,0.0
Rac1 perturbation; Cdc42 response,Hill_expr,(R+R),0,3,0,0.3333333,17.239386878750004,3.6230717825189522,56.0,1.9991513460926933
Rac1 perturbation; Cdc42 response,Hill_expr,(R+R),0,3,0,0.6666667,27.944322892321427,5.920585685086165,56.0,1.9999996398941118
Rac1 perturbation; Cdc42 response,Hill_expr,(R+R),0,3,0,1.0,33.91203219839284,7.19853947353434,56.0,1.9999999998471973
Rac1 perturbation; Cdc42 response,Hill_expr,(R+R),0,3,0,1.333333,40.62532188303572,8.336321677359155,56.0,1.9999999999999352
Rac1 perturbation; Cdc42 response,Hill_expr,(R+R),0,3,0,1.666667,39.357031090535735,8.579362248519546,56.0,2.0
Rac1 perturbation; Cdc42 response,Hill_expr,(R+R),0,3,0,2.0,40.64119682910716,8.591445060017433,56.0,2.0
Rac1 perturbation; Cdc42 response,Hill_expr,(R+R),0,3,0,2.333333,42.037109865535726,8.792954344886885,56.0,2.0
Rac1 perturbation; Cdc42 response,Hill_expr,(R+R),0,3,0,2.666667,42.51144543464286,9.295292596102575,56.0,2.0
Rac1 perturbation; Cdc42 response,Hill_expr,(R+R),0,3,0,3.0,48.12939723964284,9.963933815532174,56.0,2.0
Rac1 perturbation; Cdc42 response,Hill_expr,(R+R),0,3,0,3.333333,45.16564558374999,10.429372020480425,56.0,2.0
Rac1 perturbation; Cdc42 response,Hill_expr,(R+R),0,3,0,3.666667,49.82137254517857,10.932543988201424,56.0,2.0
Rac1 perturbation; Cdc42 response,Hill_expr,(R+R),0,3,0,4.0,49.46123102089284,11.171653616071804,56.0,2.0
Rac1 perturbation; Cdc42 response,Hill_expr,(R+R),0,3,0,4.333334,54.19426600017859,11.481299788019944,56.0,2.0
Rac1 perturbation; Cdc42 response,Hill_expr,(R+R),0,3,0,4.666667,49.670968873571425,10.757617281060043,56.0,2.0
Rac1 perturbation; Cdc42 response,Hill_expr,(R+R),0,3,0,5.0,50.903237674285734,10.529299956320257,56.0,2.0
Rac1 perturbation; Cdc42 response,Hill_expr,(R+R),0,3,0,5.333334,48.62251751982142,10.221503553325313,56.0,2.0
Rac1 perturbation; Cdc42 response,Hill_expr,(R+R),0,3,0,5.666667,48.60424288107142,11.563656042466464,56.0,2.0
Rac1 perturbation; Cdc42 response,Hill_expr,(R+R),0,3,0,6.0,52.024706377321436,10.918739547859715,56.0,2.0
Rac1 perturbation; Cdc42 response,Hill_expr,(R+R),0,3,0,6.333334,50.76793762,11.40638591876654,56.0,2.0
Rac1 perturbation; Cdc42 response,Hill_expr,(R+R),0,3,0,6.666667,54.43562262785714,11.915146283078842,56.0,2.0
Rac1 perturbation; Cdc42 response,Hill_expr,(R+R),0,3,0,7.0,52.03527786339288,11.713402551630317,56.0,2.0
Rac1 perturbation; Cdc42 response,Hill_expr,(R+R),0,3,0,7.333334,50.833776938214285,11.055851899450207,56.0,2.0
Rac1 perturbation; Cdc42 response,Hill_expr,(R+R),0,3,0,7.666667,53.823288135714314,10.863983314939432,56.0,2.0
Rac1 perturbation; Cdc42 response,Hill_expr,(R+R),0,3,0,8.0,51.90479413160716,11.010775975290125,56.0,2.0
Rac1 perturbation; Cdc42 response,Hill_expr,(R+R),0,3,0,8.333333,51.90697419892856,10.139950267233813,56.0,2.0
Rac1 perturbation; Cdc42 response,Hill_expr,(R+R),0,3,0,8.666667,51.74549677267857,10.541134502239517,56.0,2.0
Rac1 perturbation; Cdc42 response,Hill_expr,(R+R),0,3,0,9.0,52.604561248571436,10.642679744999985,56.0,2.0
Rac1 perturbation; Cdc42 response,Hill_expr,(R+R),0,3,0,9.333333,51.231733485535706,10.851944544841261,56.0,2.0
Rac1 perturbation; Cdc42 response,Hill_expr,(R+R),0,3,0,9.666667,52.22727063178574,10.638437435555277,56.0,2.0
Rac1 perturbation; Cdc42 response,Hill_expr,(R+R),0,3,0,10.0,50.698182273035734,10.542941423713255,56.0,2.0
Rac1 perturbation; Cdc42 response,Hill_expr,(R+R),0,3,0,10.33333,54.06696888107144,10.702765966730157,56.0,2.0
Rac1 perturbation; Cdc42 response,Hill_expr,(R+R),0,3,0,10.66667,50.439666005714294,11.084816945978258,56.0,2.0
Rac1 perturbation; Cdc42 response,Hill_expr,(R+R),0,3,0,11.0,54.65172079357143,11.333885212747417,56.0,2.0
Rac1 perturbation; Cdc42 response,Hill_expr,(R+R),0,3,0,11.33333,52.14428028982143,10.806780589267332,56.0,2.0
Rac1 perturbation; Cdc42 response,Hill_expr,(R+R),0,3,0,11.66667,51.87196959607144,11.439420603811717,56.0,2.0
Rac1 perturbation; Cdc42 response,Hill_expr,(R+R),0,3,0,12.0,58.43871945178572,11.606161569484064,56.0,2.0
Rac1 perturbation; Cdc42 response,Hill_expr,(R+R),0,3,0,12.33333,55.085658180357136,11.032267610609408,56.0,2.0
Rac1 perturbation; Cdc42 response,Hill_expr,(R+R),0,3,0,12.66667,58.64790563089287,11.327073931852615,56.0,2.0
Rac1 perturbation; Cdc42 response,Hill_expr,(R+R),0,3,0,13.0,61.814454952142874,11.731313212238682,56.0,2.0
Rac1 perturbation; Cdc42 response,Hill_expr,(R+R),0,3,0,13.33333,56.964429048214285,11.906372097202055,56.0,2.0
Rac1 perturbation; Cdc42 response,Hill_expr,(R+R),0,3,0,13.66667,57.82881474017859,12.38989717920228,56.0,2.0
Rac1 perturbation; Cdc42 response,Hill_expr,(R+R),0,3,0,14.0,60.89789809357142,12.211422473989089,56.0,2.0
Rac1 perturbation; Cdc42 response,Hill_expr,(R+R),0,3,0,14.33333,56.72333004464287,12.463769096533317,56.0,2.0
Rac1 perturbation; Cdc42 response,Hill_expr,(R+R),0,3,0,14.66667,61.075306226964265,13.0784984598502,56.0,2.0
Rac1 perturbation; Cdc42 response,Hill_expr,(R+R),0,3,0,15.0,62.904096297321416,12.151439818200448,56.0,2.0
Rac1 perturbation; Cdc42 response,Hill_expr,(R+R),0,3,0,15.33333,62.09625783482145,12.727114343581496,56.0,2.0
Rac1 perturbation; Cdc42 response,Hill_expr,(R+R),0,3,0,15.66667,56.46932148821429,12.177318652118275,56.0,2.0
Rac1 perturbation; Cdc42 response,Hill_expr,(R+R),0,3,0,16.0,58.19295324714285,12.181067682968143,56.0,2.0
Rac1 perturbation; Cdc42 response,Hill_expr,(R+R),0,3,0,16.33333,64.50140953892856,12.661195440931824,56.0,2.0
Rac1 perturbation; Cdc42 response,Hill_expr,(R+R),0,3,0,16.66667,62.852034469642874,11.277303250885263,56.0,2.0
Rac1 perturbation; Cdc42 response,Hill_expr,(R+R),0,3,0,17.0,66.45181134142857,11.165071803688988,56.0,2.0
Rac1 perturbation; Cdc42 response,Hill_expr,(R+R),0,3,0,17.33333,57.421065627678594,11.680646628908903,56.0,2.0
Rac1 perturbation; Cdc42 response,Hill_expr,(R+R),0,3,0,17.66667,61.71634201214285,11.595872688120714,56.0,2.0
Rac1 perturbation; Cdc42 response,Hill_expr,(R+R),0,3,0,18.0,64.21866456446428,11.601979812504425,56.0,2.0
Rac1 perturbation; Cdc42 response,Hill_expr,(R+R),0,3,0,18.33333,57.705033513749996,11.955581833649635,56.0,2.0
Rac1 perturbation; Cdc42 response,Hill_expr,(R+R),0,3,0,18.66667,65.40024261232142,11.470379982282436,56.0,2.0
Rac1 perturbation; Cdc42 response,Hill_expr,(R+R),0,3,0,19.0,63.10916902857142,11.921338915995449,56.0,2.0
Rac1 perturbation; Cdc42 response,Hill_expr,(R+R),0,3,0,19.33333,60.21811466982144,12.110144207906488,56.0,2.0
Rac1 perturbation; Cdc42 response,Hill_expr,(R+R),0,3,0,19.66667,67.68370798124998,12.532239969121928,56.0,2.0
Rac1 perturbation; Cdc42 response,Hill_expr,(R+R),0,3,0,20.0,65.88854110875,12.325811193535127,56.0,2.0
Rac1 perturbation; Cdc42 response,Hill_expr,(R+R),0,3,0,20.33333,60.942376883749986,12.671791082956299,56.0,2.0
Rac1 perturbation; Cdc42 response,Hill_expr,(R+R),0,3,0,20.66667,58.72241103892858,12.021432487384956,56.0,2.0
Rac1 perturbation; Cdc42 response,Hill_expr,(R+R),0,3,0,21.0,53.51671177285713,11.960341593184005,56.0,2.0
Rac1 perturbation; Cdc42 response,Hill_expr,(R+R),0,3,0,21.33333,52.13898499750002,11.591237873900097,56.0,2.0
Rac1 perturbation; Cdc42 response,Hill_expr,(R+R),0,3,0,21.66667,49.44778040500001,9.954845105598858,56.0,2.0
Rac1 perturbation; Cdc42 response,Hill_expr,(R+R),0,3,0,22.0,45.060534001071424,9.45136452278932,56.0,2.0
Rac1 perturbation; Cdc42 response,Hill_expr,(R+R),0,3,0,22.33333,43.02879638517859,8.719762175239723,56.0,2.0
Rac1 perturbation; Cdc42 response,Hill_expr,(R+R),0,3,0,22.66667,37.47054658071429,9.909421561463999,56.0,2.0
Rac1 perturbation; Cdc42 response,Hill_expr,(R+R),0,3,0,23.0,41.85401168000003,9.023062811264177,56.0,2.0
Rac1 perturbation; Cdc42 response,Hill_expr,(R+R),0,3,0,23.33333,37.604964228035726,10.062365408446167,56.0,2.0
Rac1 perturbation; Cdc42 response,Hill_expr,(R+R),0,3,0,23.66667,37.97096682785712,10.205204664719476,56.0,2.0
Rac1 perturbation; Cdc42 response,Hill_expr,(R+R),0,3,0,24.0,33.44989865607143,9.526733026885863,56.0,2.0
Rac1 perturbation; Cdc42 response,Hill_expr,(R+R),0,3,0,24.33333,31.101288853392855,10.279031442108089,56.0,2.0
Rac1 perturbation; Cdc42 response,Hill_expr,(R+R),0,3,0,24.66667,31.914791204107143,11.037035766121848,56.0,2.0
Rac1 perturbation; Cdc42 response,Hill_expr,(R+R),0,3,0,25.0,27.23004851285713,11.038314703262866,56.0,2.0
Rac1 perturbation; Cdc42 response,Hill_expr,(R+R),0,3,0,25.33333,32.39120195928573,11.042930203809027,56.0,2.0
Rac1 perturbation; Cdc42 response,Hill_expr,(R+R),0,3,0,25.66667,30.632160998035726,10.340276930676131,56.0,2.0
Rac1 perturbation; Cdc42 response,Hill_expr,(R+R),0,3,0,26.0,27.574354252678567,9.334215664690287,56.0,2.0
Rac1 perturbation; Cdc42 response,Hill_expr,(R+R),0,3,0,26.33333,26.98825472053571,9.472706586669132,56.0,2.0
Rac1 perturbation; Cdc42 response,Hill_expr,(R+R),0,3,0,26.66667,23.828536430892857,9.13385834952662,56.0,2.0
Rac1 perturbation; Cdc42 response,Hill_expr,(R+R),0,3,0,27.0,21.245405446785718,8.572782839915652,56.0,2.0
Rac1 perturbation; Cdc42 response,Hill_expr,(R+R),0,3,0,27.33333,23.797148394821424,8.805907887438186,56.0,2.0
Rac1 perturbation; Cdc42 response,Hill_expr,(R+R),0,3,0,27.66667,21.786008418392857,8.789026557627777,56.0,2.0
Rac1 perturbation; Cdc42 response,Hill_expr,(R+R),0,3,0,28.0,19.72074452785714,8.641463671185805,56.0,2.0
Rac1 perturbation; Cdc42 response,Hill_expr,(R+R),0,3,0,28.33333,19.56133962517857,8.071880993712787,56.0,2.0
Rac1 perturbation; Cdc42 response,Hill_expr,(R+R),0,3,0,28.66667,18.007073220000002,7.240060099460427,56.0,2.0
Rac1 perturbation; Cdc42 response,Hill_expr,(R+R),0,3,0,29.0,19.781916438928565,7.319891109470625,56.0,2.0
Rac1 perturbation; Cdc42 response,Hill_expr,(R+R),0,3,0,29.33333,17.908076492678568,7.0668718053002655,56.0,2.0
Rac1 perturbation; Cdc42 response,Hill_expr,(R+R),0,3,0,29.66667,12.991376950000005,7.059269006642786,56.0,2.0
Rac1 perturbation; Cdc42 response,Hill_expr,(R+R),0,3,0,30.0,15.252381256785714,6.399419728850981,56.0,2.0
Rac1 perturbation; Cdc42 response,Hill_expr,(R+R),0,3,0,30.33333,15.787882359821426,6.563629955811476,56.0,2.0
Rac1 perturbation; Cdc42 response,Hill_expr,(R+R),0,3,0,30.66667,9.94503414982142,6.731632025512227,56.0,2.0
Rac1 perturbation; Cdc42 response,Hill_expr,(R+R),0,3,0,31.0,10.036817084107152,6.974630393313972,56.0,2.0
Rac1 perturbation; Cdc42 response,Hill_expr,(R+R),0,3,0,31.33333,9.230053227142859,7.172982663463468,56.0,2.0
Rac1 perturbation; Cdc42 response,Hill_expr,(R+R),0,3,0,31.66667,10.85532622482143,7.095689350913041,56.0,2.0
Rac1 perturbation; Cdc42 response,Hill_expr,(R+R),0,3,0,32.0,10.824877368928572,6.444077889813405,56.0,2.0
Rac1 perturbation; Cdc42 response,Hill_expr,(R+R),0,3,0,32.33333,13.311633482857141,6.671262005017986,56.0,2.0
Rac1 perturbation; Cdc42 response,Hill_expr,(R+R),0,3,0,32.66667,11.734538476250005,6.632334561615327,56.0,2.0
Rac1 perturbation; Cdc42 response,Hill_expr,(R+R),0,3,0,33.0,10.346004451607149,6.896387904216912,56.0,2.0
Rac1 perturbation; Cdc42 response,Hill_expr,(R+R),0,3,0,33.33333,9.172568554464283,6.831884347604223,56.0,2.0
Rac1 perturbation; Cdc42 response,Hill_expr,(R+R),0,3,0,33.66667,6.891297014642854,6.7290806069907845,56.0,2.0
Rac1 perturbation; Cdc42 response,Hill_expr,(R+R),0,3,0,34.0,7.357812429642855,6.602966027505014,56.0,2.0
Rac1 perturbation; Cdc42 response,Hill_expr,(R+R),0,3,0,34.33333,4.517738089999999,7.132717334021903,56.0,2.0
Rac1 perturbation; Cdc42 response,Hill_expr,(R+R),0,3,0,34.66667,8.732542402678572,5.53186065202682,56.0,2.0
Rac1 perturbation; Cdc42 response,Hill_expr,(R+R),0,3,0,35.0,7.524200926249997,5.4461896146963005,56.0,2.0
Rac1 perturbation; Cdc42 response,Hill_expr,(R+R),0,3,0,35.33333,8.171790244107145,5.958449540399851,56.0,2.0
Rac1 perturbation; Cdc42 response,Hill_expr,(R+R),0,3,0,35.66667,2.685928293750003,6.021733786898675,56.0,2.0
Rac1 perturbation; Cdc42 response,Hill_expr,(R+R),0,3,0,36.0,7.68786100071428,4.934698327055554,56.0,2.0
Rac1 perturbation; Cdc42 response,Hill_expr,(R+R),0,3,0,36.33333,10.28194019517858,5.482052580966321,56.0,2.0
Rac1 perturbation; Cdc42 response,Hill_expr,(R+R),0,3,0,36.66667,6.935392835178574,5.434021527126732,56.0,2.0
Rac1 perturbation; Cdc42 response,Hill_expr,(R+R),0,3,0,37.0,2.682297860535712,5.833526565132814,56.0,2.0
Rac1 perturbation; Cdc42 response,Hill_expr,(R+R),0,3,0,37.33333,6.265093537857142,4.872114708366953,56.0,2.0
Rac1 perturbation; Cdc42 response,Hill_expr,(R+R),0,3,0,37.66667,4.158479823928573,4.88215272901345,56.0,2.0
Rac1 perturbation; Cdc42 response,Hill_expr,(R+R),0,3,0,38.0,2.774460211607141,5.726416993581822,56.0,2.0
Rac1 perturbation; Cdc42 response,Hill_expr,(R+R),0,3,0,38.33333,4.220438699285711,5.851693453622379,56.0,2.0
Rac1 perturbation; Cdc42 response,Hill_expr,(R+R),0,3,0,38.66667,5.898403981785713,5.248780406414624,56.0,2.0
Rac1 perturbation; Cdc42 response,Hill_expr,(R+R),0,3,0,39.0,2.116079720535715,5.688757520636718,56.0,2.0
Rac1 perturbation; Cdc42 response,Hill_expr,(R+R),0,3,0,39.33333,1.6641076423214272,5.611694198127312,56.0,2.0
Rac1 perturbation; Cdc42 response,Hill_expr,(R+R),0,3,0,39.66667,4.2761368823214285,5.280550466228412,56.0,2.0
Rac1 perturbation; Cdc42 response,Hill_expr,(R+R),0,3,0,40.0,2.753929924107144,5.166320955931824,56.0,2.0
Rac1 perturbation; Cdc42 response,Hill_expr,((R+R)+R),0,5,0,0.0,3.827074169107142,1.1420722545863766,56.0,0.0
Rac1 perturbation; Cdc42 response,Hill_expr,((R+R)+R),0,5,0,0.3333333,17.239386878750004,3.6230717825189522,56.0,2.99872701913904
Rac1 perturbation; Cdc42 response,Hill_expr,((R+R)+R),0,5,0,0.6666667,27.944322892321427,5.920585685086165,56.0,2.9999994598411677
Rac1 perturbation; Cdc42 response,Hill_expr,((R+R)+R),0,5,0,1.0,33.91203219839284,7.19853947353434,56.0,2.999999999770796
Rac1 perturbation; Cdc42 response,Hill_expr,((R+R)+R),0,5,0,1.333333,40.62532188303572,8.336321677359155,56.0,2.9999999999999027
Rac1 perturbation; Cdc42 response,Hill_expr,((R+R)+R),0,5,0,1.666667,39.357031090535735,8.579362248519546,56.0,3.0
Rac1 perturbation; Cdc42 response,Hill_expr,((R+R)+R),0,5,0,2.0,40.64119682910716,8.591445060017433,56.0,3.0
Rac1 perturbation; Cdc42 response,Hill_expr,((R+R)+R),0,5,0,2.333333,42.037109865535726,8.792954344886885,56.0,3.0
Rac1 perturbation; Cdc42 response,Hill_expr,((R+R)+R),0,5,0,2.666667,42.51144543464286,9.295292596102575,56.0,3.0
Rac1 perturbation; Cdc42 response,Hill_expr,((R+R)+R),0,5,0,3.0,48.12939723964284,9.963933815532174,56.0,3.0
Rac1 perturbation; Cdc42 response,Hill_expr,((R+R)+R),0,5,0,3.333333,45.16564558374999,10.429372020480425,56.0,3.0
Rac1 perturbation; Cdc42 response,Hill_expr,((R+R)+R),0,5,0,3.666667,49.82137254517857,10.932543988201424,56.0,3.0
Rac1 perturbation; Cdc42 response,Hill_expr,((R+R)+R),0,5,0,4.0,49.46123102089284,11.171653616071804,56.0,3.0
Rac1 perturbation; Cdc42 response,Hill_expr,((R+R)+R),0,5,0,4.333334,54.19426600017859,11.481299788019944,56.0,3.0
Rac1 perturbation; Cdc42 response,Hill_expr,((R+R)+R),0,5,0,4.666667,49.670968873571425,10.757617281060043,56.0,3.0
Rac1 perturbation; Cdc42 response,Hill_expr,((R+R)+R),0,5,0,5.0,50.903237674285734,10.529299956320257,56.0,3.0
Rac1 perturbation; Cdc42 response,Hill_expr,((R+R)+R),0,5,0,5.333334,48.62251751982142,10.221503553325313,56.0,3.0
Rac1 perturbation; Cdc42 response,Hill_expr,((R+R)+R),0,5,0,5.666667,48.60424288107142,11.563656042466464,56.0,3.0
Rac1 perturbation; Cdc42 response,Hill_expr,((R+R)+R),0,5,0,6.0,52.024706377321436,10.918739547859715,56.0,3.0
Rac1 perturbation; Cdc42 response,Hill_expr,((R+R)+R),0,5,0,6.333334,50.76793762,11.40638591876654,56.0,3.0
Rac1 perturbation; Cdc42 response,Hill_expr,((R+R)+R),0,5,0,6.666667,54.43562262785714,11.915146283078842,56.0,3.0
Rac1 perturbation; Cdc42 response,Hill_expr,((R+R)+R),0,5,0,7.0,52.03527786339288,11.713402551630317,56.0,3.0
Rac1 perturbation; Cdc42 response,Hill_expr,((R+R)+R),0,5,0,7.333334,50.833776938214285,11.055851899450207,56.0,3.0
Rac1 perturbation; Cdc42 response,Hill_expr,((R+R)+R),0,5,0,7.666667,53.823288135714314,10.863983314939432,56.0,3.0
Rac1 perturbation; Cdc42 response,Hill_expr,((R+R)+R),0,5,0,8.0,51.90479413160716,11.010775975290125,56.0,3.0
Rac1 perturbation; Cdc42 response,Hill_expr,((R+R)+R),0,5,0,8.333333,51.90697419892856,10.139950267233813,56.0,3.0
Rac1 perturbation; Cdc42 response,Hill_expr,((R+R)+R),0,5,0,8.666667,51.74549677267857,10.541134502239517,56.0,3.0
Rac1 perturbation; Cdc42 response,Hill_expr,((R+R)+R),0,5,0,9.0,52.604561248571436,10.642679744999985,56.0,3.0
Rac1 perturbation; Cdc42 response,Hill_expr,((R+R)+R),0,5,0,9.333333,51.231733485535706,10.851944544841261,56.0,3.0
Rac1 perturbation; Cdc42 response,Hill_expr,((R+R)+R),0,5,0,9.666667,52.22727063178574,10.638437435555277,56.0,3.0
Rac1 perturbation; Cdc42 response,Hill_expr,((R+R)+R),0,5,0,10.0,50.698182273035734,10.542941423713255,56.0,3.0
Rac1 perturbation; Cdc42 response,Hill_expr,((R+R)+R),0,5,0,10.33333,54.06696888107144,10.702765966730157,56.0,3.0
Rac1 perturbation; Cdc42 response,Hill_expr,((R+R)+R),0,5,0,10.66667,50.439666005714294,11.084816945978258,56.0,3.0
Rac1 perturbation; Cdc42 response,Hill_expr,((R+R)+R),0,5,0,11.0,54.65172079357143,11.333885212747417,56.0,3.0
Rac1 perturbation; Cdc42 response,Hill_expr,((R+R)+R),0,5,0,11.33333,52.14428028982143,10.806780589267332,56.0,3.0
Rac1 perturbation; Cdc42 response,Hill_expr,((R+R)+R),0,5,0,11.66667,51.87196959607144,11.439420603811717,56.0,3.0
Rac1 perturbation; Cdc42 response,Hill_expr,((R+R)+R),0,5,0,12.0,58.43871945178572,11.606161569484064,56.0,3.0
Rac1 perturbation; Cdc42 response,Hill_expr,((R+R)+R),0,5,0,12.33333,55.085658180357136,11.032267610609408,56.0,3.0
Rac1 perturbation; Cdc42 response,Hill_expr,((R+R)+R),0,5,0,12.66667,58.64790563089287,11.327073931852615,56.0,3.0
Rac1 perturbation; Cdc42 response,Hill_expr,((R+R)+R),0,5,0,13.0,61.814454952142874,11.731313212238682,56.0,3.0
Rac1 perturbation; Cdc42 response,Hill_expr,((R+R)+R),0,5,0,13.33333,56.964429048214285,11.906372097202055,56.0,3.0
Rac1 perturbation; Cdc42 response,Hill_expr,((R+R)+R),0,5,0,13.66667,57.82881474017859,12.38989717920228,56.0,3.0
Rac1 perturbation; Cdc42 response,Hill_expr,((R+R)+R),0,5,0,14.0,60.89789809357142,12.211422473989089,56.0,3.0
Rac1 perturbation; Cdc42 response,Hill_expr,((R+R)+R),0,5,0,14.33333,56.72333004464287,12.463769096533317,56.0,3.0
Rac1 perturbation; Cdc42 response,Hill_expr,((R+R)+R),0,5,0,14.66667,61.075306226964265,13.0784984598502,56.0,3.0
Rac1 perturbation; Cdc42 response,Hill_expr,((R+R)+R),0,5,0,15.0,62.904096297321416,12.151439818200448,56.0,3.0
Rac1 perturbation; Cdc42 response,Hill_expr,((R+R)+R),0,5,0,15.33333,62.09625783482145,12.727114343581496,56.0,3.0
Rac1 perturbation; Cdc42 response,Hill_expr,((R+R)+R),0,5,0,15.66667,56.46932148821429,12.177318652118275,56.0,3.0
Rac1 perturbation; Cdc42 response,Hill_expr,((R+R)+R),0,5,0,16.0,58.19295324714285,12.181067682968143,56.0,3.0
Rac1 perturbation; Cdc42 response,Hill_expr,((R+R)+R),0,5,0,16.33333,64.50140953892856,12.661195440931824,56.0,3.0
Rac1 perturbation; Cdc42 response,Hill_expr,((R+R)+R),0,5,0,16.66667,62.852034469642874,11.277303250885263,56.0,3.0
Rac1 perturbation; Cdc42 response,Hill_expr,((R+R)+R),0,5,0,17.0,66.45181134142857,11.165071803688988,56.0,3.0
Rac1 perturbation; Cdc42 response,Hill_expr,((R+R)+R),0,5,0,17.33333,57.421065627678594,11.680646628908903,56.0,3.0
Rac1 perturbation; Cdc42 response,Hill_expr,((R+R)+R),0,5,0,17.66667,61.71634201214285,11.595872688120714,56.0,3.0
Rac1 perturbation; Cdc42 response,Hill_expr,((R+R)+R),0,5,0,18.0,64.21866456446428,11.601979812504425,56.0,3.0
Rac1 perturbation; Cdc42 response,Hill_expr,((R+R)+R),0,5,0,18.33333,57.705033513749996,11.955581833649635,56.0,3.0
Rac1 perturbation; Cdc42 response,Hill_expr,((R+R)+R),0,5,0,18.66667,65.40024261232142,11.470379982282436,56.0,3.0
Rac1 perturbation; Cdc42 response,Hill_expr,((R+R)+R),0,5,0,19.0,63.10916902857142,11.921338915995449,56.0,3.0
Rac1 perturbation; Cdc42 response,Hill_expr,((R+R)+R),0,5,0,19.33333,60.21811466982144,12.110144207906488,56.0,3.0
Rac1 perturbation; Cdc42 response,Hill_expr,((R+R)+R),0,5,0,19.66667,67.68370798124998,12.532239969121928,56.0,3.0
Rac1 perturbation; Cdc42 response,Hill_expr,((R+R)+R),0,5,0,20.0,65.88854110875,12.325811193535127,56.0,3.0
Rac1 perturbation; Cdc42 response,Hill_expr,((R+R)+R),0,5,0,20.33333,60.942376883749986,12.671791082956299,56.0,3.0
Rac1 perturbation; Cdc42 response,Hill_expr,((R+R)+R),0,5,0,20.66667,58.72241103892858,12.021432487384956,56.0,3.0
Rac1 perturbation; Cdc42 response,Hill_expr,((R+R)+R),0,5,0,21.0,53.51671177285713,11.960341593184005,56.0,3.0
Rac1 perturbation; Cdc42 response,Hill_expr,((R+R)+R),0,5,0,21.33333,52.13898499750002,11.591237873900097,56.0,3.0
Rac1 perturbation; Cdc42 response,Hill_expr,((R+R)+R),0,5,0,21.66667,49.44778040500001,9.954845105598858,56.0,3.0
Rac1 perturbation; Cdc42 response,Hill_expr,((R+R)+R),0,5,0,22.0,45.060534001071424,9.45136452278932,56.0,3.0
Rac1 perturbation; Cdc42 response,Hill_expr,((R+R)+R),0,5,0,22.33333,43.02879638517859,8.719762175239723,56.0,3.0
Rac1 perturbation; Cdc42 response,Hill_expr,((R+R)+R),0,5,0,22.66667,37.47054658071429,9.909421561463999,56.0,3.0
Rac1 perturbation; Cdc42 response,Hill_expr,((R+R)+R),0,5,0,23.0,41.85401168000003,9.023062811264177,56.0,3.0
Rac1 perturbation; Cdc42 response,Hill_expr,((R+R)+R),0,5,0,23.33333,37.604964228035726,10.062365408446167,56.0,3.0
Rac1 perturbation; Cdc42 response,Hill_expr,((R+R)+R),0,5,0,23.66667,37.97096682785712,10.205204664719476,56.0,3.0
Rac1 perturbation; Cdc42 response,Hill_expr,((R+R)+R),0,5,0,24.0,33.44989865607143,9.526733026885863,56.0,3.0
Rac1 perturbation; Cdc42 response,Hill_expr,((R+R)+R),0,5,0,24.33333,31.101288853392855,10.279031442108089,56.0,3.0
Rac1 perturbation; Cdc42 response,Hill_expr,((R+R)+R),0,5,0,24.66667,31.914791204107143,11.037035766121848,56.0,3.0
Rac1 perturbation; Cdc42 response,Hill_expr,((R+R)+R),0,5,0,25.0,27.23004851285713,11.038314703262866,56.0,3.0
Rac1 perturbation; Cdc42 response,Hill_expr,((R+R)+R),0,5,0,25.33333,32.39120195928573,11.042930203809027,56.0,3.0
Rac1 perturbation; Cdc42 response,Hill_expr,((R+R)+R),0,5,0,25.66667,30.632160998035726,10.340276930676131,56.0,3.0
Rac1 perturbation; Cdc42 response,Hill_expr,((R+R)+R),0,5,0,26.0,27.574354252678567,9.334215664690287,56.0,3.0
Rac1 perturbation; Cdc42 response,Hill_expr,((R+R)+R),0,5,0,26.33333,26.98825472053571,9.472706586669132,56.0,3.0
Rac1 perturbation; Cdc42 response,Hill_expr,((R+R)+R),0,5,0,26.66667,23.828536430892857,9.13385834952662,56.0,3.0
Rac1 perturbation; Cdc42 response,Hill_expr,((R+R)+R),0,5,0,27.0,21.245405446785718,8.572782839915652,56.0,3.0
Rac1 perturbation; Cdc42 response,Hill_expr,((R+R)+R),0,5,0,27.33333,23.797148394821424,8.805907887438186,56.0,3.0
Rac1 perturbation; Cdc42 response,Hill_expr,((R+R)+R),0,5,0,27.66667,21.786008418392857,8.789026557627777,56.0,3.0
Rac1 perturbation; Cdc42 response,Hill_expr,((R+R)+R),0,5,0,28.0,19.72074452785714,8.641463671185805,56.0,3.0
Rac1 perturbation; Cdc42 response,Hill_expr,((R+R)+R),0,5,0,28.33333,19.56133962517857,8.071880993712787,56.0,3.0
Rac1 perturbation; Cdc42 response,Hill_expr,((R+R)+R),0,5,0,28.66667,18.007073220000002,7.240060099460427,56.0,3.0
Rac1 perturbation; Cdc42 response,Hill_expr,((R+R)+R),0,5,0,29.0,19.781916438928565,7.319891109470625,56.0,3.0
Rac1 perturbation; Cdc42 response,Hill_expr,((R+R)+R),0,5,0,29.33333,17.908076492678568,7.0668718053002655,56.0,3.0
Rac1 perturbation; Cdc42 response,Hill_expr,((R+R)+R),0,5,0,29.66667,12.991376950000005,7.059269006642786,56.0,3.0
Rac1 perturbation; Cdc42 response,Hill_expr,((R+R)+R),0,5,0,30.0,15.252381256785714,6.399419728850981,56.0,3.0
Rac1 perturbation; Cdc42 response,Hill_expr,((R+R)+R),0,5,0,30.33333,15.787882359821426,6.563629955811476,56.0,3.0
Rac1 perturbation; Cdc42 response,Hill_expr,((R+R)+R),0,5,0,30.66667,9.94503414982142,6.731632025512227,56.0,3.0
Rac1 perturbation; Cdc42 response,Hill_expr,((R+R)+R),0,5,0,31.0,10.036817084107152,6.974630393313972,56.0,3.0
Rac1 perturbation; Cdc42 response,Hill_expr,((R+R)+R),0,5,0,31.33333,9.230053227142859,7.172982663463468,56.0,3.0
Rac1 perturbation; Cdc42 response,Hill_expr,((R+R)+R),0,5,0,31.66667,10.85532622482143,7.095689350913041,56.0,3.0
Rac1 perturbation; Cdc42 response,Hill_expr,((R+R)+R),0,5,0,32.0,10.824877368928572,6.444077889813405,56.0,3.0
Rac1 perturbation; Cdc42 response,Hill_expr,((R+R)+R),0,5,0,32.33333,13.311633482857141,6.671262005017986,56.0,3.0
Rac1 perturbation; Cdc42 response,Hill_expr,((R+R)+R),0,5,0,32.66667,11.734538476250005,6.632334561615327,56.0,3.0
Rac1 perturbation; Cdc42 response,Hill_expr,((R+R)+R),0,5,0,33.0,10.346004451607149,6.896387904216912,56.0,3.0
Rac1 perturbation; Cdc42 response,Hill_expr,((R+R)+R),0,5,0,33.33333,9.172568554464283,6.831884347604223,56.0,3.0
Rac1 perturbation; Cdc42 response,Hill_expr,((R+R)+R),0,5,0,33.66667,6.891297014642854,6.7290806069907845,56.0,3.0
Rac1 perturbation; Cdc42 response,Hill_expr,((R+R)+R),0,5,0,34.0,7.357812429642855,6.602966027505014,56.0,3.0
Rac1 perturbation; Cdc42 response,Hill_expr,((R+R)+R),0,5,0,34.33333,4.517738089999999,7.132717334021903,56.0,3.0
Rac1 perturbation; Cdc42 response,Hill_expr,((R+R)+R),0,5,0,34.66667,8.732542402678572,5.53186065202682,56.0,3.0
Rac1 perturbation; Cdc42 response,Hill_expr,((R+R)+R),0,5,0,35.0,7.524200926249997,5.4461896146963005,56.0,3.0
Rac1 perturbation; Cdc42 response,Hill_expr,((R+R)+R),0,5,0,35.33333,8.171790244107145,5.958449540399851,56.0,3.0
Rac1 perturbation; Cdc42 response,Hill_expr,((R+R)+R),0,5,0,35.66667,2.685928293750003,6.021733786898675,56.0,3.0
Rac1 perturbation; Cdc42 response,Hill_expr,((R+R)+R),0,5,0,36.0,7.68786100071428,4.934698327055554,56.0,3.0
Rac1 perturbation; Cdc42 response,Hill_expr,((R+R)+R),0,5,0,36.33333,10.28194019517858,5.482052580966321,56.0,3.0
Rac1 perturbation; Cdc42 response,Hill_expr,((R+R)+R),0,5,0,36.66667,6.935392835178574,5.434021527126732,56.0,3.0
Rac1 perturbation; Cdc42 response,Hill_expr,((R+R)+R),0,5,0,37.0,2.682297860535712,5.833526565132814,56.0,3.0
Rac1 perturbation; Cdc42 response,Hill_expr,((R+R)+R),0,5,0,37.33333,6.265093537857142,4.872114708366953,56.0,3.0
Rac1 perturbation; Cdc42 response,Hill_expr,((R+R)+R),0,5,0,37.66667,4.158479823928573,4.88215272901345,56.0,3.0
Rac1 perturbation; Cdc42 response,Hill_expr,((R+R)+R),0,5,0,38.0,2.774460211607141,5.726416993581822,56.0,3.0
Rac1 perturbation; Cdc42 response,Hill_expr,((R+R)+R),0,5,0,38.33333,4.220438699285711,5.851693453622379,56.0,3.0
Rac1 perturbation; Cdc42 response,Hill_expr,((R+R)+R),0,5,0,38.66667,5.898403981785713,5.248780406414624,56.0,3.0
Rac1 perturbation; Cdc42 response,Hill_expr,((R+R)+R),0,5,0,39.0,2.116079720535715,5.688757520636718,56.0,3.0
Rac1 perturbation; Cdc42 response,Hill_expr,((R+R)+R),0,5,0,39.33333,1.6641076423214272,5.611694198127312,56.0,3.0
Rac1 perturbation; Cdc42 response,Hill_expr,((R+R)+R),0,5,0,39.66667,4.2761368823214285,5.280550466228412,56.0,3.0
Rac1 perturbation; Cdc42 response,Hill_expr,((R+R)+R),0,5,0,40.0,2.753929924107144,5.166320955931824,56.0,3.0
Rac1 perturbation; Cdc42 response,Hill_expr,H(R),1,2,1,0.0,3.827074169107142,1.1420722545863766,56.0,38.38474402349904
Rac1 perturbation; Cdc42 response,Hill_expr,H(R),1,2,1,0.3333333,17.239386878750004,3.6230717825189522,56.0,38.38474402349904
Rac1 perturbation; Cdc42 response,Hill_expr,H(R),1,2,1,0.6666667,27.944322892321427,5.920585685086165,56.0,38.38474402349904
Rac1 perturbation; Cdc42 response,Hill_expr,H(R),1,2,1,1.0,33.91203219839284,7.19853947353434,56.0,38.38474402349904
Rac1 perturbation; Cdc42 response,Hill_expr,H(R),1,2,1,1.333333,40.62532188303572,8.336321677359155,56.0,38.38474402349904
Rac1 perturbation; Cdc42 response,Hill_expr,H(R),1,2,1,1.666667,39.357031090535735,8.579362248519546,56.0,38.38474402349904
Rac1 perturbation; Cdc42 response,Hill_expr,H(R),1,2,1,2.0,40.64119682910716,8.591445060017433,56.0,38.38474402349904
Rac1 perturbation; Cdc42 response,Hill_expr,H(R),1,2,1,2.333333,42.037109865535726,8.792954344886885,56.0,38.38474402349904
Rac1 perturbation; Cdc42 response,Hill_expr,H(R),1,2,1,2.666667,42.51144543464286,9.295292596102575,56.0,38.38474402349904
Rac1 perturbation; Cdc42 response,Hill_expr,H(R),1,2,1,3.0,48.12939723964284,9.963933815532174,56.0,38.38474402349904
Rac1 perturbation; Cdc42 response,Hill_expr,H(R),1,2,1,3.333333,45.16564558374999,10.429372020480425,56.0,38.38474402349904
Rac1 perturbation; Cdc42 response,Hill_expr,H(R),1,2,1,3.666667,49.82137254517857,10.932543988201424,56.0,38.38474402349904
Rac1 perturbation; Cdc42 response,Hill_expr,H(R),1,2,1,4.0,49.46123102089284,11.171653616071804,56.0,38.38474402349904
Rac1 perturbation; Cdc42 response,Hill_expr,H(R),1,2,1,4.333334,54.19426600017859,11.481299788019944,56.0,38.38474402349904
Rac1 perturbation; Cdc42 response,Hill_expr,H(R),1,2,1,4.666667,49.670968873571425,10.757617281060043,56.0,38.38474402349904
Rac1 perturbation; Cdc42 response,Hill_expr,H(R),1,2,1,5.0,50.903237674285734,10.529299956320257,56.0,38.384744023499024
Rac1 perturbation; Cdc42 response,Hill_expr,H(R),1,2,1,5.333334,48.62251751982142,10.221503553325313,56.0,38.38474402349898
Rac1 perturbation; Cdc42 response,Hill_expr,H(R),1,2,1,5.666667,48.60424288107142,11.563656042466464,56.0,38.384744023498754
Rac1 perturbation; Cdc42 response,Hill_expr,H(R),1,2,1,6.0,52.024706377321436,10.918739547859715,56.0,38.38474402349782
Rac1 perturbation; Cdc42 response,Hill_expr,H(R),1,2,1,6.333334,50.76793762,11.40638591876654,56.0,38.384744023494264
Rac1 perturbation; Cdc42 response,Hill_expr,H(R),1,2,1,6.666667,54.43562262785714,11.915146283078842,56.0,38.38474402348185
Rac1 perturbation; Cdc42 response,Hill_expr,H(R),1,2,1,7.0,52.03527786339288,11.713402551630317,56.0,38.38474402344159
Rac1 perturbation; Cdc42 response,Hill_expr,H(R),1,2,1,7.333334,50.833776938214285,11.055851899450207,56.0,38.38474402331952
Rac1 perturbation; Cdc42 response,Hill_expr,H(R),1,2,1,7.666667,53.823288135714314,10.863983314939432,56.0,38.384744022971375
Rac1 perturbation; Cdc42 response,Hill_expr,H(R),1,2,1,8.0,51.90479413160716,11.010775975290125,56.0,38.38474402203246
Rac1 perturbation; Cdc42 response,Hill_expr,H(R),1,2,1,8.333333,51.90697419892856,10.139950267233813,56.0,38.38474401962668
Rac1 perturbation; Cdc42 response,Hill_expr,H(R),1,2,1,8.666667,51.74549677267857,10.541134502239517,56.0,38.38474401374596
Rac1 perturbation; Cdc42 response,Hill_expr,H(R),1,2,1,9.0,52.604561248571436,10.642679744999985,56.0,38.38474399998228
Rac1 perturbation; Cdc42 response,Hill_expr,H(R),1,2,1,9.333333,51.231733485535706,10.851944544841261,56.0,38.384743969037835
Rac1 perturbation; Cdc42 response,Hill_expr,H(R),1,2,1,9.666667,52.22727063178574,10.638437435555277,56.0,38.38474390201288
Rac1 perturbation; Cdc42 response,Hill_expr,H(R),1,2,1,10.0,50.698182273035734,10.542941423713255,56.0,38.384743761788265
Rac1 perturbation; Cdc42 response,Hill_expr,H(R),1,2,1,10.33333,54.06696888107144,10.702765966730157,56.0,38.384743477758406
Rac1 perturbation; Cdc42 response,Hill_expr,H(R),1,2,1,10.66667,50.439666005714294,11.084816945978258,56.0,38.38474291954137
Rac1 perturbation; Cdc42 response,Hill_expr,H(R),1,2,1,11.0,54.65172079357143,11.333885212747417,56.0,38.38474185311687
Rac1 perturbation; Cdc42 response,Hill_expr,H(R),1,2,1,11.33333,52.14428028982143,10.806780589267332,56.0,38.384739869113666
Rac1 perturbation; Cdc42 response,Hill_expr,H(R),1,2,1,11.66667,51.87196959607144,11.439420603811717,56.0,38.384736268786334
Rac1 perturbation; Cdc42 response,Hill_expr,H(R),1,2,1,12.0,58.43871945178572,11.606161569484064,56.0,38.38472988733121
Rac1 perturbation; Cdc42 response,Hill_expr,H(R),1,2,1,12.33333,55.085658180357136,11.032267610609408,56.0,38.38471882378064
Rac1 perturbation; Cdc42 response,Hill_expr,H(R),1,2,1,12.66667,58.64790563089287,11.327073931852615,56.0,38.38470003888214
Rac1 perturbation; Cdc42 response,Hill_expr,H(R),1,2,1,13.0,61.814454952142874,11.731313212238682,56.0,38.38466876999694
Rac1 perturbation; Cdc42 response,Hill_expr,H(R),1,2,1,13.33333,56.964429048214285,11.906372097202055,56.0,38.384617684534554
Rac1 perturbation; Cdc42 response,Hill_expr,H(R),1,2,1,13.66667,57.82881474017859,12.38989717920228,56.0,38.38453568879694
Rac1 perturbation; Cdc42 response,Hill_expr,H(R),1,2,1,14.0,60.89789809357142,12.211422473989089,56.0,38.38440628658513
Rac1 perturbation; Cdc42 response,Hill_expr,H(R),1,2,1,14.33333,56.72333004464287,12.463769096533317,56.0,38.38420530883997
Rac1 perturbation; Cdc42 response,Hill_expr,H(R),1,2,1,14.66667,61.075306226964265,13.0784984598502,56.0,38.38389787423337
Rac1 perturbation; Cdc42 response,Hill_expr,H(R),1,2,1,15.0,62.904096297321416,12.151439818200448,56.0,38.383434398273714
Rac1 perturbation; Cdc42 response,Hill_expr,H(R),1,2,1,15.33333,62.09625783482145,12.727114343581496,56.0,38.38274526894843
Rac1 perturbation; Cdc42 response,Hill_expr,H(R),1,2,1,15.66667,56.46932148821429,12.177318652118275,56.0,38.38173403638336
Rac1 perturbation; Cdc42 response,Hill_expr,H(R),1,2,1,16.0,58.19295324714285,12.181067682968143,56.0,38.38026885853488
Rac1 perturbation; Cdc42 response,Hill_expr,H(R),1,2,1,16.33333,64.50140953892856,12.661195440931824,56.0,38.37817140148542
Rac1 perturbation; Cdc42 response,Hill_expr,H(R),1,2,1,16.66667,62.852034469642874,11.277303250885263,56.0,38.37520325687461
Rac1 perturbation; Cdc42 response,Hill_expr,H(R),1,2,1,17.0,66.45181134142857,11.165071803688988,56.0,38.3710496024118
Rac1 perturbation; Cdc42 response,Hill_expr,H(R),1,2,1,17.33333,57.421065627678594,11.680646628908903,56.0,38.36529841458703
Rac1 perturbation; Cdc42 response,Hill_expr,H(R),1,2,1,17.66667,61.71634201214285,11.595872688120714,56.0,38.35741620909662
Rac1 perturbation; Cdc42 response,Hill_expr,H(R),1,2,1,18.0,64.21866456446428,11.601979812504425,56.0,38.346720187069074
Rac1 perturbation; Cdc42 response,Hill_expr,H(R),1,2,1,18.33333,57.705033513749996,11.955581833649635,56.0,38.332343216411786
Rac1 perturbation; Cdc42 response,Hill_expr,H(R),1,2,1,18.66667,65.40024261232142,11.470379982282436,56.0,38.31319530770303
Rac1 perturbation; Cdc42 response,Hill_expr,H(R),1,2,1,19.0,63.10916902857142,11.921338915995449,56.0,38.28792196611786
Rac1 perturbation; Cdc42 response,Hill_expr,H(R),1,2,1,19.33333,60.21811466982144,12.110144207906488,56.0,38.25485202796645
Rac1 perturbation; Cdc42 response,Hill_expr,H(R),1,2,1,19.66667,67.68370798124998,12.532239969121928,56.0,38.211945310434274
Rac1 perturbation; Cdc42 response,Hill_expr,H(R),1,2,1,20.0,65.88854110875,12.325811193535127,56.0,38.15674157045666
Rac1 perturbation; Cdc42 response,Hill_expr,H(R),1,2,1,20.33333,60.942376883749986,12.671791082956299,56.0,38.08629602124255
Rac1 perturbation; Cdc42 response,Hill_expr,H(R),1,2,1,20.66667,58.72241103892858,12.021432487384956,56.0,37.99712642112254
Rac1 perturbation; Cdc42 response,Hill_expr,H(R),1,2,1,21.0,53.51671177285713,11.960341593184005,56.0,37.88517500971319
Rac1 perturbation; Cdc42 response,Hill_expr,H(R),1,2,1,21.33333,52.13898499750002,11.591237873900097,56.0,37.745756857764135
Rac1 perturbation; Cdc42 response,Hill_expr,H(R),1,2,1,21.66667,49.44778040500001,9.954845105598858,56.0,37.573548290230995
Rac1 perturbation; Cdc42 response,Hill_expr,H(R),1,2,1,22.0,45.060534001071424,9.45136452278932,56.0,37.362619394439
Rac1 perturbation; Cdc42 response,Hill_expr,H(R),1,2,1,22.33333,43.02879638517859,8.719762175239723,56.0,37.10645643230232
Rac1 perturbation; Cdc42 response,Hill_expr,H(R),1,2,1,22.66667,37.47054658071429,9.909421561463999,56.0,36.79807581570471
Rac1 perturbation; Cdc42 response,Hill_expr,H(R),1,2,1,23.0,41.85401168000003,9.023062811264177,56.0,36.430225377072816
Rac1 perturbation; Cdc42 response,Hill_expr,H(R),1,2,1,23.33333,37.604964228035726,10.062365408446167,56.0,35.995568668210176
Rac1 perturbation; Cdc42 response,Hill_expr,H(R),1,2,1,23.66667,37.97096682785712,10.205204664719476,56.0,35.48702011268199
Rac1 perturbation; Cdc42 response,Hill_expr,H(R),1,2,1,24.0,33.44989865607143,9.526733026885863,56.0,34.89819054791672
Rac1 perturbation; Cdc42 response,Hill_expr,H(R),1,2,1,24.33333,31.101288853392855,10.279031442108089,56.0,34.22374810707804
Rac1 perturbation; Cdc42 response,Hill_expr,H(R),1,2,1,24.66667,31.914791204107143,11.037035766121848,56.0,33.45994023771385
Rac1 perturbation; Cdc42 response,Hill_expr,H(R),1,2,1,25.0,27.23004851285713,11.038314703262866,56.0,32.60515799786439
Rac1 perturbation; Cdc42 response,Hill_expr,H(R),1,2,1,25.33333,32.39120195928573,11.042930203809027,56.0,31.660228059170358
Rac1 perturbation; Cdc42 response,Hill_expr,H(R),1,2,1,25.66667,30.632160998035726,10.340276930676131,56.0,30.628786820204695
Rac1 perturbation; Cdc42 response,Hill_expr,H(R),1,2,1,26.0,27.574354252678567,9.334215664690287,56.0,29.517535516412927
Rac1 perturbation; Cdc42 response,Hill_expr,H(R),1,2,1,26.33333,26.98825472053571,9.472706586669132,56.0,28.33599474246656
Rac1 perturbation; Cdc42 response,Hill_expr,H(R),1,2,1,26.66667,23.828536430892857,9.13385834952662,56.0,27.09629916487194
Rac1 perturbation; Cdc42 response,Hill_expr,H(R),1,2,1,27.0,21.245405446785718,8.572782839915652,56.0,25.812811333734032
Rac1 perturbation; Cdc42 response,Hill_expr,H(R),1,2,1,27.33333,23.797148394821424,8.805907887438186,56.0,24.501214737462224
Rac1 perturbation; Cdc42 response,Hill_expr,H(R),1,2,1,27.66667,21.786008418392857,8.789026557627777,56.0,23.177830888669344
Rac1 perturbation; Cdc42 response,Hill_expr,H(R),1,2,1,28.0,19.72074452785714,8.641463671185805,56.0,21.858927009225106
Rac1 perturbation; Cdc42 response,Hill_expr,H(R),1,2,1,28.33333,19.56133962517857,8.071880993712787,56.0,20.559720477079658
Rac1 perturbation; Cdc42 response,Hill_expr,H(R),1,2,1,28.66667,18.007073220000002,7.240060099460427,56.0,19.29387154049463
Rac1 perturbation; Cdc42 response,Hill_expr,H(R),1,2,1,29.0,19.781916438928565,7.319891109470625,56.0,18.07313868706285
Rac1 perturbation; Cdc42 response,Hill_expr,H(R),1,2,1,29.33333,17.908076492678568,7.0668718053002655,56.0,16.906885207243565
Rac1 perturbation; Cdc42 response,Hill_expr,H(R),1,2,1,29.66667,12.991376950000005,7.059269006642786,56.0,15.802118555976701
Rac1 perturbation; Cdc42 response,Hill_expr,H(R),1,2,1,30.0,15.252381256785714,6.399419728850981,56.0,14.763657035958644
Rac1 perturbation; Cdc42 response,Hill_expr,H(R),1,2,1,30.33333,15.787882359821426,6.563629955811476,56.0,13.794123617454979
Rac1 perturbation; Cdc42 response,Hill_expr,H(R),1,2,1,30.66667,9.94503414982142,6.731632025512227,56.0,12.8943246552884
Rac1 perturbation; Cdc42 response,Hill_expr,H(R),1,2,1,31.0,10.036817084107152,6.974630393313972,56.0,12.06363055044924
Rac1 perturbation; Cdc42 response,Hill_expr,H(R),1,2,1,31.33333,9.230053227142859,7.172982663463468,56.0,11.300130029148033
Rac1 perturbation; Cdc42 response,Hill_expr,H(R),1,2,1,31.66667,10.85532622482143,7.095689350913041,56.0,10.601020436329836
Rac1 perturbation; Cdc42 response,Hill_expr,H(R),1,2,1,32.0,10.824877368928572,6.444077889813405,56.0,9.962930955899154
Rac1 perturbation; Cdc42 response,Hill_expr,H(R),1,2,1,32.33333,13.311633482857141,6.671262005017986,56.0,9.38202742638083
Rac1 perturbation; Cdc42 response,Hill_expr,H(R),1,2,1,32.66667,11.734538476250005,6.632334561615327,56.0,8.85427222519695
Rac1 perturbation; Cdc42 response,Hill_expr,H(R),1,2,1,33.0,10.346004451607149,6.896387904216912,56.0,8.375613455448327
Rac1 perturbation; Cdc42 response,Hill_expr,H(R),1,2,1,33.33333,9.172568554464283,6.831884347604223,56.0,7.9420034309511
Rac1 perturbation; Cdc42 response,Hill_expr,H(R),1,2,1,33.66667,6.891297014642854,6.7290806069907845,56.0,7.549534389918254
Rac1 perturbation; Cdc42 response,Hill_expr,H(R),1,2,1,34.0,7.357812429642855,6.602966027505014,56.0,7.194523987827253
Rac1 perturbation; Cdc42 response,Hill_expr,H(R),1,2,1,34.33333,4.517738089999999,7.132717334021903,56.0,6.873480320419866
Rac1 perturbation; Cdc42 response,Hill_expr,H(R),1,2,1,34.66667,8.732542402678572,5.53186065202682,56.0,6.583161201152947
Rac1 perturbation; Cdc42 response,Hill_expr,H(R),1,2,1,35.0,7.524200926249997,5.4461896146963005,56.0,6.320602895401841
Rac1 perturbation; Cdc42 response,Hill_expr,H(R),1,2,1,35.33333,8.171790244107145,5.958449540399851,56.0,6.083066341450319
Rac1 perturbation; Cdc42 response,Hill_expr,H(R),1,2,1,35.66667,2.685928293750003,6.021733786898675,56.0,5.868058811089583
Rac1 perturbation; Cdc42 response,Hill_expr,H(R),1,2,1,36.0,7.68786100071428,4.934698327055554,56.0,5.673337905686175
Rac1 perturbation; Cdc42 response,Hill_expr,H(R),1,2,1,36.33333,10.28194019517858,5.482052580966321,56.0,5.4968584731504535
Rac1 perturbation; Cdc42 response,Hill_expr,H(R),1,2,1,36.66667,6.935392835178574,5.434021527126732,56.0,5.336778617473627
Rac1 perturbation; Cdc42 response,Hill_expr,H(R),1,2,1,37.0,2.682297860535712,5.833526565132814,56.0,5.191455362940474
Rac1 perturbation; Cdc42 response,Hill_expr,H(R),1,2,1,37.33333,6.265093537857142,4.872114708366953,56.0,5.0593997905647825
Rac1 perturbation; Cdc42 response,Hill_expr,H(R),1,2,1,37.66667,4.158479823928573,4.88215272901345,56.0,4.939277678478213
Rac1 perturbation; Cdc42 response,Hill_expr,H(R),1,2,1,38.0,2.774460211607141,5.726416993581822,56.0,4.8299037781100225
Rac1 perturbation; Cdc42 response,Hill_expr,H(R),1,2,1,38.33333,4.220438699285711,5.851693453622379,56.0,4.730206489576993
Rac1 perturbation; Cdc42 response,Hill_expr,H(R),1,2,1,38.66667,5.898403981785713,5.248780406414624,56.0,4.639227282151282
Rac1 perturbation; Cdc42 response,Hill_expr,H(R),1,2,1,39.0,2.116079720535715,5.688757520636718,56.0,4.55611594626415
Rac1 perturbation; Cdc42 response,Hill_expr,H(R),1,2,1,39.33333,1.6641076423214272,5.611694198127312,56.0,4.480103687233509
Rac1 perturbation; Cdc42 response,Hill_expr,H(R),1,2,1,39.66667,4.2761368823214285,5.280550466228412,56.0,4.410502717503007
Rac1 perturbation; Cdc42 response,Hill_expr,H(R),1,2,1,40.0,2.753929924107144,5.166320955931824,56.0,4.346702954104785
Rac1 perturbation; Cdc42 response,Hill_expr,(H(R)+R),1,4,1,0.0,3.827074169107142,1.1420722545863766,56.0,38.13591347093905
Rac1 perturbation; Cdc42 response,Hill_expr,(H(R)+R),1,4,1,0.3333333,17.239386878750004,3.6230717825189522,56.0,38.15655770006776
Rac1 perturbation; Cdc42 response,Hill_expr,(H(R)+R),1,4,1,0.6666667,27.944322892321427,5.920585685086165,56.0,38.176775751002516
Rac1 perturbation; Cdc42 response,Hill_expr,(H(R)+R),1,4,1,1.0,33.91203219839284,7.19853947353434,56.0,38.19657640985887
Rac1 perturbation; Cdc42 response,Hill_expr,(H(R)+R),1,4,1,1.333333,40.62532188303572,8.336321677359155,56.0,38.21596828210559
Rac1 perturbation; Cdc42 response,Hill_expr,(H(R)+R),1,4,1,1.666667,39.357031090535735,8.579362248519546,56.0,38.234959880837465
Rac1 perturbation; Cdc42 response,Hill_expr,(H(R)+R),1,4,1,2.0,40.64119682910716,8.591445060017433,56.0,38.2535593566203
Rac1 perturbation; Cdc42 response,Hill_expr,(H(R)+R),1,4,1,2.333333,42.037109865535726,8.792954344886885,56.0,38.271774860905374
Rac1 perturbation; Cdc42 response,Hill_expr,(H(R)+R),1,4,1,2.666667,42.51144543464286,9.295292596102575,56.0,38.28961437344339
Rac1 perturbation; Cdc42 response,Hill_expr,(H(R)+R),1,4,1,3.0,48.12939723964284,9.963933815532174,56.0,38.307085550362864
Rac1 perturbation; Cdc42 response,Hill_expr,(H(R)+R),1,4,1,3.333333,45.16564558374999,10.429372020480425,56.0,38.3241960486241
Rac1 perturbation; Cdc42 response,Hill_expr,(H(R)+R),1,4,1,3.666667,49.82137254517857,10.932543988201424,56.0,38.34095336390266
Rac1 perturbation; Cdc42 response,Hill_expr,(H(R)+R),1,4,1,4.0,49.46123102089284,11.171653616071804,56.0,38.357364687883816
Rac1 perturbation; Cdc42 response,Hill_expr,(H(R)+R),1,4,1,4.333334,54.19426600017859,11.481299788019944,56.0,38.373437260750606
Rac1 perturbation; Cdc42 response,Hill_expr,(H(R)+R),1,4,1,4.666667,49.670968873571425,10.757617281060043,56.0,38.38917798031949
Rac1 perturbation; Cdc42 response,Hill_expr,(H(R)+R),1,4,1,5.0,50.903237674285734,10.529299956320257,56.0,38.404593745156326
Rac1 perturbation; Cdc42 response,Hill_expr,(H(R)+R),1,4,1,5.333334,48.62251751982142,10.221503553325313,56.0,38.419691308516704
Rac1 perturbation; Cdc42 response,Hill_expr,(H(R)+R),1,4,1,5.666667,48.60424288107142,11.563656042466464,56.0,38.43447714977448
Rac1 perturbation; Cdc42 response,Hill_expr,(H(R)+R),1,4,1,6.0,52.024706377321436,10.918739547859715,56.0,38.4489577490052
Rac1 perturbation; Cdc42 response,Hill_expr,(H(R)+R),1,4,1,6.333334,50.76793762,11.40638591876654,56.0,38.463139449781885
Rac1 perturbation; Cdc42 response,Hill_expr,(H(R)+R),1,4,1,6.666667,54.43562262785714,11.915146283078842,56.0,38.47702833838834
Rac1 perturbation; Cdc42 response,Hill_expr,(H(R)+R),1,4,1,7.0,52.03527786339288,11.713402551630317,56.0,38.490630501706136
Rac1 perturbation; Cdc42 response,Hill_expr,(H(R)+R),1,4,1,7.333334,50.833776938214285,11.055851899450207,56.0,38.50395189823456
Rac1 perturbation; Cdc42 response,Hill_expr,(H(R)+R),1,4,1,7.666667,53.823288135714314,10.863983314939432,56.0,38.51699824439763
Rac1 perturbation; Cdc42 response,Hill_expr,(H(R)+R),1,4,1,8.0,51.90479413160716,11.010775975290125,56.0,38.52977525626683
Rac1 perturbation; Cdc42 response,Hill_expr,(H(R)+R),1,4,1,8.333333,51.90697419892856,10.139950267233813,56.0,38.542288490156615
Rac1 perturbation; Cdc42 response,Hill_expr,(H(R)+R),1,4,1,8.666667,51.74549677267857,10.541134502239517,56.0,38.55454341936229
Rac1 perturbation; Cdc42 response,Hill_expr,(H(R)+R),1,4,1,9.0,52.604561248571436,10.642679744999985,56.0,38.56654528545726
Rac1 perturbation; Cdc42 response,Hill_expr,(H(R)+R),1,4,1,9.333333,51.231733485535706,10.851944544841261,56.0,38.57829931216202
Rac1 perturbation; Cdc42 response,Hill_expr,(H(R)+R),1,4,1,9.666667,52.22727063178574,10.638437435555277,56.0,38.58981057762237
Rac1 perturbation; Cdc42 response,Hill_expr,(H(R)+R),1,4,1,10.0,50.698182273035734,10.542941423713255,56.0,38.6010838877126
Rac1 perturbation; Cdc42 response,Hill_expr,(H(R)+R),1,4,1,10.33333,54.06696888107144,10.702765966730157,56.0,38.61212383839087
Rac1 perturbation; Cdc42 response,Hill_expr,(H(R)+R),1,4,1,10.66667,50.439666005714294,11.084816945978258,56.0,38.6229352187384
Rac1 perturbation; Cdc42 response,Hill_expr,(H(R)+R),1,4,1,11.0,54.65172079357143,11.333885212747417,56.0,38.633521325577505
Rac1 perturbation; Cdc42 response,Hill_expr,(H(R)+R),1,4,1,11.33333,52.14428028982143,10.806780589267332,56.0,38.64388581287728
Rac1 perturbation; Cdc42 response,Hill_expr,(H(R)+R),1,4,1,11.66667,51.87196959607144,11.439420603811717,56.0,38.65403138437362
Rac1 perturbation; Cdc42 response,Hill_expr,(H(R)+R),1,4,1,12.0,58.43871945178572,11.606161569484064,56.0,38.66395845587607
Rac1 perturbation; Cdc42 response,Hill_expr,(H(R)+R),1,4,1,12.33333,55.085658180357136,11.032267610609408,56.0,38.67366631776467
Rac1 perturbation; Cdc42 response,Hill_expr,(H(R)+R),1,4,1,12.66667,58.64790563089287,11.327073931852615,56.0,38.68315124346724
Rac1 perturbation; Cdc42 response,Hill_expr,(H(R)+R),1,4,1,13.0,61.814454952142874,11.731313212238682,56.0,38.69240433572811
Rac1 perturbation; Cdc42 response,Hill_expr,(H(R)+R),1,4,1,13.33333,56.964429048214285,11.906372097202055,56.0,38.70141140470706
Rac1 perturbation; Cdc42 response,Hill_expr,(H(R)+R),1,4,1,13.66667,57.82881474017859,12.38989717920228,56.0,38.71014960771784
Rac1 perturbation; Cdc42 response,Hill_expr,(H(R)+R),1,4,1,14.0,60.89789809357142,12.211422473989089,56.0,38.71858340901255
Rac1 perturbation; Cdc42 response,Hill_expr,(H(R)+R),1,4,1,14.33333,56.72333004464287,12.463769096533317,56.0,38.726661854117594
Rac1 perturbation; Cdc42 response,Hill_expr,(H(R)+R),1,4,1,14.66667,61.075306226964265,13.0784984598502,56.0,38.7343121952256
Rac1 perturbation; Cdc42 response,Hill_expr,(H(R)+R),1,4,1,15.0,62.904096297321416,12.151439818200448,56.0,38.74143222032909
Rac1 perturbation; Cdc42 response,Hill_expr,(H(R)+R),1,4,1,15.33333,62.09625783482145,12.727114343581496,56.0,38.74788283691837
Rac1 perturbation; Cdc42 response,Hill_expr,(H(R)+R),1,4,1,15.66667,56.46932148821429,12.177318652118275,56.0,38.753476434012974
Rac1 perturbation; Cdc42 response,Hill_expr,(H(R)+R),1,4,1,16.0,58.19295324714285,12.181067682968143,56.0,38.75796325380378
Rac1 perturbation; Cdc42 response,Hill_expr,(H(R)+R),1,4,1,16.33333,64.50140953892856,12.661195440931824,56.0,38.76101653570939
Rac1 perturbation; Cdc42 response,Hill_expr,(H(R)+R),1,4,1,16.66667,62.852034469642874,11.277303250885263,56.0,38.762213006408594
Rac1 perturbation; Cdc42 response,Hill_expr,(H(R)+R),1,4,1,17.0,66.45181134142857,11.165071803688988,56.0,38.76101098761016
Rac1 perturbation; Cdc42 response,Hill_expr,(H(R)+R),1,4,1,17.33333,57.421065627678594,11.680646628908903,56.0,38.756725313462134
Rac1 perturbation; Cdc42 response,Hill_expr,(H(R)+R),1,4,1,17.66667,61.71634201214285,11.595872688120714,56.0,38.74849807103124
Rac1 perturbation; Cdc42 response,Hill_expr,(H(R)+R),1,4,1,18.0,64.21866456446428,11.601979812504425,56.0,38.735267711956574
Rac1 perturbation; Cdc42 response,Hill_expr,(H(R)+R),1,4,1,18.33333,57.705033513749996,11.955581833649635,56.0,38.71573253478976
Rac1 perturbation; Cdc42 response,Hill_expr,(H(R)+R),1,4,1,18.66667,65.40024261232142,11.470379982282436,56.0,38.68831300716947
Rac1 perturbation; Cdc42 response,Hill_expr,(H(R)+R),1,4,1,19.0,63.10916902857142,11.921338915995449,56.0,38.65111598492123
Rac1 perturbation; Cdc42 response,Hill_expr,(H(R)+R),1,4,1,19.33333,60.21811466982144,12.110144207906488,56.0,38.601890566810695
Rac1 perturbation; Cdc42 response,Hill_expr,(H(R)+R),1,4,1,19.66667,67.68370798124998,12.532239969121928,56.0,38.537991362381824
Rac1 perturbation; Cdc42 response,Hill_expr,(H(R)+R),1,4,1,20.0,65.88854110875,12.325811193535127,56.0,38.456352631911365
Rac1 perturbation; Cdc42 response,Hill_expr,(H(R)+R),1,4,1,20.33333,60.942376883749986,12.671791082956299,56.0,38.3534513114461
Rac1 perturbation; Cdc42 response,Hill_expr,(H(R)+R),1,4,1,20.66667,58.72241103892858,12.021432487384956,56.0,38.22529603352391
Rac1 perturbation; Cdc42 response,Hill_expr,(H(R)+R),1,4,1,21.0,53.51671177285713,11.960341593184005,56.0,38.067444410412655
Rac1 perturbation; Cdc42 response,Hill_expr,(H(R)+R),1,4,1,21.33333,52.13898499750002,11.591237873900097,56.0,37.875005358070375
Rac1 perturbation; Cdc42 response,Hill_expr,(H(R)+R),1,4,1,21.66667,49.44778040500001,9.954845105598858,56.0,37.64269952840443
Rac1 perturbation; Cdc42 response,Hill_expr,(H(R)+R),1,4,1,22.0,45.060534001071424,9.45136452278932,56.0,37.36497290935424
Rac1 perturbation; Cdc42 response,Hill_expr,(H(R)+R),1,4,1,22.33333,43.02879638517859,8.719762175239723,56.0,37.0360830109125
Rac1 perturbation; Cdc42 response,Hill_expr,(H(R)+R),1,4,1,22.66667,37.47054658071429,9.909421561463999,56.0,36.65028401022927
Rac1 perturbation; Cdc42 response,Hill_expr,(H(R)+R),1,4,1,23.0,41.85401168000003,9.023062811264177,56.0,36.202083739455496
Rac1 perturbation; Cdc42 response,Hill_expr,(H(R)+R),1,4,1,23.33333,37.604964228035726,10.062365408446167,56.0,35.686430788882966
Rac1 perturbation; Cdc42 response,Hill_expr,(H(R)+R),1,4,1,23.66667,37.97096682785712,10.205204664719476,56.0,35.09902886154125
Rac1 perturbation; Cdc42 response,Hill_expr,(H(R)+R),1,4,1,24.0,33.44989865607143,9.526733026885863,56.0,34.43670525006152
Rac1 perturbation; Cdc42 response,Hill_expr,(H(R)+R),1,4,1,24.33333,31.101288853392855,10.279031442108089,56.0,33.69760890683583
Rac1 perturbation; Cdc42 response,Hill_expr,(H(R)+R),1,4,1,24.66667,31.914791204107143,11.037035766121848,56.0,32.881527985532735
Rac1 perturbation; Cdc42 response,Hill_expr,(H(R)+R),1,4,1,25.0,27.23004851285713,11.038314703262866,56.0,31.99019119727872
Rac1 perturbation; Cdc42 response,Hill_expr,(H(R)+R),1,4,1,25.33333,32.39120195928573,11.042930203809027,56.0,31.02725294364288
Rac1 perturbation; Cdc42 response,Hill_expr,(H(R)+R),1,4,1,25.66667,30.632160998035726,10.340276930676131,56.0,29.99838041800826
Rac1 perturbation; Cdc42 response,Hill_expr,(H(R)+R),1,4,1,26.0,27.574354252678567,9.334215664690287,56.0,28.911255898902663
Rac1 perturbation; Cdc42 response,Hill_expr,(H(R)+R),1,4,1,26.33333,26.98825472053571,9.472706586669132,56.0,27.775166372527
Rac1 perturbation; Cdc42 response,Hill_expr,(H(R)+R),1,4,1,26.66667,23.828536430892857,9.13385834952662,56.0,26.60075203392162
Rac1 perturbation; Cdc42 response,Hill_expr,(H(R)+R),1,4,1,27.0,21.245405446785718,8.572782839915652,56.0,25.39969386454796
Rac1 perturbation; Cdc42 response,Hill_expr,(H(R)+R),1,4,1,27.33333,23.797148394821424,8.805907887438186,56.0,24.18402554112043
Rac1 perturbation; Cdc42 response,Hill_expr,(H(R)+R),1,4,1,27.66667,21.786008418392857,8.789026557627777,56.0,22.965750130741238
Rac1 perturbation; Cdc42 response,Hill_expr,(H(R)+R),1,4,1,28.0,19.72074452785714,8.641463671185805,56.0,21.756493757444826
Rac1 perturbation; Cdc42 response,Hill_expr,(H(R)+R),1,4,1,28.33333,19.56133962517857,8.071880993712787,56.0,20.56689075410158
Rac1 perturbation; Cdc42 response,Hill_expr,(H(R)+R),1,4,1,28.66667,18.007073220000002,7.240060099460427,56.0,19.40638764947006
Rac1 perturbation; Cdc42 response,Hill_expr,(H(R)+R),1,4,1,29.0,19.781916438928565,7.319891109470625,56.0,18.28313571266424
Rac1 perturbation; Cdc42 response,Hill_expr,(H(R)+R),1,4,1,29.33333,17.908076492678568,7.0668718053002655,56.0,17.203672191379745
Rac1 perturbation; Cdc42 response,Hill_expr,(H(R)+R),1,4,1,29.66667,12.991376950000005,7.059269006642786,56.0,16.173012249361502
Rac1 perturbation; Cdc42 response,Hill_expr,(H(R)+R),1,4,1,30.0,15.252381256785714,6.399419728850981,56.0,15.194793526415395
Rac1 perturbation; Cdc42 response,Hill_expr,(H(R)+R),1,4,1,30.33333,15.787882359821426,6.563629955811476,56.0,14.271205617125554
Rac1 perturbation; Cdc42 response,Hill_expr,(H(R)+R),1,4,1,30.66667,9.94503414982142,6.731632025512227,56.0,13.40324371323142
Rac1 perturbation; Cdc42 response,Hill_expr,(H(R)+R),1,4,1,31.0,10.036817084107152,6.974630393313972,56.0,12.590953759871434
Rac1 perturbation; Cdc42 response,Hill_expr,(H(R)+R),1,4,1,31.33333,9.230053227142859,7.172982663463468,56.0,11.833456666814985
Rac1 perturbation; Cdc42 response,Hill_expr,(H(R)+R),1,4,1,31.66667,10.85532622482143,7.095689350913041,56.0,11.129208990670469
Rac1 perturbation; Cdc42 response,Hill_expr,(H(R)+R),1,4,1,32.0,10.824877368928572,6.444077889813405,56.0,10.476221002622976
Rac1 perturbation; Cdc42 response,Hill_expr,(H(R)+R),1,4,1,32.33333,13.311633482857141,6.671262005017986,56.0,9.872074125815173
Rac1 perturbation; Cdc42 response,Hill_expr,(H(R)+R),1,4,1,32.66667,11.734538476250005,6.632334561615327,56.0,9.314114771615928
Rac1 perturbation; Cdc42 response,Hill_expr,(H(R)+R),1,4,1,33.0,10.346004451607149,6.896387904216912,56.0,8.799601210729293
Rac1 perturbation; Cdc42 response,Hill_expr,(H(R)+R),1,4,1,33.33333,9.172568554464283,6.831884347604223,56.0,8.325686807231119
Rac1 perturbation; Cdc42 response,Hill_expr,(H(R)+R),1,4,1,33.66667,6.891297014642854,6.7290806069907845,56.0,7.889541314364686
Rac1 perturbation; Cdc42 response,Hill_expr,(H(R)+R),1,4,1,34.0,7.357812429642855,6.602966027505014,56.0,7.4884344918582695
Rac1 perturbation; Cdc42 response,Hill_expr,(H(R)+R),1,4,1,34.33333,4.517738089999999,7.132717334021903,56.0,7.119694154831821
Rac1 perturbation; Cdc42 response,Hill_expr,(H(R)+R),1,4,1,34.66667,8.732542402678572,5.53186065202682,56.0,6.780775101949896
Rac1 perturbation; Cdc42 response,Hill_expr,(H(R)+R),1,4,1,35.0,7.524200926249997,5.4461896146963005,56.0,6.46930153382588
Rac1 perturbation; Cdc42 response,Hill_expr,(H(R)+R),1,4,1,35.33333,8.171790244107145,5.958449540399851,56.0,6.183015317519827
Rac1 perturbation; Cdc42 response,Hill_expr,(H(R)+R),1,4,1,35.66667,2.685928293750003,6.021733786898675,56.0,5.919813547144752
Rac1 perturbation; Cdc42 response,Hill_expr,(H(R)+R),1,4,1,36.0,7.68786100071428,4.934698327055554,56.0,5.677768329859848
Rac1 perturbation; Cdc42 response,Hill_expr,(H(R)+R),1,4,1,36.33333,10.28194019517858,5.482052580966321,56.0,5.455075971655752
Rac1 perturbation; Cdc42 response,Hill_expr,(H(R)+R),1,4,1,36.66667,6.935392835178574,5.434021527126732,56.0,5.250077625690457
Rac1 perturbation; Cdc42 response,Hill_expr,(H(R)+R),1,4,1,37.0,2.682297860535712,5.833526565132814,56.0,5.061268046700756
Rac1 perturbation; Cdc42 response,Hill_expr,(H(R)+R),1,4,1,37.33333,6.265093537857142,4.872114708366953,56.0,4.887250815991514
Rac1 perturbation; Cdc42 response,Hill_expr,(H(R)+R),1,4,1,37.66667,4.158479823928573,4.88215272901345,56.0,4.726750401078507
Rac1 perturbation; Cdc42 response,Hill_expr,(H(R)+R),1,4,1,38.0,2.774460211607141,5.726416993581822,56.0,4.578616074631148
Rac1 perturbation; Cdc42 response,Hill_expr,(H(R)+R),1,4,1,38.33333,4.220438699285711,5.851693453622379,56.0,4.441784648309996
Rac1 perturbation; Cdc42 response,Hill_expr,(H(R)+R),1,4,1,38.66667,5.898403981785713,5.248780406414624,56.0,4.315288274158548
Rac1 perturbation; Cdc42 response,Hill_expr,(H(R)+R),1,4,1,39.0,2.116079720535715,5.688757520636718,56.0,4.198256491750995
Rac1 perturbation; Cdc42 response,Hill_expr,(H(R)+R),1,4,1,39.33333,1.6641076423214272,5.611694198127312,56.0,4.089886124698561
Rac1 perturbation; Cdc42 response,Hill_expr,(H(R)+R),1,4,1,39.66667,4.2761368823214285,5.280550466228412,56.0,3.9894469349018205
Rac1 perturbation; Cdc42 response,Hill_expr,(H(R)+R),1,4,1,40.0,2.753929924107144,5.166320955931824,56.0,3.8962830759056746
Rac1 perturbation; Cdc42 response,Hill_expr,H((R+R)),1,4,1,0.0,3.827074169107142,1.1420722545863766,56.0,38.38447263151063
Rac1 perturbation; Cdc42 response,Hill_expr,H((R+R)),1,4,1,0.3333333,17.239386878750004,3.6230717825189522,56.0,38.38447263151063
Rac1 perturbation; Cdc42 response,Hill_expr,H((R+R)),1,4,1,0.6666667,27.944322892321427,5.920585685086165,56.0,38.38447263151063
Rac1 perturbation; Cdc42 response,Hill_expr,H((R+R)),1,4,1,1.0,33.91203219839284,7.19853947353434,56.0,38.38447263151063
Rac1 perturbation; Cdc42 response,Hill_expr,H((R+R)),1,4,1,1.333333,40.62532188303572,8.336321677359155,56.0,38.38447263151063
Rac1 perturbation; Cdc42 response,Hill_expr,H((R+R)),1,4,1,1.666667,39.357031090535735,8.579362248519546,56.0,38.38447263151063
Rac1 perturbation; Cdc42 response,Hill_expr,H((R+R)),1,4,1,2.0,40.64119682910716,8.591445060017433,56.0,38.38447263151063
Rac1 perturbation; Cdc42 response,Hill_expr,H((R+R)),1,4,1,2.333333,42.037109865535726,8.792954344886885,56.0,38.38447263151063
Rac1 perturbation; Cdc42 response,Hill_expr,H((R+R)),1,4,1,2.666667,42.51144543464286,9.295292596102575,56.0,38.38447263151063
Rac1 perturbation; Cdc42 response,Hill_expr,H((R+R)),1,4,1,3.0,48.12939723964284,9.963933815532174,56.0,38.38447263151063
Rac1 perturbation; Cdc42 response,Hill_expr,H((R+R)),1,4,1,3.333333,45.16564558374999,10.429372020480425,56.0,38.38447263151063
Rac1 perturbation; Cdc42 response,Hill_expr,H((R+R)),1,4,1,3.666667,49.82137254517857,10.932543988201424,56.0,38.38447263151063
Rac1 perturbation; Cdc42 response,Hill_expr,H((R+R)),1,4,1,4.0,49.46123102089284,11.171653616071804,56.0,38.38447263151063
Rac1 perturbation; Cdc42 response,Hill_expr,H((R+R)),1,4,1,4.333334,54.19426600017859,11.481299788019944,56.0,38.38447263151063
Rac1 perturbation; Cdc42 response,Hill_expr,H((R+R)),1,4,1,4.666667,49.670968873571425,10.757617281060043,56.0,38.38447263151063
Rac1 perturbation; Cdc42 response,Hill_expr,H((R+R)),1,4,1,5.0,50.903237674285734,10.529299956320257,56.0,38.38447263151062
Rac1 perturbation; Cdc42 response,Hill_expr,H((R+R)),1,4,1,5.333334,48.62251751982142,10.221503553325313,56.0,38.384472631510576
Rac1 perturbation; Cdc42 response,Hill_expr,H((R+R)),1,4,1,5.666667,48.60424288107142,11.563656042466464,56.0,38.38447263151035
Rac1 perturbation; Cdc42 response,Hill_expr,H((R+R)),1,4,1,6.0,52.024706377321436,10.918739547859715,56.0,38.38447263150942
Rac1 perturbation; Cdc42 response,Hill_expr,H((R+R)),1,4,1,6.333334,50.76793762,11.40638591876654,56.0,38.38447263150587
Rac1 perturbation; Cdc42 response,Hill_expr,H((R+R)),1,4,1,6.666667,54.43562262785714,11.915146283078842,56.0,38.384472631493495
Rac1 perturbation; Cdc42 response,Hill_expr,H((R+R)),1,4,1,7.0,52.03527786339288,11.713402551630317,56.0,38.38447263145335
Rac1 perturbation; Cdc42 response,Hill_expr,H((R+R)),1,4,1,7.333334,50.833776938214285,11.055851899450207,56.0,38.384472631331626
Rac1 perturbation; Cdc42 response,Hill_expr,H((R+R)),1,4,1,7.666667,53.823288135714314,10.863983314939432,56.0,38.384472630984455
Rac1 perturbation; Cdc42 response,Hill_expr,H((R+R)),1,4,1,8.0,51.90479413160716,11.010775975290125,56.0,38.384472630048094
Rac1 perturbation; Cdc42 response,Hill_expr,H((R+R)),1,4,1,8.333333,51.90697419892856,10.139950267233813,56.0,38.38447262764874
Rac1 perturbation; Cdc42 response,Hill_expr,H((R+R)),1,4,1,8.666667,51.74549677267857,10.541134502239517,56.0,38.38447262178338
Rac1 perturbation; Cdc42 response,Hill_expr,H((R+R)),1,4,1,9.0,52.604561248571436,10.642679744999985,56.0,38.384472608054864
Rac1 perturbation; Cdc42 response,Hill_expr,H((R+R)),1,4,1,9.333333,51.231733485535706,10.851944544841261,56.0,38.38447257718774
Rac1 perturbation; Cdc42 response,Hill_expr,H((R+R)),1,4,1,9.666667,52.22727063178574,10.638437435555277,56.0,38.38447251032649
Rac1 perturbation; Cdc42 response,Hill_expr,H((R+R)),1,4,1,10.0,50.698182273035734,10.542941423713255,56.0,38.38447237043653
Rac1 perturbation; Cdc42 response,Hill_expr,H((R+R)),1,4,1,10.33333,54.06696888107144,10.702765966730157,56.0,38.384472087068765
Rac1 perturbation; Cdc42 response,Hill_expr,H((R+R)),1,4,1,10.66667,50.439666005714294,11.084816945978258,56.0,38.38447153012221
Rac1 perturbation; Cdc42 response,Hill_expr,H((R+R)),1,4,1,11.0,54.65172079357143,11.333885212747417,56.0,38.38447046606646
Rac1 perturbation; Cdc42 response,Hill_expr,H((R+R)),1,4,1,11.33333,52.14428028982143,10.806780589267332,56.0,38.384468486362195
Rac1 perturbation; Cdc42 response,Hill_expr,H((R+R)),1,4,1,11.66667,51.87196959607144,11.439420603811717,56.0,38.38446489364146
Rac1 perturbation; Cdc42 response,Hill_expr,H((R+R)),1,4,1,12.0,58.43871945178572,11.606161569484064,56.0,38.38445852532611
Rac1 perturbation; Cdc42 response,Hill_expr,H((R+R)),1,4,1,12.33333,55.085658180357136,11.032267610609408,56.0,38.384447483965914
Rac1 perturbation; Cdc42 response,Hill_expr,H((R+R)),1,4,1,12.66667,58.64790563089287,11.327073931852615,56.0,38.384428735749374
Rac1 perturbation; Cdc42 response,Hill_expr,H((R+R)),1,4,1,13.0,61.814454952142874,11.731313212238682,56.0,38.384397526278484
Rac1 perturbation; Cdc42 response,Hill_expr,H((R+R)),1,4,1,13.33333,56.964429048214285,11.906372097202055,56.0,38.38434653521363
Rac1 perturbation; Cdc42 response,Hill_expr,H((R+R)),1,4,1,13.66667,57.82881474017859,12.38989717920228,56.0,38.38426468673327
Rac1 perturbation; Cdc42 response,Hill_expr,H((R+R)),1,4,1,14.0,60.89789809357142,12.211422473989089,56.0,38.3841355102432
Rac1 perturbation; Cdc42 response,Hill_expr,H((R+R)),1,4,1,14.33333,56.72333004464287,12.463769096533317,56.0,38.3839348727774
Rac1 perturbation; Cdc42 response,Hill_expr,H((R+R)),1,4,1,14.66667,61.075306226964265,13.0784984598502,56.0,38.38362794305269
Rac1 perturbation; Cdc42 response,Hill_expr,H((R+R)),1,4,1,15.0,62.904096297321416,12.151439818200448,56.0,38.38316520480998
Rac1 perturbation; Cdc42 response,Hill_expr,H((R+R)),1,4,1,15.33333,62.09625783482145,12.727114343581496,56.0,38.38247713778097
Rac1 perturbation; Cdc42 response,Hill_expr,H((R+R)),1,4,1,15.66667,56.46932148821429,12.177318652118275,56.0,38.381467413604426
Rac1 perturbation; Cdc42 response,Hill_expr,H((R+R)),1,4,1,16.0,58.19295324714285,12.181067682968143,56.0,38.380004348664784
Rac1 perturbation; Cdc42 response,Hill_expr,H((R+R)),1,4,1,16.33333,64.50140953892856,12.661195440931824,56.0,38.377909813046166
Rac1 perturbation; Cdc42 response,Hill_expr,H((R+R)),1,4,1,16.66667,62.852034469642874,11.277303250885263,56.0,38.37494565732677
Rac1 perturbation; Cdc42 response,Hill_expr,H((R+R)),1,4,1,17.0,66.45181134142857,11.165071803688988,56.0,38.37079738283088
Rac1 perturbation; Cdc42 response,Hill_expr,H((R+R)),1,4,1,17.33333,57.421065627678594,11.680646628908903,56.0,38.36505336577722
Rac1 perturbation; Cdc42 response,Hill_expr,H((R+R)),1,4,1,17.66667,61.71634201214285,11.595872688120714,56.0,38.35718060838906
Rac1 perturbation; Cdc42 response,Hill_expr,H((R+R)),1,4,1,18.0,64.21866456446428,11.601979812504425,56.0,38.34649689422518
Rac1 perturbation; Cdc42 response,Hill_expr,H((R+R)),1,4,1,18.33333,57.705033513749996,11.955581833649635,56.0,38.3321357798923
Rac1 perturbation; Cdc42 response,Hill_expr,H((R+R)),1,4,1,18.66667,65.40024261232142,11.470379982282436,56.0,38.3130080765431
Rac1 perturbation; Cdc42 response,Hill_expr,H((R+R)),1,4,1,19.0,63.10916902857142,11.921338915995449,56.0,38.28776020119793
Rac1 perturbation; Cdc42 response,Hill_expr,H((R+R)),1,4,1,19.33333,60.21811466982144,12.110144207906488,56.0,38.254722012350086
Rac1 perturbation; Cdc42 response,Hill_expr,H((R+R)),1,4,1,19.66667,67.68370798124998,12.532239969121928,56.0,38.21185444561341
Rac1 perturbation; Cdc42 response,Hill_expr,H((R+R)),1,4,1,20.0,65.88854110875,12.325811193535127,56.0,38.156698443716714
Rac1 perturbation; Cdc42 response,Hill_expr,H((R+R)),1,4,1,20.33333,60.942376883749986,12.671791082956299,56.0,38.08631044101519
Rac1 perturbation; Cdc42 response,Hill_expr,H((R+R)),1,4,1,20.66667,58.72241103892858,12.021432487384956,56.0,37.997209393338714
Rac1 perturbation; Cdc42 response,Hill_expr,H((R+R)),1,4,1,21.0,53.51671177285713,11.960341593184005,56.0,37.885338628931564
Rac1 perturbation; Cdc42 response,Hill_expr,H((R+R)),1,4,1,21.33333,52.13898499750002,11.591237873900097,56.0,37.7460141094649
Rac1 perturbation; Cdc42 response,Hill_expr,H((R+R)),1,4,1,21.66667,49.44778040500001,9.954845105598858,56.0,37.57391272315163
Rac1 perturbation; Cdc42 response,Hill_expr,H((R+R)),1,4,1,22.0,45.060534001071424,9.45136452278932,56.0,37.36310463309913
Rac1 perturbation; Cdc42 response,Hill_expr,H((R+R)),1,4,1,22.33333,43.02879638517859,8.719762175239723,56.0,37.10707554283441
Rac1 perturbation; Cdc42 response,Hill_expr,H((R+R)),1,4,1,22.66667,37.47054658071429,9.909421561463999,56.0,36.798840490804885
Rac1 perturbation; Cdc42 response,Hill_expr,H((R+R)),1,4,1,23.0,41.85401168000003,9.023062811264177,56.0,36.43114494324959
Rac1 perturbation; Cdc42 response,Hill_expr,H((R+R)),1,4,1,23.33333,37.604964228035726,10.062365408446167,56.0,35.996648990743786
Rac1 perturbation; Cdc42 response,Hill_expr,H((R+R)),1,4,1,23.66667,37.97096682785712,10.205204664719476,56.0,35.488262424436705
Rac1 perturbation; Cdc42 response,Hill_expr,H((R+R)),1,4,1,24.0,33.44989865607143,9.526733026885863,56.0,34.89959029796692
Rac1 perturbation; Cdc42 response,Hill_expr,H((R+R)),1,4,1,24.33333,31.101288853392855,10.279031442108089,56.0,34.22529400518106
Rac1 perturbation; Cdc42 response,Hill_expr,H((R+R)),1,4,1,24.66667,31.914791204107143,11.037035766121848,56.0,33.46161360302917
Rac1 perturbation; Cdc42 response,Hill_expr,H((R+R)),1,4,1,25.0,27.23004851285713,11.038314703262866,56.0,32.60693257551996
Rac1 perturbation; Cdc42 response,Hill_expr,H((R+R)),1,4,1,25.33333,32.39120195928573,11.042930203809027,56.0,31.662070470796255
Rac1 perturbation; Cdc42 response,Hill_expr,H((R+R)),1,4,1,25.66667,30.632160998035726,10.340276930676131,56.0,30.630657685091176
Rac1 perturbation; Cdc42 response,Hill_expr,H((R+R)),1,4,1,26.0,27.574354252678567,9.334215664690287,56.0,29.519391250196218
Rac1 perturbation; Cdc42 response,Hill_expr,H((R+R)),1,4,1,26.33333,26.98825472053571,9.472706586669132,56.0,28.337789921599935
Rac1 perturbation; Cdc42 response,Hill_expr,H((R+R)),1,4,1,26.66667,23.828536430892857,9.13385834952662,56.0,27.097989226998273
Rac1 perturbation; Cdc42 response,Hill_expr,H((R+R)),1,4,1,27.0,21.245405446785718,8.572782839915652,56.0,25.814355348883176
Rac1 perturbation; Cdc42 response,Hill_expr,H((R+R)),1,4,1,27.33333,23.797148394821424,8.805907887438186,56.0,24.502577901313963
Rac1 perturbation; Cdc42 response,Hill_expr,H((R+R)),1,4,1,27.66667,21.786008418392857,8.789026557627777,56.0,23.178986479885346
Rac1 perturbation; Cdc42 response,Hill_expr,H((R+R)),1,4,1,28.0,19.72074452785714,8.641463671185805,56.0,21.859857630953673
Rac1 perturbation; Cdc42 response,Hill_expr,H((R+R)),1,4,1,28.33333,19.56133962517857,8.071880993712787,56.0,20.5604184382801
Rac1 perturbation; Cdc42 response,Hill_expr,H((R+R)),1,4,1,28.66667,18.007073220000002,7.240060099460427,56.0,19.29433846896141
Rac1 perturbation; Cdc42 response,Hill_expr,H((R+R)),1,4,1,29.0,19.781916438928565,7.319891109470625,56.0,18.073384513966417
Rac1 perturbation; Cdc42 response,Hill_expr,H((R+R)),1,4,1,29.33333,17.908076492678568,7.0668718053002655,56.0,16.906926656784133
Rac1 perturbation; Cdc42 response,Hill_expr,H((R+R)),1,4,1,29.66667,12.991376950000005,7.059269006642786,56.0,15.801977422063903
Rac1 perturbation; Cdc42 response,Hill_expr,H((R+R)),1,4,1,30.0,15.252381256785714,6.399419728850981,56.0,14.763358437197155
Rac1 perturbation; Cdc42 response,Hill_expr,H((R+R)),1,4,1,30.33333,15.787882359821426,6.563629955811476,56.0,13.79369434178858
Rac1 perturbation; Cdc42 response,Hill_expr,H((R+R)),1,4,1,30.66667,9.94503414982142,6.731632025512227,56.0,12.893791753734636
Rac1 perturbation; Cdc42 response,Hill_expr,H((R+R)),1,4,1,31.0,10.036817084107152,6.974630393313972,56.0,12.063020220751838
Rac1 perturbation; Cdc42 response,Hill_expr,H((R+R)),1,4,1,31.33333,9.230053227142859,7.172982663463468,56.0,11.299466777124724
Rac1 perturbation; Cdc42 response,Hill_expr,H((R+R)),1,4,1,31.66667,10.85532622482143,7.095689350913041,56.0,10.60032652733829
Rac1 perturbation; Cdc42 response,Hill_expr,H((R+R)),1,4,1,32.0,10.824877368928572,6.444077889813405,56.0,9.96222610561665
Rac1 perturbation; Cdc42 response,Hill_expr,H((R+R)),1,4,1,32.33333,13.311633482857141,6.671262005017986,56.0,9.381328679796535
Rac1 perturbation; Cdc42 response,Hill_expr,H((R+R)),1,4,1,32.66667,11.734538476250005,6.632334561615327,56.0,8.853593987100972
Rac1 perturbation; Cdc42 response,Hill_expr,H((R+R)),1,4,1,33.0,10.346004451607149,6.896387904216912,56.0,8.374967619934772
Rac1 perturbation; Cdc42 response,Hill_expr,H((R+R)),1,4,1,33.33333,9.172568554464283,6.831884347604223,56.0,7.9413995811031555
Rac1 perturbation; Cdc42 response,Hill_expr,H((R+R)),1,4,1,33.66667,6.891297014642854,6.7290806069907845,56.0,7.548980033924984
Rac1 perturbation; Cdc42 response,Hill_expr,H((R+R)),1,4,1,34.0,7.357812429642855,6.602966027505014,56.0,7.194024804081295
Rac1 perturbation; Cdc42 response,Hill_expr,H((R+R)),1,4,1,34.33333,4.517738089999999,7.132717334021903,56.0,6.8730404104458955
Rac1 perturbation; Cdc42 response,Hill_expr,H((R+R)),1,4,1,34.66667,8.732542402678572,5.53186065202682,56.0,6.582783326833347
Rac1 perturbation; Cdc42 response,Hill_expr,H((R+R)),1,4,1,35.0,7.524200926249997,5.4461896146963005,56.0,6.320288691713067
Rac1 perturbation; Cdc42 response,Hill_expr,H((R+R)),1,4,1,35.33333,8.171790244107145,5.958449540399851,56.0,6.082816518625442
Rac1 perturbation; Cdc42 response,Hill_expr,H((R+R)),1,4,1,35.66667,2.685928293750003,6.021733786898675,56.0,5.867873328267599
Rac1 perturbation; Cdc42 response,Hill_expr,H((R+R)),1,4,1,36.0,7.68786100071428,4.934698327055554,56.0,5.673216115894554
Rac1 perturbation; Cdc42 response,Hill_expr,H((R+R)),1,4,1,36.33333,10.28194019517858,5.482052580966321,56.0,5.4967992583370275
Rac1 perturbation; Cdc42 response,Hill_expr,H((R+R)),1,4,1,36.66667,6.935392835178574,5.434021527126732,56.0,5.336780497811226
Rac1 perturbation; Cdc42 response,Hill_expr,H((R+R)),1,4,1,37.0,2.682297860535712,5.833526565132814,56.0,5.191516583027507
Rac1 perturbation; Cdc42 response,Hill_expr,H((R+R)),1,4,1,37.33333,6.265093537857142,4.872114708366953,56.0,5.059518400993113
Rac1 perturbation; Cdc42 response,Hill_expr,H((R+R)),1,4,1,37.66667,4.158479823928573,4.88215272901345,56.0,4.939451598055761
Rac1 perturbation; Cdc42 response,Hill_expr,H((R+R)),1,4,1,38.0,2.774460211607141,5.726416993581822,56.0,4.830130839705504
Rac1 perturbation; Cdc42 response,Hill_expr,H((R+R)),1,4,1,38.33333,4.220438699285711,5.851693453622379,56.0,4.730484486015328
Rac1 perturbation; Cdc42 response,Hill_expr,H((R+R)),1,4,1,38.66667,5.898403981785713,5.248780406414624,56.0,4.639553998487813
Rac1 perturbation; Cdc42 response,Hill_expr,H((R+R)),1,4,1,39.0,2.116079720535715,5.688757520636718,56.0,4.556489180994539
Rac1 perturbation; Cdc42 response,Hill_expr,H((R+R)),1,4,1,39.33333,1.6641076423214272,5.611694198127312,56.0,4.4805212764828894
Rac1 perturbation; Cdc42 response,Hill_expr,H((R+R)),1,4,1,39.66667,4.2761368823214285,5.280550466228412,56.0,4.410962549766488
Rac1 perturbation; Cdc42 response,Hill_expr,H((R+R)),1,4,1,40.0,2.753929924107144,5.166320955931824,56.0,4.347202977570092
Rac1 perturbation; Cdc42 response,Hill_expr,(H(R)+H(R)),1,5,2,0.0,3.827074169107142,1.1420722545863766,56.0,3.835150671631691
Rac1 perturbation; Cdc42 response,Hill_expr,(H(R)+H(R)),1,5,2,0.3333333,17.239386878750004,3.6230717825189522,56.0,24.907251535000665
Rac1 perturbation; Cdc42 response,Hill_expr,(H(R)+H(R)),1,5,2,0.6666667,27.944322892321427,5.920585685086165,56.0,29.939674507045535
Rac1 perturbation; Cdc42 response,Hill_expr,(H(R)+H(R)),1,5,2,1.0,33.91203219839284,7.19853947353434,56.0,33.31792485529627
Rac1 perturbation; Cdc42 response,Hill_expr,(H(R)+H(R)),1,5,2,1.333333,40.62532188303572,8.336321677359155,56.0,35.90822932131408
Rac1 perturbation; Cdc42 response,Hill_expr,(H(R)+H(R)),1,5,2,1.666667,39.357031090535735,8.579362248519546,56.0,38.02212439840855
Rac1 perturbation; Cdc42 response,Hill_expr,(H(R)+H(R)),1,5,2,2.0,40.64119682910716,8.591445060017433,56.0,39.81162218368128
Rac1 perturbation; Cdc42 response,Hill_expr,(H(R)+H(R)),1,5,2,2.333333,42.037109865535726,8.792954344886885,56.0,41.36367766887204
Rac1 perturbation; Cdc42 response,Hill_expr,(H(R)+H(R)),1,5,2,2.666667,42.51144543464286,9.295292596102575,56.0,42.7332283573687
Rac1 perturbation; Cdc42 response,Hill_expr,(H(R)+H(R)),1,5,2,3.0,48.12939723964284,9.963933815532174,56.0,43.957446027374644
Rac1 perturbation; Cdc42 response,Hill_expr,(H(R)+H(R)),1,5,2,3.333333,45.16564558374999,10.429372020480425,56.0,45.06280551329747
Rac1 perturbation; Cdc42 response,Hill_expr,(H(R)+H(R)),1,5,2,3.666667,49.82137254517857,10.932543988201424,56.0,46.068902449884455
Rac1 perturbation; Cdc42 response,Hill_expr,(H(R)+H(R)),1,5,2,4.0,49.46123102089284,11.171653616071804,56.0,46.99068672634927
Rac1 perturbation; Cdc42 response,Hill_expr,(H(R)+H(R)),1,5,2,4.333334,54.19426600017859,11.481299788019944,56.0,47.839869910089035
Rac1 perturbation; Cdc42 response,Hill_expr,(H(R)+H(R)),1,5,2,4.666667,49.670968873571425,10.757617281060043,56.0,48.625801439381796
Rac1 perturbation; Cdc42 response,Hill_expr,(H(R)+H(R)),1,5,2,5.0,50.903237674285734,10.529299956320257,56.0,49.356091355469445
Rac1 perturbation; Cdc42 response,Hill_expr,(H(R)+H(R)),1,5,2,5.333334,48.62251751982142,10.221503553325313,56.0,50.03702139658181
Rac1 perturbation; Cdc42 response,Hill_expr,(H(R)+H(R)),1,5,2,5.666667,48.60424288107142,11.563656042466464,56.0,50.67383872742851
Rac1 perturbation; Cdc42 response,Hill_expr,(H(R)+H(R)),1,5,2,6.0,52.024706377321436,10.918739547859715,56.0,51.27098641899491
Rac1 perturbation; Cdc42 response,Hill_expr,(H(R)+H(R)),1,5,2,6.333334,50.76793762,11.40638591876654,56.0,51.83225926827073
Rac1 perturbation; Cdc42 response,Hill_expr,(H(R)+H(R)),1,5,2,6.666667,54.43562262785714,11.915146283078842,56.0,52.360922411824866
Rac1 perturbation; Cdc42 response,Hill_expr,(H(R)+H(R)),1,5,2,7.0,52.03527786339288,11.713402551630317,56.0,52.85981618073267
Rac1 perturbation; Cdc42 response,Hill_expr,(H(R)+H(R)),1,5,2,7.333334,50.833776938214285,11.055851899450207,56.0,53.33142459340218
Rac1 perturbation; Cdc42 response,Hill_expr,(H(R)+H(R)),1,5,2,7.666667,53.823288135714314,10.863983314939432,56.0,53.77792990943449
Rac1 perturbation; Cdc42 response,Hill_expr,(H(R)+H(R)),1,5,2,8.0,51.90479413160716,11.010775975290125,56.0,54.2012676843431
Rac1 perturbation; Cdc42 response,Hill_expr,(H(R)+H(R)),1,5,2,8.333333,51.90697419892856,10.139950267233813,56.0,54.6031584626411
Rac1 perturbation; Cdc42 response,Hill_expr,(H(R)+H(R)),1,5,2,8.666667,51.74549677267857,10.541134502239517,56.0,54.98514053771893
Rac1 perturbation; Cdc42 response,Hill_expr,(H(R)+H(R)),1,5,2,9.0,52.604561248571436,10.642679744999985,56.0,55.34858972948816
Rac1 perturbation; Cdc42 response,Hill_expr,(H(R)+H(R)),1,5,2,9.333333,51.231733485535706,10.851944544841261,56.0,55.69474559251758
Rac1 perturbation; Cdc42 response,Hill_expr,(H(R)+H(R)),1,5,2,9.666667,52.22727063178574,10.638437435555277,56.0,56.024722704721384
Rac1 perturbation; Cdc42 response,Hill_expr,(H(R)+H(R)),1,5,2,10.0,50.698182273035734,10.542941423713255,56.0,56.33951882036099
Rac1 perturbation; Cdc42 response,Hill_expr,(H(R)+H(R)),1,5,2,10.33333,54.06696888107144,10.702765966730157,56.0,56.64002505498659
Rac1 perturbation; Cdc42 response,Hill_expr,(H(R)+H(R)),1,5,2,10.66667,50.439666005714294,11.084816945978258,56.0,56.927041240215914
Rac1 perturbation; Cdc42 response,Hill_expr,(H(R)+H(R)),1,5,2,11.0,54.65172079357143,11.333885212747417,56.0,57.201232880399
Rac1 perturbation; Cdc42 response,Hill_expr,(H(R)+H(R)),1,5,2,11.33333,52.14428028982143,10.806780589267332,56.0,57.463179313491146
Rac1 perturbation; Cdc42 response,Hill_expr,(H(R)+H(R)),1,5,2,11.66667,51.87196959607144,11.439420603811717,56.0,57.713334635743415
Rac1 perturbation; Cdc42 response,Hill_expr,(H(R)+H(R)),1,5,2,12.0,58.43871945178572,11.606161569484064,56.0,57.9519895811073
Rac1 perturbation; Cdc42 response,Hill_expr,(H(R)+H(R)),1,5,2,12.33333,55.085658180357136,11.032267610609408,56.0,58.179293177566706
Rac1 perturbation; Cdc42 response,Hill_expr,(H(R)+H(R)),1,5,2,12.66667,58.64790563089287,11.327073931852615,56.0,58.39519894415093
Rac1 perturbation; Cdc42 response,Hill_expr,(H(R)+H(R)),1,5,2,13.0,61.814454952142874,11.731313212238682,56.0,58.59941074523175
Rac1 perturbation; Cdc42 response,Hill_expr,(H(R)+H(R)),1,5,2,13.33333,56.964429048214285,11.906372097202055,56.0,58.79137905955794
Rac1 perturbation; Cdc42 response,Hill_expr,(H(R)+H(R)),1,5,2,13.66667,57.82881474017859,12.38989717920228,56.0,58.97023142157608
Rac1 perturbation; Cdc42 response,Hill_expr,(H(R)+H(R)),1,5,2,14.0,60.89789809357142,12.211422473989089,56.0,59.13470459592923
Rac1 perturbation; Cdc42 response,Hill_expr,(H(R)+H(R)),1,5,2,14.33333,56.72333004464287,12.463769096533317,56.0,59.283119937432495
Rac1 perturbation; Cdc42 response,Hill_expr,(H(R)+H(R)),1,5,2,14.66667,61.075306226964265,13.0784984598502,56.0,59.41330674975337
Rac1 perturbation; Cdc42 response,Hill_expr,(H(R)+H(R)),1,5,2,15.0,62.904096297321416,12.151439818200448,56.0,59.52253562469721
Rac1 perturbation; Cdc42 response,Hill_expr,(H(R)+H(R)),1,5,2,15.33333,62.09625783482145,12.727114343581496,56.0,59.60748952494494
Rac1 perturbation; Cdc42 response,Hill_expr,(H(R)+H(R)),1,5,2,15.66667,56.46932148821429,12.177318652118275,56.0,59.66420514515792
Rac1 perturbation; Cdc42 response,Hill_expr,(H(R)+H(R)),1,5,2,16.0,58.19295324714285,12.181067682968143,56.0,59.68804130041532
Rac1 perturbation; Cdc42 response,Hill_expr,(H(R)+H(R)),1,5,2,16.33333,64.50140953892856,12.661195440931824,56.0,59.673678997610935
Rac1 perturbation; Cdc42 response,Hill_expr,(H(R)+H(R)),1,5,2,16.66667,62.852034469642874,11.277303250885263,56.0,59.61512643782542
Rac1 perturbation; Cdc42 response,Hill_expr,(H(R)+H(R)),1,5,2,17.0,66.45181134142857,11.165071803688988,56.0,59.50577678990903
Rac1 perturbation; Cdc42 response,Hill_expr,(H(R)+H(R)),1,5,2,17.33333,57.421065627678594,11.680646628908903,56.0,59.3384834745235
Rac1 perturbation; Cdc42 response,Hill_expr,(H(R)+H(R)),1,5,2,17.66667,61.71634201214285,11.595872688120714,56.0,59.10568664689055
Rac1 perturbation; Cdc42 response,Hill_expr,(H(R)+H(R)),1,5,2,18.0,64.21866456446428,11.601979812504425,56.0,58.79961822396082
Rac1 perturbation; Cdc42 response,Hill_expr,(H(R)+H(R)),1,5,2,18.33333,57.705033513749996,11.955581833649635,56.0,58.41248483228424
Rac1 perturbation; Cdc42 response,Hill_expr,(H(R)+H(R)),1,5,2,18.66667,65.40024261232142,11.470379982282436,56.0,57.9367481168744
Rac1 perturbation; Cdc42 response,Hill_expr,(H(R)+H(R)),1,5,2,19.0,63.10916902857142,11.921338915995449,56.0,57.36548764798795
Rac1 perturbation; Cdc42 response,Hill_expr,(H(R)+H(R)),1,5,2,19.33333,60.21811466982144,12.110144207906488,56.0,56.69265165897687
Rac1 perturbation; Cdc42 response,Hill_expr,(H(R)+H(R)),1,5,2,19.66667,67.68370798124998,12.532239969121928,56.0,55.91343206294623
Rac1 perturbation; Cdc42 response,Hill_expr,(H(R)+H(R)),1,5,2,20.0,65.88854110875,12.325811193535127,56.0,55.024682264758525
Rac1 perturbation; Cdc42 response,Hill_expr,(H(R)+H(R)),1,5,2,20.33333,60.942376883749986,12.671791082956299,56.0,54.02507441538669
Rac1 perturbation; Cdc42 response,Hill_expr,(H(R)+H(R)),1,5,2,20.66667,58.72241103892858,12.021432487384956,56.0,52.91538966803379
Rac1 perturbation; Cdc42 response,Hill_expr,(H(R)+H(R)),1,5,2,21.0,53.51671177285713,11.960341593184005,56.0,51.698781803052256
Rac1 perturbation; Cdc42 response,Hill_expr,(H(R)+H(R)),1,5,2,21.33333,52.13898499750002,11.591237873900097,56.0,50.38062132013966
Rac1 perturbation; Cdc42 response,Hill_expr,(H(R)+H(R)),1,5,2,21.66667,49.44778040500001,9.954845105598858,56.0,48.968509887103835
Rac1 perturbation; Cdc42 response,Hill_expr,(H(R)+H(R)),1,5,2,22.0,45.060534001071424,9.45136452278932,56.0,47.47223254419612
Rac1 perturbation; Cdc42 response,Hill_expr,(H(R)+H(R)),1,5,2,22.33333,43.02879638517859,8.719762175239723,56.0,45.90320761671581
Rac1 perturbation; Cdc42 response,Hill_expr,(H(R)+H(R)),1,5,2,22.66667,37.47054658071429,9.909421561463999,56.0,44.27422125897932
Rac1 perturbation; Cdc42 response,Hill_expr,(H(R)+H(R)),1,5,2,23.0,41.85401168000003,9.023062811264177,56.0,42.59914118829846
Rac1 perturbation; Cdc42 response,Hill_expr,(H(R)+H(R)),1,5,2,23.33333,37.604964228035726,10.062365408446167,56.0,40.89215224175319
Rac1 perturbation; Cdc42 response,Hill_expr,(H(R)+H(R)),1,5,2,23.66667,37.97096682785712,10.205204664719476,56.0,39.16743264141388
Rac1 perturbation; Cdc42 response,Hill_expr,(H(R)+H(R)),1,5,2,24.0,33.44989865607143,9.526733026885863,56.0,37.43888171367721
Rac1 perturbation; Cdc42 response,Hill_expr,(H(R)+H(R)),1,5,2,24.33333,31.101288853392855,10.279031442108089,56.0,35.71943506223059
Rac1 perturbation; Cdc42 response,Hill_expr,(H(R)+H(R)),1,5,2,24.66667,31.914791204107143,11.037035766121848,56.0,34.02092147450712
Rac1 perturbation; Cdc42 response,Hill_expr,(H(R)+H(R)),1,5,2,25.0,27.23004851285713,11.038314703262866,56.0,32.35399745248691
Rac1 perturbation; Cdc42 response,Hill_expr,(H(R)+H(R)),1,5,2,25.33333,32.39120195928573,11.042930203809027,56.0,30.72770672347839
Rac1 perturbation; Cdc42 response,Hill_expr,(H(R)+H(R)),1,5,2,25.66667,30.632160998035726,10.340276930676131,56.0,29.14958134386434
Rac1 perturbation; Cdc42 response,Hill_expr,(H(R)+H(R)),1,5,2,26.0,27.574354252678567,9.334215664690287,56.0,27.62578799853749
Rac1 perturbation; Cdc42 response,Hill_expr,(H(R)+H(R)),1,5,2,26.33333,26.98825472053571,9.472706586669132,56.0,26.16090745421758
Rac1 perturbation; Cdc42 response,Hill_expr,(H(R)+H(R)),1,5,2,26.66667,23.828536430892857,9.13385834952662,56.0,24.75818866692906
Rac1 perturbation; Cdc42 response,Hill_expr,(H(R)+H(R)),1,5,2,27.0,21.245405446785718,8.572782839915652,56.0,23.41979845477894
Rac1 perturbation; Cdc42 response,Hill_expr,(H(R)+H(R)),1,5,2,27.33333,23.797148394821424,8.805907887438186,56.0,22.146715576355945
Rac1 perturbation; Cdc42 response,Hill_expr,(H(R)+H(R)),1,5,2,27.66667,21.786008418392857,8.789026557627777,56.0,20.939017850848543
Rac1 perturbation; Cdc42 response,Hill_expr,(H(R)+H(R)),1,5,2,28.0,19.72074452785714,8.641463671185805,56.0,19.796131854038038
Rac1 perturbation; Cdc42 response,Hill_expr,(H(R)+H(R)),1,5,2,28.33333,19.56133962517857,8.071880993712787,56.0,18.716757399383837
Rac1 perturbation; Cdc42 response,Hill_expr,(H(R)+H(R)),1,5,2,28.66667,18.007073220000002,7.240060099460427,56.0,17.699114912165555
Rac1 perturbation; Cdc42 response,Hill_expr,(H(R)+H(R)),1,5,2,29.0,19.781916438928565,7.319891109470625,56.0,16.741144708636483
Rac1 perturbation; Cdc42 response,Hill_expr,(H(R)+H(R)),1,5,2,29.33333,17.908076492678568,7.0668718053002655,56.0,15.840425375716762
Rac1 perturbation; Cdc42 response,Hill_expr,(H(R)+H(R)),1,5,2,29.66667,12.991376950000005,7.059269006642786,56.0,14.994359773723929
Rac1 perturbation; Cdc42 response,Hill_expr,(H(R)+H(R)),1,5,2,30.0,15.252381256785714,6.399419728850981,56.0,14.200316072579838
Rac1 perturbation; Cdc42 response,Hill_expr,(H(R)+H(R)),1,5,2,30.33333,15.787882359821426,6.563629955811476,56.0,13.455535219387656
Rac1 perturbation; Cdc42 response,Hill_expr,(H(R)+H(R)),1,5,2,30.66667,9.94503414982142,6.731632025512227,56.0,12.757261730713921
Rac1 perturbation; Cdc42 response,Hill_expr,(H(R)+H(R)),1,5,2,31.0,10.036817084107152,6.974630393313972,56.0,12.102837675379988
Rac1 perturbation; Cdc42 response,Hill_expr,(H(R)+H(R)),1,5,2,31.33333,9.230053227142859,7.172982663463468,56.0,11.489606118368187
Rac1 perturbation; Cdc42 response,Hill_expr,(H(R)+H(R)),1,5,2,31.66667,10.85532622482143,7.095689350913041,56.0,10.915001114458562
Rac1 perturbation; Cdc42 response,Hill_expr,(H(R)+H(R)),1,5,2,32.0,10.824877368928572,6.444077889813405,56.0,10.376609265041893
Rac1 perturbation; Cdc42 response,Hill_expr,(H(R)+H(R)),1,5,2,32.33333,13.311633482857141,6.671262005017986,56.0,9.872076744424746
Rac1 perturbation; Cdc42 response,Hill_expr,(H(R)+H(R)),1,5,2,32.66667,11.734538476250005,6.632334561615327,56.0,9.399171842487192
Rac1 perturbation; Cdc42 response,Hill_expr,(H(R)+H(R)),1,5,2,33.0,10.346004451607149,6.896387904216912,56.0,8.955825952617005
Rac1 perturbation; Cdc42 response,Hill_expr,(H(R)+H(R)),1,5,2,33.33333,9.172568554464283,6.831884347604223,56.0,8.540049007227708
Rac1 perturbation; Cdc42 response,Hill_expr,(H(R)+H(R)),1,5,2,33.66667,6.891297014642854,6.7290806069907845,56.0,8.149974280212689
Rac1 perturbation; Cdc42 response,Hill_expr,(H(R)+H(R)),1,5,2,34.0,7.357812429642855,6.602966027505014,56.0,7.7838868252680555
Rac1 perturbation; Cdc42 response,Hill_expr,(H(R)+H(R)),1,5,2,34.33333,4.517738089999999,7.132717334021903,56.0,7.440149343775531
Rac1 perturbation; Cdc42 response,Hill_expr,(H(R)+H(R)),1,5,2,34.66667,8.732542402678572,5.53186065202682,56.0,7.117235579169275
Rac1 perturbation; Cdc42 response,Hill_expr,(H(R)+H(R)),1,5,2,35.0,7.524200926249997,5.4461896146963005,56.0,6.8137511465656075
Rac1 perturbation; Cdc42 response,Hill_expr,(H(R)+H(R)),1,5,2,35.33333,8.171790244107145,5.958449540399851,56.0,6.528369987158854
Rac1 perturbation; Cdc42 response,Hill_expr,(H(R)+H(R)),1,5,2,35.66667,2.685928293750003,6.021733786898675,56.0,6.259860272995695
Rac1 perturbation; Cdc42 response,Hill_expr,(H(R)+H(R)),1,5,2,36.0,7.68786100071428,4.934698327055554,56.0,6.007100522311461
Rac1 perturbation; Cdc42 response,Hill_expr,(H(R)+H(R)),1,5,2,36.33333,10.28194019517858,5.482052580966321,56.0,5.769025809035625
Rac1 perturbation; Cdc42 response,Hill_expr,(H(R)+H(R)),1,5,2,36.66667,6.935392835178574,5.434021527126732,56.0,5.54464855979856
Rac1 perturbation; Cdc42 response,Hill_expr,(H(R)+H(R)),1,5,2,37.0,2.682297860535712,5.833526565132814,56.0,5.333071612065169
Rac1 perturbation; Cdc42 response,Hill_expr,(H(R)+H(R)),1,5,2,37.33333,6.265093537857142,4.872114708366953,56.0,5.133442952839147
Rac1 perturbation; Cdc42 response,Hill_expr,(H(R)+H(R)),1,5,2,37.66667,4.158479823928573,4.88215272901345,56.0,4.944972866245493
Rac1 perturbation; Cdc42 response,Hill_expr,(H(R)+H(R)),1,5,2,38.0,2.774460211607141,5.726416993581822,56.0,4.766944882844243
Rac1 perturbation; Cdc42 response,Hill_expr,(H(R)+H(R)),1,5,2,38.33333,4.220438699285711,5.851693453622379,56.0,4.598677758129739
Rac1 perturbation; Cdc42 response,Hill_expr,(H(R)+H(R)),1,5,2,38.66667,5.898403981785713,5.248780406414624,56.0,4.439539888276528
Rac1 perturbation; Cdc42 response,Hill_expr,(H(R)+H(R)),1,5,2,39.0,2.116079720535715,5.688757520636718,56.0,4.28895870538507
Rac1 perturbation; Cdc42 response,Hill_expr,(H(R)+H(R)),1,5,2,39.33333,1.6641076423214272,5.611694198127312,56.0,4.1463887017268775
Rac1 perturbation; Cdc42 response,Hill_expr,(H(R)+H(R)),1,5,2,39.66667,4.2761368823214285,5.280550466228412,56.0,4.011323715809013
Rac1 perturbation; Cdc42 response,Hill_expr,(H(R)+H(R)),1,5,2,40.0,2.753929924107144,5.166320955931824,56.0,3.883305112753291
Rac1 perturbation; Cdc42 response,Hill_expr,H(H(R)),2,3,2,0.0,3.827074169107142,1.1420722545863766,56.0,3.827076498494345
Rac1 perturbation; Cdc42 response,Hill_expr,H(H(R)),2,3,2,0.3333333,17.239386878750004,3.6230717825189522,56.0,24.553259309967036
Rac1 perturbation; Cdc42 response,Hill_expr,H(H(R)),2,3,2,0.6666667,27.944322892321427,5.920585685086165,56.0,24.553298219225212
Rac1 perturbation; Cdc42 response,Hill_expr,H(H(R)),2,3,2,1.0,33.91203219839284,7.19853947353434,56.0,24.553298220993117
Rac1 perturbation; Cdc42 response,Hill_expr,H(H(R)),2,3,2,1.333333,40.62532188303572,8.336321677359155,56.0,24.553298220993195
Rac1 perturbation; Cdc42 response,Hill_expr,H(H(R)),2,3,2,1.666667,39.357031090535735,8.579362248519546,56.0,24.553298220993195
Rac1 perturbation; Cdc42 response,Hill_expr,H(H(R)),2,3,2,2.0,40.64119682910716,8.591445060017433,56.0,24.553298220993195
Rac1 perturbation; Cdc42 response,Hill_expr,H(H(R)),2,3,2,2.333333,42.037109865535726,8.792954344886885,56.0,24.553298220993195
Rac1 perturbation; Cdc42 response,Hill_expr,H(H(R)),2,3,2,2.666667,42.51144543464286,9.295292596102575,56.0,24.553298220993195
Rac1 perturbation; Cdc42 response,Hill_expr,H(H(R)),2,3,2,3.0,48.12939723964284,9.963933815532174,56.0,24.553298220993195
Rac1 perturbation; Cdc42 response,Hill_expr,H(H(R)),2,3,2,3.333333,45.16564558374999,10.429372020480425,56.0,24.553298220993195
Rac1 perturbation; Cdc42 response,Hill_expr,H(H(R)),2,3,2,3.666667,49.82137254517857,10.932543988201424,56.0,24.553298220993195
Rac1 perturbation; Cdc42 response,Hill_expr,H(H(R)),2,3,2,4.0,49.46123102089284,11.171653616071804,56.0,24.553298220993195
Rac1 perturbation; Cdc42 response,Hill_expr,H(H(R)),2,3,2,4.333334,54.19426600017859,11.481299788019944,56.0,24.553298220993195
Rac1 perturbation; Cdc42 response,Hill_expr,H(H(R)),2,3,2,4.666667,49.670968873571425,10.757617281060043,56.0,24.553298220993195
Rac1 perturbation; Cdc42 response,Hill_expr,H(H(R)),2,3,2,5.0,50.903237674285734,10.529299956320257,56.0,24.553298220993195
Rac1 perturbation; Cdc42 response,Hill_expr,H(H(R)),2,3,2,5.333334,48.62251751982142,10.221503553325313,56.0,24.553298220993195
Rac1 perturbation; Cdc42 response,Hill_expr,H(H(R)),2,3,2,5.666667,48.60424288107142,11.563656042466464,56.0,24.553298220993195
Rac1 perturbation; Cdc42 response,Hill_expr,H(H(R)),2,3,2,6.0,52.024706377321436,10.918739547859715,56.0,24.553298220993195
Rac1 perturbation; Cdc42 response,Hill_expr,H(H(R)),2,3,2,6.333334,50.76793762,11.40638591876654,56.0,24.553298220993195
Rac1 perturbation; Cdc42 response,Hill_expr,H(H(R)),2,3,2,6.666667,54.43562262785714,11.915146283078842,56.0,24.553298220993195
Rac1 perturbation; Cdc42 response,Hill_expr,H(H(R)),2,3,2,7.0,52.03527786339288,11.713402551630317,56.0,24.553298220993195
Rac1 perturbation; Cdc42 response,Hill_expr,H(H(R)),2,3,2,7.333334,50.833776938214285,11.055851899450207,56.0,24.553298220993195
Rac1 perturbation; Cdc42 response,Hill_expr,H(H(R)),2,3,2,7.666667,53.823288135714314,10.863983314939432,56.0,24.553298220993195
Rac1 perturbation; Cdc42 response,Hill_expr,H(H(R)),2,3,2,8.0,51.90479413160716,11.010775975290125,56.0,24.553298220993195
Rac1 perturbation; Cdc42 response,Hill_expr,H(H(R)),2,3,2,8.333333,51.90697419892856,10.139950267233813,56.0,24.553298220993195
Rac1 perturbation; Cdc42 response,Hill_expr,H(H(R)),2,3,2,8.666667,51.74549677267857,10.541134502239517,56.0,24.553298220993195
Rac1 perturbation; Cdc42 response,Hill_expr,H(H(R)),2,3,2,9.0,52.604561248571436,10.642679744999985,56.0,24.553298220993195
Rac1 perturbation; Cdc42 response,Hill_expr,H(H(R)),2,3,2,9.333333,51.231733485535706,10.851944544841261,56.0,24.553298220993195
Rac1 perturbation; Cdc42 response,Hill_expr,H(H(R)),2,3,2,9.666667,52.22727063178574,10.638437435555277,56.0,24.553298220993195
Rac1 perturbation; Cdc42 response,Hill_expr,H(H(R)),2,3,2,10.0,50.698182273035734,10.542941423713255,56.0,24.553298220993195
Rac1 perturbation; Cdc42 response,Hill_expr,H(H(R)),2,3,2,10.33333,54.06696888107144,10.702765966730157,56.0,24.553298220993195
Rac1 perturbation; Cdc42 response,Hill_expr,H(H(R)),2,3,2,10.66667,50.439666005714294,11.084816945978258,56.0,24.553298220993195
Rac1 perturbation; Cdc42 response,Hill_expr,H(H(R)),2,3,2,11.0,54.65172079357143,11.333885212747417,56.0,24.553298220993195
Rac1 perturbation; Cdc42 response,Hill_expr,H(H(R)),2,3,2,11.33333,52.14428028982143,10.806780589267332,56.0,24.553298220993195
Rac1 perturbation; Cdc42 response,Hill_expr,H(H(R)),2,3,2,11.66667,51.87196959607144,11.439420603811717,56.0,24.553298220993195
Rac1 perturbation; Cdc42 response,Hill_expr,H(H(R)),2,3,2,12.0,58.43871945178572,11.606161569484064,56.0,24.553298220993195
Rac1 perturbation; Cdc42 response,Hill_expr,H(H(R)),2,3,2,12.33333,55.085658180357136,11.032267610609408,56.0,24.553298220993195
Rac1 perturbation; Cdc42 response,Hill_expr,H(H(R)),2,3,2,12.66667,58.64790563089287,11.327073931852615,56.0,24.553298220993195
Rac1 perturbation; Cdc42 response,Hill_expr,H(H(R)),2,3,2,13.0,61.814454952142874,11.731313212238682,56.0,24.553298220993195
Rac1 perturbation; Cdc42 response,Hill_expr,H(H(R)),2,3,2,13.33333,56.964429048214285,11.906372097202055,56.0,24.553298220993195
Rac1 perturbation; Cdc42 response,Hill_expr,H(H(R)),2,3,2,13.66667,57.82881474017859,12.38989717920228,56.0,24.553298220993195
Rac1 perturbation; Cdc42 response,Hill_expr,H(H(R)),2,3,2,14.0,60.89789809357142,12.211422473989089,56.0,24.553298220993195
Rac1 perturbation; Cdc42 response,Hill_expr,H(H(R)),2,3,2,14.33333,56.72333004464287,12.463769096533317,56.0,24.553298220993195
Rac1 perturbation; Cdc42 response,Hill_expr,H(H(R)),2,3,2,14.66667,61.075306226964265,13.0784984598502,56.0,24.553298220993195
Rac1 perturbation; Cdc42 response,Hill_expr,H(H(R)),2,3,2,15.0,62.904096297321416,12.151439818200448,56.0,24.553298220993195
Rac1 perturbation; Cdc42 response,Hill_expr,H(H(R)),2,3,2,15.33333,62.09625783482145,12.727114343581496,56.0,24.553298220993195
Rac1 perturbation; Cdc42 response,Hill_expr,H(H(R)),2,3,2,15.66667,56.46932148821429,12.177318652118275,56.0,24.553298220993195
Rac1 perturbation; Cdc42 response,Hill_expr,H(H(R)),2,3,2,16.0,58.19295324714285,12.181067682968143,56.0,24.553298220993195
Rac1 perturbation; Cdc42 response,Hill_expr,H(H(R)),2,3,2,16.33333,64.50140953892856,12.661195440931824,56.0,24.553298220993195
Rac1 perturbation; Cdc42 response,Hill_expr,H(H(R)),2,3,2,16.66667,62.852034469642874,11.277303250885263,56.0,24.553298220993195
Rac1 perturbation; Cdc42 response,Hill_expr,H(H(R)),2,3,2,17.0,66.45181134142857,11.165071803688988,56.0,24.553298220993195
Rac1 perturbation; Cdc42 response,Hill_expr,H(H(R)),2,3,2,17.33333,57.421065627678594,11.680646628908903,56.0,24.553298220993195
Rac1 perturbation; Cdc42 response,Hill_expr,H(H(R)),2,3,2,17.66667,61.71634201214285,11.595872688120714,56.0,24.553298220993195
Rac1 perturbation; Cdc42 response,Hill_expr,H(H(R)),2,3,2,18.0,64.21866456446428,11.601979812504425,56.0,24.553298220993195
Rac1 perturbation; Cdc42 response,Hill_expr,H(H(R)),2,3,2,18.33333,57.705033513749996,11.955581833649635,56.0,24.553298220993195
Rac1 perturbation; Cdc42 response,Hill_expr,H(H(R)),2,3,2,18.66667,65.40024261232142,11.470379982282436,56.0,24.553298220993195
Rac1 perturbation; Cdc42 response,Hill_expr,H(H(R)),2,3,2,19.0,63.10916902857142,11.921338915995449,56.0,24.553298220993195
Rac1 perturbation; Cdc42 response,Hill_expr,H(H(R)),2,3,2,19.33333,60.21811466982144,12.110144207906488,56.0,24.553298220993195
Rac1 perturbation; Cdc42 response,Hill_expr,H(H(R)),2,3,2,19.66667,67.68370798124998,12.532239969121928,56.0,24.553298220993195
Rac1 perturbation; Cdc42 response,Hill_expr,H(H(R)),2,3,2,20.0,65.88854110875,12.325811193535127,56.0,24.553298220993195
Rac1 perturbation; Cdc42 response,Hill_expr,H(H(R)),2,3,2,20.33333,60.942376883749986,12.671791082956299,56.0,24.553298220993195
Rac1 perturbation; Cdc42 response,Hill_expr,H(H(R)),2,3,2,20.66667,58.72241103892858,12.021432487384956,56.0,24.553298220993195
Rac1 perturbation; Cdc42 response,Hill_expr,H(H(R)),2,3,2,21.0,53.51671177285713,11.960341593184005,56.0,24.553298220993195
Rac1 perturbation; Cdc42 response,Hill_expr,H(H(R)),2,3,2,21.33333,52.13898499750002,11.591237873900097,56.0,24.553298220993195
Rac1 perturbation; Cdc42 response,Hill_expr,H(H(R)),2,3,2,21.66667,49.44778040500001,9.954845105598858,56.0,24.553298220993195
Rac1 perturbation; Cdc42 response,Hill_expr,H(H(R)),2,3,2,22.0,45.060534001071424,9.45136452278932,56.0,24.553298220993195
Rac1 perturbation; Cdc42 response,Hill_expr,H(H(R)),2,3,2,22.33333,43.02879638517859,8.719762175239723,56.0,24.553298220993195
Rac1 perturbation; Cdc42 response,Hill_expr,H(H(R)),2,3,2,22.66667,37.47054658071429,9.909421561463999,56.0,24.553298220993195
Rac1 perturbation; Cdc42 response,Hill_expr,H(H(R)),2,3,2,23.0,41.85401168000003,9.023062811264177,56.0,24.553298220993195
Rac1 perturbation; Cdc42 response,Hill_expr,H(H(R)),2,3,2,23.33333,37.604964228035726,10.062365408446167,56.0,24.553298220993195
Rac1 perturbation; Cdc42 response,Hill_expr,H(H(R)),2,3,2,23.66667,37.97096682785712,10.205204664719476,56.0,24.553298220993195
Rac1 perturbation; Cdc42 response,Hill_expr,H(H(R)),2,3,2,24.0,33.44989865607143,9.526733026885863,56.0,24.553298220993195
Rac1 perturbation; Cdc42 response,Hill_expr,H(H(R)),2,3,2,24.33333,31.101288853392855,10.279031442108089,56.0,24.553298220993195
Rac1 perturbation; Cdc42 response,Hill_expr,H(H(R)),2,3,2,24.66667,31.914791204107143,11.037035766121848,56.0,24.553298220993195
Rac1 perturbation; Cdc42 response,Hill_expr,H(H(R)),2,3,2,25.0,27.23004851285713,11.038314703262866,56.0,24.553298220993195
Rac1 perturbation; Cdc42 response,Hill_expr,H(H(R)),2,3,2,25.33333,32.39120195928573,11.042930203809027,56.0,24.553298220993195
Rac1 perturbation; Cdc42 response,Hill_expr,H(H(R)),2,3,2,25.66667,30.632160998035726,10.340276930676131,56.0,24.553298220993195
Rac1 perturbation; Cdc42 response,Hill_expr,H(H(R)),2,3,2,26.0,27.574354252678567,9.334215664690287,56.0,24.553298220993195
Rac1 perturbation; Cdc42 response,Hill_expr,H(H(R)),2,3,2,26.33333,26.98825472053571,9.472706586669132,56.0,24.553298220993195
Rac1 perturbation; Cdc42 response,Hill_expr,H(H(R)),2,3,2,26.66667,23.828536430892857,9.13385834952662,56.0,24.553298220993195
Rac1 perturbation; Cdc42 response,Hill_expr,H(H(R)),2,3,2,27.0,21.245405446785718,8.572782839915652,56.0,24.553298220993195
Rac1 perturbation; Cdc42 response,Hill_expr,H(H(R)),2,3,2,27.33333,23.797148394821424,8.805907887438186,56.0,24.553298220993195
Rac1 perturbation; Cdc42 response,Hill_expr,H(H(R)),2,3,2,27.66667,21.786008418392857,8.789026557627777,56.0,24.553298220993195
Rac1 perturbation; Cdc42 response,Hill_expr,H(H(R)),2,3,2,28.0,19.72074452785714,8.641463671185805,56.0,24.553298220993195
Rac1 perturbation; Cdc42 response,Hill_expr,H(H(R)),2,3,2,28.33333,19.56133962517857,8.071880993712787,56.0,24.553298220993195
Rac1 perturbation; Cdc42 response,Hill_expr,H(H(R)),2,3,2,28.66667,18.007073220000002,7.240060099460427,56.0,24.553298220993195
Rac1 perturbation; Cdc42 response,Hill_expr,H(H(R)),2,3,2,29.0,19.781916438928565,7.319891109470625,56.0,24.553298220993195
Rac1 perturbation; Cdc42 response,Hill_expr,H(H(R)),2,3,2,29.33333,17.908076492678568,7.0668718053002655,56.0,24.553298220993195
Rac1 perturbation; Cdc42 response,Hill_expr,H(H(R)),2,3,2,29.66667,12.991376950000005,7.059269006642786,56.0,24.553298220993195
Rac1 perturbation; Cdc42 response,Hill_expr,H(H(R)),2,3,2,30.0,15.252381256785714,6.399419728850981,56.0,24.553298220993195
Rac1 perturbation; Cdc42 response,Hill_expr,H(H(R)),2,3,2,30.33333,15.787882359821426,6.563629955811476,56.0,24.553298220993195
Rac1 perturbation; Cdc42 response,Hill_expr,H(H(R)),2,3,2,30.66667,9.94503414982142,6.731632025512227,56.0,24.553298220993195
Rac1 perturbation; Cdc42 response,Hill_expr,H(H(R)),2,3,2,31.0,10.036817084107152,6.974630393313972,56.0,24.553298220993195
Rac1 perturbation; Cdc42 response,Hill_expr,H(H(R)),2,3,2,31.33333,9.230053227142859,7.172982663463468,56.0,24.553298220993195
Rac1 perturbation; Cdc42 response,Hill_expr,H(H(R)),2,3,2,31.66667,10.85532622482143,7.095689350913041,56.0,24.553298220993195
Rac1 perturbation; Cdc42 response,Hill_expr,H(H(R)),2,3,2,32.0,10.824877368928572,6.444077889813405,56.0,24.553298220993195
Rac1 perturbation; Cdc42 response,Hill_expr,H(H(R)),2,3,2,32.33333,13.311633482857141,6.671262005017986,56.0,24.553298220993195
Rac1 perturbation; Cdc42 response,Hill_expr,H(H(R)),2,3,2,32.66667,11.734538476250005,6.632334561615327,56.0,24.553298220993195
Rac1 perturbation; Cdc42 response,Hill_expr,H(H(R)),2,3,2,33.0,10.346004451607149,6.896387904216912,56.0,24.553298220993195
Rac1 perturbation; Cdc42 response,Hill_expr,H(H(R)),2,3,2,33.33333,9.172568554464283,6.831884347604223,56.0,24.553298220993195
Rac1 perturbation; Cdc42 response,Hill_expr,H(H(R)),2,3,2,33.66667,6.891297014642854,6.7290806069907845,56.0,24.553298220993195
Rac1 perturbation; Cdc42 response,Hill_expr,H(H(R)),2,3,2,34.0,7.357812429642855,6.602966027505014,56.0,24.553298220993195
Rac1 perturbation; Cdc42 response,Hill_expr,H(H(R)),2,3,2,34.33333,4.517738089999999,7.132717334021903,56.0,24.553298220993195
Rac1 perturbation; Cdc42 response,Hill_expr,H(H(R)),2,3,2,34.66667,8.732542402678572,5.53186065202682,56.0,24.553298220993195
Rac1 perturbation; Cdc42 response,Hill_expr,H(H(R)),2,3,2,35.0,7.524200926249997,5.4461896146963005,56.0,24.553298220993195
Rac1 perturbation; Cdc42 response,Hill_expr,H(H(R)),2,3,2,35.33333,8.171790244107145,5.958449540399851,56.0,24.553298220993195
Rac1 perturbation; Cdc42 response,Hill_expr,H(H(R)),2,3,2,35.66667,2.685928293750003,6.021733786898675,56.0,24.553298220993195
Rac1 perturbation; Cdc42 response,Hill_expr,H(H(R)),2,3,2,36.0,7.68786100071428,4.934698327055554,56.0,24.553298220993195
Rac1 perturbation; Cdc42 response,Hill_expr,H(H(R)),2,3,2,36.33333,10.28194019517858,5.482052580966321,56.0,24.553298220993195
Rac1 perturbation; Cdc42 response,Hill_expr,H(H(R)),2,3,2,36.66667,6.935392835178574,5.434021527126732,56.0,24.553298220993195
Rac1 perturbation; Cdc42 response,Hill_expr,H(H(R)),2,3,2,37.0,2.682297860535712,5.833526565132814,56.0,24.553298220993195
Rac1 perturbation; Cdc42 response,Hill_expr,H(H(R)),2,3,2,37.33333,6.265093537857142,4.872114708366953,56.0,24.553298220993195
Rac1 perturbation; Cdc42 response,Hill_expr,H(H(R)),2,3,2,37.66667,4.158479823928573,4.88215272901345,56.0,24.553298220993195
Rac1 perturbation; Cdc42 response,Hill_expr,H(H(R)),2,3,2,38.0,2.774460211607141,5.726416993581822,56.0,24.553298220993195
Rac1 perturbation; Cdc42 response,Hill_expr,H(H(R)),2,3,2,38.33333,4.220438699285711,5.851693453622379,56.0,24.553298220993195
Rac1 perturbation; Cdc42 response,Hill_expr,H(H(R)),2,3,2,38.66667,5.898403981785713,5.248780406414624,56.0,24.553298220993195
Rac1 perturbation; Cdc42 response,Hill_expr,H(H(R)),2,3,2,39.0,2.116079720535715,5.688757520636718,56.0,24.553298220993195
Rac1 perturbation; Cdc42 response,Hill_expr,H(H(R)),2,3,2,39.33333,1.6641076423214272,5.611694198127312,56.0,24.553298220993195
Rac1 perturbation; Cdc42 response,Hill_expr,H(H(R)),2,3,2,39.66667,4.2761368823214285,5.280550466228412,56.0,24.553298220993195
Rac1 perturbation; Cdc42 response,Hill_expr,H(H(R)),2,3,2,40.0,2.753929924107144,5.166320955931824,56.0,24.553298220993195
Rac1 perturbation; Cdc42 response,Hill_expr,(H(H(R))+R),2,5,2,0.0,3.827074169107142,1.1420722545863766,56.0,3.827074908373511
Rac1 perturbation; Cdc42 response,Hill_expr,(H(H(R))+R),2,5,2,0.3333333,17.239386878750004,3.6230717825189522,56.0,24.553291619315054
Rac1 perturbation; Cdc42 response,Hill_expr,(H(H(R))+R),2,5,2,0.6666667,27.944322892321427,5.920585685086165,56.0,24.553337021519894
Rac1 perturbation; Cdc42 response,Hill_expr,(H(H(R))+R),2,5,2,1.0,33.91203219839284,7.19853947353434,56.0,24.553337023581342
Rac1 perturbation; Cdc42 response,Hill_expr,(H(H(R))+R),2,5,2,1.333333,40.62532188303572,8.336321677359155,56.0,24.553337023581435
Rac1 perturbation; Cdc42 response,Hill_expr,(H(H(R))+R),2,5,2,1.666667,39.357031090535735,8.579362248519546,56.0,24.553337023581435
Rac1 perturbation; Cdc42 response,Hill_expr,(H(H(R))+R),2,5,2,2.0,40.64119682910716,8.591445060017433,56.0,24.553337023581435
Rac1 perturbation; Cdc42 response,Hill_expr,(H(H(R))+R),2,5,2,2.333333,42.037109865535726,8.792954344886885,56.0,24.553337023581435
Rac1 perturbation; Cdc42 response,Hill_expr,(H(H(R))+R),2,5,2,2.666667,42.51144543464286,9.295292596102575,56.0,24.553337023581435
Rac1 perturbation; Cdc42 response,Hill_expr,(H(H(R))+R),2,5,2,3.0,48.12939723964284,9.963933815532174,56.0,24.553337023581435
Rac1 perturbation; Cdc42 response,Hill_expr,(H(H(R))+R),2,5,2,3.333333,45.16564558374999,10.429372020480425,56.0,24.553337023581435
Rac1 perturbation; Cdc42 response,Hill_expr,(H(H(R))+R),2,5,2,3.666667,49.82137254517857,10.932543988201424,56.0,24.553337023581435
Rac1 perturbation; Cdc42 response,Hill_expr,(H(H(R))+R),2,5,2,4.0,49.46123102089284,11.171653616071804,56.0,24.553337023581435
Rac1 perturbation; Cdc42 response,Hill_expr,(H(H(R))+R),2,5,2,4.333334,54.19426600017859,11.481299788019944,56.0,24.553337023581435
Rac1 perturbation; Cdc42 response,Hill_expr,(H(H(R))+R),2,5,2,4.666667,49.670968873571425,10.757617281060043,56.0,24.553337023581435
Rac1 perturbation; Cdc42 response,Hill_expr,(H(H(R))+R),2,5,2,5.0,50.903237674285734,10.529299956320257,56.0,24.553337023581435
Rac1 perturbation; Cdc42 response,Hill_expr,(H(H(R))+R),2,5,2,5.333334,48.62251751982142,10.221503553325313,56.0,24.553337023581435
Rac1 perturbation; Cdc42 response,Hill_expr,(H(H(R))+R),2,5,2,5.666667,48.60424288107142,11.563656042466464,56.0,24.553337023581435
Rac1 perturbation; Cdc42 response,Hill_expr,(H(H(R))+R),2,5,2,6.0,52.024706377321436,10.918739547859715,56.0,24.553337023581435
Rac1 perturbation; Cdc42 response,Hill_expr,(H(H(R))+R),2,5,2,6.333334,50.76793762,11.40638591876654,56.0,24.553337023581435
Rac1 perturbation; Cdc42 response,Hill_expr,(H(H(R))+R),2,5,2,6.666667,54.43562262785714,11.915146283078842,56.0,24.553337023581435
Rac1 perturbation; Cdc42 response,Hill_expr,(H(H(R))+R),2,5,2,7.0,52.03527786339288,11.713402551630317,56.0,24.553337023581435
Rac1 perturbation; Cdc42 response,Hill_expr,(H(H(R))+R),2,5,2,7.333334,50.833776938214285,11.055851899450207,56.0,24.553337023581435
Rac1 perturbation; Cdc42 response,Hill_expr,(H(H(R))+R),2,5,2,7.666667,53.823288135714314,10.863983314939432,56.0,24.553337023581435
Rac1 perturbation; Cdc42 response,Hill_expr,(H(H(R))+R),2,5,2,8.0,51.90479413160716,11.010775975290125,56.0,24.553337023581435
Rac1 perturbation; Cdc42 response,Hill_expr,(H(H(R))+R),2,5,2,8.333333,51.90697419892856,10.139950267233813,56.0,24.553337023581435
Rac1 perturbation; Cdc42 response,Hill_expr,(H(H(R))+R),2,5,2,8.666667,51.74549677267857,10.541134502239517,56.0,24.553337023581435
Rac1 perturbation; Cdc42 response,Hill_expr,(H(H(R))+R),2,5,2,9.0,52.604561248571436,10.642679744999985,56.0,24.553337023581435
Rac1 perturbation; Cdc42 response,Hill_expr,(H(H(R))+R),2,5,2,9.333333,51.231733485535706,10.851944544841261,56.0,24.553337023581435
Rac1 perturbation; Cdc42 response,Hill_expr,(H(H(R))+R),2,5,2,9.666667,52.22727063178574,10.638437435555277,56.0,24.553337023581435
Rac1 perturbation; Cdc42 response,Hill_expr,(H(H(R))+R),2,5,2,10.0,50.698182273035734,10.542941423713255,56.0,24.553337023581435
Rac1 perturbation; Cdc42 response,Hill_expr,(H(H(R))+R),2,5,2,10.33333,54.06696888107144,10.702765966730157,56.0,24.553337023581435
Rac1 perturbation; Cdc42 response,Hill_expr,(H(H(R))+R),2,5,2,10.66667,50.439666005714294,11.084816945978258,56.0,24.553337023581435
Rac1 perturbation; Cdc42 response,Hill_expr,(H(H(R))+R),2,5,2,11.0,54.65172079357143,11.333885212747417,56.0,24.553337023581435
Rac1 perturbation; Cdc42 response,Hill_expr,(H(H(R))+R),2,5,2,11.33333,52.14428028982143,10.806780589267332,56.0,24.553337023581435
Rac1 perturbation; Cdc42 response,Hill_expr,(H(H(R))+R),2,5,2,11.66667,51.87196959607144,11.439420603811717,56.0,24.553337023581435
Rac1 perturbation; Cdc42 response,Hill_expr,(H(H(R))+R),2,5,2,12.0,58.43871945178572,11.606161569484064,56.0,24.553337023581435
Rac1 perturbation; Cdc42 response,Hill_expr,(H(H(R))+R),2,5,2,12.33333,55.085658180357136,11.032267610609408,56.0,24.553337023581435
Rac1 perturbation; Cdc42 response,Hill_expr,(H(H(R))+R),2,5,2,12.66667,58.64790563089287,11.327073931852615,56.0,24.553337023581435
Rac1 perturbation; Cdc42 response,Hill_expr,(H(H(R))+R),2,5,2,13.0,61.814454952142874,11.731313212238682,56.0,24.553337023581435
Rac1 perturbation; Cdc42 response,Hill_expr,(H(H(R))+R),2,5,2,13.33333,56.964429048214285,11.906372097202055,56.0,24.553337023581435
Rac1 perturbation; Cdc42 response,Hill_expr,(H(H(R))+R),2,5,2,13.66667,57.82881474017859,12.38989717920228,56.0,24.553337023581435
Rac1 perturbation; Cdc42 response,Hill_expr,(H(H(R))+R),2,5,2,14.0,60.89789809357142,12.211422473989089,56.0,24.553337023581435
Rac1 perturbation; Cdc42 response,Hill_expr,(H(H(R))+R),2,5,2,14.33333,56.72333004464287,12.463769096533317,56.0,24.553337023581435
Rac1 perturbation; Cdc42 response,Hill_expr,(H(H(R))+R),2,5,2,14.66667,61.075306226964265,13.0784984598502,56.0,24.553337023581435
Rac1 perturbation; Cdc42 response,Hill_expr,(H(H(R))+R),2,5,2,15.0,62.904096297321416,12.151439818200448,56.0,24.553337023581435
Rac1 perturbation; Cdc42 response,Hill_expr,(H(H(R))+R),2,5,2,15.33333,62.09625783482145,12.727114343581496,56.0,24.553337023581435
Rac1 perturbation; Cdc42 response,Hill_expr,(H(H(R))+R),2,5,2,15.66667,56.46932148821429,12.177318652118275,56.0,24.553337023581435
Rac1 perturbation; Cdc42 response,Hill_expr,(H(H(R))+R),2,5,2,16.0,58.19295324714285,12.181067682968143,56.0,24.553337023581435
Rac1 perturbation; Cdc42 response,Hill_expr,(H(H(R))+R),2,5,2,16.33333,64.50140953892856,12.661195440931824,56.0,24.553337023581435
Rac1 perturbation; Cdc42 response,Hill_expr,(H(H(R))+R),2,5,2,16.66667,62.852034469642874,11.277303250885263,56.0,24.553337023581435
Rac1 perturbation; Cdc42 response,Hill_expr,(H(H(R))+R),2,5,2,17.0,66.45181134142857,11.165071803688988,56.0,24.553337023581435
Rac1 perturbation; Cdc42 response,Hill_expr,(H(H(R))+R),2,5,2,17.33333,57.421065627678594,11.680646628908903,56.0,24.553337023581435
Rac1 perturbation; Cdc42 response,Hill_expr,(H(H(R))+R),2,5,2,17.66667,61.71634201214285,11.595872688120714,56.0,24.553337023581435
Rac1 perturbation; Cdc42 response,Hill_expr,(H(H(R))+R),2,5,2,18.0,64.21866456446428,11.601979812504425,56.0,24.553337023581435
Rac1 perturbation; Cdc42 response,Hill_expr,(H(H(R))+R),2,5,2,18.33333,57.705033513749996,11.955581833649635,56.0,24.553337023581435
Rac1 perturbation; Cdc42 response,Hill_expr,(H(H(R))+R),2,5,2,18.66667,65.40024261232142,11.470379982282436,56.0,24.553337023581435
Rac1 perturbation; Cdc42 response,Hill_expr,(H(H(R))+R),2,5,2,19.0,63.10916902857142,11.921338915995449,56.0,24.553337023581435
Rac1 perturbation; Cdc42 response,Hill_expr,(H(H(R))+R),2,5,2,19.33333,60.21811466982144,12.110144207906488,56.0,24.553337023581435
Rac1 perturbation; Cdc42 response,Hill_expr,(H(H(R))+R),2,5,2,19.66667,67.68370798124998,12.532239969121928,56.0,24.553337023581435
Rac1 perturbation; Cdc42 response,Hill_expr,(H(H(R))+R),2,5,2,20.0,65.88854110875,12.325811193535127,56.0,24.553337023581435
Rac1 perturbation; Cdc42 response,Hill_expr,(H(H(R))+R),2,5,2,20.33333,60.942376883749986,12.671791082956299,56.0,24.553337023581435
Rac1 perturbation; Cdc42 response,Hill_expr,(H(H(R))+R),2,5,2,20.66667,58.72241103892858,12.021432487384956,56.0,24.553337023581435
Rac1 perturbation; Cdc42 response,Hill_expr,(H(H(R))+R),2,5,2,21.0,53.51671177285713,11.960341593184005,56.0,24.553337023581435
Rac1 perturbation; Cdc42 response,Hill_expr,(H(H(R))+R),2,5,2,21.33333,52.13898499750002,11.591237873900097,56.0,24.553337023581435
Rac1 perturbation; Cdc42 response,Hill_expr,(H(H(R))+R),2,5,2,21.66667,49.44778040500001,9.954845105598858,56.0,24.553337023581435
Rac1 perturbation; Cdc42 response,Hill_expr,(H(H(R))+R),2,5,2,22.0,45.060534001071424,9.45136452278932,56.0,24.553337023581435
Rac1 perturbation; Cdc42 response,Hill_expr,(H(H(R))+R),2,5,2,22.33333,43.02879638517859,8.719762175239723,56.0,24.553337023581435
Rac1 perturbation; Cdc42 response,Hill_expr,(H(H(R))+R),2,5,2,22.66667,37.47054658071429,9.909421561463999,56.0,24.553337023581435
Rac1 perturbation; Cdc42 response,Hill_expr,(H(H(R))+R),2,5,2,23.0,41.85401168000003,9.023062811264177,56.0,24.553337023581435
Rac1 perturbation; Cdc42 response,Hill_expr,(H(H(R))+R),2,5,2,23.33333,37.604964228035726,10.062365408446167,56.0,24.553337023581435
Rac1 perturbation; Cdc42 response,Hill_expr,(H(H(R))+R),2,5,2,23.66667,37.97096682785712,10.205204664719476,56.0,24.553337023581435
Rac1 perturbation; Cdc42 response,Hill_expr,(H(H(R))+R),2,5,2,24.0,33.44989865607143,9.526733026885863,56.0,24.553337023581435
Rac1 perturbation; Cdc42 response,Hill_expr,(H(H(R))+R),2,5,2,24.33333,31.101288853392855,10.279031442108089,56.0,24.553337023581435
Rac1 perturbation; Cdc42 response,Hill_expr,(H(H(R))+R),2,5,2,24.66667,31.914791204107143,11.037035766121848,56.0,24.553337023581435
Rac1 perturbation; Cdc42 response,Hill_expr,(H(H(R))+R),2,5,2,25.0,27.23004851285713,11.038314703262866,56.0,24.553337023581435
Rac1 perturbation; Cdc42 response,Hill_expr,(H(H(R))+R),2,5,2,25.33333,32.39120195928573,11.042930203809027,56.0,24.553337023581435
Rac1 perturbation; Cdc42 response,Hill_expr,(H(H(R))+R),2,5,2,25.66667,30.632160998035726,10.340276930676131,56.0,24.553337023581435
Rac1 perturbation; Cdc42 response,Hill_expr,(H(H(R))+R),2,5,2,26.0,27.574354252678567,9.334215664690287,56.0,24.553337023581435
Rac1 perturbation; Cdc42 response,Hill_expr,(H(H(R))+R),2,5,2,26.33333,26.98825472053571,9.472706586669132,56.0,24.553337023581435
Rac1 perturbation; Cdc42 response,Hill_expr,(H(H(R))+R),2,5,2,26.66667,23.828536430892857,9.13385834952662,56.0,24.553337023581435
Rac1 perturbation; Cdc42 response,Hill_expr,(H(H(R))+R),2,5,2,27.0,21.245405446785718,8.572782839915652,56.0,24.553337023581435
Rac1 perturbation; Cdc42 response,Hill_expr,(H(H(R))+R),2,5,2,27.33333,23.797148394821424,8.805907887438186,56.0,24.553337023581435
Rac1 perturbation; Cdc42 response,Hill_expr,(H(H(R))+R),2,5,2,27.66667,21.786008418392857,8.789026557627777,56.0,24.553337023581435
Rac1 perturbation; Cdc42 response,Hill_expr,(H(H(R))+R),2,5,2,28.0,19.72074452785714,8.641463671185805,56.0,24.553337023581435
Rac1 perturbation; Cdc42 response,Hill_expr,(H(H(R))+R),2,5,2,28.33333,19.56133962517857,8.071880993712787,56.0,24.553337023581435
Rac1 perturbation; Cdc42 response,Hill_expr,(H(H(R))+R),2,5,2,28.66667,18.007073220000002,7.240060099460427,56.0,24.553337023581435
Rac1 perturbation; Cdc42 response,Hill_expr,(H(H(R))+R),2,5,2,29.0,19.781916438928565,7.319891109470625,56.0,24.553337023581435
Rac1 perturbation; Cdc42 response,Hill_expr,(H(H(R))+R),2,5,2,29.33333,17.908076492678568,7.0668718053002655,56.0,24.553337023581435
Rac1 perturbation; Cdc42 response,Hill_expr,(H(H(R))+R),2,5,2,29.66667,12.991376950000005,7.059269006642786,56.0,24.553337023581435
Rac1 perturbation; Cdc42 response,Hill_expr,(H(H(R))+R),2,5,2,30.0,15.252381256785714,6.399419728850981,56.0,24.553337023581435
Rac1 perturbation; Cdc42 response,Hill_expr,(H(H(R))+R),2,5,2,30.33333,15.787882359821426,6.563629955811476,56.0,24.553337023581435
Rac1 perturbation; Cdc42 response,Hill_expr,(H(H(R))+R),2,5,2,30.66667,9.94503414982142,6.731632025512227,56.0,24.553337023581435
Rac1 perturbation; Cdc42 response,Hill_expr,(H(H(R))+R),2,5,2,31.0,10.036817084107152,6.974630393313972,56.0,24.553337023581435
Rac1 perturbation; Cdc42 response,Hill_expr,(H(H(R))+R),2,5,2,31.33333,9.230053227142859,7.172982663463468,56.0,24.553337023581435
Rac1 perturbation; Cdc42 response,Hill_expr,(H(H(R))+R),2,5,2,31.66667,10.85532622482143,7.095689350913041,56.0,24.553337023581435
Rac1 perturbation; Cdc42 response,Hill_expr,(H(H(R))+R),2,5,2,32.0,10.824877368928572,6.444077889813405,56.0,24.553337023581435
Rac1 perturbation; Cdc42 response,Hill_expr,(H(H(R))+R),2,5,2,32.33333,13.311633482857141,6.671262005017986,56.0,24.553337023581435
Rac1 perturbation; Cdc42 response,Hill_expr,(H(H(R))+R),2,5,2,32.66667,11.734538476250005,6.632334561615327,56.0,24.553337023581435
Rac1 perturbation; Cdc42 response,Hill_expr,(H(H(R))+R),2,5,2,33.0,10.346004451607149,6.896387904216912,56.0,24.553337023581435
Rac1 perturbation; Cdc42 response,Hill_expr,(H(H(R))+R),2,5,2,33.33333,9.172568554464283,6.831884347604223,56.0,24.553337023581435
Rac1 perturbation; Cdc42 response,Hill_expr,(H(H(R))+R),2,5,2,33.66667,6.891297014642854,6.7290806069907845,56.0,24.553337023581435
Rac1 perturbation; Cdc42 response,Hill_expr,(H(H(R))+R),2,5,2,34.0,7.357812429642855,6.602966027505014,56.0,24.553337023581435
Rac1 perturbation; Cdc42 response,Hill_expr,(H(H(R))+R),2,5,2,34.33333,4.517738089999999,7.132717334021903,56.0,24.553337023581435
Rac1 perturbation; Cdc42 response,Hill_expr,(H(H(R))+R),2,5,2,34.66667,8.732542402678572,5.53186065202682,56.0,24.553337023581435
Rac1 perturbation; Cdc42 response,Hill_expr,(H(H(R))+R),2,5,2,35.0,7.524200926249997,5.4461896146963005,56.0,24.553337023581435
Rac1 perturbation; Cdc42 response,Hill_expr,(H(H(R))+R),2,5,2,35.33333,8.171790244107145,5.958449540399851,56.0,24.553337023581435
Rac1 perturbation; Cdc42 response,Hill_expr,(H(H(R))+R),2,5,2,35.66667,2.685928293750003,6.021733786898675,56.0,24.553337023581435
Rac1 perturbation; Cdc42 response,Hill_expr,(H(H(R))+R),2,5,2,36.0,7.68786100071428,4.934698327055554,56.0,24.553337023581435
Rac1 perturbation; Cdc42 response,Hill_expr,(H(H(R))+R),2,5,2,36.33333,10.28194019517858,5.482052580966321,56.0,24.553337023581435
Rac1 perturbation; Cdc42 response,Hill_expr,(H(H(R))+R),2,5,2,36.66667,6.935392835178574,5.434021527126732,56.0,24.553337023581435
Rac1 perturbation; Cdc42 response,Hill_expr,(H(H(R))+R),2,5,2,37.0,2.682297860535712,5.833526565132814,56.0,24.553337023581435
Rac1 perturbation; Cdc42 response,Hill_expr,(H(H(R))+R),2,5,2,37.33333,6.265093537857142,4.872114708366953,56.0,24.553337023581435
Rac1 perturbation; Cdc42 response,Hill_expr,(H(H(R))+R),2,5,2,37.66667,4.158479823928573,4.88215272901345,56.0,24.553337023581435
Rac1 perturbation; Cdc42 response,Hill_expr,(H(H(R))+R),2,5,2,38.0,2.774460211607141,5.726416993581822,56.0,24.553337023581435
Rac1 perturbation; Cdc42 response,Hill_expr,(H(H(R))+R),2,5,2,38.33333,4.220438699285711,5.851693453622379,56.0,24.553337023581435
Rac1 perturbation; Cdc42 response,Hill_expr,(H(H(R))+R),2,5,2,38.66667,5.898403981785713,5.248780406414624,56.0,24.553337023581435
Rac1 perturbation; Cdc42 response,Hill_expr,(H(H(R))+R),2,5,2,39.0,2.116079720535715,5.688757520636718,56.0,24.553337023581435
Rac1 perturbation; Cdc42 response,Hill_expr,(H(H(R))+R),2,5,2,39.33333,1.6641076423214272,5.611694198127312,56.0,24.553337023581435
Rac1 perturbation; Cdc42 response,Hill_expr,(H(H(R))+R),2,5,2,39.66667,4.2761368823214285,5.280550466228412,56.0,24.553337023581435
Rac1 perturbation; Cdc42 response,Hill_expr,(H(H(R))+R),2,5,2,40.0,2.753929924107144,5.166320955931824,56.0,24.553337023581435
Rac1 perturbation; Cdc42 response,Hill_expr,H((H(R)+R)),2,5,2,0.0,3.827074169107142,1.1420722545863766,56.0,3.827185339262423
Rac1 perturbation; Cdc42 response,Hill_expr,H((H(R)+R)),2,5,2,0.3333333,17.239386878750004,3.6230717825189522,56.0,24.553336299524524
Rac1 perturbation; Cdc42 response,Hill_expr,H((H(R)+R)),2,5,2,0.6666667,27.944322892321427,5.920585685086165,56.0,24.553337008498403
Rac1 perturbation; Cdc42 response,Hill_expr,H((H(R)+R)),2,5,2,1.0,33.91203219839284,7.19853947353434,56.0,24.55333702804238
Rac1 perturbation; Cdc42 response,Hill_expr,H((H(R)+R)),2,5,2,1.333333,40.62532188303572,8.336321677359155,56.0,24.55333703150186
Rac1 perturbation; Cdc42 response,Hill_expr,H((H(R)+R)),2,5,2,1.666667,39.357031090535735,8.579362248519546,56.0,24.553337032597966
Rac1 perturbation; Cdc42 response,Hill_expr,H((H(R)+R)),2,5,2,2.0,40.64119682910716,8.591445060017433,56.0,24.55333703303934
Rac1 perturbation; Cdc42 response,Hill_expr,H((H(R)+R)),2,5,2,2.333333,42.037109865535726,8.792954344886885,56.0,24.553337033237636
Rac1 perturbation; Cdc42 response,Hill_expr,H((H(R)+R)),2,5,2,2.666667,42.51144543464286,9.295292596102575,56.0,24.55333703333151
Rac1 perturbation; Cdc42 response,Hill_expr,H((H(R)+R)),2,5,2,3.0,48.12939723964284,9.963933815532174,56.0,24.553337033377097
Rac1 perturbation; Cdc42 response,Hill_expr,H((H(R)+R)),2,5,2,3.333333,45.16564558374999,10.429372020480425,56.0,24.553337033399515
Rac1 perturbation; Cdc42 response,Hill_expr,H((H(R)+R)),2,5,2,3.666667,49.82137254517857,10.932543988201424,56.0,24.55333703341061
Rac1 perturbation; Cdc42 response,Hill_expr,H((H(R)+R)),2,5,2,4.0,49.46123102089284,11.171653616071804,56.0,24.553337033416117
Rac1 perturbation; Cdc42 response,Hill_expr,H((H(R)+R)),2,5,2,4.333334,54.19426600017859,11.481299788019944,56.0,24.553337033418856
Rac1 perturbation; Cdc42 response,Hill_expr,H((H(R)+R)),2,5,2,4.666667,49.670968873571425,10.757617281060043,56.0,24.553337033420217
Rac1 perturbation; Cdc42 response,Hill_expr,H((H(R)+R)),2,5,2,5.0,50.903237674285734,10.529299956320257,56.0,24.553337033420895
Rac1 perturbation; Cdc42 response,Hill_expr,H((H(R)+R)),2,5,2,5.333334,48.62251751982142,10.221503553325313,56.0,24.553337033421233
Rac1 perturbation; Cdc42 response,Hill_expr,H((H(R)+R)),2,5,2,5.666667,48.60424288107142,11.563656042466464,56.0,24.5533370334214
Rac1 perturbation; Cdc42 response,Hill_expr,H((H(R)+R)),2,5,2,6.0,52.024706377321436,10.918739547859715,56.0,24.553337033421485
Rac1 perturbation; Cdc42 response,Hill_expr,H((H(R)+R)),2,5,2,6.333334,50.76793762,11.40638591876654,56.0,24.553337033421528
Rac1 perturbation; Cdc42 response,Hill_expr,H((H(R)+R)),2,5,2,6.666667,54.43562262785714,11.915146283078842,56.0,24.553337033421545
Rac1 perturbation; Cdc42 response,Hill_expr,H((H(R)+R)),2,5,2,7.0,52.03527786339288,11.713402551630317,56.0,24.553337033421556
Rac1 perturbation; Cdc42 response,Hill_expr,H((H(R)+R)),2,5,2,7.333334,50.833776938214285,11.055851899450207,56.0,24.553337033421563
Rac1 perturbation; Cdc42 response,Hill_expr,H((H(R)+R)),2,5,2,7.666667,53.823288135714314,10.863983314939432,56.0,24.553337033421567
Rac1 perturbation; Cdc42 response,Hill_expr,H((H(R)+R)),2,5,2,8.0,51.90479413160716,11.010775975290125,56.0,24.553337033421567
Rac1 perturbation; Cdc42 response,Hill_expr,H((H(R)+R)),2,5,2,8.333333,51.90697419892856,10.139950267233813,56.0,24.553337033421567
Rac1 perturbation; Cdc42 response,Hill_expr,H((H(R)+R)),2,5,2,8.666667,51.74549677267857,10.541134502239517,56.0,24.553337033421567
Rac1 perturbation; Cdc42 response,Hill_expr,H((H(R)+R)),2,5,2,9.0,52.604561248571436,10.642679744999985,56.0,24.553337033421567
Rac1 perturbation; Cdc42 response,Hill_expr,H((H(R)+R)),2,5,2,9.333333,51.231733485535706,10.851944544841261,56.0,24.553337033421567
Rac1 perturbation; Cdc42 response,Hill_expr,H((H(R)+R)),2,5,2,9.666667,52.22727063178574,10.638437435555277,56.0,24.553337033421567
Rac1 perturbation; Cdc42 response,Hill_expr,H((H(R)+R)),2,5,2,10.0,50.698182273035734,10.542941423713255,56.0,24.553337033421567
Rac1 perturbation; Cdc42 response,Hill_expr,H((H(R)+R)),2,5,2,10.33333,54.06696888107144,10.702765966730157,56.0,24.553337033421567
Rac1 perturbation; Cdc42 response,Hill_expr,H((H(R)+R)),2,5,2,10.66667,50.439666005714294,11.084816945978258,56.0,24.553337033421567
Rac1 perturbation; Cdc42 response,Hill_expr,H((H(R)+R)),2,5,2,11.0,54.65172079357143,11.333885212747417,56.0,24.553337033421567
Rac1 perturbation; Cdc42 response,Hill_expr,H((H(R)+R)),2,5,2,11.33333,52.14428028982143,10.806780589267332,56.0,24.553337033421567
Rac1 perturbation; Cdc42 response,Hill_expr,H((H(R)+R)),2,5,2,11.66667,51.87196959607144,11.439420603811717,56.0,24.553337033421567
Rac1 perturbation; Cdc42 response,Hill_expr,H((H(R)+R)),2,5,2,12.0,58.43871945178572,11.606161569484064,56.0,24.553337033421567
Rac1 perturbation; Cdc42 response,Hill_expr,H((H(R)+R)),2,5,2,12.33333,55.085658180357136,11.032267610609408,56.0,24.553337033421567
Rac1 perturbation; Cdc42 response,Hill_expr,H((H(R)+R)),2,5,2,12.66667,58.64790563089287,11.327073931852615,56.0,24.553337033421567
Rac1 perturbation; Cdc42 response,Hill_expr,H((H(R)+R)),2,5,2,13.0,61.814454952142874,11.731313212238682,56.0,24.553337033421567
Rac1 perturbation; Cdc42 response,Hill_expr,H((H(R)+R)),2,5,2,13.33333,56.964429048214285,11.906372097202055,56.0,24.553337033421567
Rac1 perturbation; Cdc42 response,Hill_expr,H((H(R)+R)),2,5,2,13.66667,57.82881474017859,12.38989717920228,56.0,24.553337033421567
Rac1 perturbation; Cdc42 response,Hill_expr,H((H(R)+R)),2,5,2,14.0,60.89789809357142,12.211422473989089,56.0,24.553337033421567
Rac1 perturbation; Cdc42 response,Hill_expr,H((H(R)+R)),2,5,2,14.33333,56.72333004464287,12.463769096533317,56.0,24.553337033421567
Rac1 perturbation; Cdc42 response,Hill_expr,H((H(R)+R)),2,5,2,14.66667,61.075306226964265,13.0784984598502,56.0,24.553337033421567
Rac1 perturbation; Cdc42 response,Hill_expr,H((H(R)+R)),2,5,2,15.0,62.904096297321416,12.151439818200448,56.0,24.553337033421567
Rac1 perturbation; Cdc42 response,Hill_expr,H((H(R)+R)),2,5,2,15.33333,62.09625783482145,12.727114343581496,56.0,24.553337033421567
Rac1 perturbation; Cdc42 response,Hill_expr,H((H(R)+R)),2,5,2,15.66667,56.46932148821429,12.177318652118275,56.0,24.553337033421567
Rac1 perturbation; Cdc42 response,Hill_expr,H((H(R)+R)),2,5,2,16.0,58.19295324714285,12.181067682968143,56.0,24.553337033421567
Rac1 perturbation; Cdc42 response,Hill_expr,H((H(R)+R)),2,5,2,16.33333,64.50140953892856,12.661195440931824,56.0,24.553337033421567
Rac1 perturbation; Cdc42 response,Hill_expr,H((H(R)+R)),2,5,2,16.66667,62.852034469642874,11.277303250885263,56.0,24.553337033421567
Rac1 perturbation; Cdc42 response,Hill_expr,H((H(R)+R)),2,5,2,17.0,66.45181134142857,11.165071803688988,56.0,24.553337033421567
Rac1 perturbation; Cdc42 response,Hill_expr,H((H(R)+R)),2,5,2,17.33333,57.421065627678594,11.680646628908903,56.0,24.553337033421567
Rac1 perturbation; Cdc42 response,Hill_expr,H((H(R)+R)),2,5,2,17.66667,61.71634201214285,11.595872688120714,56.0,24.553337033421567
Rac1 perturbation; Cdc42 response,Hill_expr,H((H(R)+R)),2,5,2,18.0,64.21866456446428,11.601979812504425,56.0,24.553337033421567
Rac1 perturbation; Cdc42 response,Hill_expr,H((H(R)+R)),2,5,2,18.33333,57.705033513749996,11.955581833649635,56.0,24.553337033421567
Rac1 perturbation; Cdc42 response,Hill_expr,H((H(R)+R)),2,5,2,18.66667,65.40024261232142,11.470379982282436,56.0,24.553337033421567
Rac1 perturbation; Cdc42 response,Hill_expr,H((H(R)+R)),2,5,2,19.0,63.10916902857142,11.921338915995449,56.0,24.553337033421567
Rac1 perturbation; Cdc42 response,Hill_expr,H((H(R)+R)),2,5,2,19.33333,60.21811466982144,12.110144207906488,56.0,24.553337033421567
Rac1 perturbation; Cdc42 response,Hill_expr,H((H(R)+R)),2,5,2,19.66667,67.68370798124998,12.532239969121928,56.0,24.553337033421567
Rac1 perturbation; Cdc42 response,Hill_expr,H((H(R)+R)),2,5,2,20.0,65.88854110875,12.325811193535127,56.0,24.553337033421567
Rac1 perturbation; Cdc42 response,Hill_expr,H((H(R)+R)),2,5,2,20.33333,60.942376883749986,12.671791082956299,56.0,24.553337033421567
Rac1 perturbation; Cdc42 response,Hill_expr,H((H(R)+R)),2,5,2,20.66667,58.72241103892858,12.021432487384956,56.0,24.553337033421567
Rac1 perturbation; Cdc42 response,Hill_expr,H((H(R)+R)),2,5,2,21.0,53.51671177285713,11.960341593184005,56.0,24.553337033421567
Rac1 perturbation; Cdc42 response,Hill_expr,H((H(R)+R)),2,5,2,21.33333,52.13898499750002,11.591237873900097,56.0,24.553337033421567
Rac1 perturbation; Cdc42 response,Hill_expr,H((H(R)+R)),2,5,2,21.66667,49.44778040500001,9.954845105598858,56.0,24.553337033421567
Rac1 perturbation; Cdc42 response,Hill_expr,H((H(R)+R)),2,5,2,22.0,45.060534001071424,9.45136452278932,56.0,24.553337033421567
Rac1 perturbation; Cdc42 response,Hill_expr,H((H(R)+R)),2,5,2,22.33333,43.02879638517859,8.719762175239723,56.0,24.553337033421567
Rac1 perturbation; Cdc42 response,Hill_expr,H((H(R)+R)),2,5,2,22.66667,37.47054658071429,9.909421561463999,56.0,24.553337033421567
Rac1 perturbation; Cdc42 response,Hill_expr,H((H(R)+R)),2,5,2,23.0,41.85401168000003,9.023062811264177,56.0,24.553337033421567
Rac1 perturbation; Cdc42 response,Hill_expr,H((H(R)+R)),2,5,2,23.33333,37.604964228035726,10.062365408446167,56.0,24.553337033421567
Rac1 perturbation; Cdc42 response,Hill_expr,H((H(R)+R)),2,5,2,23.66667,37.97096682785712,10.205204664719476,56.0,24.553337033421567
Rac1 perturbation; Cdc42 response,Hill_expr,H((H(R)+R)),2,5,2,24.0,33.44989865607143,9.526733026885863,56.0,24.553337033421567
Rac1 perturbation; Cdc42 response,Hill_expr,H((H(R)+R)),2,5,2,24.33333,31.101288853392855,10.279031442108089,56.0,24.553337033421567
Rac1 perturbation; Cdc42 response,Hill_expr,H((H(R)+R)),2,5,2,24.66667,31.914791204107143,11.037035766121848,56.0,24.553337033421567
Rac1 perturbation; Cdc42 response,Hill_expr,H((H(R)+R)),2,5,2,25.0,27.23004851285713,11.038314703262866,56.0,24.553337033421567
Rac1 perturbation; Cdc42 response,Hill_expr,H((H(R)+R)),2,5,2,25.33333,32.39120195928573,11.042930203809027,56.0,24.553337033421567
Rac1 perturbation; Cdc42 response,Hill_expr,H((H(R)+R)),2,5,2,25.66667,30.632160998035726,10.340276930676131,56.0,24.553337033421567
Rac1 perturbation; Cdc42 response,Hill_expr,H((H(R)+R)),2,5,2,26.0,27.574354252678567,9.334215664690287,56.0,24.553337033421567
Rac1 perturbation; Cdc42 response,Hill_expr,H((H(R)+R)),2,5,2,26.33333,26.98825472053571,9.472706586669132,56.0,24.553337033421567
Rac1 perturbation; Cdc42 response,Hill_expr,H((H(R)+R)),2,5,2,26.66667,23.828536430892857,9.13385834952662,56.0,24.553337033421567
Rac1 perturbation; Cdc42 response,Hill_expr,H((H(R)+R)),2,5,2,27.0,21.245405446785718,8.572782839915652,56.0,24.553337033421567
Rac1 perturbation; Cdc42 response,Hill_expr,H((H(R)+R)),2,5,2,27.33333,23.797148394821424,8.805907887438186,56.0,24.553337033421567
Rac1 perturbation; Cdc42 response,Hill_expr,H((H(R)+R)),2,5,2,27.66667,21.786008418392857,8.789026557627777,56.0,24.553337033421567
Rac1 perturbation; Cdc42 response,Hill_expr,H((H(R)+R)),2,5,2,28.0,19.72074452785714,8.641463671185805,56.0,24.553337033421567
Rac1 perturbation; Cdc42 response,Hill_expr,H((H(R)+R)),2,5,2,28.33333,19.56133962517857,8.071880993712787,56.0,24.553337033421567
Rac1 perturbation; Cdc42 response,Hill_expr,H((H(R)+R)),2,5,2,28.66667,18.007073220000002,7.240060099460427,56.0,24.553337033421567
Rac1 perturbation; Cdc42 response,Hill_expr,H((H(R)+R)),2,5,2,29.0,19.781916438928565,7.319891109470625,56.0,24.553337033421567
Rac1 perturbation; Cdc42 response,Hill_expr,H((H(R)+R)),2,5,2,29.33333,17.908076492678568,7.0668718053002655,56.0,24.553337033421567
Rac1 perturbation; Cdc42 response,Hill_expr,H((H(R)+R)),2,5,2,29.66667,12.991376950000005,7.059269006642786,56.0,24.553337033421567
Rac1 perturbation; Cdc42 response,Hill_expr,H((H(R)+R)),2,5,2,30.0,15.252381256785714,6.399419728850981,56.0,24.553337033421567
Rac1 perturbation; Cdc42 response,Hill_expr,H((H(R)+R)),2,5,2,30.33333,15.787882359821426,6.563629955811476,56.0,24.553337033421567
Rac1 perturbation; Cdc42 response,Hill_expr,H((H(R)+R)),2,5,2,30.66667,9.94503414982142,6.731632025512227,56.0,24.553337033421567
Rac1 perturbation; Cdc42 response,Hill_expr,H((H(R)+R)),2,5,2,31.0,10.036817084107152,6.974630393313972,56.0,24.553337033421567
Rac1 perturbation; Cdc42 response,Hill_expr,H((H(R)+R)),2,5,2,31.33333,9.230053227142859,7.172982663463468,56.0,24.553337033421567
Rac1 perturbation; Cdc42 response,Hill_expr,H((H(R)+R)),2,5,2,31.66667,10.85532622482143,7.095689350913041,56.0,24.553337033421567
Rac1 perturbation; Cdc42 response,Hill_expr,H((H(R)+R)),2,5,2,32.0,10.824877368928572,6.444077889813405,56.0,24.553337033421567
Rac1 perturbation; Cdc42 response,Hill_expr,H((H(R)+R)),2,5,2,32.33333,13.311633482857141,6.671262005017986,56.0,24.553337033421567
Rac1 perturbation; Cdc42 response,Hill_expr,H((H(R)+R)),2,5,2,32.66667,11.734538476250005,6.632334561615327,56.0,24.553337033421567
Rac1 perturbation; Cdc42 response,Hill_expr,H((H(R)+R)),2,5,2,33.0,10.346004451607149,6.896387904216912,56.0,24.553337033421567
Rac1 perturbation; Cdc42 response,Hill_expr,H((H(R)+R)),2,5,2,33.33333,9.172568554464283,6.831884347604223,56.0,24.553337033421567
Rac1 perturbation; Cdc42 response,Hill_expr,H((H(R)+R)),2,5,2,33.66667,6.891297014642854,6.7290806069907845,56.0,24.553337033421567
Rac1 perturbation; Cdc42 response,Hill_expr,H((H(R)+R)),2,5,2,34.0,7.357812429642855,6.602966027505014,56.0,24.553337033421567
Rac1 perturbation; Cdc42 response,Hill_expr,H((H(R)+R)),2,5,2,34.33333,4.517738089999999,7.132717334021903,56.0,24.553337033421567
Rac1 perturbation; Cdc42 response,Hill_expr,H((H(R)+R)),2,5,2,34.66667,8.732542402678572,5.53186065202682,56.0,24.553337033421567
Rac1 perturbation; Cdc42 response,Hill_expr,H((H(R)+R)),2,5,2,35.0,7.524200926249997,5.4461896146963005,56.0,24.553337033421567
Rac1 perturbation; Cdc42 response,Hill_expr,H((H(R)+R)),2,5,2,35.33333,8.171790244107145,5.958449540399851,56.0,24.553337033421567
Rac1 perturbation; Cdc42 response,Hill_expr,H((H(R)+R)),2,5,2,35.66667,2.685928293750003,6.021733786898675,56.0,24.553337033421567
Rac1 perturbation; Cdc42 response,Hill_expr,H((H(R)+R)),2,5,2,36.0,7.68786100071428,4.934698327055554,56.0,24.553337033421567
Rac1 perturbation; Cdc42 response,Hill_expr,H((H(R)+R)),2,5,2,36.33333,10.28194019517858,5.482052580966321,56.0,24.553337033421567
Rac1 perturbation; Cdc42 response,Hill_expr,H((H(R)+R)),2,5,2,36.66667,6.935392835178574,5.434021527126732,56.0,24.553337033421567
Rac1 perturbation; Cdc42 response,Hill_expr,H((H(R)+R)),2,5,2,37.0,2.682297860535712,5.833526565132814,56.0,24.553337033421567
Rac1 perturbation; Cdc42 response,Hill_expr,H((H(R)+R)),2,5,2,37.33333,6.265093537857142,4.872114708366953,56.0,24.553337033421567
Rac1 perturbation; Cdc42 response,Hill_expr,H((H(R)+R)),2,5,2,37.66667,4.158479823928573,4.88215272901345,56.0,24.553337033421567
Rac1 perturbation; Cdc42 response,Hill_expr,H((H(R)+R)),2,5,2,38.0,2.774460211607141,5.726416993581822,56.0,24.553337033421567
Rac1 perturbation; Cdc42 response,Hill_expr,H((H(R)+R)),2,5,2,38.33333,4.220438699285711,5.851693453622379,56.0,24.553337033421567
Rac1 perturbation; Cdc42 response,Hill_expr,H((H(R)+R)),2,5,2,38.66667,5.898403981785713,5.248780406414624,56.0,24.553337033421567
Rac1 perturbation; Cdc42 response,Hill_expr,H((H(R)+R)),2,5,2,39.0,2.116079720535715,5.688757520636718,56.0,24.553337033421567
Rac1 perturbation; Cdc42 response,Hill_expr,H((H(R)+R)),2,5,2,39.33333,1.6641076423214272,5.611694198127312,56.0,24.553337033421567
Rac1 perturbation; Cdc42 response,Hill_expr,H((H(R)+R)),2,5,2,39.66667,4.2761368823214285,5.280550466228412,56.0,24.553337033421567
Rac1 perturbation; Cdc42 response,Hill_expr,H((H(R)+R)),2,5,2,40.0,2.753929924107144,5.166320955931824,56.0,24.553337033421567
Rac1 perturbation; Cdc42 response,Hill_expr,H(H((R+R))),2,5,2,0.0,3.827074169107142,1.1420722545863766,56.0,3.827054276811503
Rac1 perturbation; Cdc42 response,Hill_expr,H(H((R+R))),2,5,2,0.3333333,17.239386878750004,3.6230717825189522,56.0,24.55333838671794
Rac1 perturbation; Cdc42 response,Hill_expr,H(H((R+R))),2,5,2,0.6666667,27.944322892321427,5.920585685086165,56.0,24.55333838671794
Rac1 perturbation; Cdc42 response,Hill_expr,H(H((R+R))),2,5,2,1.0,33.91203219839284,7.19853947353434,56.0,24.55333838671794
Rac1 perturbation; Cdc42 response,Hill_expr,H(H((R+R))),2,5,2,1.333333,40.62532188303572,8.336321677359155,56.0,24.55333838671794
Rac1 perturbation; Cdc42 response,Hill_expr,H(H((R+R))),2,5,2,1.666667,39.357031090535735,8.579362248519546,56.0,24.55333838671794
Rac1 perturbation; Cdc42 response,Hill_expr,H(H((R+R))),2,5,2,2.0,40.64119682910716,8.591445060017433,56.0,24.55333838671794
Rac1 perturbation; Cdc42 response,Hill_expr,H(H((R+R))),2,5,2,2.333333,42.037109865535726,8.792954344886885,56.0,24.55333838671794
Rac1 perturbation; Cdc42 response,Hill_expr,H(H((R+R))),2,5,2,2.666667,42.51144543464286,9.295292596102575,56.0,24.55333838671794
Rac1 perturbation; Cdc42 response,Hill_expr,H(H((R+R))),2,5,2,3.0,48.12939723964284,9.963933815532174,56.0,24.55333838671794
Rac1 perturbation; Cdc42 response,Hill_expr,H(H((R+R))),2,5,2,3.333333,45.16564558374999,10.429372020480425,56.0,24.55333838671794
Rac1 perturbation; Cdc42 response,Hill_expr,H(H((R+R))),2,5,2,3.666667,49.82137254517857,10.932543988201424,56.0,24.55333838671794
Rac1 perturbation; Cdc42 response,Hill_expr,H(H((R+R))),2,5,2,4.0,49.46123102089284,11.171653616071804,56.0,24.55333838671794
Rac1 perturbation; Cdc42 response,Hill_expr,H(H((R+R))),2,5,2,4.333334,54.19426600017859,11.481299788019944,56.0,24.55333838671794
Rac1 perturbation; Cdc42 response,Hill_expr,H(H((R+R))),2,5,2,4.666667,49.670968873571425,10.757617281060043,56.0,24.55333838671794
Rac1 perturbation; Cdc42 response,Hill_expr,H(H((R+R))),2,5,2,5.0,50.903237674285734,10.529299956320257,56.0,24.55333838671794
Rac1 perturbation; Cdc42 response,Hill_expr,H(H((R+R))),2,5,2,5.333334,48.62251751982142,10.221503553325313,56.0,24.55333838671794
Rac1 perturbation; Cdc42 response,Hill_expr,H(H((R+R))),2,5,2,5.666667,48.60424288107142,11.563656042466464,56.0,24.55333838671794
Rac1 perturbation; Cdc42 response,Hill_expr,H(H((R+R))),2,5,2,6.0,52.024706377321436,10.918739547859715,56.0,24.55333838671794
Rac1 perturbation; Cdc42 response,Hill_expr,H(H((R+R))),2,5,2,6.333334,50.76793762,11.40638591876654,56.0,24.55333838671794
Rac1 perturbation; Cdc42 response,Hill_expr,H(H((R+R))),2,5,2,6.666667,54.43562262785714,11.915146283078842,56.0,24.55333838671794
Rac1 perturbation; Cdc42 response,Hill_expr,H(H((R+R))),2,5,2,7.0,52.03527786339288,11.713402551630317,56.0,24.55333838671794
Rac1 perturbation; Cdc42 response,Hill_expr,H(H((R+R))),2,5,2,7.333334,50.833776938214285,11.055851899450207,56.0,24.55333838671794
Rac1 perturbation; Cdc42 response,Hill_expr,H(H((R+R))),2,5,2,7.666667,53.823288135714314,10.863983314939432,56.0,24.55333838671794
Rac1 perturbation; Cdc42 response,Hill_expr,H(H((R+R))),2,5,2,8.0,51.90479413160716,11.010775975290125,56.0,24.55333838671794
Rac1 perturbation; Cdc42 response,Hill_expr,H(H((R+R))),2,5,2,8.333333,51.90697419892856,10.139950267233813,56.0,24.55333838671794
Rac1 perturbation; Cdc42 response,Hill_expr,H(H((R+R))),2,5,2,8.666667,51.74549677267857,10.541134502239517,56.0,24.55333838671794
Rac1 perturbation; Cdc42 response,Hill_expr,H(H((R+R))),2,5,2,9.0,52.604561248571436,10.642679744999985,56.0,24.55333838671794
Rac1 perturbation; Cdc42 response,Hill_expr,H(H((R+R))),2,5,2,9.333333,51.231733485535706,10.851944544841261,56.0,24.55333838671794
Rac1 perturbation; Cdc42 response,Hill_expr,H(H((R+R))),2,5,2,9.666667,52.22727063178574,10.638437435555277,56.0,24.55333838671794
Rac1 perturbation; Cdc42 response,Hill_expr,H(H((R+R))),2,5,2,10.0,50.698182273035734,10.542941423713255,56.0,24.55333838671794
Rac1 perturbation; Cdc42 response,Hill_expr,H(H((R+R))),2,5,2,10.33333,54.06696888107144,10.702765966730157,56.0,24.55333838671794
Rac1 perturbation; Cdc42 response,Hill_expr,H(H((R+R))),2,5,2,10.66667,50.439666005714294,11.084816945978258,56.0,24.55333838671794
Rac1 perturbation; Cdc42 response,Hill_expr,H(H((R+R))),2,5,2,11.0,54.65172079357143,11.333885212747417,56.0,24.55333838671794
Rac1 perturbation; Cdc42 response,Hill_expr,H(H((R+R))),2,5,2,11.33333,52.14428028982143,10.806780589267332,56.0,24.55333838671794
Rac1 perturbation; Cdc42 response,Hill_expr,H(H((R+R))),2,5,2,11.66667,51.87196959607144,11.439420603811717,56.0,24.55333838671794
Rac1 perturbation; Cdc42 response,Hill_expr,H(H((R+R))),2,5,2,12.0,58.43871945178572,11.606161569484064,56.0,24.55333838671794
Rac1 perturbation; Cdc42 response,Hill_expr,H(H((R+R))),2,5,2,12.33333,55.085658180357136,11.032267610609408,56.0,24.55333838671794
Rac1 perturbation; Cdc42 response,Hill_expr,H(H((R+R))),2,5,2,12.66667,58.64790563089287,11.327073931852615,56.0,24.55333838671794
Rac1 perturbation; Cdc42 response,Hill_expr,H(H((R+R))),2,5,2,13.0,61.814454952142874,11.731313212238682,56.0,24.55333838671794
Rac1 perturbation; Cdc42 response,Hill_expr,H(H((R+R))),2,5,2,13.33333,56.964429048214285,11.906372097202055,56.0,24.55333838671794
Rac1 perturbation; Cdc42 response,Hill_expr,H(H((R+R))),2,5,2,13.66667,57.82881474017859,12.38989717920228,56.0,24.55333838671794
Rac1 perturbation; Cdc42 response,Hill_expr,H(H((R+R))),2,5,2,14.0,60.89789809357142,12.211422473989089,56.0,24.55333838671794
Rac1 perturbation; Cdc42 response,Hill_expr,H(H((R+R))),2,5,2,14.33333,56.72333004464287,12.463769096533317,56.0,24.55333838671794
Rac1 perturbation; Cdc42 response,Hill_expr,H(H((R+R))),2,5,2,14.66667,61.075306226964265,13.0784984598502,56.0,24.55333838671794
Rac1 perturbation; Cdc42 response,Hill_expr,H(H((R+R))),2,5,2,15.0,62.904096297321416,12.151439818200448,56.0,24.55333838671794
Rac1 perturbation; Cdc42 response,Hill_expr,H(H((R+R))),2,5,2,15.33333,62.09625783482145,12.727114343581496,56.0,24.55333838671794
Rac1 perturbation; Cdc42 response,Hill_expr,H(H((R+R))),2,5,2,15.66667,56.46932148821429,12.177318652118275,56.0,24.55333838671794
Rac1 perturbation; Cdc42 response,Hill_expr,H(H((R+R))),2,5,2,16.0,58.19295324714285,12.181067682968143,56.0,24.55333838671794
Rac1 perturbation; Cdc42 response,Hill_expr,H(H((R+R))),2,5,2,16.33333,64.50140953892856,12.661195440931824,56.0,24.55333838671794
Rac1 perturbation; Cdc42 response,Hill_expr,H(H((R+R))),2,5,2,16.66667,62.852034469642874,11.277303250885263,56.0,24.55333838671794
Rac1 perturbation; Cdc42 response,Hill_expr,H(H((R+R))),2,5,2,17.0,66.45181134142857,11.165071803688988,56.0,24.55333838671794
Rac1 perturbation; Cdc42 response,Hill_expr,H(H((R+R))),2,5,2,17.33333,57.421065627678594,11.680646628908903,56.0,24.55333838671794
Rac1 perturbation; Cdc42 response,Hill_expr,H(H((R+R))),2,5,2,17.66667,61.71634201214285,11.595872688120714,56.0,24.55333838671794
Rac1 perturbation; Cdc42 response,Hill_expr,H(H((R+R))),2,5,2,18.0,64.21866456446428,11.601979812504425,56.0,24.55333838671794
Rac1 perturbation; Cdc42 response,Hill_expr,H(H((R+R))),2,5,2,18.33333,57.705033513749996,11.955581833649635,56.0,24.55333838671794
Rac1 perturbation; Cdc42 response,Hill_expr,H(H((R+R))),2,5,2,18.66667,65.40024261232142,11.470379982282436,56.0,24.55333838671794
Rac1 perturbation; Cdc42 response,Hill_expr,H(H((R+R))),2,5,2,19.0,63.10916902857142,11.921338915995449,56.0,24.55333838671794
Rac1 perturbation; Cdc42 response,Hill_expr,H(H((R+R))),2,5,2,19.33333,60.21811466982144,12.110144207906488,56.0,24.55333838671794
Rac1 perturbation; Cdc42 response,Hill_expr,H(H((R+R))),2,5,2,19.66667,67.68370798124998,12.532239969121928,56.0,24.55333838671794
Rac1 perturbation; Cdc42 response,Hill_expr,H(H((R+R))),2,5,2,20.0,65.88854110875,12.325811193535127,56.0,24.55333838671794
Rac1 perturbation; Cdc42 response,Hill_expr,H(H((R+R))),2,5,2,20.33333,60.942376883749986,12.671791082956299,56.0,24.55333838671794
Rac1 perturbation; Cdc42 response,Hill_expr,H(H((R+R))),2,5,2,20.66667,58.72241103892858,12.021432487384956,56.0,24.55333838671794
Rac1 perturbation; Cdc42 response,Hill_expr,H(H((R+R))),2,5,2,21.0,53.51671177285713,11.960341593184005,56.0,24.55333838671794
Rac1 perturbation; Cdc42 response,Hill_expr,H(H((R+R))),2,5,2,21.33333,52.13898499750002,11.591237873900097,56.0,24.55333838671794
Rac1 perturbation; Cdc42 response,Hill_expr,H(H((R+R))),2,5,2,21.66667,49.44778040500001,9.954845105598858,56.0,24.55333838671794
Rac1 perturbation; Cdc42 response,Hill_expr,H(H((R+R))),2,5,2,22.0,45.060534001071424,9.45136452278932,56.0,24.55333838671794
Rac1 perturbation; Cdc42 response,Hill_expr,H(H((R+R))),2,5,2,22.33333,43.02879638517859,8.719762175239723,56.0,24.55333838671794
Rac1 perturbation; Cdc42 response,Hill_expr,H(H((R+R))),2,5,2,22.66667,37.47054658071429,9.909421561463999,56.0,24.55333838671794
Rac1 perturbation; Cdc42 response,Hill_expr,H(H((R+R))),2,5,2,23.0,41.85401168000003,9.023062811264177,56.0,24.55333838671794
Rac1 perturbation; Cdc42 response,Hill_expr,H(H((R+R))),2,5,2,23.33333,37.604964228035726,10.062365408446167,56.0,24.55333838671794
Rac1 perturbation; Cdc42 response,Hill_expr,H(H((R+R))),2,5,2,23.66667,37.97096682785712,10.205204664719476,56.0,24.55333838671794
Rac1 perturbation; Cdc42 response,Hill_expr,H(H((R+R))),2,5,2,24.0,33.44989865607143,9.526733026885863,56.0,24.55333838671794
Rac1 perturbation; Cdc42 response,Hill_expr,H(H((R+R))),2,5,2,24.33333,31.101288853392855,10.279031442108089,56.0,24.55333838671794
Rac1 perturbation; Cdc42 response,Hill_expr,H(H((R+R))),2,5,2,24.66667,31.914791204107143,11.037035766121848,56.0,24.55333838671794
Rac1 perturbation; Cdc42 response,Hill_expr,H(H((R+R))),2,5,2,25.0,27.23004851285713,11.038314703262866,56.0,24.55333838671794
Rac1 perturbation; Cdc42 response,Hill_expr,H(H((R+R))),2,5,2,25.33333,32.39120195928573,11.042930203809027,56.0,24.55333838671794
Rac1 perturbation; Cdc42 response,Hill_expr,H(H((R+R))),2,5,2,25.66667,30.632160998035726,10.340276930676131,56.0,24.55333838671794
Rac1 perturbation; Cdc42 response,Hill_expr,H(H((R+R))),2,5,2,26.0,27.574354252678567,9.334215664690287,56.0,24.55333838671794
Rac1 perturbation; Cdc42 response,Hill_expr,H(H((R+R))),2,5,2,26.33333,26.98825472053571,9.472706586669132,56.0,24.55333838671794
Rac1 perturbation; Cdc42 response,Hill_expr,H(H((R+R))),2,5,2,26.66667,23.828536430892857,9.13385834952662,56.0,24.55333838671794
Rac1 perturbation; Cdc42 response,Hill_expr,H(H((R+R))),2,5,2,27.0,21.245405446785718,8.572782839915652,56.0,24.55333838671794
Rac1 perturbation; Cdc42 response,Hill_expr,H(H((R+R))),2,5,2,27.33333,23.797148394821424,8.805907887438186,56.0,24.55333838671794
Rac1 perturbation; Cdc42 response,Hill_expr,H(H((R+R))),2,5,2,27.66667,21.786008418392857,8.789026557627777,56.0,24.55333838671794
Rac1 perturbation; Cdc42 response,Hill_expr,H(H((R+R))),2,5,2,28.0,19.72074452785714,8.641463671185805,56.0,24.55333838671794
Rac1 perturbation; Cdc42 response,Hill_expr,H(H((R+R))),2,5,2,28.33333,19.56133962517857,8.071880993712787,56.0,24.55333838671794
Rac1 perturbation; Cdc42 response,Hill_expr,H(H((R+R))),2,5,2,28.66667,18.007073220000002,7.240060099460427,56.0,24.55333838671794
Rac1 perturbation; Cdc42 response,Hill_expr,H(H((R+R))),2,5,2,29.0,19.781916438928565,7.319891109470625,56.0,24.55333838671794
Rac1 perturbation; Cdc42 response,Hill_expr,H(H((R+R))),2,5,2,29.33333,17.908076492678568,7.0668718053002655,56.0,24.55333838671794
Rac1 perturbation; Cdc42 response,Hill_expr,H(H((R+R))),2,5,2,29.66667,12.991376950000005,7.059269006642786,56.0,24.55333838671794
Rac1 perturbation; Cdc42 response,Hill_expr,H(H((R+R))),2,5,2,30.0,15.252381256785714,6.399419728850981,56.0,24.55333838671794
Rac1 perturbation; Cdc42 response,Hill_expr,H(H((R+R))),2,5,2,30.33333,15.787882359821426,6.563629955811476,56.0,24.55333838671794
Rac1 perturbation; Cdc42 response,Hill_expr,H(H((R+R))),2,5,2,30.66667,9.94503414982142,6.731632025512227,56.0,24.55333838671794
Rac1 perturbation; Cdc42 response,Hill_expr,H(H((R+R))),2,5,2,31.0,10.036817084107152,6.974630393313972,56.0,24.55333838671794
Rac1 perturbation; Cdc42 response,Hill_expr,H(H((R+R))),2,5,2,31.33333,9.230053227142859,7.172982663463468,56.0,24.55333838671794
Rac1 perturbation; Cdc42 response,Hill_expr,H(H((R+R))),2,5,2,31.66667,10.85532622482143,7.095689350913041,56.0,24.55333838671794
Rac1 perturbation; Cdc42 response,Hill_expr,H(H((R+R))),2,5,2,32.0,10.824877368928572,6.444077889813405,56.0,24.55333838671794
Rac1 perturbation; Cdc42 response,Hill_expr,H(H((R+R))),2,5,2,32.33333,13.311633482857141,6.671262005017986,56.0,24.55333838671794
Rac1 perturbation; Cdc42 response,Hill_expr,H(H((R+R))),2,5,2,32.66667,11.734538476250005,6.632334561615327,56.0,24.55333838671794
Rac1 perturbation; Cdc42 response,Hill_expr,H(H((R+R))),2,5,2,33.0,10.346004451607149,6.896387904216912,56.0,24.55333838671794
Rac1 perturbation; Cdc42 response,Hill_expr,H(H((R+R))),2,5,2,33.33333,9.172568554464283,6.831884347604223,56.0,24.55333838671794
Rac1 perturbation; Cdc42 response,Hill_expr,H(H((R+R))),2,5,2,33.66667,6.891297014642854,6.7290806069907845,56.0,24.55333838671794
Rac1 perturbation; Cdc42 response,Hill_expr,H(H((R+R))),2,5,2,34.0,7.357812429642855,6.602966027505014,56.0,24.55333838671794
Rac1 perturbation; Cdc42 response,Hill_expr,H(H((R+R))),2,5,2,34.33333,4.517738089999999,7.132717334021903,56.0,24.55333838671794
Rac1 perturbation; Cdc42 response,Hill_expr,H(H((R+R))),2,5,2,34.66667,8.732542402678572,5.53186065202682,56.0,24.55333838671794
Rac1 perturbation; Cdc42 response,Hill_expr,H(H((R+R))),2,5,2,35.0,7.524200926249997,5.4461896146963005,56.0,24.55333838671794
Rac1 perturbation; Cdc42 response,Hill_expr,H(H((R+R))),2,5,2,35.33333,8.171790244107145,5.958449540399851,56.0,24.55333838671794
Rac1 perturbation; Cdc42 response,Hill_expr,H(H((R+R))),2,5,2,35.66667,2.685928293750003,6.021733786898675,56.0,24.55333838671794
Rac1 perturbation; Cdc42 response,Hill_expr,H(H((R+R))),2,5,2,36.0,7.68786100071428,4.934698327055554,56.0,24.55333838671794
Rac1 perturbation; Cdc42 response,Hill_expr,H(H((R+R))),2,5,2,36.33333,10.28194019517858,5.482052580966321,56.0,24.55333838671794
Rac1 perturbation; Cdc42 response,Hill_expr,H(H((R+R))),2,5,2,36.66667,6.935392835178574,5.434021527126732,56.0,24.55333838671794
Rac1 perturbation; Cdc42 response,Hill_expr,H(H((R+R))),2,5,2,37.0,2.682297860535712,5.833526565132814,56.0,24.55333838671794
Rac1 perturbation; Cdc42 response,Hill_expr,H(H((R+R))),2,5,2,37.33333,6.265093537857142,4.872114708366953,56.0,24.55333838671794
Rac1 perturbation; Cdc42 response,Hill_expr,H(H((R+R))),2,5,2,37.66667,4.158479823928573,4.88215272901345,56.0,24.55333838671794
Rac1 perturbation; Cdc42 response,Hill_expr,H(H((R+R))),2,5,2,38.0,2.774460211607141,5.726416993581822,56.0,24.55333838671794
Rac1 perturbation; Cdc42 response,Hill_expr,H(H((R+R))),2,5,2,38.33333,4.220438699285711,5.851693453622379,56.0,24.55333838671794
Rac1 perturbation; Cdc42 response,Hill_expr,H(H((R+R))),2,5,2,38.66667,5.898403981785713,5.248780406414624,56.0,24.55333838671794
Rac1 perturbation; Cdc42 response,Hill_expr,H(H((R+R))),2,5,2,39.0,2.116079720535715,5.688757520636718,56.0,24.55333838671794
Rac1 perturbation; Cdc42 response,Hill_expr,H(H((R+R))),2,5,2,39.33333,1.6641076423214272,5.611694198127312,56.0,24.55333838671794
Rac1 perturbation; Cdc42 response,Hill_expr,H(H((R+R))),2,5,2,39.66667,4.2761368823214285,5.280550466228412,56.0,24.55333838671794
Rac1 perturbation; Cdc42 response,Hill_expr,H(H((R+R))),2,5,2,40.0,2.753929924107144,5.166320955931824,56.0,24.55333838671794
Rac1 perturbation; Cdc42 response,Hill_expr,H(H(H(R))),3,4,3,0.0,3.827074169107142,1.1420722545863766,56.0,27.039725284828204
Rac1 perturbation; Cdc42 response,Hill_expr,H(H(H(R))),3,4,3,0.3333333,17.239386878750004,3.6230717825189522,56.0,27.039725283161538
Rac1 perturbation; Cdc42 response,Hill_expr,H(H(H(R))),3,4,3,0.6666667,27.944322892321427,5.920585685086165,56.0,27.039725204465718
Rac1 perturbation; Cdc42 response,Hill_expr,H(H(H(R))),3,4,3,1.0,33.91203219839284,7.19853947353434,56.0,27.03972457906465
Rac1 perturbation; Cdc42 response,Hill_expr,H(H(H(R))),3,4,3,1.333333,40.62532188303572,8.336321677359155,56.0,27.03972219104797
Rac1 perturbation; Cdc42 response,Hill_expr,H(H(H(R))),3,4,3,1.666667,39.357031090535735,8.579362248519546,56.0,27.039715995855513
Rac1 perturbation; Cdc42 response,Hill_expr,H(H(H(R))),3,4,3,2.0,40.64119682910716,8.591445060017433,56.0,27.039703279440275
Rac1 perturbation; Cdc42 response,Hill_expr,H(H(H(R))),3,4,3,2.333333,42.037109865535726,8.792954344886885,56.0,27.039680908707787
Rac1 perturbation; Cdc42 response,Hill_expr,H(H(H(R))),3,4,3,2.666667,42.51144543464286,9.295292596102575,56.0,27.039645546384317
Rac1 perturbation; Cdc42 response,Hill_expr,H(H(H(R))),3,4,3,3.0,48.12939723964284,9.963933815532174,56.0,27.03959376682053
Rac1 perturbation; Cdc42 response,Hill_expr,H(H(H(R))),3,4,3,3.333333,45.16564558374999,10.429372020480425,56.0,27.03952206091331
Rac1 perturbation; Cdc42 response,Hill_expr,H(H(H(R))),3,4,3,3.666667,49.82137254517857,10.932543988201424,56.0,27.039426750503715
Rac1 perturbation; Cdc42 response,Hill_expr,H(H(H(R))),3,4,3,4.0,49.46123102089284,11.171653616071804,56.0,27.039303838318958
Rac1 perturbation; Cdc42 response,Hill_expr,H(H(H(R))),3,4,3,4.333334,54.19426600017859,11.481299788019944,56.0,27.039148809292367
Rac1 perturbation; Cdc42 response,Hill_expr,H(H(H(R))),3,4,3,4.666667,49.670968873571425,10.757617281060043,56.0,27.038956402374975
Rac1 perturbation; Cdc42 response,Hill_expr,H(H(H(R))),3,4,3,5.0,50.903237674285734,10.529299956320257,56.0,27.038720342697488
Rac1 perturbation; Cdc42 response,Hill_expr,H(H(H(R))),3,4,3,5.333334,48.62251751982142,10.221503553325313,56.0,27.038433037517937
Rac1 perturbation; Cdc42 response,Hill_expr,H(H(H(R))),3,4,3,5.666667,48.60424288107142,11.563656042466464,56.0,27.038085222438347
Rac1 perturbation; Cdc42 response,Hill_expr,H(H(H(R))),3,4,3,6.0,52.024706377321436,10.918739547859715,56.0,27.037665530626107
Rac1 perturbation; Cdc42 response,Hill_expr,H(H(H(R))),3,4,3,6.333334,50.76793762,11.40638591876654,56.0,27.037159979442027
Rac1 perturbation; Cdc42 response,Hill_expr,H(H(H(R))),3,4,3,6.666667,54.43562262785714,11.915146283078842,56.0,27.036551346793054
Rac1 perturbation; Cdc42 response,Hill_expr,H(H(H(R))),3,4,3,7.0,52.03527786339288,11.713402551630317,56.0,27.035818389048973
Rac1 perturbation; Cdc42 response,Hill_expr,H(H(H(R))),3,4,3,7.333334,50.833776938214285,11.055851899450207,56.0,27.03493489159738
Rac1 perturbation; Cdc42 response,Hill_expr,H(H(H(R))),3,4,3,7.666667,53.823288135714314,10.863983314939432,56.0,27.03386850493801
Rac1 perturbation; Cdc42 response,Hill_expr,H(H(H(R))),3,4,3,8.0,51.90479413160716,11.010775975290125,56.0,27.032579284363198
Rac1 perturbation; Cdc42 response,Hill_expr,H(H(H(R))),3,4,3,8.333333,51.90697419892856,10.139950267233813,56.0,27.03101792592843
Rac1 perturbation; Cdc42 response,Hill_expr,H(H(H(R))),3,4,3,8.666667,51.74549677267857,10.541134502239517,56.0,27.029123586066774
Rac1 perturbation; Cdc42 response,Hill_expr,H(H(H(R))),3,4,3,9.0,52.604561248571436,10.642679744999985,56.0,27.02682125763319
Rac1 perturbation; Cdc42 response,Hill_expr,H(H(H(R))),3,4,3,9.333333,51.231733485535706,10.851944544841261,56.0,27.024018524289723
Rac1 perturbation; Cdc42 response,Hill_expr,H(H(H(R))),3,4,3,9.666667,52.22727063178574,10.638437435555277,56.0,27.020601697136062
Rac1 perturbation; Cdc42 response,Hill_expr,H(H(H(R))),3,4,3,10.0,50.698182273035734,10.542941423713255,56.0,27.016431212557332
Rac1 perturbation; Cdc42 response,Hill_expr,H(H(H(R))),3,4,3,10.33333,54.06696888107144,10.702765966730157,56.0,27.011336108700252
Rac1 perturbation; Cdc42 response,Hill_expr,H(H(H(R))),3,4,3,10.66667,50.439666005714294,11.084816945978258,56.0,27.005107237909748
Rac1 perturbation; Cdc42 response,Hill_expr,H(H(H(R))),3,4,3,11.0,54.65172079357143,11.333885212747417,56.0,26.997490591728102
Rac1 perturbation; Cdc42 response,Hill_expr,H(H(H(R))),3,4,3,11.33333,52.14428028982143,10.806780589267332,56.0,26.988177464891397
Rac1 perturbation; Cdc42 response,Hill_expr,H(H(H(R))),3,4,3,11.66667,51.87196959607144,11.439420603811717,56.0,26.976794937613235
Rac1 perturbation; Cdc42 response,Hill_expr,H(H(H(R))),3,4,3,12.0,58.43871945178572,11.606161569484064,56.0,26.962896175794558
Rac1 perturbation; Cdc42 response,Hill_expr,H(H(H(R))),3,4,3,12.33333,55.085658180357136,11.032267610609408,56.0,26.94594647810196
Rac1 perturbation; Cdc42 response,Hill_expr,H(H(H(R))),3,4,3,12.66667,58.64790563089287,11.327073931852615,56.0,26.925311257920207
Rac1 perturbation; Cdc42 response,Hill_expr,H(H(H(R))),3,4,3,13.0,61.814454952142874,11.731313212238682,56.0,26.9002454155695
Rac1 perturbation; Cdc42 response,Hill_expr,H(H(H(R))),3,4,3,13.33333,56.964429048214285,11.906372097202055,56.0,26.869877110321916
Rac1 perturbation; Cdc42 response,Hill_expr,H(H(H(R))),3,4,3,13.66667,57.82881474017859,12.38989717920228,56.0,26.83319755848676
Rac1 perturbation; Cdc42 response,Hill_expr,H(H(H(R))),3,4,3,14.0,60.89789809357142,12.211422473989089,56.0,26.789056034647782
Rac1 perturbation; Cdc42 response,Hill_expr,H(H(H(R))),3,4,3,14.33333,56.72333004464287,12.463769096533317,56.0,26.736147979672417
Rac1 perturbation; Cdc42 response,Hill_expr,H(H(H(R))),3,4,3,14.66667,61.075306226964265,13.0784984598502,56.0,26.67301703927705
Rac1 perturbation; Cdc42 response,Hill_expr,H(H(H(R))),3,4,3,15.0,62.904096297321416,12.151439818200448,56.0,26.598068880928988
Rac1 perturbation; Cdc42 response,Hill_expr,H(H(H(R))),3,4,3,15.33333,62.09625783482145,12.727114343581496,56.0,26.50957566455795
Rac1 perturbation; Cdc42 response,Hill_expr,H(H(H(R))),3,4,3,15.66667,56.46932148821429,12.177318652118275,56.0,26.40570614183058
Rac1 perturbation; Cdc42 response,Hill_expr,H(H(H(R))),3,4,3,16.0,58.19295324714285,12.181067682968143,56.0,26.284574892729626
Rac1 perturbation; Cdc42 response,Hill_expr,H(H(H(R))),3,4,3,16.33333,64.50140953892856,12.661195440931824,56.0,26.144274270917595
Rac1 perturbation; Cdc42 response,Hill_expr,H(H(H(R))),3,4,3,16.66667,62.852034469642874,11.277303250885263,56.0,25.982944008444733
Rac1 perturbation; Cdc42 response,Hill_expr,H(H(H(R))),3,4,3,17.0,66.45181134142857,11.165071803688988,56.0,25.79886205680096
Rac1 perturbation; Cdc42 response,Hill_expr,H(H(H(R))),3,4,3,17.33333,57.421065627678594,11.680646628908903,56.0,25.59049749735087
Rac1 perturbation; Cdc42 response,Hill_expr,H(H(H(R))),3,4,3,17.66667,61.71634201214285,11.595872688120714,56.0,25.356607637545384
Rac1 perturbation; Cdc42 response,Hill_expr,H(H(H(R))),3,4,3,18.0,64.21866456446428,11.601979812504425,56.0,25.096346710146456
Rac1 perturbation; Cdc42 response,Hill_expr,H(H(H(R))),3,4,3,18.33333,57.705033513749996,11.955581833649635,56.0,24.809300402421247
Rac1 perturbation; Cdc42 response,Hill_expr,H(H(H(R))),3,4,3,18.66667,65.40024261232142,11.470379982282436,56.0,24.49556547288982
Rac1 perturbation; Cdc42 response,Hill_expr,H(H(H(R))),3,4,3,19.0,63.10916902857142,11.921338915995449,56.0,24.155823127188246
Rac1 perturbation; Cdc42 response,Hill_expr,H(H(H(R))),3,4,3,19.33333,60.21811466982144,12.110144207906488,56.0,23.791298501245052
Rac1 perturbation; Cdc42 response,Hill_expr,H(H(H(R))),3,4,3,19.66667,67.68370798124998,12.532239969121928,56.0,23.403773044904735
Rac1 perturbation; Cdc42 response,Hill_expr,H(H(H(R))),3,4,3,20.0,65.88854110875,12.325811193535127,56.0,22.995581227956094
Rac1 perturbation; Cdc42 response,Hill_expr,H(H(H(R))),3,4,3,20.33333,60.942376883749986,12.671791082956299,56.0,22.569472438996424
Rac1 perturbation; Cdc42 response,Hill_expr,H(H(H(R))),3,4,3,20.66667,58.72241103892858,12.021432487384956,56.0,22.128553147710562
Rac1 perturbation; Cdc42 response,Hill_expr,H(H(H(R))),3,4,3,21.0,53.51671177285713,11.960341593184005,56.0,21.676223214101405
Rac1 perturbation; Cdc42 response,Hill_expr,H(H(H(R))),3,4,3,21.33333,52.13898499750002,11.591237873900097,56.0,21.21598281542319
Rac1 perturbation; Cdc42 response,Hill_expr,H(H(H(R))),3,4,3,21.66667,49.44778040500001,9.954845105598858,56.0,20.751357579981324
Rac1 perturbation; Cdc42 response,Hill_expr,H(H(H(R))),3,4,3,22.0,45.060534001071424,9.45136452278932,56.0,20.28583523408965
Rac1 perturbation; Cdc42 response,Hill_expr,H(H(H(R))),3,4,3,22.33333,43.02879638517859,8.719762175239723,56.0,19.82268862384431
Rac1 perturbation; Cdc42 response,Hill_expr,H(H(H(R))),3,4,3,22.66667,37.47054658071429,9.909421561463999,56.0,19.364941704747665
Rac1 perturbation; Cdc42 response,Hill_expr,H(H(H(R))),3,4,3,23.0,41.85401168000003,9.023062811264177,56.0,18.915353455834797
Rac1 perturbation; Cdc42 response,Hill_expr,H(H(H(R))),3,4,3,23.33333,37.604964228035726,10.062365408446167,56.0,18.476297893599995
Rac1 perturbation; Cdc42 response,Hill_expr,H(H(H(R))),3,4,3,23.66667,37.97096682785712,10.205204664719476,56.0,18.04978757145416
Rac1 perturbation; Cdc42 response,Hill_expr,H(H(H(R))),3,4,3,24.0,33.44989865607143,9.526733026885863,56.0,17.637507622175118
Rac1 perturbation; Cdc42 response,Hill_expr,H(H(H(R))),3,4,3,24.33333,31.101288853392855,10.279031442108089,56.0,17.240749318507973
Rac1 perturbation; Cdc42 response,Hill_expr,H(H(H(R))),3,4,3,24.66667,31.914791204107143,11.037035766121848,56.0,16.86047120597999
Rac1 perturbation; Cdc42 response,Hill_expr,H(H(H(R))),3,4,3,25.0,27.23004851285713,11.038314703262866,56.0,16.49735914493598
Rac1 perturbation; Cdc42 response,Hill_expr,H(H(H(R))),3,4,3,25.33333,32.39120195928573,11.042930203809027,56.0,16.15179022107454
Rac1 perturbation; Cdc42 response,Hill_expr,H(H(H(R))),3,4,3,25.66667,30.632160998035726,10.340276930676131,56.0,15.823903867893463
Rac1 perturbation; Cdc42 response,Hill_expr,H(H(H(R))),3,4,3,26.0,27.574354252678567,9.334215664690287,56.0,15.513663826236222
Rac1 perturbation; Cdc42 response,Hill_expr,H(H(H(R))),3,4,3,26.33333,26.98825472053571,9.472706586669132,56.0,15.220832791923385
Rac1 perturbation; Cdc42 response,Hill_expr,H(H(H(R))),3,4,3,26.66667,23.828536430892857,9.13385834952662,56.0,14.945035794961267
Rac1 perturbation; Cdc42 response,Hill_expr,H(H(H(R))),3,4,3,27.0,21.245405446785718,8.572782839915652,56.0,14.685811431136326
Rac1 perturbation; Cdc42 response,Hill_expr,H(H(H(R))),3,4,3,27.33333,23.797148394821424,8.805907887438186,56.0,14.442587890700285
Rac1 perturbation; Cdc42 response,Hill_expr,H(H(H(R))),3,4,3,27.66667,21.786008418392857,8.789026557627777,56.0,14.214732373986998
Rac1 perturbation; Cdc42 response,Hill_expr,H(H(H(R))),3,4,3,28.0,19.72074452785714,8.641463671185805,56.0,14.001588720413785
Rac1 perturbation; Cdc42 response,Hill_expr,H(H(H(R))),3,4,3,28.33333,19.56133962517857,8.071880993712787,56.0,13.802452719151212
Rac1 perturbation; Cdc42 response,Hill_expr,H(H(H(R))),3,4,3,28.66667,18.007073220000002,7.240060099460427,56.0,13.616608054835687
Rac1 perturbation; Cdc42 response,Hill_expr,H(H(H(R))),3,4,3,29.0,19.781916438928565,7.319891109470625,56.0,13.443352224078644
Rac1 perturbation; Cdc42 response,Hill_expr,H(H(H(R))),3,4,3,29.33333,17.908076492678568,7.0668718053002655,56.0,13.28197202169909
Rac1 perturbation; Cdc42 response,Hill_expr,H(H(H(R))),3,4,3,29.66667,12.991376950000005,7.059269006642786,56.0,13.13176888784012
Rac1 perturbation; Cdc42 response,Hill_expr,H(H(H(R))),3,4,3,30.0,15.252381256785714,6.399419728850981,56.0,12.99207622463435
Rac1 perturbation; Cdc42 response,Hill_expr,H(H(H(R))),3,4,3,30.33333,15.787882359821426,6.563629955811476,56.0,12.86223642842536
Rac1 perturbation; Cdc42 response,Hill_expr,H(H(H(R))),3,4,3,30.66667,9.94503414982142,6.731632025512227,56.0,12.741618637912524
Rac1 perturbation; Cdc42 response,Hill_expr,H(H(H(R))),3,4,3,31.0,10.036817084107152,6.974630393313972,56.0,12.629630217657906
Rac1 perturbation; Cdc42 response,Hill_expr,H(H(H(R))),3,4,3,31.33333,9.230053227142859,7.172982663463468,56.0,12.525696266927683
Rac1 perturbation; Cdc42 response,Hill_expr,H(H(H(R))),3,4,3,31.66667,10.85532622482143,7.095689350913041,56.0,12.4292721382632
Rac1 perturbation; Cdc42 response,Hill_expr,H(H(H(R))),3,4,3,32.0,10.824877368928572,6.444077889813405,56.0,12.339851110032875
Rac1 perturbation; Cdc42 response,Hill_expr,H(H(H(R))),3,4,3,32.33333,13.311633482857141,6.671262005017986,56.0,12.256946750909911
Rac1 perturbation; Cdc42 response,Hill_expr,H(H(H(R))),3,4,3,32.66667,11.734538476250005,6.632334561615327,56.0,12.180101878788674
Rac1 perturbation; Cdc42 response,Hill_expr,H(H(H(R))),3,4,3,33.0,10.346004451607149,6.896387904216912,56.0,12.108893771421256
Rac1 perturbation; Cdc42 response,Hill_expr,H(H(H(R))),3,4,3,33.33333,9.172568554464283,6.831884347604223,56.0,12.042919364341442
Rac1 perturbation; Cdc42 response,Hill_expr,H(H(H(R))),3,4,3,33.66667,6.891297014642854,6.7290806069907845,56.0,11.981801767590209
Rac1 perturbation; Cdc42 response,Hill_expr,H(H(H(R))),3,4,3,34.0,7.357812429642855,6.602966027505014,56.0,11.925193872867373
Rac1 perturbation; Cdc42 response,Hill_expr,H(H(H(R))),3,4,3,34.33333,4.517738089999999,7.132717334021903,56.0,11.872766133001614
Rac1 perturbation; Cdc42 response,Hill_expr,H(H(H(R))),3,4,3,34.66667,8.732542402678572,5.53186065202682,56.0,11.824211364561753
Rac1 perturbation; Cdc42 response,Hill_expr,H(H(H(R))),3,4,3,35.0,7.524200926249997,5.4461896146963005,56.0,11.779247276898477
Rac1 perturbation; Cdc42 response,Hill_expr,H(H(H(R))),3,4,3,35.33333,8.171790244107145,5.958449540399851,56.0,11.737606464974267
Rac1 perturbation; Cdc42 response,Hill_expr,H(H(H(R))),3,4,3,35.66667,2.685928293750003,6.021733786898675,56.0,11.69903994333483
Rac1 perturbation; Cdc42 response,Hill_expr,H(H(H(R))),3,4,3,36.0,7.68786100071428,4.934698327055554,56.0,11.663318866514363
Rac1 perturbation; Cdc42 response,Hill_expr,H(H(H(R))),3,4,3,36.33333,10.28194019517858,5.482052580966321,56.0,11.630226251547475
Rac1 perturbation; Cdc42 response,Hill_expr,H(H(H(R))),3,4,3,36.66667,6.935392835178574,5.434021527126732,56.0,11.599559351001682
Rac1 perturbation; Cdc42 response,Hill_expr,H(H(H(R))),3,4,3,37.0,2.682297860535712,5.833526565132814,56.0,11.57113036329373
Rac1 perturbation; Cdc42 response,Hill_expr,H(H(H(R))),3,4,3,37.33333,6.265093537857142,4.872114708366953,56.0,11.544758676791236
Rac1 perturbation; Cdc42 response,Hill_expr,H(H(H(R))),3,4,3,37.66667,4.158479823928573,4.88215272901345,56.0,11.520270299909559
Rac1 perturbation; Cdc42 response,Hill_expr,H(H(H(R))),3,4,3,38.0,2.774460211607141,5.726416993581822,56.0,11.497492192412029
Rac1 perturbation; Cdc42 response,Hill_expr,H(H(H(R))),3,4,3,38.33333,4.220438699285711,5.851693453622379,56.0,11.476224151678295
Rac1 perturbation; Cdc42 response,Hill_expr,H(H(H(R))),3,4,3,38.66667,5.898403981785713,5.248780406414624,56.0,11.456008481829988
Rac1 perturbation; Cdc42 response,Hill_expr,H(H(H(R))),3,4,3,39.0,2.116079720535715,5.688757520636718,56.0,11.455972696003537
Rac1 perturbation; Cdc42 response,Hill_expr,H(H(H(R))),3,4,3,39.33333,1.6641076423214272,5.611694198127312,56.0,11.455972696003537
Rac1 perturbation; Cdc42 response,Hill_expr,H(H(H(R))),3,4,3,39.66667,4.2761368823214285,5.280550466228412,56.0,11.455972696003537
Rac1 perturbation; Cdc42 response,Hill_expr,H(H(H(R))),3,4,3,40.0,2.753929924107144,5.166320955931824,56.0,11.455972696003537
