block,model,expr,depth,nodes,gates,time_min,mean,sem,n,prediction
RhoA perturbation; Cdc42 response,linear_R,R,0,1,0,0.0,-0.027923615520833316,0.45900898728135897,96.0,-0.04675478949203237
RhoA perturbation; Cdc42 response,linear_R,R,0,1,0,0.3333333,9.572856721979164,1.7117579212037075,96.0,9.8451037749992
RhoA perturbation; Cdc42 response,linear_R,R,0,1,0,0.6666667,12.723626935312508,2.055170942837916,96.0,14.130520804324243
RhoA perturbation; Cdc42 response,linear_R,R,0,1,0,1.0,16.123369902708337,2.3761519061971845,96.0,15.987076611453814
RhoA perturbation; Cdc42 response,linear_R,R,0,1,0,1.333333,19.43115996822917,2.575528577353306,96.0,16.7913854999585
RhoA perturbation; Cdc42 response,linear_R,R,0,1,0,1.666667,21.223441842604178,2.6249579919655845,96.0,17.139834432027744
RhoA perturbation; Cdc42 response,linear_R,R,0,1,0,2.0,22.44582539614582,2.7499625308181033,96.0,17.290791221771833
RhoA perturbation; Cdc42 response,linear_R,R,0,1,0,2.333333,25.041849861666687,2.7677347746441052,96.0,17.356189767068397
RhoA perturbation; Cdc42 response,linear_R,R,0,1,0,2.666667,26.21257579843751,2.839828056336364,96.0,17.384522231862903
RhoA perturbation; Cdc42 response,linear_R,R,0,1,0,3.0,26.586747623541658,2.997138272755855,96.0,17.39679656401688
RhoA perturbation; Cdc42 response,linear_R,R,0,1,0,3.333333,28.537379678437492,2.997536296801952,96.0,17.40211413514911
RhoA perturbation; Cdc42 response,linear_R,R,0,1,0,3.666667,28.538720332499988,3.061047342985218,96.0,17.404417854539396
RhoA perturbation; Cdc42 response,linear_R,R,0,1,0,4.0,30.86264847822916,3.086591456183257,96.0,17.405415883379842
RhoA perturbation; Cdc42 response,linear_R,R,0,1,0,4.333334,30.073681551770832,3.221420673684088,96.0,17.405848257171304
RhoA perturbation; Cdc42 response,linear_R,R,0,1,0,4.666667,31.353581760729174,3.2429259411199145,96.0,17.406035572308536
RhoA perturbation; Cdc42 response,linear_R,R,0,1,0,5.0,31.513904618333342,3.3185235093304732,96.0,17.406116722268784
RhoA perturbation; Cdc42 response,linear_R,R,0,1,0,5.333334,32.65468524489584,3.318451354211551,96.0,17.406151878683676
RhoA perturbation; Cdc42 response,linear_R,R,0,1,0,5.666667,32.21263448333334,3.443925762912029,96.0,17.406167109321633
RhoA perturbation; Cdc42 response,linear_R,R,0,1,0,6.0,33.98101023406249,3.5208243092732365,96.0,17.406173707644026
RhoA perturbation; Cdc42 response,linear_R,R,0,1,0,6.333334,34.32541528458332,3.625770168494379,96.0,17.406176566220406
RhoA perturbation; Cdc42 response,linear_R,R,0,1,0,6.666667,35.020071923124995,3.6337098474294653,96.0,17.40617780462717
RhoA perturbation; Cdc42 response,linear_R,R,0,1,0,7.0,35.68365437302082,3.680654227050923,96.0,17.406178341138318
RhoA perturbation; Cdc42 response,linear_R,R,0,1,0,7.333334,34.79511669166665,3.7492912875266424,96.0,17.40617857356984
RhoA perturbation; Cdc42 response,linear_R,R,0,1,0,7.666667,36.316073593124976,3.754161885758576,96.0,17.406178674264986
RhoA perturbation; Cdc42 response,linear_R,R,0,1,0,8.0,36.42803883604166,3.7540435656026254,96.0,17.40617871788883
RhoA perturbation; Cdc42 response,linear_R,R,0,1,0,8.333333,38.05664679145834,3.818279822517446,96.0,17.406178736787858
RhoA perturbation; Cdc42 response,linear_R,R,0,1,0,8.666667,37.498483035,3.89908045696899,96.0,17.406178744975442
RhoA perturbation; Cdc42 response,linear_R,R,0,1,0,9.0,38.373461548125,3.940671824462212,96.0,17.406178748522503
RhoA perturbation; Cdc42 response,linear_R,R,0,1,0,9.333333,39.71396570666666,3.967479363055417,96.0,17.40617875005919
RhoA perturbation; Cdc42 response,linear_R,R,0,1,0,9.666667,39.59648601916666,3.8734463426419445,96.0,17.406178750724926
RhoA perturbation; Cdc42 response,linear_R,R,0,1,0,10.0,39.06948966406249,3.942890003765534,96.0,17.406178751013336
RhoA perturbation; Cdc42 response,linear_R,R,0,1,0,10.33333,38.990662630520845,4.005894386001017,96.0,17.406178751138285
RhoA perturbation; Cdc42 response,linear_R,R,0,1,0,10.66667,39.45031246177082,3.988341174717161,96.0,17.406178751192417
RhoA perturbation; Cdc42 response,linear_R,R,0,1,0,11.0,40.623721676354144,4.047509465116343,96.0,17.406178751215865
RhoA perturbation; Cdc42 response,linear_R,R,0,1,0,11.33333,40.7664319459375,4.065565791294083,96.0,17.406178751226026
RhoA perturbation; Cdc42 response,linear_R,R,0,1,0,11.66667,39.61090631427084,4.05057942385462,96.0,17.406178751230428
RhoA perturbation; Cdc42 response,linear_R,R,0,1,0,12.0,40.80843216510416,4.060803887249427,96.0,17.406178751232336
RhoA perturbation; Cdc42 response,linear_R,R,0,1,0,12.33333,40.69041874479168,4.1171645311356455,96.0,17.40617875123316
RhoA perturbation; Cdc42 response,linear_R,R,0,1,0,12.66667,41.37944060083334,4.085218575245882,96.0,17.40617875123352
RhoA perturbation; Cdc42 response,linear_R,R,0,1,0,13.0,41.696821155,4.0695263217148785,96.0,17.406178751233675
RhoA perturbation; Cdc42 response,linear_R,R,0,1,0,13.33333,40.61681270593751,4.080936214401611,96.0,17.406178751233742
RhoA perturbation; Cdc42 response,linear_R,R,0,1,0,13.66667,40.04831553375,4.03329878824528,96.0,17.40617875123377
RhoA perturbation; Cdc42 response,linear_R,R,0,1,0,14.0,42.655246395208344,3.9080439270441727,96.0,17.40617875123378
RhoA perturbation; Cdc42 response,linear_R,R,0,1,0,14.33333,42.664869551979166,4.035669535095019,96.0,17.40617875123379
RhoA perturbation; Cdc42 response,linear_R,R,0,1,0,14.66667,41.769536490104194,4.038248231195513,96.0,17.40617875123379
RhoA perturbation; Cdc42 response,linear_R,R,0,1,0,15.0,41.51994889124999,4.068766455442411,96.0,17.406178751233792
RhoA perturbation; Cdc42 response,linear_R,R,0,1,0,15.33333,44.23900240135416,4.041993409643368,96.0,17.406178751233792
RhoA perturbation; Cdc42 response,linear_R,R,0,1,0,15.66667,43.1206390258333,4.166837456238659,96.0,17.406178751233792
RhoA perturbation; Cdc42 response,linear_R,R,0,1,0,16.0,44.839397978854144,4.1520711466138955,96.0,17.406178751233792
RhoA perturbation; Cdc42 response,linear_R,R,0,1,0,16.33333,43.06918511302083,4.230287234171569,96.0,17.406178751233792
RhoA perturbation; Cdc42 response,linear_R,R,0,1,0,16.66667,44.09113680843748,4.289577947853359,96.0,17.406178751233792
RhoA perturbation; Cdc42 response,linear_R,R,0,1,0,17.0,44.53816757677084,4.342622278026322,96.0,17.406178751233792
RhoA perturbation; Cdc42 response,linear_R,R,0,1,0,17.33333,43.110703397187514,4.418435420544268,96.0,17.406178751233792
RhoA perturbation; Cdc42 response,linear_R,R,0,1,0,17.66667,42.82344298583332,4.336818418553825,96.0,17.406178751233792
RhoA perturbation; Cdc42 response,linear_R,R,0,1,0,18.0,44.090536348854165,4.30851623883757,96.0,17.406178751233792
RhoA perturbation; Cdc42 response,linear_R,R,0,1,0,18.33333,44.142052664375,4.218111446909127,96.0,17.406178751233792
RhoA perturbation; Cdc42 response,linear_R,R,0,1,0,18.66667,44.263298895312516,4.2360150986473375,96.0,17.406178751233792
RhoA perturbation; Cdc42 response,linear_R,R,0,1,0,19.0,43.36335120822915,4.265969838916123,96.0,17.406178751233792
RhoA perturbation; Cdc42 response,linear_R,R,0,1,0,19.33333,43.08669481947916,4.228434709868423,96.0,17.406178751233792
RhoA perturbation; Cdc42 response,linear_R,R,0,1,0,19.66667,44.81050446312499,4.269012995669736,96.0,17.406178751233792
RhoA perturbation; Cdc42 response,linear_R,R,0,1,0,20.0,44.510929666354166,4.220252827470473,96.0,17.406178751233792
RhoA perturbation; Cdc42 response,linear_R,R,0,1,0,20.33333,41.54642154458333,3.9541869881523812,96.0,17.406178751233792
RhoA perturbation; Cdc42 response,linear_R,R,0,1,0,20.66667,40.047226886562505,3.798215134748698,96.0,17.406178751233792
RhoA perturbation; Cdc42 response,linear_R,R,0,1,0,21.0,39.69214392583333,3.6206287350291313,96.0,17.406178751233792
RhoA perturbation; Cdc42 response,linear_R,R,0,1,0,21.33333,37.600583485520836,3.454382500683567,96.0,17.406178751233792
RhoA perturbation; Cdc42 response,linear_R,R,0,1,0,21.66667,35.40411080218749,3.3247934197075897,96.0,17.406178751233792
RhoA perturbation; Cdc42 response,linear_R,R,0,1,0,22.0,34.32286644083334,3.2697660006155878,96.0,17.406178751233792
RhoA perturbation; Cdc42 response,linear_R,R,0,1,0,22.33333,33.45373635354167,3.0377326972496514,96.0,17.406178751233792
RhoA perturbation; Cdc42 response,linear_R,R,0,1,0,22.66667,32.43612773666668,2.9611556203085705,96.0,17.406178751233792
RhoA perturbation; Cdc42 response,linear_R,R,0,1,0,23.0,31.586112918854173,2.8418174843343205,96.0,17.406178751233792
RhoA perturbation; Cdc42 response,linear_R,R,0,1,0,23.33333,30.50887267749999,2.744782090490418,96.0,17.406178751233792
RhoA perturbation; Cdc42 response,linear_R,R,0,1,0,23.66667,28.655807943750002,2.672413285493715,96.0,17.406178751233792
RhoA perturbation; Cdc42 response,linear_R,R,0,1,0,24.0,27.546000784895835,2.5318502427937117,96.0,17.406178751233792
RhoA perturbation; Cdc42 response,linear_R,R,0,1,0,24.33333,27.06587826302082,2.4677824051400767,96.0,17.406178751233792
RhoA perturbation; Cdc42 response,linear_R,R,0,1,0,24.66667,25.482764552604163,2.4126124028827096,96.0,17.406178751233792
RhoA perturbation; Cdc42 response,linear_R,R,0,1,0,25.0,25.59795988135417,2.287605835685528,96.0,17.406178751233792
RhoA perturbation; Cdc42 response,linear_R,R,0,1,0,25.33333,24.447861462395817,2.167375122557263,96.0,17.406178751233792
RhoA perturbation; Cdc42 response,linear_R,R,0,1,0,25.66667,24.01868832989582,2.1371376446013857,96.0,17.406178751233792
RhoA perturbation; Cdc42 response,linear_R,R,0,1,0,26.0,22.78127678479167,2.086312559586399,96.0,17.406178751233792
RhoA perturbation; Cdc42 response,linear_R,R,0,1,0,26.33333,21.891632093854167,2.0150716631938677,96.0,17.406178751233792
RhoA perturbation; Cdc42 response,linear_R,R,0,1,0,26.66667,20.945023626458326,1.8698014129842881,96.0,17.406178751233792
RhoA perturbation; Cdc42 response,linear_R,R,0,1,0,27.0,20.629967116875008,1.861930411470987,96.0,17.406178751233792
RhoA perturbation; Cdc42 response,linear_R,R,0,1,0,27.33333,20.088517467916663,1.7512042470241485,96.0,17.406178751233792
RhoA perturbation; Cdc42 response,linear_R,R,0,1,0,27.66667,18.69201190260416,1.76465998919581,96.0,17.406178751233792
RhoA perturbation; Cdc42 response,linear_R,R,0,1,0,28.0,18.56528418562501,1.6893769747792127,96.0,17.406178751233792
RhoA perturbation; Cdc42 response,linear_R,R,0,1,0,28.33333,17.870653391875,1.6870169662889802,96.0,17.406178751233792
RhoA perturbation; Cdc42 response,linear_R,R,0,1,0,28.66667,17.339744944374996,1.588282207627887,96.0,17.406178751233792
RhoA perturbation; Cdc42 response,linear_R,R,0,1,0,29.0,16.46350753833333,1.5832712268805966,96.0,17.406178751233792
RhoA perturbation; Cdc42 response,linear_R,R,0,1,0,29.33333,15.708429160104162,1.5227800474289892,96.0,17.406178751233792
RhoA perturbation; Cdc42 response,linear_R,R,0,1,0,29.66667,14.33290780020833,1.561889817872484,96.0,17.406178751233792
RhoA perturbation; Cdc42 response,linear_R,R,0,1,0,30.0,14.203605272812503,1.520699141885573,96.0,17.406178751233792
RhoA perturbation; Cdc42 response,linear_R,R,0,1,0,30.33333,13.213554077812503,1.4664462570194274,96.0,17.406178751233792
RhoA perturbation; Cdc42 response,linear_R,R,0,1,0,30.66667,13.623335934583336,1.4679404139860608,96.0,17.406178751233792
RhoA perturbation; Cdc42 response,linear_R,R,0,1,0,31.0,14.018861143125,1.424568590609521,96.0,17.406178751233792
RhoA perturbation; Cdc42 response,linear_R,R,0,1,0,31.33333,12.624694368645834,1.4073758356256998,96.0,17.406178751233792
RhoA perturbation; Cdc42 response,linear_R,R,0,1,0,31.66667,12.349149456979164,1.4168910701793418,96.0,17.406178751233792
RhoA perturbation; Cdc42 response,linear_R,R,0,1,0,32.0,12.131231478541672,1.391732624306371,96.0,17.406178751233792
RhoA perturbation; Cdc42 response,linear_R,R,0,1,0,32.33333,11.920231513020832,1.4139563056828284,96.0,17.406178751233792
RhoA perturbation; Cdc42 response,linear_R,R,0,1,0,32.66667,11.742871103854158,1.2917756055122211,96.0,17.406178751233792
RhoA perturbation; Cdc42 response,linear_R,R,0,1,0,33.0,11.112344080729164,1.4687470751248861,96.0,17.406178751233792
RhoA perturbation; Cdc42 response,linear_R,R,0,1,0,33.33333,11.448311698749997,1.414622672158428,96.0,17.406178751233792
RhoA perturbation; Cdc42 response,linear_R,R,0,1,0,33.66667,10.631778282604168,1.3965004285988596,96.0,17.406178751233792
RhoA perturbation; Cdc42 response,linear_R,R,0,1,0,34.0,11.341713643020832,1.3230561965793761,96.0,17.406178751233792
RhoA perturbation; Cdc42 response,linear_R,R,0,1,0,34.33333,10.709179328645837,1.4557604762070828,96.0,17.406178751233792
RhoA perturbation; Cdc42 response,linear_R,R,0,1,0,34.66667,9.830198902812496,1.4290151201499555,96.0,17.406178751233792
RhoA perturbation; Cdc42 response,linear_R,R,0,1,0,35.0,10.293112988541665,1.391162024914986,96.0,17.406178751233792
RhoA perturbation; Cdc42 response,linear_R,R,0,1,0,35.33333,9.332255931770835,1.437777702942255,96.0,17.406178751233792
RhoA perturbation; Cdc42 response,linear_R,R,0,1,0,35.66667,10.107261608437506,1.3874154515894122,96.0,17.406178751233792
RhoA perturbation; Cdc42 response,linear_R,R,0,1,0,36.0,9.827691570208332,1.480774129190423,96.0,17.406178751233792
RhoA perturbation; Cdc42 response,linear_R,R,0,1,0,36.33333,9.709041730833333,1.5384837646541616,96.0,17.406178751233792
RhoA perturbation; Cdc42 response,linear_R,R,0,1,0,36.66667,9.315187174791669,1.7393612509974656,96.0,17.406178751233792
RhoA perturbation; Cdc42 response,linear_R,R,0,1,0,37.0,9.948737530729167,1.4400767516664625,96.0,17.406178751233792
RhoA perturbation; Cdc42 response,linear_R,R,0,1,0,37.33333,10.02341929479167,1.4218773780945793,96.0,17.406178751233792
RhoA perturbation; Cdc42 response,linear_R,R,0,1,0,37.66667,9.403855300208333,1.3853093435826955,96.0,17.406178751233792
RhoA perturbation; Cdc42 response,linear_R,R,0,1,0,38.0,9.14292041989584,1.5458551676916175,96.0,17.406178751233792
RhoA perturbation; Cdc42 response,linear_R,R,0,1,0,38.33333,9.17049158197917,1.4355564822468991,96.0,17.406178751233792
RhoA perturbation; Cdc42 response,linear_R,R,0,1,0,38.66667,7.807129513541668,1.498602070455668,96.0,17.406178751233792
RhoA perturbation; Cdc42 response,linear_R,R,0,1,0,39.0,8.327797780416672,1.2036795151143105,96.0,17.406178751233792
RhoA perturbation; Cdc42 response,linear_R,R,0,1,0,39.33333,8.926327779166662,1.3951379373455004,96.0,17.406178751233792
RhoA perturbation; Cdc42 response,linear_R,R,0,1,0,39.66667,8.345374473020836,1.3024730221384018,96.0,17.406178751233792
RhoA perturbation; Cdc42 response,linear_R,R,0,1,0,40.0,7.4125334264583325,1.2672893637109905,96.0,17.406178751233792
RhoA perturbation; Cdc42 response,hill,R^h/(K^h+R^h),0,1,0,0.0,-0.027923615520833316,0.45900898728135897,96.0,-0.02780007556798253
RhoA perturbation; Cdc42 response,hill,R^h/(K^h+R^h),0,1,0,0.3333333,9.572856721979164,1.7117579212037075,96.0,1.4303861196613423
RhoA perturbation; Cdc42 response,hill,R^h/(K^h+R^h),0,1,0,0.6666667,12.723626935312508,2.055170942837916,96.0,12.685896869703564
RhoA perturbation; Cdc42 response,hill,R^h/(K^h+R^h),0,1,0,1.0,16.123369902708337,2.3761519061971845,96.0,16.680525777257373
RhoA perturbation; Cdc42 response,hill,R^h/(K^h+R^h),0,1,0,1.333333,19.43115996822917,2.575528577353306,96.0,17.308818821160312
RhoA perturbation; Cdc42 response,hill,R^h/(K^h+R^h),0,1,0,1.666667,21.223441842604178,2.6249579919655845,96.0,17.396348898916738
RhoA perturbation; Cdc42 response,hill,R^h/(K^h+R^h),0,1,0,2.0,22.44582539614582,2.7499625308181033,96.0,17.40834097636241
RhoA perturbation; Cdc42 response,hill,R^h/(K^h+R^h),0,1,0,2.333333,25.041849861666687,2.7677347746441052,96.0,17.40998021555739
RhoA perturbation; Cdc42 response,hill,R^h/(K^h+R^h),0,1,0,2.666667,26.21257579843751,2.839828056336364,96.0,17.41020421918418
RhoA perturbation; Cdc42 response,hill,R^h/(K^h+R^h),0,1,0,3.0,26.586747623541658,2.997138272755855,96.0,17.410234827950607
RhoA perturbation; Cdc42 response,hill,R^h/(K^h+R^h),0,1,0,3.333333,28.537379678437492,2.997536296801952,96.0,17.410239010461453
RhoA perturbation; Cdc42 response,hill,R^h/(K^h+R^h),0,1,0,3.666667,28.538720332499988,3.061047342985218,96.0,17.410239581977454
RhoA perturbation; Cdc42 response,hill,R^h/(K^h+R^h),0,1,0,4.0,30.86264847822916,3.086591456183257,96.0,17.410239660071188
RhoA perturbation; Cdc42 response,hill,R^h/(K^h+R^h),0,1,0,4.333334,30.073681551770832,3.221420673684088,96.0,17.41023967074226
RhoA perturbation; Cdc42 response,hill,R^h/(K^h+R^h),0,1,0,4.666667,31.353581760729174,3.2429259411199145,96.0,17.41023967220038
RhoA perturbation; Cdc42 response,hill,R^h/(K^h+R^h),0,1,0,5.0,31.513904618333342,3.3185235093304732,96.0,17.41023967239961
RhoA perturbation; Cdc42 response,hill,R^h/(K^h+R^h),0,1,0,5.333334,32.65468524489584,3.318451354211551,96.0,17.410239672426847
RhoA perturbation; Cdc42 response,hill,R^h/(K^h+R^h),0,1,0,5.666667,32.21263448333334,3.443925762912029,96.0,17.41023967243057
RhoA perturbation; Cdc42 response,hill,R^h/(K^h+R^h),0,1,0,6.0,33.98101023406249,3.5208243092732365,96.0,17.41023967243109
RhoA perturbation; Cdc42 response,hill,R^h/(K^h+R^h),0,1,0,6.333334,34.32541528458332,3.625770168494379,96.0,17.410239672431157
RhoA perturbation; Cdc42 response,hill,R^h/(K^h+R^h),0,1,0,6.666667,35.020071923124995,3.6337098474294653,96.0,17.410239672431157
RhoA perturbation; Cdc42 response,hill,R^h/(K^h+R^h),0,1,0,7.0,35.68365437302082,3.680654227050923,96.0,17.410239672431157
RhoA perturbation; Cdc42 response,hill,R^h/(K^h+R^h),0,1,0,7.333334,34.79511669166665,3.7492912875266424,96.0,17.410239672431157
RhoA perturbation; Cdc42 response,hill,R^h/(K^h+R^h),0,1,0,7.666667,36.316073593124976,3.754161885758576,96.0,17.410239672431157
RhoA perturbation; Cdc42 response,hill,R^h/(K^h+R^h),0,1,0,8.0,36.42803883604166,3.7540435656026254,96.0,17.410239672431157
RhoA perturbation; Cdc42 response,hill,R^h/(K^h+R^h),0,1,0,8.333333,38.05664679145834,3.818279822517446,96.0,17.410239672431157
RhoA perturbation; Cdc42 response,hill,R^h/(K^h+R^h),0,1,0,8.666667,37.498483035,3.89908045696899,96.0,17.410239672431157
RhoA perturbation; Cdc42 response,hill,R^h/(K^h+R^h),0,1,0,9.0,38.373461548125,3.940671824462212,96.0,17.410239672431157
RhoA perturbation; Cdc42 response,hill,R^h/(K^h+R^h),0,1,0,9.333333,39.71396570666666,3.967479363055417,96.0,17.410239672431157
RhoA perturbation; Cdc42 response,hill,R^h/(K^h+R^h),0,1,0,9.666667,39.59648601916666,3.8734463426419445,96.0,17.410239672431157
RhoA perturbation; Cdc42 response,hill,R^h/(K^h+R^h),0,1,0,10.0,39.06948966406249,3.942890003765534,96.0,17.410239672431157
RhoA perturbation; Cdc42 response,hill,R^h/(K^h+R^h),0,1,0,10.33333,38.990662630520845,4.005894386001017,96.0,17.410239672431157
RhoA perturbation; Cdc42 response,hill,R^h/(K^h+R^h),0,1,0,10.66667,39.45031246177082,3.988341174717161,96.0,17.410239672431157
RhoA perturbation; Cdc42 response,hill,R^h/(K^h+R^h),0,1,0,11.0,40.623721676354144,4.047509465116343,96.0,17.410239672431157
RhoA perturbation; Cdc42 response,hill,R^h/(K^h+R^h),0,1,0,11.33333,40.7664319459375,4.065565791294083,96.0,17.410239672431157
RhoA perturbation; Cdc42 response,hill,R^h/(K^h+R^h),0,1,0,11.66667,39.61090631427084,4.05057942385462,96.0,17.410239672431157
RhoA perturbation; Cdc42 response,hill,R^h/(K^h+R^h),0,1,0,12.0,40.80843216510416,4.060803887249427,96.0,17.410239672431157
RhoA perturbation; Cdc42 response,hill,R^h/(K^h+R^h),0,1,0,12.33333,40.69041874479168,4.1171645311356455,96.0,17.410239672431157
RhoA perturbation; Cdc42 response,hill,R^h/(K^h+R^h),0,1,0,12.66667,41.37944060083334,4.085218575245882,96.0,17.410239672431157
RhoA perturbation; Cdc42 response,hill,R^h/(K^h+R^h),0,1,0,13.0,41.696821155,4.0695263217148785,96.0,17.410239672431157
RhoA perturbation; Cdc42 response,hill,R^h/(K^h+R^h),0,1,0,13.33333,40.61681270593751,4.080936214401611,96.0,17.410239672431157
RhoA perturbation; Cdc42 response,hill,R^h/(K^h+R^h),0,1,0,13.66667,40.04831553375,4.03329878824528,96.0,17.410239672431157
RhoA perturbation; Cdc42 response,hill,R^h/(K^h+R^h),0,1,0,14.0,42.655246395208344,3.9080439270441727,96.0,17.410239672431157
RhoA perturbation; Cdc42 response,hill,R^h/(K^h+R^h),0,1,0,14.33333,42.664869551979166,4.035669535095019,96.0,17.410239672431157
RhoA perturbation; Cdc42 response,hill,R^h/(K^h+R^h),0,1,0,14.66667,41.769536490104194,4.038248231195513,96.0,17.410239672431157
RhoA perturbation; Cdc42 response,hill,R^h/(K^h+R^h),0,1,0,15.0,41.51994889124999,4.068766455442411,96.0,17.410239672431157
RhoA perturbation; Cdc42 response,hill,R^h/(K^h+R^h),0,1,0,15.33333,44.23900240135416,4.041993409643368,96.0,17.410239672431157
RhoA perturbation; Cdc42 response,hill,R^h/(K^h+R^h),0,1,0,15.66667,43.1206390258333,4.166837456238659,96.0,17.410239672431157
RhoA perturbation; Cdc42 response,hill,R^h/(K^h+R^h),0,1,0,16.0,44.839397978854144,4.1520711466138955,96.0,17.410239672431157
RhoA perturbation; Cdc42 response,hill,R^h/(K^h+R^h),0,1,0,16.33333,43.06918511302083,4.230287234171569,96.0,17.410239672431157
RhoA perturbation; Cdc42 response,hill,R^h/(K^h+R^h),0,1,0,16.66667,44.09113680843748,4.289577947853359,96.0,17.410239672431157
RhoA perturbation; Cdc42 response,hill,R^h/(K^h+R^h),0,1,0,17.0,44.53816757677084,4.342622278026322,96.0,17.410239672431157
RhoA perturbation; Cdc42 response,hill,R^h/(K^h+R^h),0,1,0,17.33333,43.110703397187514,4.418435420544268,96.0,17.410239672431157
RhoA perturbation; Cdc42 response,hill,R^h/(K^h+R^h),0,1,0,17.66667,42.82344298583332,4.336818418553825,96.0,17.410239672431157
RhoA perturbation; Cdc42 response,hill,R^h/(K^h+R^h),0,1,0,18.0,44.090536348854165,4.30851623883757,96.0,17.410239672431157
RhoA perturbation; Cdc42 response,hill,R^h/(K^h+R^h),0,1,0,18.33333,44.142052664375,4.218111446909127,96.0,17.410239672431157
RhoA perturbation; Cdc42 response,hill,R^h/(K^h+R^h),0,1,0,18.66667,44.263298895312516,4.2360150986473375,96.0,17.410239672431157
RhoA perturbation; Cdc42 response,hill,R^h/(K^h+R^h),0,1,0,19.0,43.36335120822915,4.265969838916123,96.0,17.410239672431157
RhoA perturbation; Cdc42 response,hill,R^h/(K^h+R^h),0,1,0,19.33333,43.08669481947916,4.228434709868423,96.0,17.410239672431157
RhoA perturbation; Cdc42 response,hill,R^h/(K^h+R^h),0,1,0,19.66667,44.81050446312499,4.269012995669736,96.0,17.410239672431157
RhoA perturbation; Cdc42 response,hill,R^h/(K^h+R^h),0,1,0,20.0,44.510929666354166,4.220252827470473,96.0,17.410239672431157
RhoA perturbation; Cdc42 response,hill,R^h/(K^h+R^h),0,1,0,20.33333,41.54642154458333,3.9541869881523812,96.0,17.410239672431157
RhoA perturbation; Cdc42 response,hill,R^h/(K^h+R^h),0,1,0,20.66667,40.047226886562505,3.798215134748698,96.0,17.410239672431157
RhoA perturbation; Cdc42 response,hill,R^h/(K^h+R^h),0,1,0,21.0,39.69214392583333,3.6206287350291313,96.0,17.410239672431157
RhoA perturbation; Cdc42 response,hill,R^h/(K^h+R^h),0,1,0,21.33333,37.600583485520836,3.454382500683567,96.0,17.410239672431157
RhoA perturbation; Cdc42 response,hill,R^h/(K^h+R^h),0,1,0,21.66667,35.40411080218749,3.3247934197075897,96.0,17.410239672431157
RhoA perturbation; Cdc42 response,hill,R^h/(K^h+R^h),0,1,0,22.0,34.32286644083334,3.2697660006155878,96.0,17.410239672431157
RhoA perturbation; Cdc42 response,hill,R^h/(K^h+R^h),0,1,0,22.33333,33.45373635354167,3.0377326972496514,96.0,17.410239672431157
RhoA perturbation; Cdc42 response,hill,R^h/(K^h+R^h),0,1,0,22.66667,32.43612773666668,2.9611556203085705,96.0,17.410239672431157
RhoA perturbation; Cdc42 response,hill,R^h/(K^h+R^h),0,1,0,23.0,31.586112918854173,2.8418174843343205,96.0,17.410239672431157
RhoA perturbation; Cdc42 response,hill,R^h/(K^h+R^h),0,1,0,23.33333,30.50887267749999,2.744782090490418,96.0,17.410239672431157
RhoA perturbation; Cdc42 response,hill,R^h/(K^h+R^h),0,1,0,23.66667,28.655807943750002,2.672413285493715,96.0,17.410239672431157
RhoA perturbation; Cdc42 response,hill,R^h/(K^h+R^h),0,1,0,24.0,27.546000784895835,2.5318502427937117,96.0,17.410239672431157
RhoA perturbation; Cdc42 response,hill,R^h/(K^h+R^h),0,1,0,24.33333,27.06587826302082,2.4677824051400767,96.0,17.410239672431157
RhoA perturbation; Cdc42 response,hill,R^h/(K^h+R^h),0,1,0,24.66667,25.482764552604163,2.4126124028827096,96.0,17.410239672431157
RhoA perturbation; Cdc42 response,hill,R^h/(K^h+R^h),0,1,0,25.0,25.59795988135417,2.287605835685528,96.0,17.410239672431157
RhoA perturbation; Cdc42 response,hill,R^h/(K^h+R^h),0,1,0,25.33333,24.447861462395817,2.167375122557263,96.0,17.410239672431157
RhoA perturbation; Cdc42 response,hill,R^h/(K^h+R^h),0,1,0,25.66667,24.01868832989582,2.1371376446013857,96.0,17.410239672431157
RhoA perturbation; Cdc42 response,hill,R^h/(K^h+R^h),0,1,0,26.0,22.78127678479167,2.086312559586399,96.0,17.410239672431157
RhoA perturbation; Cdc42 response,hill,R^h/(K^h+R^h),0,1,0,26.33333,21.891632093854167,2.0150716631938677,96.0,17.410239672431157
RhoA perturbation; Cdc42 response,hill,R^h/(K^h+R^h),0,1,0,26.66667,20.945023626458326,1.8698014129842881,96.0,17.410239672431157
RhoA perturbation; Cdc42 response,hill,R^h/(K^h+R^h),0,1,0,27.0,20.629967116875008,1.861930411470987,96.0,17.410239672431157
RhoA perturbation; Cdc42 response,hill,R^h/(K^h+R^h),0,1,0,27.33333,20.088517467916663,1.7512042470241485,96.0,17.410239672431157
RhoA perturbation; Cdc42 response,hill,R^h/(K^h+R^h),0,1,0,27.66667,18.69201190260416,1.76465998919581,96.0,17.410239672431157
RhoA perturbation; Cdc42 response,hill,R^h/(K^h+R^h),0,1,0,28.0,18.56528418562501,1.6893769747792127,96.0,17.410239672431157
RhoA perturbation; Cdc42 response,hill,R^h/(K^h+R^h),0,1,0,28.33333,17.870653391875,1.6870169662889802,96.0,17.410239672431157
RhoA perturbation; Cdc42 response,hill,R^h/(K^h+R^h),0,1,0,28.66667,17.339744944374996,1.588282207627887,96.0,17.410239672431157
RhoA perturbation; Cdc42 response,hill,R^h/(K^h+R^h),0,1,0,29.0,16.46350753833333,1.5832712268805966,96.0,17.410239672431157
RhoA perturbation; Cdc42 response,hill,R^h/(K^h+R^h),0,1,0,29.33333,15.708429160104162,1.5227800474289892,96.0,17.410239672431157
RhoA perturbation; Cdc42 response,hill,R^h/(K^h+R^h),0,1,0,29.66667,14.33290780020833,1.561889817872484,96.0,17.410239672431157
RhoA perturbation; Cdc42 response,hill,R^h/(K^h+R^h),0,1,0,30.0,14.203605272812503,1.520699141885573,96.0,17.410239672431157
RhoA perturbation; Cdc42 response,hill,R^h/(K^h+R^h),0,1,0,30.33333,13.213554077812503,1.4664462570194274,96.0,17.410239672431157
RhoA perturbation; Cdc42 response,hill,R^h/(K^h+R^h),0,1,0,30.66667,13.623335934583336,1.4679404139860608,96.0,17.410239672431157
RhoA perturbation; Cdc42 response,hill,R^h/(K^h+R^h),0,1,0,31.0,14.018861143125,1.424568590609521,96.0,17.410239672431157
RhoA perturbation; Cdc42 response,hill,R^h/(K^h+R^h),0,1,0,31.33333,12.624694368645834,1.4073758356256998,96.0,17.410239672431157
RhoA perturbation; Cdc42 response,hill,R^h/(K^h+R^h),0,1,0,31.66667,12.349149456979164,1.4168910701793418,96.0,17.410239672431157
RhoA perturbation; Cdc42 response,hill,R^h/(K^h+R^h),0,1,0,32.0,12.131231478541672,1.391732624306371,96.0,17.410239672431157
RhoA perturbation; Cdc42 response,hill,R^h/(K^h+R^h),0,1,0,32.33333,11.920231513020832,1.4139563056828284,96.0,17.410239672431157
RhoA perturbation; Cdc42 response,hill,R^h/(K^h+R^h),0,1,0,32.66667,11.742871103854158,1.2917756055122211,96.0,17.410239672431157
RhoA perturbation; Cdc42 response,hill,R^h/(K^h+R^h),0,1,0,33.0,11.112344080729164,1.4687470751248861,96.0,17.410239672431157
RhoA perturbation; Cdc42 response,hill,R^h/(K^h+R^h),0,1,0,33.33333,11.448311698749997,1.414622672158428,96.0,17.410239672431157
RhoA perturbation; Cdc42 response,hill,R^h/(K^h+R^h),0,1,0,33.66667,10.631778282604168,1.3965004285988596,96.0,17.410239672431157
RhoA perturbation; Cdc42 response,hill,R^h/(K^h+R^h),0,1,0,34.0,11.341713643020832,1.3230561965793761,96.0,17.410239672431157
RhoA perturbation; Cdc42 response,hill,R^h/(K^h+R^h),0,1,0,34.33333,10.709179328645837,1.4557604762070828,96.0,17.410239672431157
RhoA perturbation; Cdc42 response,hill,R^h/(K^h+R^h),0,1,0,34.66667,9.830198902812496,1.4290151201499555,96.0,17.410239672431157
RhoA perturbation; Cdc42 response,hill,R^h/(K^h+R^h),0,1,0,35.0,10.293112988541665,1.391162024914986,96.0,17.410239672431157
RhoA perturbation; Cdc42 response,hill,R^h/(K^h+R^h),0,1,0,35.33333,9.332255931770835,1.437777702942255,96.0,17.410239672431157
RhoA perturbation; Cdc42 response,hill,R^h/(K^h+R^h),0,1,0,35.66667,10.107261608437506,1.3874154515894122,96.0,17.410239672431157
RhoA perturbation; Cdc42 response,hill,R^h/(K^h+R^h),0,1,0,36.0,9.827691570208332,1.480774129190423,96.0,17.410239672431157
RhoA perturbation; Cdc42 response,hill,R^h/(K^h+R^h),0,1,0,36.33333,9.709041730833333,1.5384837646541616,96.0,17.410239672431157
RhoA perturbation; Cdc42 response,hill,R^h/(K^h+R^h),0,1,0,36.66667,9.315187174791669,1.7393612509974656,96.0,17.410239672431157
RhoA perturbation; Cdc42 response,hill,R^h/(K^h+R^h),0,1,0,37.0,9.948737530729167,1.4400767516664625,96.0,17.410239672431157
RhoA perturbation; Cdc42 response,hill,R^h/(K^h+R^h),0,1,0,37.33333,10.02341929479167,1.4218773780945793,96.0,17.410239672431157
RhoA perturbation; Cdc42 response,hill,R^h/(K^h+R^h),0,1,0,37.66667,9.403855300208333,1.3853093435826955,96.0,17.410239672431157
RhoA perturbation; Cdc42 response,hill,R^h/(K^h+R^h),0,1,0,38.0,9.14292041989584,1.5458551676916175,96.0,17.410239672431157
RhoA perturbation; Cdc42 response,hill,R^h/(K^h+R^h),0,1,0,38.33333,9.17049158197917,1.4355564822468991,96.0,17.410239672431157
RhoA perturbation; Cdc42 response,hill,R^h/(K^h+R^h),0,1,0,38.66667,7.807129513541668,1.498602070455668,96.0,17.410239672431157
RhoA perturbation; Cdc42 response,hill,R^h/(K^h+R^h),0,1,0,39.0,8.327797780416672,1.2036795151143105,96.0,17.410239672431157
RhoA perturbation; Cdc42 response,hill,R^h/(K^h+R^h),0,1,0,39.33333,8.926327779166662,1.3951379373455004,96.0,17.410239672431157
RhoA perturbation; Cdc42 response,hill,R^h/(K^h+R^h),0,1,0,39.66667,8.345374473020836,1.3024730221384018,96.0,17.410239672431157
RhoA perturbation; Cdc42 response,hill,R^h/(K^h+R^h),0,1,0,40.0,7.4125334264583325,1.2672893637109905,96.0,17.410239672431157
RhoA perturbation; Cdc42 response,double_hill,(H(R)+H(R)),1,3,0,0.0,-0.027923615520833316,0.45900898728135897,96.0,-0.040312355061392684
RhoA perturbation; Cdc42 response,double_hill,(H(R)+H(R)),1,3,0,0.3333333,9.572856721979164,1.7117579212037075,96.0,9.770209153868453
RhoA perturbation; Cdc42 response,double_hill,(H(R)+H(R)),1,3,0,0.6666667,12.723626935312508,2.055170942837916,96.0,13.634543957098757
RhoA perturbation; Cdc42 response,double_hill,(H(R)+H(R)),1,3,0,1.0,16.123369902708337,2.3761519061971845,96.0,16.468049590786375
RhoA perturbation; Cdc42 response,double_hill,(H(R)+H(R)),1,3,0,1.333333,19.43115996822917,2.575528577353306,96.0,18.759470763130775
RhoA perturbation; Cdc42 response,double_hill,(H(R)+H(R)),1,3,0,1.666667,21.223441842604178,2.6249579919655845,96.0,20.70074797983009
RhoA perturbation; Cdc42 response,double_hill,(H(R)+H(R)),1,3,0,2.0,22.44582539614582,2.7499625308181033,96.0,22.391382356322904
RhoA perturbation; Cdc42 response,double_hill,(H(R)+H(R)),1,3,0,2.333333,25.041849861666687,2.7677347746441052,96.0,23.89105211292103
RhoA perturbation; Cdc42 response,double_hill,(H(R)+H(R)),1,3,0,2.666667,26.21257579843751,2.839828056336364,96.0,25.238966503438153
RhoA perturbation; Cdc42 response,double_hill,(H(R)+H(R)),1,3,0,3.0,26.586747623541658,2.997138272755855,96.0,26.462556103121553
RhoA perturbation; Cdc42 response,double_hill,(H(R)+H(R)),1,3,0,3.333333,28.537379678437492,2.997536296801952,96.0,27.581941310821936
RhoA perturbation; Cdc42 response,double_hill,(H(R)+H(R)),1,3,0,3.666667,28.538720332499988,3.061047342985218,96.0,28.61240766264674
RhoA perturbation; Cdc42 response,double_hill,(H(R)+H(R)),1,3,0,4.0,30.86264847822916,3.086591456183257,96.0,29.565891520170734
RhoA perturbation; Cdc42 response,double_hill,(H(R)+H(R)),1,3,0,4.333334,30.073681551770832,3.221420673684088,96.0,30.451947188429525
RhoA perturbation; Cdc42 response,double_hill,(H(R)+H(R)),1,3,0,4.666667,31.353581760729174,3.2429259411199145,96.0,31.278349844286883
RhoA perturbation; Cdc42 response,double_hill,(H(R)+H(R)),1,3,0,5.0,31.513904618333342,3.3185235093304732,96.0,32.051543938474495
RhoA perturbation; Cdc42 response,double_hill,(H(R)+H(R)),1,3,0,5.333334,32.65468524489584,3.318451354211551,96.0,32.77693788036117
RhoA perturbation; Cdc42 response,double_hill,(H(R)+H(R)),1,3,0,5.666667,32.21263448333334,3.443925762912029,96.0,33.45911820142742
RhoA perturbation; Cdc42 response,double_hill,(H(R)+H(R)),1,3,0,6.0,33.98101023406249,3.5208243092732365,96.0,34.10202563904067
RhoA perturbation; Cdc42 response,double_hill,(H(R)+H(R)),1,3,0,6.333334,34.32541528458332,3.625770168494379,96.0,34.70907127333401
RhoA perturbation; Cdc42 response,double_hill,(H(R)+H(R)),1,3,0,6.666667,35.020071923124995,3.6337098474294653,96.0,35.28322626353152
RhoA perturbation; Cdc42 response,double_hill,(H(R)+H(R)),1,3,0,7.0,35.68365437302082,3.680654227050923,96.0,35.82710659238928
RhoA perturbation; Cdc42 response,double_hill,(H(R)+H(R)),1,3,0,7.333334,34.79511669166665,3.7492912875266424,96.0,36.34302552872067
RhoA perturbation; Cdc42 response,double_hill,(H(R)+H(R)),1,3,0,7.666667,36.316073593124976,3.754161885758576,96.0,36.833036007763155
RhoA perturbation; Cdc42 response,double_hill,(H(R)+H(R)),1,3,0,8.0,36.42803883604166,3.7540435656026254,96.0,37.298977501557275
RhoA perturbation; Cdc42 response,double_hill,(H(R)+H(R)),1,3,0,8.333333,38.05664679145834,3.818279822517446,96.0,37.74250027207267
RhoA perturbation; Cdc42 response,double_hill,(H(R)+H(R)),1,3,0,8.666667,37.498483035,3.89908045696899,96.0,38.1650930474706
RhoA perturbation; Cdc42 response,double_hill,(H(R)+H(R)),1,3,0,9.0,38.373461548125,3.940671824462212,96.0,38.568098187351936
RhoA perturbation; Cdc42 response,double_hill,(H(R)+H(R)),1,3,0,9.333333,39.71396570666666,3.967479363055417,96.0,38.95273545685506
RhoA perturbation; Cdc42 response,double_hill,(H(R)+H(R)),1,3,0,9.666667,39.59648601916666,3.8734463426419445,96.0,39.32011057231522
RhoA perturbation; Cdc42 response,double_hill,(H(R)+H(R)),1,3,0,10.0,39.06948966406249,3.942890003765534,96.0,39.67122138033656
RhoA perturbation; Cdc42 response,double_hill,(H(R)+H(R)),1,3,0,10.33333,38.990662630520845,4.005894386001017,96.0,40.00696743213434
RhoA perturbation; Cdc42 response,double_hill,(H(R)+H(R)),1,3,0,10.66667,39.45031246177082,3.988341174717161,96.0,40.32816658377735
RhoA perturbation; Cdc42 response,double_hill,(H(R)+H(R)),1,3,0,11.0,40.623721676354144,4.047509465116343,96.0,40.635507527378884
RhoA perturbation; Cdc42 response,double_hill,(H(R)+H(R)),1,3,0,11.33333,40.7664319459375,4.065565791294083,96.0,40.92960583089912
RhoA perturbation; Cdc42 response,double_hill,(H(R)+H(R)),1,3,0,11.66667,39.61090631427084,4.05057942385462,96.0,41.210964090176965
RhoA perturbation; Cdc42 response,double_hill,(H(R)+H(R)),1,3,0,12.0,40.80843216510416,4.060803887249427,96.0,41.479934797591724
RhoA perturbation; Cdc42 response,double_hill,(H(R)+H(R)),1,3,0,12.33333,40.69041874479168,4.1171645311356455,96.0,41.73675270335671
RhoA perturbation; Cdc42 response,double_hill,(H(R)+H(R)),1,3,0,12.66667,41.37944060083334,4.085218575245882,96.0,41.981484826985856
RhoA perturbation; Cdc42 response,double_hill,(H(R)+H(R)),1,3,0,13.0,41.696821155,4.0695263217148785,96.0,42.21398239435952
RhoA perturbation; Cdc42 response,double_hill,(H(R)+H(R)),1,3,0,13.33333,40.61681270593751,4.080936214401611,96.0,42.43389287424046
RhoA perturbation; Cdc42 response,double_hill,(H(R)+H(R)),1,3,0,13.66667,40.04831553375,4.03329878824528,96.0,42.64060051211131
RhoA perturbation; Cdc42 response,double_hill,(H(R)+H(R)),1,3,0,14.0,42.655246395208344,3.9080439270441727,96.0,42.83317097852867
RhoA perturbation; Cdc42 response,double_hill,(H(R)+H(R)),1,3,0,14.33333,42.664869551979166,4.035669535095019,96.0,43.010348836306555
RhoA perturbation; Cdc42 response,double_hill,(H(R)+H(R)),1,3,0,14.66667,41.769536490104194,4.038248231195513,96.0,43.17049761062681
RhoA perturbation; Cdc42 response,double_hill,(H(R)+H(R)),1,3,0,15.0,41.51994889124999,4.068766455442411,96.0,43.31155116715181
RhoA perturbation; Cdc42 response,double_hill,(H(R)+H(R)),1,3,0,15.33333,44.23900240135416,4.041993409643368,96.0,43.431012189278
RhoA perturbation; Cdc42 response,double_hill,(H(R)+H(R)),1,3,0,15.66667,43.1206390258333,4.166837456238659,96.0,43.52591371035757
RhoA perturbation; Cdc42 response,double_hill,(H(R)+H(R)),1,3,0,16.0,44.839397978854144,4.1520711466138955,96.0,43.59280564866669
RhoA perturbation; Cdc42 response,double_hill,(H(R)+H(R)),1,3,0,16.33333,43.06918511302083,4.230287234171569,96.0,43.627781764704295
RhoA perturbation; Cdc42 response,double_hill,(H(R)+H(R)),1,3,0,16.66667,44.09113680843748,4.289577947853359,96.0,43.62649856308167
RhoA perturbation; Cdc42 response,double_hill,(H(R)+H(R)),1,3,0,17.0,44.53816757677084,4.342622278026322,96.0,43.58423785812608
RhoA perturbation; Cdc42 response,double_hill,(H(R)+H(R)),1,3,0,17.33333,43.110703397187514,4.418435420544268,96.0,43.49599494449481
RhoA perturbation; Cdc42 response,double_hill,(H(R)+H(R)),1,3,0,17.66667,42.82344298583332,4.336818418553825,96.0,43.35659330122677
RhoA perturbation; Cdc42 response,double_hill,(H(R)+H(R)),1,3,0,18.0,44.090536348854165,4.30851623883757,96.0,43.16085749423169
RhoA perturbation; Cdc42 response,double_hill,(H(R)+H(R)),1,3,0,18.33333,44.142052664375,4.218111446909127,96.0,42.90377402578544
RhoA perturbation; Cdc42 response,double_hill,(H(R)+H(R)),1,3,0,18.66667,44.263298895312516,4.2360150986473375,96.0,42.58070801091074
RhoA perturbation; Cdc42 response,double_hill,(H(R)+H(R)),1,3,0,19.0,43.36335120822915,4.265969838916123,96.0,42.187671200945694
RhoA perturbation; Cdc42 response,double_hill,(H(R)+H(R)),1,3,0,19.33333,43.08669481947916,4.228434709868423,96.0,41.72150099398734
RhoA perturbation; Cdc42 response,double_hill,(H(R)+H(R)),1,3,0,19.66667,44.81050446312499,4.269012995669736,96.0,41.18010785784975
RhoA perturbation; Cdc42 response,double_hill,(H(R)+H(R)),1,3,0,20.0,44.510929666354166,4.220252827470473,96.0,40.56273603614093
RhoA perturbation; Cdc42 response,double_hill,(H(R)+H(R)),1,3,0,20.33333,41.54642154458333,3.9541869881523812,96.0,39.87002449398206
RhoA perturbation; Cdc42 response,double_hill,(H(R)+H(R)),1,3,0,20.66667,40.047226886562505,3.798215134748698,96.0,39.10414383075333
RhoA perturbation; Cdc42 response,double_hill,(H(R)+H(R)),1,3,0,21.0,39.69214392583333,3.6206287350291313,96.0,38.268900936766386
RhoA perturbation; Cdc42 response,double_hill,(H(R)+H(R)),1,3,0,21.33333,37.600583485520836,3.454382500683567,96.0,37.369546878779744
RhoA perturbation; Cdc42 response,double_hill,(H(R)+H(R)),1,3,0,21.66667,35.40411080218749,3.3247934197075897,96.0,36.41270336941737
RhoA perturbation; Cdc42 response,double_hill,(H(R)+H(R)),1,3,0,22.0,34.32286644083334,3.2697660006155878,96.0,35.40625121111995
RhoA perturbation; Cdc42 response,double_hill,(H(R)+H(R)),1,3,0,22.33333,33.45373635354167,3.0377326972496514,96.0,34.35889315541964
RhoA perturbation; Cdc42 response,double_hill,(H(R)+H(R)),1,3,0,22.66667,32.43612773666668,2.9611556203085705,96.0,33.27993094591305
RhoA perturbation; Cdc42 response,double_hill,(H(R)+H(R)),1,3,0,23.0,31.586112918854173,2.8418174843343205,96.0,32.17904745076492
RhoA perturbation; Cdc42 response,double_hill,(H(R)+H(R)),1,3,0,23.33333,30.50887267749999,2.744782090490418,96.0,31.065796940891182
RhoA perturbation; Cdc42 response,double_hill,(H(R)+H(R)),1,3,0,23.66667,28.655807943750002,2.672413285493715,96.0,29.949410806312926
RhoA perturbation; Cdc42 response,double_hill,(H(R)+H(R)),1,3,0,24.0,27.546000784895835,2.5318502427937117,96.0,28.838651168504413
RhoA perturbation; Cdc42 response,double_hill,(H(R)+H(R)),1,3,0,24.33333,27.06587826302082,2.4677824051400767,96.0,27.74141262400143
RhoA perturbation; Cdc42 response,double_hill,(H(R)+H(R)),1,3,0,24.66667,25.482764552604163,2.4126124028827096,96.0,26.66468405196698
RhoA perturbation; Cdc42 response,double_hill,(H(R)+H(R)),1,3,0,25.0,25.59795988135417,2.287605835685528,96.0,25.614559448920325
RhoA perturbation; Cdc42 response,double_hill,(H(R)+H(R)),1,3,0,25.33333,24.447861462395817,2.167375122557263,96.0,24.59601131828202
RhoA perturbation; Cdc42 response,double_hill,(H(R)+H(R)),1,3,0,25.66667,24.01868832989582,2.1371376446013857,96.0,23.613003690606668
RhoA perturbation; Cdc42 response,double_hill,(H(R)+H(R)),1,3,0,26.0,22.78127678479167,2.086312559586399,96.0,22.66862376576282
RhoA perturbation; Cdc42 response,double_hill,(H(R)+H(R)),1,3,0,26.33333,21.891632093854167,2.0150716631938677,96.0,21.764978370182483
RhoA perturbation; Cdc42 response,double_hill,(H(R)+H(R)),1,3,0,26.66667,20.945023626458326,1.8698014129842881,96.0,20.903378627616142
RhoA perturbation; Cdc42 response,double_hill,(H(R)+H(R)),1,3,0,27.0,20.629967116875008,1.861930411470987,96.0,20.084512069805896
RhoA perturbation; Cdc42 response,double_hill,(H(R)+H(R)),1,3,0,27.33333,20.088517467916663,1.7512042470241485,96.0,19.308390339817365
RhoA perturbation; Cdc42 response,double_hill,(H(R)+H(R)),1,3,0,27.66667,18.69201190260416,1.76465998919581,96.0,18.57453304191243
RhoA perturbation; Cdc42 response,double_hill,(H(R)+H(R)),1,3,0,28.0,18.56528418562501,1.6893769747792127,96.0,17.88212270403112
RhoA perturbation; Cdc42 response,double_hill,(H(R)+H(R)),1,3,0,28.33333,17.870653391875,1.6870169662889802,96.0,17.229959142853893
RhoA perturbation; Cdc42 response,double_hill,(H(R)+H(R)),1,3,0,28.66667,17.339744944374996,1.588282207627887,96.0,16.616607790906613
RhoA perturbation; Cdc42 response,double_hill,(H(R)+H(R)),1,3,0,29.0,16.46350753833333,1.5832712268805966,96.0,16.040516273115276
RhoA perturbation; Cdc42 response,double_hill,(H(R)+H(R)),1,3,0,29.33333,15.708429160104162,1.5227800474289892,96.0,15.499960931838437
RhoA perturbation; Cdc42 response,double_hill,(H(R)+H(R)),1,3,0,29.66667,14.33290780020833,1.561889817872484,96.0,14.993154261137917
RhoA perturbation; Cdc42 response,double_hill,(H(R)+H(R)),1,3,0,30.0,14.203605272812503,1.520699141885573,96.0,14.518324533917323
RhoA perturbation; Cdc42 response,double_hill,(H(R)+H(R)),1,3,0,30.33333,13.213554077812503,1.4664462570194274,96.0,14.073655768470402
RhoA perturbation; Cdc42 response,double_hill,(H(R)+H(R)),1,3,0,30.66667,13.623335934583336,1.4679404139860608,96.0,13.65736179835762
RhoA perturbation; Cdc42 response,double_hill,(H(R)+H(R)),1,3,0,31.0,14.018861143125,1.424568590609521,96.0,13.267738289605596
RhoA perturbation; Cdc42 response,double_hill,(H(R)+H(R)),1,3,0,31.33333,12.624694368645834,1.4073758356256998,96.0,12.903101657789826
RhoA perturbation; Cdc42 response,double_hill,(H(R)+H(R)),1,3,0,31.66667,12.349149456979164,1.4168910701793418,96.0,12.56183965559864
RhoA perturbation; Cdc42 response,double_hill,(H(R)+H(R)),1,3,0,32.0,12.131231478541672,1.391732624306371,96.0,12.242445167884924
RhoA perturbation; Cdc42 response,double_hill,(H(R)+H(R)),1,3,0,32.33333,11.920231513020832,1.4139563056828284,96.0,11.943458666485178
RhoA perturbation; Cdc42 response,double_hill,(H(R)+H(R)),1,3,0,32.66667,11.742871103854158,1.2917756055122211,96.0,11.663503397780715
RhoA perturbation; Cdc42 response,double_hill,(H(R)+H(R)),1,3,0,33.0,11.112344080729164,1.4687470751248861,96.0,11.401307905289094
RhoA perturbation; Cdc42 response,double_hill,(H(R)+H(R)),1,3,0,33.33333,11.448311698749997,1.414622672158428,96.0,11.155654537637652
RhoA perturbation; Cdc42 response,double_hill,(H(R)+H(R)),1,3,0,33.66667,10.631778282604168,1.3965004285988596,96.0,10.925404795075728
RhoA perturbation; Cdc42 response,double_hill,(H(R)+H(R)),1,3,0,34.0,11.341713643020832,1.3230561965793761,96.0,10.709515063278907
RhoA perturbation; Cdc42 response,double_hill,(H(R)+H(R)),1,3,0,34.33333,10.709179328645837,1.4557604762070828,96.0,10.50699200586643
RhoA perturbation; Cdc42 response,double_hill,(H(R)+H(R)),1,3,0,34.66667,9.830198902812496,1.4290151201499555,96.0,10.316911589093138
RhoA perturbation; Cdc42 response,double_hill,(H(R)+H(R)),1,3,0,35.0,10.293112988541665,1.391162024914986,96.0,10.138430713605999
RhoA perturbation; Cdc42 response,double_hill,(H(R)+H(R)),1,3,0,35.33333,9.332255931770835,1.437777702942255,96.0,9.970749307898672
RhoA perturbation; Cdc42 response,double_hill,(H(R)+H(R)),1,3,0,35.66667,10.107261608437506,1.3874154515894122,96.0,9.813125177175316
RhoA perturbation; Cdc42 response,double_hill,(H(R)+H(R)),1,3,0,36.0,9.827691570208332,1.480774129190423,96.0,9.664883081187519
RhoA perturbation; Cdc42 response,double_hill,(H(R)+H(R)),1,3,0,36.33333,9.709041730833333,1.5384837646541616,96.0,9.525382856837176
RhoA perturbation; Cdc42 response,double_hill,(H(R)+H(R)),1,3,0,36.66667,9.315187174791669,1.7393612509974656,96.0,9.394031389854419
RhoA perturbation; Cdc42 response,double_hill,(H(R)+H(R)),1,3,0,37.0,9.948737530729167,1.4400767516664625,96.0,9.270290017736322
RhoA perturbation; Cdc42 response,double_hill,(H(R)+H(R)),1,3,0,37.33333,10.02341929479167,1.4218773780945793,96.0,9.15364784613056
RhoA perturbation; Cdc42 response,double_hill,(H(R)+H(R)),1,3,0,37.66667,9.403855300208333,1.3853093435826955,96.0,9.043631641268256
RhoA perturbation; Cdc42 response,double_hill,(H(R)+H(R)),1,3,0,38.0,9.14292041989584,1.5458551676916175,96.0,8.939812060618792
RhoA perturbation; Cdc42 response,double_hill,(H(R)+H(R)),1,3,0,38.33333,9.17049158197917,1.4355564822468991,96.0,8.841781335033318
RhoA perturbation; Cdc42 response,double_hill,(H(R)+H(R)),1,3,0,38.66667,7.807129513541668,1.498602070455668,96.0,8.749161588867338
RhoA perturbation; Cdc42 response,double_hill,(H(R)+H(R)),1,3,0,39.0,8.327797780416672,1.2036795151143105,96.0,8.66161019425435
RhoA perturbation; Cdc42 response,double_hill,(H(R)+H(R)),1,3,0,39.33333,8.926327779166662,1.3951379373455004,96.0,8.578801074458767
RhoA perturbation; Cdc42 response,double_hill,(H(R)+H(R)),1,3,0,39.66667,8.345374473020836,1.3024730221384018,96.0,8.500431788894083
RhoA perturbation; Cdc42 response,double_hill,(H(R)+H(R)),1,3,0,40.0,7.4125334264583325,1.2672893637109905,96.0,8.426228194399044
RhoA perturbation; Cdc42 response,EML_expr,R,0,1,0,0.0,-0.027923615520833316,0.45900898728135897,96.0,-0.04675625701117137
RhoA perturbation; Cdc42 response,EML_expr,R,0,1,0,0.3333333,9.572856721979164,1.7117579212037075,96.0,9.845126725713182
RhoA perturbation; Cdc42 response,EML_expr,R,0,1,0,0.6666667,12.723626935312508,2.055170942837916,96.0,14.13054084029913
RhoA perturbation; Cdc42 response,EML_expr,R,0,1,0,1.0,16.123369902708337,2.3761519061971845,96.0,15.987089539020918
RhoA perturbation; Cdc42 response,EML_expr,R,0,1,0,1.333333,19.43115996822917,2.575528577353306,96.0,16.7913928154889
RhoA perturbation; Cdc42 response,EML_expr,R,0,1,0,1.666667,21.223441842604178,2.6249579919655845,96.0,17.139838219127263
RhoA perturbation; Cdc42 response,EML_expr,R,0,1,0,2.0,22.44582539614582,2.7499625308181033,96.0,17.290793004959134
RhoA perturbation; Cdc42 response,EML_expr,R,0,1,0,2.333333,25.041849861666687,2.7677347746441052,96.0,17.356190476191912
RhoA perturbation; Cdc42 response,EML_expr,R,0,1,0,2.666667,26.21257579843751,2.839828056336364,96.0,17.38452238646424
RhoA perturbation; Cdc42 response,EML_expr,R,0,1,0,3.0,26.586747623541658,2.997138272755855,96.0,17.396796439738328
RhoA perturbation; Cdc42 response,EML_expr,R,0,1,0,3.333333,28.537379678437492,2.997536296801952,96.0,17.402113873309435
RhoA perturbation; Cdc42 response,EML_expr,R,0,1,0,3.666667,28.538720332499988,3.061047342985218,96.0,17.404417525850974
RhoA perturbation; Cdc42 response,EML_expr,R,0,1,0,4.0,30.86264847822916,3.086591456183257,96.0,17.405415522588505
RhoA perturbation; Cdc42 response,EML_expr,R,0,1,0,4.333334,30.073681551770832,3.221420673684088,96.0,17.405847881110738
RhoA perturbation; Cdc42 response,EML_expr,R,0,1,0,4.666667,31.353581760729174,3.2429259411199145,96.0,17.406035189043184
RhoA perturbation; Cdc42 response,EML_expr,R,0,1,0,5.0,31.513904618333342,3.3185235093304732,96.0,17.40611633562662
RhoA perturbation; Cdc42 response,EML_expr,R,0,1,0,5.333334,32.65468524489584,3.318451354211551,96.0,17.406151490467895
RhoA perturbation; Cdc42 response,EML_expr,R,0,1,0,5.666667,32.21263448333334,3.443925762912029,96.0,17.406166720376167
RhoA perturbation; Cdc42 response,EML_expr,R,0,1,0,6.0,33.98101023406249,3.5208243092732365,96.0,17.406173318361667
RhoA perturbation; Cdc42 response,EML_expr,R,0,1,0,6.333334,34.32541528458332,3.625770168494379,96.0,17.406176176783095
RhoA perturbation; Cdc42 response,EML_expr,R,0,1,0,6.666667,35.020071923124995,3.6337098474294653,96.0,17.40617741511883
RhoA perturbation; Cdc42 response,EML_expr,R,0,1,0,7.0,35.68365437302082,3.680654227050923,96.0,17.40617795159752
RhoA perturbation; Cdc42 response,EML_expr,R,0,1,0,7.333334,34.79511669166665,3.7492912875266424,96.0,17.406178184014244
RhoA perturbation; Cdc42 response,EML_expr,R,0,1,0,7.666667,36.316073593124976,3.754161885758576,96.0,17.406178284702666
RhoA perturbation; Cdc42 response,EML_expr,R,0,1,0,8.0,36.42803883604166,3.7540435656026254,96.0,17.40617832832346
RhoA perturbation; Cdc42 response,EML_expr,R,0,1,0,8.333333,38.05664679145834,3.818279822517446,96.0,17.406178347221104
RhoA perturbation; Cdc42 response,EML_expr,R,0,1,0,8.666667,37.498483035,3.89908045696899,96.0,17.406178355408063
RhoA perturbation; Cdc42 response,EML_expr,R,0,1,0,9.0,38.373461548125,3.940671824462212,96.0,17.406178358954843
RhoA perturbation; Cdc42 response,EML_expr,R,0,1,0,9.333333,39.71396570666666,3.967479363055417,96.0,17.406178360491403
RhoA perturbation; Cdc42 response,EML_expr,R,0,1,0,9.666667,39.59648601916666,3.8734463426419445,96.0,17.40617836115708
RhoA perturbation; Cdc42 response,EML_expr,R,0,1,0,10.0,39.06948966406249,3.942890003765534,96.0,17.406178361445466
RhoA perturbation; Cdc42 response,EML_expr,R,0,1,0,10.33333,38.990662630520845,4.005894386001017,96.0,17.406178361570404
RhoA perturbation; Cdc42 response,EML_expr,R,0,1,0,10.66667,39.45031246177082,3.988341174717161,96.0,17.40617836162453
RhoA perturbation; Cdc42 response,EML_expr,R,0,1,0,11.0,40.623721676354144,4.047509465116343,96.0,17.406178361647978
RhoA perturbation; Cdc42 response,EML_expr,R,0,1,0,11.33333,40.7664319459375,4.065565791294083,96.0,17.40617836165814
RhoA perturbation; Cdc42 response,EML_expr,R,0,1,0,11.66667,39.61090631427084,4.05057942385462,96.0,17.406178361662537
RhoA perturbation; Cdc42 response,EML_expr,R,0,1,0,12.0,40.80843216510416,4.060803887249427,96.0,17.406178361664445
RhoA perturbation; Cdc42 response,EML_expr,R,0,1,0,12.33333,40.69041874479168,4.1171645311356455,96.0,17.40617836166527
RhoA perturbation; Cdc42 response,EML_expr,R,0,1,0,12.66667,41.37944060083334,4.085218575245882,96.0,17.406178361665628
RhoA perturbation; Cdc42 response,EML_expr,R,0,1,0,13.0,41.696821155,4.0695263217148785,96.0,17.406178361665784
RhoA perturbation; Cdc42 response,EML_expr,R,0,1,0,13.33333,40.61681270593751,4.080936214401611,96.0,17.40617836166585
RhoA perturbation; Cdc42 response,EML_expr,R,0,1,0,13.66667,40.04831553375,4.03329878824528,96.0,17.40617836166588
RhoA perturbation; Cdc42 response,EML_expr,R,0,1,0,14.0,42.655246395208344,3.9080439270441727,96.0,17.40617836166589
RhoA perturbation; Cdc42 response,EML_expr,R,0,1,0,14.33333,42.664869551979166,4.035669535095019,96.0,17.406178361665898
RhoA perturbation; Cdc42 response,EML_expr,R,0,1,0,14.66667,41.769536490104194,4.038248231195513,96.0,17.406178361665898
RhoA perturbation; Cdc42 response,EML_expr,R,0,1,0,15.0,41.51994889124999,4.068766455442411,96.0,17.4061783616659
RhoA perturbation; Cdc42 response,EML_expr,R,0,1,0,15.33333,44.23900240135416,4.041993409643368,96.0,17.4061783616659
RhoA perturbation; Cdc42 response,EML_expr,R,0,1,0,15.66667,43.1206390258333,4.166837456238659,96.0,17.4061783616659
RhoA perturbation; Cdc42 response,EML_expr,R,0,1,0,16.0,44.839397978854144,4.1520711466138955,96.0,17.4061783616659
RhoA perturbation; Cdc42 response,EML_expr,R,0,1,0,16.33333,43.06918511302083,4.230287234171569,96.0,17.4061783616659
RhoA perturbation; Cdc42 response,EML_expr,R,0,1,0,16.66667,44.09113680843748,4.289577947853359,96.0,17.4061783616659
RhoA perturbation; Cdc42 response,EML_expr,R,0,1,0,17.0,44.53816757677084,4.342622278026322,96.0,17.4061783616659
RhoA perturbation; Cdc42 response,EML_expr,R,0,1,0,17.33333,43.110703397187514,4.418435420544268,96.0,17.4061783616659
RhoA perturbation; Cdc42 response,EML_expr,R,0,1,0,17.66667,42.82344298583332,4.336818418553825,96.0,17.4061783616659
RhoA perturbation; Cdc42 response,EML_expr,R,0,1,0,18.0,44.090536348854165,4.30851623883757,96.0,17.4061783616659
RhoA perturbation; Cdc42 response,EML_expr,R,0,1,0,18.33333,44.142052664375,4.218111446909127,96.0,17.4061783616659
RhoA perturbation; Cdc42 response,EML_expr,R,0,1,0,18.66667,44.263298895312516,4.2360150986473375,96.0,17.4061783616659
RhoA perturbation; Cdc42 response,EML_expr,R,0,1,0,19.0,43.36335120822915,4.265969838916123,96.0,17.4061783616659
RhoA perturbation; Cdc42 response,EML_expr,R,0,1,0,19.33333,43.08669481947916,4.228434709868423,96.0,17.4061783616659
RhoA perturbation; Cdc42 response,EML_expr,R,0,1,0,19.66667,44.81050446312499,4.269012995669736,96.0,17.4061783616659
RhoA perturbation; Cdc42 response,EML_expr,R,0,1,0,20.0,44.510929666354166,4.220252827470473,96.0,17.4061783616659
RhoA perturbation; Cdc42 response,EML_expr,R,0,1,0,20.33333,41.54642154458333,3.9541869881523812,96.0,17.4061783616659
RhoA perturbation; Cdc42 response,EML_expr,R,0,1,0,20.66667,40.047226886562505,3.798215134748698,96.0,17.4061783616659
RhoA perturbation; Cdc42 response,EML_expr,R,0,1,0,21.0,39.69214392583333,3.6206287350291313,96.0,17.4061783616659
RhoA perturbation; Cdc42 response,EML_expr,R,0,1,0,21.33333,37.600583485520836,3.454382500683567,96.0,17.4061783616659
RhoA perturbation; Cdc42 response,EML_expr,R,0,1,0,21.66667,35.40411080218749,3.3247934197075897,96.0,17.4061783616659
RhoA perturbation; Cdc42 response,EML_expr,R,0,1,0,22.0,34.32286644083334,3.2697660006155878,96.0,17.4061783616659
RhoA perturbation; Cdc42 response,EML_expr,R,0,1,0,22.33333,33.45373635354167,3.0377326972496514,96.0,17.4061783616659
RhoA perturbation; Cdc42 response,EML_expr,R,0,1,0,22.66667,32.43612773666668,2.9611556203085705,96.0,17.4061783616659
RhoA perturbation; Cdc42 response,EML_expr,R,0,1,0,23.0,31.586112918854173,2.8418174843343205,96.0,17.4061783616659
RhoA perturbation; Cdc42 response,EML_expr,R,0,1,0,23.33333,30.50887267749999,2.744782090490418,96.0,17.4061783616659
RhoA perturbation; Cdc42 response,EML_expr,R,0,1,0,23.66667,28.655807943750002,2.672413285493715,96.0,17.4061783616659
RhoA perturbation; Cdc42 response,EML_expr,R,0,1,0,24.0,27.546000784895835,2.5318502427937117,96.0,17.4061783616659
RhoA perturbation; Cdc42 response,EML_expr,R,0,1,0,24.33333,27.06587826302082,2.4677824051400767,96.0,17.4061783616659
RhoA perturbation; Cdc42 response,EML_expr,R,0,1,0,24.66667,25.482764552604163,2.4126124028827096,96.0,17.4061783616659
RhoA perturbation; Cdc42 response,EML_expr,R,0,1,0,25.0,25.59795988135417,2.287605835685528,96.0,17.4061783616659
RhoA perturbation; Cdc42 response,EML_expr,R,0,1,0,25.33333,24.447861462395817,2.167375122557263,96.0,17.4061783616659
RhoA perturbation; Cdc42 response,EML_expr,R,0,1,0,25.66667,24.01868832989582,2.1371376446013857,96.0,17.4061783616659
RhoA perturbation; Cdc42 response,EML_expr,R,0,1,0,26.0,22.78127678479167,2.086312559586399,96.0,17.4061783616659
RhoA perturbation; Cdc42 response,EML_expr,R,0,1,0,26.33333,21.891632093854167,2.0150716631938677,96.0,17.4061783616659
RhoA perturbation; Cdc42 response,EML_expr,R,0,1,0,26.66667,20.945023626458326,1.8698014129842881,96.0,17.4061783616659
RhoA perturbation; Cdc42 response,EML_expr,R,0,1,0,27.0,20.629967116875008,1.861930411470987,96.0,17.4061783616659
RhoA perturbation; Cdc42 response,EML_expr,R,0,1,0,27.33333,20.088517467916663,1.7512042470241485,96.0,17.4061783616659
RhoA perturbation; Cdc42 response,EML_expr,R,0,1,0,27.66667,18.69201190260416,1.76465998919581,96.0,17.4061783616659
RhoA perturbation; Cdc42 response,EML_expr,R,0,1,0,28.0,18.56528418562501,1.6893769747792127,96.0,17.4061783616659
RhoA perturbation; Cdc42 response,EML_expr,R,0,1,0,28.33333,17.870653391875,1.6870169662889802,96.0,17.4061783616659
RhoA perturbation; Cdc42 response,EML_expr,R,0,1,0,28.66667,17.339744944374996,1.588282207627887,96.0,17.4061783616659
RhoA perturbation; Cdc42 response,EML_expr,R,0,1,0,29.0,16.46350753833333,1.5832712268805966,96.0,17.4061783616659
RhoA perturbation; Cdc42 response,EML_expr,R,0,1,0,29.33333,15.708429160104162,1.5227800474289892,96.0,17.4061783616659
RhoA perturbation; Cdc42 response,EML_expr,R,0,1,0,29.66667,14.33290780020833,1.561889817872484,96.0,17.4061783616659
RhoA perturbation; Cdc42 response,EML_expr,R,0,1,0,30.0,14.203605272812503,1.520699141885573,96.0,17.4061783616659
RhoA perturbation; Cdc42 response,EML_expr,R,0,1,0,30.33333,13.213554077812503,1.4664462570194274,96.0,17.4061783616659
RhoA perturbation; Cdc42 response,EML_expr,R,0,1,0,30.66667,13.623335934583336,1.4679404139860608,96.0,17.4061783616659
RhoA perturbation; Cdc42 response,EML_expr,R,0,1,0,31.0,14.018861143125,1.424568590609521,96.0,17.4061783616659
RhoA perturbation; Cdc42 response,EML_expr,R,0,1,0,31.33333,12.624694368645834,1.4073758356256998,96.0,17.4061783616659
RhoA perturbation; Cdc42 response,EML_expr,R,0,1,0,31.66667,12.349149456979164,1.4168910701793418,96.0,17.4061783616659
RhoA perturbation; Cdc42 response,EML_expr,R,0,1,0,32.0,12.131231478541672,1.391732624306371,96.0,17.4061783616659
RhoA perturbation; Cdc42 response,EML_expr,R,0,1,0,32.33333,11.920231513020832,1.4139563056828284,96.0,17.4061783616659
RhoA perturbation; Cdc42 response,EML_expr,R,0,1,0,32.66667,11.742871103854158,1.2917756055122211,96.0,17.4061783616659
RhoA perturbation; Cdc42 response,EML_expr,R,0,1,0,33.0,11.112344080729164,1.4687470751248861,96.0,17.4061783616659
RhoA perturbation; Cdc42 response,EML_expr,R,0,1,0,33.33333,11.448311698749997,1.414622672158428,96.0,17.4061783616659
RhoA perturbation; Cdc42 response,EML_expr,R,0,1,0,33.66667,10.631778282604168,1.3965004285988596,96.0,17.4061783616659
RhoA perturbation; Cdc42 response,EML_expr,R,0,1,0,34.0,11.341713643020832,1.3230561965793761,96.0,17.4061783616659
RhoA perturbation; Cdc42 response,EML_expr,R,0,1,0,34.33333,10.709179328645837,1.4557604762070828,96.0,17.4061783616659
RhoA perturbation; Cdc42 response,EML_expr,R,0,1,0,34.66667,9.830198902812496,1.4290151201499555,96.0,17.4061783616659
RhoA perturbation; Cdc42 response,EML_expr,R,0,1,0,35.0,10.293112988541665,1.391162024914986,96.0,17.4061783616659
RhoA perturbation; Cdc42 response,EML_expr,R,0,1,0,35.33333,9.332255931770835,1.437777702942255,96.0,17.4061783616659
RhoA perturbation; Cdc42 response,EML_expr,R,0,1,0,35.66667,10.107261608437506,1.3874154515894122,96.0,17.4061783616659
RhoA perturbation; Cdc42 response,EML_expr,R,0,1,0,36.0,9.827691570208332,1.480774129190423,96.0,17.4061783616659
RhoA perturbation; Cdc42 response,EML_expr,R,0,1,0,36.33333,9.709041730833333,1.5384837646541616,96.0,17.4061783616659
RhoA perturbation; Cdc42 response,EML_expr,R,0,1,0,36.66667,9.315187174791669,1.7393612509974656,96.0,17.4061783616659
RhoA perturbation; Cdc42 response,EML_expr,R,0,1,0,37.0,9.948737530729167,1.4400767516664625,96.0,17.4061783616659
RhoA perturbation; Cdc42 response,EML_expr,R,0,1,0,37.33333,10.02341929479167,1.4218773780945793,96.0,17.4061783616659
RhoA perturbation; Cdc42 response,EML_expr,R,0,1,0,37.66667,9.403855300208333,1.3853093435826955,96.0,17.4061783616659
RhoA perturbation; Cdc42 response,EML_expr,R,0,1,0,38.0,9.14292041989584,1.5458551676916175,96.0,17.4061783616659
RhoA perturbation; Cdc42 response,EML_expr,R,0,1,0,38.33333,9.17049158197917,1.4355564822468991,96.0,17.4061783616659
RhoA perturbation; Cdc42 response,EML_expr,R,0,1,0,38.66667,7.807129513541668,1.498602070455668,96.0,17.4061783616659
RhoA perturbation; Cdc42 response,EML_expr,R,0,1,0,39.0,8.327797780416672,1.2036795151143105,96.0,17.4061783616659
RhoA perturbation; Cdc42 response,EML_expr,R,0,1,0,39.33333,8.926327779166662,1.3951379373455004,96.0,17.4061783616659
RhoA perturbation; Cdc42 response,EML_expr,R,0,1,0,39.66667,8.345374473020836,1.3024730221384018,96.0,17.4061783616659
RhoA perturbation; Cdc42 response,EML_expr,R,0,1,0,40.0,7.4125334264583325,1.2672893637109905,96.0,17.4061783616659
RhoA perturbation; Cdc42 response,EML_expr,(R+R),0,3,0,0.0,-0.027923615520833316,0.45900898728135897,96.0,-0.04675662899701728
RhoA perturbation; Cdc42 response,EML_expr,(R+R),0,3,0,0.3333333,9.572856721979164,1.7117579212037075,96.0,9.84521690742943
RhoA perturbation; Cdc42 response,EML_expr,(R+R),0,3,0,0.6666667,12.723626935312508,2.055170942837916,96.0,14.130618563368353
RhoA perturbation; Cdc42 response,EML_expr,(R+R),0,3,0,1.0,16.123369902708337,2.3761519061971845,96.0,15.987139472076802
RhoA perturbation; Cdc42 response,EML_expr,(R+R),0,3,0,1.333333,19.43115996822917,2.575528577353306,96.0,16.791421008298354
RhoA perturbation; Cdc42 response,EML_expr,(R+R),0,3,0,1.666667,21.223441842604178,2.6249579919655845,96.0,17.139852790842937
RhoA perturbation; Cdc42 response,EML_expr,(R+R),0,3,0,2.0,22.44582539614582,2.7499625308181033,96.0,17.29079985503016
RhoA perturbation; Cdc42 response,EML_expr,(R+R),0,3,0,2.333333,25.041849861666687,2.7677347746441052,96.0,17.356193192301607
RhoA perturbation; Cdc42 response,EML_expr,(R+R),0,3,0,2.666667,26.21257579843751,2.839828056336364,96.0,17.384522969930313
RhoA perturbation; Cdc42 response,EML_expr,(R+R),0,3,0,3.0,26.586747623541658,2.997138272755855,96.0,17.396795951260835
RhoA perturbation; Cdc42 response,EML_expr,(R+R),0,3,0,3.333333,28.537379678437492,2.997536296801952,96.0,17.40211285630827
RhoA perturbation; Cdc42 response,EML_expr,(R+R),0,3,0,3.666667,28.538720332499988,3.061047342985218,96.0,17.40441625209677
RhoA perturbation; Cdc42 response,EML_expr,(R+R),0,3,0,4.0,30.86264847822916,3.086591456183257,96.0,17.405414125566853
RhoA perturbation; Cdc42 response,EML_expr,(R+R),0,3,0,4.333334,30.073681551770832,3.221420673684088,96.0,17.40584642547214
RhoA perturbation; Cdc42 response,EML_expr,(R+R),0,3,0,4.666667,31.353581760729174,3.2429259411199145,96.0,17.406033705751444
RhoA perturbation; Cdc42 response,EML_expr,(R+R),0,3,0,5.0,31.513904618333342,3.3185235093304732,96.0,17.40611483937623
RhoA perturbation; Cdc42 response,EML_expr,(R+R),0,3,0,5.333334,32.65468524489584,3.318451354211551,96.0,17.406149988179525
RhoA perturbation; Cdc42 response,EML_expr,(R+R),0,3,0,5.666667,32.21263448333334,3.443925762912029,96.0,17.406165215288336
RhoA perturbation; Cdc42 response,EML_expr,(R+R),0,3,0,6.0,33.98101023406249,3.5208243092732365,96.0,17.406171811981473
RhoA perturbation; Cdc42 response,EML_expr,(R+R),0,3,0,6.333334,34.32541528458332,3.625770168494379,96.0,17.406174669808546
RhoA perturbation; Cdc42 response,EML_expr,(R+R),0,3,0,6.666667,35.020071923124995,3.6337098474294653,96.0,17.40617590787186
RhoA perturbation; Cdc42 response,EML_expr,(R+R),0,3,0,7.0,35.68365437302082,3.680654227050923,96.0,17.406176444226055
RhoA perturbation; Cdc42 response,EML_expr,(R+R),0,3,0,7.333334,34.79511669166665,3.7492912875266424,96.0,17.406176676586046
RhoA perturbation; Cdc42 response,EML_expr,(R+R),0,3,0,7.666667,36.316073593124976,3.754161885758576,96.0,17.406176777248675
RhoA perturbation; Cdc42 response,EML_expr,(R+R),0,3,0,8.0,36.42803883604166,3.7540435656026254,96.0,17.40617682085777
RhoA perturbation; Cdc42 response,EML_expr,(R+R),0,3,0,8.333333,38.05664679145834,3.818279822517446,96.0,17.406176839750117
RhoA perturbation; Cdc42 response,EML_expr,(R+R),0,3,0,8.666667,37.498483035,3.89908045696899,96.0,17.40617684793468
RhoA perturbation; Cdc42 response,EML_expr,(R+R),0,3,0,9.0,38.373461548125,3.940671824462212,96.0,17.406176851480385
RhoA perturbation; Cdc42 response,EML_expr,(R+R),0,3,0,9.333333,39.71396570666666,3.967479363055417,96.0,17.406176853016454
RhoA perturbation; Cdc42 response,EML_expr,(R+R),0,3,0,9.666667,39.59648601916666,3.8734463426419445,96.0,17.406176853681917
RhoA perturbation; Cdc42 response,EML_expr,(R+R),0,3,0,10.0,39.06948966406249,3.942890003765534,96.0,17.406176853970205
RhoA perturbation; Cdc42 response,EML_expr,(R+R),0,3,0,10.33333,38.990662630520845,4.005894386001017,96.0,17.406176854095097
RhoA perturbation; Cdc42 response,EML_expr,(R+R),0,3,0,10.66667,39.45031246177082,3.988341174717161,96.0,17.4061768541492
RhoA perturbation; Cdc42 response,EML_expr,(R+R),0,3,0,11.0,40.623721676354144,4.047509465116343,96.0,17.406176854172642
RhoA perturbation; Cdc42 response,EML_expr,(R+R),0,3,0,11.33333,40.7664319459375,4.065565791294083,96.0,17.406176854182796
RhoA perturbation; Cdc42 response,EML_expr,(R+R),0,3,0,11.66667,39.61090631427084,4.05057942385462,96.0,17.406176854187198
RhoA perturbation; Cdc42 response,EML_expr,(R+R),0,3,0,12.0,40.80843216510416,4.060803887249427,96.0,17.406176854189102
RhoA perturbation; Cdc42 response,EML_expr,(R+R),0,3,0,12.33333,40.69041874479168,4.1171645311356455,96.0,17.406176854189926
RhoA perturbation; Cdc42 response,EML_expr,(R+R),0,3,0,12.66667,41.37944060083334,4.085218575245882,96.0,17.406176854190285
RhoA perturbation; Cdc42 response,EML_expr,(R+R),0,3,0,13.0,41.696821155,4.0695263217148785,96.0,17.40617685419044
RhoA perturbation; Cdc42 response,EML_expr,(R+R),0,3,0,13.33333,40.61681270593751,4.080936214401611,96.0,17.40617685419051
RhoA perturbation; Cdc42 response,EML_expr,(R+R),0,3,0,13.66667,40.04831553375,4.03329878824528,96.0,17.406176854190537
RhoA perturbation; Cdc42 response,EML_expr,(R+R),0,3,0,14.0,42.655246395208344,3.9080439270441727,96.0,17.406176854190548
RhoA perturbation; Cdc42 response,EML_expr,(R+R),0,3,0,14.33333,42.664869551979166,4.035669535095019,96.0,17.406176854190555
RhoA perturbation; Cdc42 response,EML_expr,(R+R),0,3,0,14.66667,41.769536490104194,4.038248231195513,96.0,17.406176854190555
RhoA perturbation; Cdc42 response,EML_expr,(R+R),0,3,0,15.0,41.51994889124999,4.068766455442411,96.0,17.40617685419056
RhoA perturbation; Cdc42 response,EML_expr,(R+R),0,3,0,15.33333,44.23900240135416,4.041993409643368,96.0,17.40617685419056
RhoA perturbation; Cdc42 response,EML_expr,(R+R),0,3,0,15.66667,43.1206390258333,4.166837456238659,96.0,17.40617685419056
RhoA perturbation; Cdc42 response,EML_expr,(R+R),0,3,0,16.0,44.839397978854144,4.1520711466138955,96.0,17.40617685419056
RhoA perturbation; Cdc42 response,EML_expr,(R+R),0,3,0,16.33333,43.06918511302083,4.230287234171569,96.0,17.40617685419056
RhoA perturbation; Cdc42 response,EML_expr,(R+R),0,3,0,16.66667,44.09113680843748,4.289577947853359,96.0,17.40617685419056
RhoA perturbation; Cdc42 response,EML_expr,(R+R),0,3,0,17.0,44.53816757677084,4.342622278026322,96.0,17.40617685419056
RhoA perturbation; Cdc42 response,EML_expr,(R+R),0,3,0,17.33333,43.110703397187514,4.418435420544268,96.0,17.40617685419056
RhoA perturbation; Cdc42 response,EML_expr,(R+R),0,3,0,17.66667,42.82344298583332,4.336818418553825,96.0,17.40617685419056
RhoA perturbation; Cdc42 response,EML_expr,(R+R),0,3,0,18.0,44.090536348854165,4.30851623883757,96.0,17.40617685419056
RhoA perturbation; Cdc42 response,EML_expr,(R+R),0,3,0,18.33333,44.142052664375,4.218111446909127,96.0,17.40617685419056
RhoA perturbation; Cdc42 response,EML_expr,(R+R),0,3,0,18.66667,44.263298895312516,4.2360150986473375,96.0,17.40617685419056
RhoA perturbation; Cdc42 response,EML_expr,(R+R),0,3,0,19.0,43.36335120822915,4.265969838916123,96.0,17.40617685419056
RhoA perturbation; Cdc42 response,EML_expr,(R+R),0,3,0,19.33333,43.08669481947916,4.228434709868423,96.0,17.40617685419056
RhoA perturbation; Cdc42 response,EML_expr,(R+R),0,3,0,19.66667,44.81050446312499,4.269012995669736,96.0,17.40617685419056
RhoA perturbation; Cdc42 response,EML_expr,(R+R),0,3,0,20.0,44.510929666354166,4.220252827470473,96.0,17.40617685419056
RhoA perturbation; Cdc42 response,EML_expr,(R+R),0,3,0,20.33333,41.54642154458333,3.9541869881523812,96.0,17.40617685419056
RhoA perturbation; Cdc42 response,EML_expr,(R+R),0,3,0,20.66667,40.047226886562505,3.798215134748698,96.0,17.40617685419056
RhoA perturbation; Cdc42 response,EML_expr,(R+R),0,3,0,21.0,39.69214392583333,3.6206287350291313,96.0,17.40617685419056
RhoA perturbation; Cdc42 response,EML_expr,(R+R),0,3,0,21.33333,37.600583485520836,3.454382500683567,96.0,17.40617685419056
RhoA perturbation; Cdc42 response,EML_expr,(R+R),0,3,0,21.66667,35.40411080218749,3.3247934197075897,96.0,17.40617685419056
RhoA perturbation; Cdc42 response,EML_expr,(R+R),0,3,0,22.0,34.32286644083334,3.2697660006155878,96.0,17.40617685419056
RhoA perturbation; Cdc42 response,EML_expr,(R+R),0,3,0,22.33333,33.45373635354167,3.0377326972496514,96.0,17.40617685419056
RhoA perturbation; Cdc42 response,EML_expr,(R+R),0,3,0,22.66667,32.43612773666668,2.9611556203085705,96.0,17.40617685419056
RhoA perturbation; Cdc42 response,EML_expr,(R+R),0,3,0,23.0,31.586112918854173,2.8418174843343205,96.0,17.40617685419056
RhoA perturbation; Cdc42 response,EML_expr,(R+R),0,3,0,23.33333,30.50887267749999,2.744782090490418,96.0,17.40617685419056
RhoA perturbation; Cdc42 response,EML_expr,(R+R),0,3,0,23.66667,28.655807943750002,2.672413285493715,96.0,17.40617685419056
RhoA perturbation; Cdc42 response,EML_expr,(R+R),0,3,0,24.0,27.546000784895835,2.5318502427937117,96.0,17.40617685419056
RhoA perturbation; Cdc42 response,EML_expr,(R+R),0,3,0,24.33333,27.06587826302082,2.4677824051400767,96.0,17.40617685419056
RhoA perturbation; Cdc42 response,EML_expr,(R+R),0,3,0,24.66667,25.482764552604163,2.4126124028827096,96.0,17.40617685419056
RhoA perturbation; Cdc42 response,EML_expr,(R+R),0,3,0,25.0,25.59795988135417,2.287605835685528,96.0,17.40617685419056
RhoA perturbation; Cdc42 response,EML_expr,(R+R),0,3,0,25.33333,24.447861462395817,2.167375122557263,96.0,17.40617685419056
RhoA perturbation; Cdc42 response,EML_expr,(R+R),0,3,0,25.66667,24.01868832989582,2.1371376446013857,96.0,17.40617685419056
RhoA perturbation; Cdc42 response,EML_expr,(R+R),0,3,0,26.0,22.78127678479167,2.086312559586399,96.0,17.40617685419056
RhoA perturbation; Cdc42 response,EML_expr,(R+R),0,3,0,26.33333,21.891632093854167,2.0150716631938677,96.0,17.40617685419056
RhoA perturbation; Cdc42 response,EML_expr,(R+R),0,3,0,26.66667,20.945023626458326,1.8698014129842881,96.0,17.40617685419056
RhoA perturbation; Cdc42 response,EML_expr,(R+R),0,3,0,27.0,20.629967116875008,1.861930411470987,96.0,17.40617685419056
RhoA perturbation; Cdc42 response,EML_expr,(R+R),0,3,0,27.33333,20.088517467916663,1.7512042470241485,96.0,17.40617685419056
RhoA perturbation; Cdc42 response,EML_expr,(R+R),0,3,0,27.66667,18.69201190260416,1.76465998919581,96.0,17.40617685419056
RhoA perturbation; Cdc42 response,EML_expr,(R+R),0,3,0,28.0,18.56528418562501,1.6893769747792127,96.0,17.40617685419056
RhoA perturbation; Cdc42 response,EML_expr,(R+R),0,3,0,28.33333,17.870653391875,1.6870169662889802,96.0,17.40617685419056
RhoA perturbation; Cdc42 response,EML_expr,(R+R),0,3,0,28.66667,17.339744944374996,1.588282207627887,96.0,17.40617685419056
RhoA perturbation; Cdc42 response,EML_expr,(R+R),0,3,0,29.0,16.46350753833333,1.5832712268805966,96.0,17.40617685419056
RhoA perturbation; Cdc42 response,EML_expr,(R+R),0,3,0,29.33333,15.708429160104162,1.5227800474289892,96.0,17.40617685419056
RhoA perturbation; Cdc42 response,EML_expr,(R+R),0,3,0,29.66667,14.33290780020833,1.561889817872484,96.0,17.40617685419056
RhoA perturbation; Cdc42 response,EML_expr,(R+R),0,3,0,30.0,14.203605272812503,1.520699141885573,96.0,17.40617685419056
RhoA perturbation; Cdc42 response,EML_expr,(R+R),0,3,0,30.33333,13.213554077812503,1.4664462570194274,96.0,17.40617685419056
RhoA perturbation; Cdc42 response,EML_expr,(R+R),0,3,0,30.66667,13.623335934583336,1.4679404139860608,96.0,17.40617685419056
RhoA perturbation; Cdc42 response,EML_expr,(R+R),0,3,0,31.0,14.018861143125,1.424568590609521,96.0,17.40617685419056
RhoA perturbation; Cdc42 response,EML_expr,(R+R),0,3,0,31.33333,12.624694368645834,1.4073758356256998,96.0,17.40617685419056
RhoA perturbation; Cdc42 response,EML_expr,(R+R),0,3,0,31.66667,12.349149456979164,1.4168910701793418,96.0,17.40617685419056
RhoA perturbation; Cdc42 response,EML_expr,(R+R),0,3,0,32.0,12.131231478541672,1.391732624306371,96.0,17.40617685419056
RhoA perturbation; Cdc42 response,EML_expr,(R+R),0,3,0,32.33333,11.920231513020832,1.4139563056828284,96.0,17.40617685419056
RhoA perturbation; Cdc42 response,EML_expr,(R+R),0,3,0,32.66667,11.742871103854158,1.2917756055122211,96.0,17.40617685419056
RhoA perturbation; Cdc42 response,EML_expr,(R+R),0,3,0,33.0,11.112344080729164,1.4687470751248861,96.0,17.40617685419056
RhoA perturbation; Cdc42 response,EML_expr,(R+R),0,3,0,33.33333,11.448311698749997,1.414622672158428,96.0,17.40617685419056
RhoA perturbation; Cdc42 response,EML_expr,(R+R),0,3,0,33.66667,10.631778282604168,1.3965004285988596,96.0,17.40617685419056
RhoA perturbation; Cdc42 response,EML_expr,(R+R),0,3,0,34.0,11.341713643020832,1.3230561965793761,96.0,17.40617685419056
RhoA perturbation; Cdc42 response,EML_expr,(R+R),0,3,0,34.33333,10.709179328645837,1.4557604762070828,96.0,17.40617685419056
RhoA perturbation; Cdc42 response,EML_expr,(R+R),0,3,0,34.66667,9.830198902812496,1.4290151201499555,96.0,17.40617685419056
RhoA perturbation; Cdc42 response,EML_expr,(R+R),0,3,0,35.0,10.293112988541665,1.391162024914986,96.0,17.40617685419056
RhoA perturbation; Cdc42 response,EML_expr,(R+R),0,3,0,35.33333,9.332255931770835,1.437777702942255,96.0,17.40617685419056
RhoA perturbation; Cdc42 response,EML_expr,(R+R),0,3,0,35.66667,10.107261608437506,1.3874154515894122,96.0,17.40617685419056
RhoA perturbation; Cdc42 response,EML_expr,(R+R),0,3,0,36.0,9.827691570208332,1.480774129190423,96.0,17.40617685419056
RhoA perturbation; Cdc42 response,EML_expr,(R+R),0,3,0,36.33333,9.709041730833333,1.5384837646541616,96.0,17.40617685419056
RhoA perturbation; Cdc42 response,EML_expr,(R+R),0,3,0,36.66667,9.315187174791669,1.7393612509974656,96.0,17.40617685419056
RhoA perturbation; Cdc42 response,EML_expr,(R+R),0,3,0,37.0,9.948737530729167,1.4400767516664625,96.0,17.40617685419056
RhoA perturbation; Cdc42 response,EML_expr,(R+R),0,3,0,37.33333,10.02341929479167,1.4218773780945793,96.0,17.40617685419056
RhoA perturbation; Cdc42 response,EML_expr,(R+R),0,3,0,37.66667,9.403855300208333,1.3853093435826955,96.0,17.40617685419056
RhoA perturbation; Cdc42 response,EML_expr,(R+R),0,3,0,38.0,9.14292041989584,1.5458551676916175,96.0,17.40617685419056
RhoA perturbation; Cdc42 response,EML_expr,(R+R),0,3,0,38.33333,9.17049158197917,1.4355564822468991,96.0,17.40617685419056
RhoA perturbation; Cdc42 response,EML_expr,(R+R),0,3,0,38.66667,7.807129513541668,1.498602070455668,96.0,17.40617685419056
RhoA perturbation; Cdc42 response,EML_expr,(R+R),0,3,0,39.0,8.327797780416672,1.2036795151143105,96.0,17.40617685419056
RhoA perturbation; Cdc42 response,EML_expr,(R+R),0,3,0,39.33333,8.926327779166662,1.3951379373455004,96.0,17.40617685419056
RhoA perturbation; Cdc42 response,EML_expr,(R+R),0,3,0,39.66667,8.345374473020836,1.3024730221384018,96.0,17.40617685419056
RhoA perturbation; Cdc42 response,EML_expr,(R+R),0,3,0,40.0,7.4125334264583325,1.2672893637109905,96.0,17.40617685419056
RhoA perturbation; Cdc42 response,EML_expr,((R+R)+R),0,5,0,0.0,-0.027923615520833316,0.45900898728135897,96.0,-0.04675855906127416
RhoA perturbation; Cdc42 response,EML_expr,((R+R)+R),0,5,0,0.3333333,9.572856721979164,1.7117579212037075,96.0,9.845255161094297
RhoA perturbation; Cdc42 response,EML_expr,((R+R)+R),0,5,0,0.6666667,12.723626935312508,2.055170942837916,96.0,14.130651863062667
RhoA perturbation; Cdc42 response,EML_expr,((R+R)+R),0,5,0,1.0,16.123369902708337,2.3761519061971845,96.0,15.987160937841217
RhoA perturbation; Cdc42 response,EML_expr,((R+R)+R),0,5,0,1.333333,19.43115996822917,2.575528577353306,96.0,16.791433150460527
RhoA perturbation; Cdc42 response,EML_expr,((R+R)+R),0,5,0,1.666667,21.223441842604178,2.6249579919655845,96.0,17.139859075641603
RhoA perturbation; Cdc42 response,EML_expr,((R+R)+R),0,5,0,2.0,22.44582539614582,2.7499625308181033,96.0,17.29080281464477
RhoA perturbation; Cdc42 response,EML_expr,((R+R)+R),0,5,0,2.333333,25.041849861666687,2.7677347746441052,96.0,17.35619437014825
RhoA perturbation; Cdc42 response,EML_expr,((R+R)+R),0,5,0,2.666667,26.21257579843751,2.839828056336364,96.0,17.384523228049638
RhoA perturbation; Cdc42 response,EML_expr,((R+R)+R),0,5,0,3.0,26.586747623541658,2.997138272755855,96.0,17.39679574689594
RhoA perturbation; Cdc42 response,EML_expr,((R+R)+R),0,5,0,3.333333,28.537379678437492,2.997536296801952,96.0,17.402112423841967
RhoA perturbation; Cdc42 response,EML_expr,((R+R)+R),0,5,0,3.666667,28.538720332499988,3.061047342985218,96.0,17.40441570879294
RhoA perturbation; Cdc42 response,EML_expr,((R+R)+R),0,5,0,4.0,30.86264847822916,3.086591456183257,96.0,17.40541352903926
RhoA perturbation; Cdc42 response,EML_expr,((R+R)+R),0,5,0,4.333334,30.073681551770832,3.221420673684088,96.0,17.405845803631163
RhoA perturbation; Cdc42 response,EML_expr,((R+R)+R),0,5,0,4.666667,31.353581760729174,3.2429259411199145,96.0,17.40603307196702
RhoA perturbation; Cdc42 response,EML_expr,((R+R)+R),0,5,0,5.0,31.513904618333342,3.3185235093304732,96.0,17.406114199994317
RhoA perturbation; Cdc42 response,EML_expr,((R+R)+R),0,5,0,5.333334,32.65468524489584,3.318451354211551,96.0,17.406149346189256
RhoA perturbation; Cdc42 response,EML_expr,((R+R)+R),0,5,0,5.666667,32.21263448333334,3.443925762912029,96.0,17.406164572088628
RhoA perturbation; Cdc42 response,EML_expr,((R+R)+R),0,5,0,6.0,33.98101023406249,3.5208243092732365,96.0,17.40617116822339
RhoA perturbation; Cdc42 response,EML_expr,((R+R)+R),0,5,0,6.333334,34.32541528458332,3.625770168494379,96.0,17.406174025793653
RhoA perturbation; Cdc42 response,EML_expr,((R+R)+R),0,5,0,6.666667,35.020071923124995,3.6337098474294653,96.0,17.40617526373925
RhoA perturbation; Cdc42 response,EML_expr,((R+R)+R),0,5,0,7.0,35.68365437302082,3.680654227050923,96.0,17.406175800039655
RhoA perturbation; Cdc42 response,EML_expr,((R+R)+R),0,5,0,7.333334,34.79511669166665,3.7492912875266424,96.0,17.406176032375125
RhoA perturbation; Cdc42 response,EML_expr,((R+R)+R),0,5,0,7.666667,36.316073593124976,3.754161885758576,96.0,17.406176133026605
RhoA perturbation; Cdc42 response,EML_expr,((R+R)+R),0,5,0,8.0,36.42803883604166,3.7540435656026254,96.0,17.406176176630645
RhoA perturbation; Cdc42 response,EML_expr,((R+R)+R),0,5,0,8.333333,38.05664679145834,3.818279822517446,96.0,17.406176195520704
RhoA perturbation; Cdc42 response,EML_expr,((R+R)+R),0,5,0,8.666667,37.498483035,3.89908045696899,96.0,17.406176203704234
RhoA perturbation; Cdc42 response,EML_expr,((R+R)+R),0,5,0,9.0,38.373461548125,3.940671824462212,96.0,17.406176207249473
RhoA perturbation; Cdc42 response,EML_expr,((R+R)+R),0,5,0,9.333333,39.71396570666666,3.967479363055417,96.0,17.406176208785332
RhoA perturbation; Cdc42 response,EML_expr,((R+R)+R),0,5,0,9.666667,39.59648601916666,3.8734463426419445,96.0,17.406176209450695
RhoA perturbation; Cdc42 response,EML_expr,((R+R)+R),0,5,0,10.0,39.06948966406249,3.942890003765534,96.0,17.40617620973894
RhoA perturbation; Cdc42 response,EML_expr,((R+R)+R),0,5,0,10.33333,38.990662630520845,4.005894386001017,96.0,17.406176209863816
RhoA perturbation; Cdc42 response,EML_expr,((R+R)+R),0,5,0,10.66667,39.45031246177082,3.988341174717161,96.0,17.406176209917913
RhoA perturbation; Cdc42 response,EML_expr,((R+R)+R),0,5,0,11.0,40.623721676354144,4.047509465116343,96.0,17.40617620994135
RhoA perturbation; Cdc42 response,EML_expr,((R+R)+R),0,5,0,11.33333,40.7664319459375,4.065565791294083,96.0,17.4061762099515
RhoA perturbation; Cdc42 response,EML_expr,((R+R)+R),0,5,0,11.66667,39.61090631427084,4.05057942385462,96.0,17.406176209955902
RhoA perturbation; Cdc42 response,EML_expr,((R+R)+R),0,5,0,12.0,40.80843216510416,4.060803887249427,96.0,17.406176209957806
RhoA perturbation; Cdc42 response,EML_expr,((R+R)+R),0,5,0,12.33333,40.69041874479168,4.1171645311356455,96.0,17.406176209958634
RhoA perturbation; Cdc42 response,EML_expr,((R+R)+R),0,5,0,12.66667,41.37944060083334,4.085218575245882,96.0,17.40617620995899
RhoA perturbation; Cdc42 response,EML_expr,((R+R)+R),0,5,0,13.0,41.696821155,4.0695263217148785,96.0,17.406176209959145
RhoA perturbation; Cdc42 response,EML_expr,((R+R)+R),0,5,0,13.33333,40.61681270593751,4.080936214401611,96.0,17.40617620995921
RhoA perturbation; Cdc42 response,EML_expr,((R+R)+R),0,5,0,13.66667,40.04831553375,4.03329878824528,96.0,17.40617620995924
RhoA perturbation; Cdc42 response,EML_expr,((R+R)+R),0,5,0,14.0,42.655246395208344,3.9080439270441727,96.0,17.406176209959252
RhoA perturbation; Cdc42 response,EML_expr,((R+R)+R),0,5,0,14.33333,42.664869551979166,4.035669535095019,96.0,17.40617620995926
RhoA perturbation; Cdc42 response,EML_expr,((R+R)+R),0,5,0,14.66667,41.769536490104194,4.038248231195513,96.0,17.40617620995926
RhoA perturbation; Cdc42 response,EML_expr,((R+R)+R),0,5,0,15.0,41.51994889124999,4.068766455442411,96.0,17.406176209959263
RhoA perturbation; Cdc42 response,EML_expr,((R+R)+R),0,5,0,15.33333,44.23900240135416,4.041993409643368,96.0,17.406176209959263
RhoA perturbation; Cdc42 response,EML_expr,((R+R)+R),0,5,0,15.66667,43.1206390258333,4.166837456238659,96.0,17.406176209959263
RhoA perturbation; Cdc42 response,EML_expr,((R+R)+R),0,5,0,16.0,44.839397978854144,4.1520711466138955,96.0,17.406176209959263
RhoA perturbation; Cdc42 response,EML_expr,((R+R)+R),0,5,0,16.33333,43.06918511302083,4.230287234171569,96.0,17.406176209959263
RhoA perturbation; Cdc42 response,EML_expr,((R+R)+R),0,5,0,16.66667,44.09113680843748,4.289577947853359,96.0,17.406176209959263
RhoA perturbation; Cdc42 response,EML_expr,((R+R)+R),0,5,0,17.0,44.53816757677084,4.342622278026322,96.0,17.406176209959263
RhoA perturbation; Cdc42 response,EML_expr,((R+R)+R),0,5,0,17.33333,43.110703397187514,4.418435420544268,96.0,17.406176209959263
RhoA perturbation; Cdc42 response,EML_expr,((R+R)+R),0,5,0,17.66667,42.82344298583332,4.336818418553825,96.0,17.406176209959263
RhoA perturbation; Cdc42 response,EML_expr,((R+R)+R),0,5,0,18.0,44.090536348854165,4.30851623883757,96.0,17.406176209959263
RhoA perturbation; Cdc42 response,EML_expr,((R+R)+R),0,5,0,18.33333,44.142052664375,4.218111446909127,96.0,17.406176209959263
RhoA perturbation; Cdc42 response,EML_expr,((R+R)+R),0,5,0,18.66667,44.263298895312516,4.2360150986473375,96.0,17.406176209959263
RhoA perturbation; Cdc42 response,EML_expr,((R+R)+R),0,5,0,19.0,43.36335120822915,4.265969838916123,96.0,17.406176209959263
RhoA perturbation; Cdc42 response,EML_expr,((R+R)+R),0,5,0,19.33333,43.08669481947916,4.228434709868423,96.0,17.406176209959263
RhoA perturbation; Cdc42 response,EML_expr,((R+R)+R),0,5,0,19.66667,44.81050446312499,4.269012995669736,96.0,17.406176209959263
RhoA perturbation; Cdc42 response,EML_expr,((R+R)+R),0,5,0,20.0,44.510929666354166,4.220252827470473,96.0,17.406176209959263
RhoA perturbation; Cdc42 response,EML_expr,((R+R)+R),0,5,0,20.33333,41.54642154458333,3.9541869881523812,96.0,17.406176209959263
RhoA perturbation; Cdc42 response,EML_expr,((R+R)+R),0,5,0,20.66667,40.047226886562505,3.798215134748698,96.0,17.406176209959263
RhoA perturbation; Cdc42 response,EML_expr,((R+R)+R),0,5,0,21.0,39.69214392583333,3.6206287350291313,96.0,17.406176209959263
RhoA perturbation; Cdc42 response,EML_expr,((R+R)+R),0,5,0,21.33333,37.600583485520836,3.454382500683567,96.0,17.406176209959263
RhoA perturbation; Cdc42 response,EML_expr,((R+R)+R),0,5,0,21.66667,35.40411080218749,3.3247934197075897,96.0,17.406176209959263
RhoA perturbation; Cdc42 response,EML_expr,((R+R)+R),0,5,0,22.0,34.32286644083334,3.2697660006155878,96.0,17.406176209959263
RhoA perturbation; Cdc42 response,EML_expr,((R+R)+R),0,5,0,22.33333,33.45373635354167,3.0377326972496514,96.0,17.406176209959263
RhoA perturbation; Cdc42 response,EML_expr,((R+R)+R),0,5,0,22.66667,32.43612773666668,2.9611556203085705,96.0,17.406176209959263
RhoA perturbation; Cdc42 response,EML_expr,((R+R)+R),0,5,0,23.0,31.586112918854173,2.8418174843343205,96.0,17.406176209959263
RhoA perturbation; Cdc42 response,EML_expr,((R+R)+R),0,5,0,23.33333,30.50887267749999,2.744782090490418,96.0,17.406176209959263
RhoA perturbation; Cdc42 response,EML_expr,((R+R)+R),0,5,0,23.66667,28.655807943750002,2.672413285493715,96.0,17.406176209959263
RhoA perturbation; Cdc42 response,EML_expr,((R+R)+R),0,5,0,24.0,27.546000784895835,2.5318502427937117,96.0,17.406176209959263
RhoA perturbation; Cdc42 response,EML_expr,((R+R)+R),0,5,0,24.33333,27.06587826302082,2.4677824051400767,96.0,17.406176209959263
RhoA perturbation; Cdc42 response,EML_expr,((R+R)+R),0,5,0,24.66667,25.482764552604163,2.4126124028827096,96.0,17.406176209959263
RhoA perturbation; Cdc42 response,EML_expr,((R+R)+R),0,5,0,25.0,25.59795988135417,2.287605835685528,96.0,17.406176209959263
RhoA perturbation; Cdc42 response,EML_expr,((R+R)+R),0,5,0,25.33333,24.447861462395817,2.167375122557263,96.0,17.406176209959263
RhoA perturbation; Cdc42 response,EML_expr,((R+R)+R),0,5,0,25.66667,24.01868832989582,2.1371376446013857,96.0,17.406176209959263
RhoA perturbation; Cdc42 response,EML_expr,((R+R)+R),0,5,0,26.0,22.78127678479167,2.086312559586399,96.0,17.406176209959263
RhoA perturbation; Cdc42 response,EML_expr,((R+R)+R),0,5,0,26.33333,21.891632093854167,2.0150716631938677,96.0,17.406176209959263
RhoA perturbation; Cdc42 response,EML_expr,((R+R)+R),0,5,0,26.66667,20.945023626458326,1.8698014129842881,96.0,17.406176209959263
RhoA perturbation; Cdc42 response,EML_expr,((R+R)+R),0,5,0,27.0,20.629967116875008,1.861930411470987,96.0,17.406176209959263
RhoA perturbation; Cdc42 response,EML_expr,((R+R)+R),0,5,0,27.33333,20.088517467916663,1.7512042470241485,96.0,17.406176209959263
RhoA perturbation; Cdc42 response,EML_expr,((R+R)+R),0,5,0,27.66667,18.69201190260416,1.76465998919581,96.0,17.406176209959263
RhoA perturbation; Cdc42 response,EML_expr,((R+R)+R),0,5,0,28.0,18.56528418562501,1.6893769747792127,96.0,17.406176209959263
RhoA perturbation; Cdc42 response,EML_expr,((R+R)+R),0,5,0,28.33333,17.870653391875,1.6870169662889802,96.0,17.406176209959263
RhoA perturbation; Cdc42 response,EML_expr,((R+R)+R),0,5,0,28.66667,17.339744944374996,1.588282207627887,96.0,17.406176209959263
RhoA perturbation; Cdc42 response,EML_expr,((R+R)+R),0,5,0,29.0,16.46350753833333,1.5832712268805966,96.0,17.406176209959263
RhoA perturbation; Cdc42 response,EML_expr,((R+R)+R),0,5,0,29.33333,15.708429160104162,1.5227800474289892,96.0,17.406176209959263
RhoA perturbation; Cdc42 response,EML_expr,((R+R)+R),0,5,0,29.66667,14.33290780020833,1.561889817872484,96.0,17.406176209959263
RhoA perturbation; Cdc42 response,EML_expr,((R+R)+R),0,5,0,30.0,14.203605272812503,1.520699141885573,96.0,17.406176209959263
RhoA perturbation; Cdc42 response,EML_expr,((R+R)+R),0,5,0,30.33333,13.213554077812503,1.4664462570194274,96.0,17.406176209959263
RhoA perturbation; Cdc42 response,EML_expr,((R+R)+R),0,5,0,30.66667,13.623335934583336,1.4679404139860608,96.0,17.406176209959263
RhoA perturbation; Cdc42 response,EML_expr,((R+R)+R),0,5,0,31.0,14.018861143125,1.424568590609521,96.0,17.406176209959263
RhoA perturbation; Cdc42 response,EML_expr,((R+R)+R),0,5,0,31.33333,12.624694368645834,1.4073758356256998,96.0,17.406176209959263
RhoA perturbation; Cdc42 response,EML_expr,((R+R)+R),0,5,0,31.66667,12.349149456979164,1.4168910701793418,96.0,17.406176209959263
RhoA perturbation; Cdc42 response,EML_expr,((R+R)+R),0,5,0,32.0,12.131231478541672,1.391732624306371,96.0,17.406176209959263
RhoA perturbation; Cdc42 response,EML_expr,((R+R)+R),0,5,0,32.33333,11.920231513020832,1.4139563056828284,96.0,17.406176209959263
RhoA perturbation; Cdc42 response,EML_expr,((R+R)+R),0,5,0,32.66667,11.742871103854158,1.2917756055122211,96.0,17.406176209959263
RhoA perturbation; Cdc42 response,EML_expr,((R+R)+R),0,5,0,33.0,11.112344080729164,1.4687470751248861,96.0,17.406176209959263
RhoA perturbation; Cdc42 response,EML_expr,((R+R)+R),0,5,0,33.33333,11.448311698749997,1.414622672158428,96.0,17.406176209959263
RhoA perturbation; Cdc42 response,EML_expr,((R+R)+R),0,5,0,33.66667,10.631778282604168,1.3965004285988596,96.0,17.406176209959263
RhoA perturbation; Cdc42 response,EML_expr,((R+R)+R),0,5,0,34.0,11.341713643020832,1.3230561965793761,96.0,17.406176209959263
RhoA perturbation; Cdc42 response,EML_expr,((R+R)+R),0,5,0,34.33333,10.709179328645837,1.4557604762070828,96.0,17.406176209959263
RhoA perturbation; Cdc42 response,EML_expr,((R+R)+R),0,5,0,34.66667,9.830198902812496,1.4290151201499555,96.0,17.406176209959263
RhoA perturbation; Cdc42 response,EML_expr,((R+R)+R),0,5,0,35.0,10.293112988541665,1.391162024914986,96.0,17.406176209959263
RhoA perturbation; Cdc42 response,EML_expr,((R+R)+R),0,5,0,35.33333,9.332255931770835,1.437777702942255,96.0,17.406176209959263
RhoA perturbation; Cdc42 response,EML_expr,((R+R)+R),0,5,0,35.66667,10.107261608437506,1.3874154515894122,96.0,17.406176209959263
RhoA perturbation; Cdc42 response,EML_expr,((R+R)+R),0,5,0,36.0,9.827691570208332,1.480774129190423,96.0,17.406176209959263
RhoA perturbation; Cdc42 response,EML_expr,((R+R)+R),0,5,0,36.33333,9.709041730833333,1.5384837646541616,96.0,17.406176209959263
RhoA perturbation; Cdc42 response,EML_expr,((R+R)+R),0,5,0,36.66667,9.315187174791669,1.7393612509974656,96.0,17.406176209959263
RhoA perturbation; Cdc42 response,EML_expr,((R+R)+R),0,5,0,37.0,9.948737530729167,1.4400767516664625,96.0,17.406176209959263
RhoA perturbation; Cdc42 response,EML_expr,((R+R)+R),0,5,0,37.33333,10.02341929479167,1.4218773780945793,96.0,17.406176209959263
RhoA perturbation; Cdc42 response,EML_expr,((R+R)+R),0,5,0,37.66667,9.403855300208333,1.3853093435826955,96.0,17.406176209959263
RhoA perturbation; Cdc42 response,EML_expr,((R+R)+R),0,5,0,38.0,9.14292041989584,1.5458551676916175,96.0,17.406176209959263
RhoA perturbation; Cdc42 response,EML_expr,((R+R)+R),0,5,0,38.33333,9.17049158197917,1.4355564822468991,96.0,17.406176209959263
RhoA perturbation; Cdc42 response,EML_expr,((R+R)+R),0,5,0,38.66667,7.807129513541668,1.498602070455668,96.0,17.406176209959263
RhoA perturbation; Cdc42 response,EML_expr,((R+R)+R),0,5,0,39.0,8.327797780416672,1.2036795151143105,96.0,17.406176209959263
RhoA perturbation; Cdc42 response,EML_expr,((R+R)+R),0,5,0,39.33333,8.926327779166662,1.3951379373455004,96.0,17.406176209959263
RhoA perturbation; Cdc42 response,EML_expr,((R+R)+R),0,5,0,39.66667,8.345374473020836,1.3024730221384018,96.0,17.406176209959263
RhoA perturbation; Cdc42 response,EML_expr,((R+R)+R),0,5,0,40.0,7.4125334264583325,1.2672893637109905,96.0,17.406176209959263
RhoA perturbation; Cdc42 response,EML_expr,G(R),1,2,1,0.0,-0.027923615520833316,0.45900898728135897,96.0,1.1675613256862907
RhoA perturbation; Cdc42 response,EML_expr,G(R),1,2,1,0.3333333,9.572856721979164,1.7117579212037075,96.0,5.002833828275299
RhoA perturbation; Cdc42 response,EML_expr,G(R),1,2,1,0.6666667,12.723626935312508,2.055170942837916,96.0,8.48663700896935
RhoA perturbation; Cdc42 response,EML_expr,G(R),1,2,1,1.0,16.123369902708337,2.3761519061971845,96.0,11.651178069842441
RhoA perturbation; Cdc42 response,EML_expr,G(R),1,2,1,1.333333,19.43115996822917,2.575528577353306,96.0,14.525713217450612
RhoA perturbation; Cdc42 response,EML_expr,G(R),1,2,1,1.666667,21.223441842604178,2.6249579919655845,96.0,17.136829196780585
RhoA perturbation; Cdc42 response,EML_expr,G(R),1,2,1,2.0,22.44582539614582,2.7499625308181033,96.0,19.508651202255272
RhoA perturbation; Cdc42 response,EML_expr,G(R),1,2,1,2.333333,25.041849861666687,2.7677347746441052,96.0,21.66311594869861
RhoA perturbation; Cdc42 response,EML_expr,G(R),1,2,1,2.666667,26.21257579843751,2.839828056336364,96.0,23.62014796864876
RhoA perturbation; Cdc42 response,EML_expr,G(R),1,2,1,3.0,26.586747623541658,2.997138272755855,96.0,25.397829100808742
RhoA perturbation; Cdc42 response,EML_expr,G(R),1,2,1,3.333333,28.537379678437492,2.997536296801952,96.0,27.012600917924786
RhoA perturbation; Cdc42 response,EML_expr,G(R),1,2,1,3.666667,28.538720332499988,3.061047342985218,96.0,28.47939686166258
RhoA perturbation; Cdc42 response,EML_expr,G(R),1,2,1,4.0,30.86264847822916,3.086591456183257,96.0,29.81176927423961
RhoA perturbation; Cdc42 response,EML_expr,G(R),1,2,1,4.333334,30.073681551770832,3.221420673684088,96.0,31.022044577289254
RhoA perturbation; Cdc42 response,EML_expr,G(R),1,2,1,4.666667,31.353581760729174,3.2429259411199145,96.0,32.121405011364
RhoA perturbation; Cdc42 response,EML_expr,G(R),1,2,1,5.0,31.513904618333342,3.3185235093304732,96.0,33.1200184374059
RhoA perturbation; Cdc42 response,EML_expr,G(R),1,2,1,5.333334,32.65468524489584,3.318451354211551,96.0,34.02712005210737
RhoA perturbation; Cdc42 response,EML_expr,G(R),1,2,1,5.666667,32.21263448333334,3.443925762912029,96.0,34.85109094730392
RhoA perturbation; Cdc42 response,EML_expr,G(R),1,2,1,6.0,33.98101023406249,3.5208243092732365,96.0,35.599551937082566
RhoA perturbation; Cdc42 response,EML_expr,G(R),1,2,1,6.333334,34.32541528458332,3.625770168494379,96.0,36.27942480346316
RhoA perturbation; Cdc42 response,EML_expr,G(R),1,2,1,6.666667,35.020071923124995,3.6337098474294653,96.0,36.89699117668127
RhoA perturbation; Cdc42 response,EML_expr,G(R),1,2,1,7.0,35.68365437302082,3.680654227050923,96.0,37.45796285862709
RhoA perturbation; Cdc42 response,EML_expr,G(R),1,2,1,7.333334,34.79511669166665,3.7492912875266424,96.0,37.96752772649771
RhoA perturbation; Cdc42 response,EML_expr,G(R),1,2,1,7.666667,36.316073593124976,3.754161885758576,96.0,38.430393863582296
RhoA perturbation; Cdc42 response,EML_expr,G(R),1,2,1,8.0,36.42803883604166,3.7540435656026254,96.0,38.850842266695736
RhoA perturbation; Cdc42 response,EML_expr,G(R),1,2,1,8.333333,38.05664679145834,3.818279822517446,96.0,39.23276015940245
RhoA perturbation; Cdc42 response,EML_expr,G(R),1,2,1,8.666667,37.498483035,3.89908045696899,96.0,39.57967952591927
RhoA perturbation; Cdc42 response,EML_expr,G(R),1,2,1,9.0,38.373461548125,3.940671824462212,96.0,39.89480569961035
RhoA perturbation; Cdc42 response,EML_expr,G(R),1,2,1,9.333333,39.71396570666666,3.967479363055417,96.0,40.181053246994566
RhoA perturbation; Cdc42 response,EML_expr,G(R),1,2,1,9.666667,39.59648601916666,3.8734463426419445,96.0,40.44106939104515
RhoA perturbation; Cdc42 response,EML_expr,G(R),1,2,1,10.0,39.06948966406249,3.942890003765534,96.0,40.677256529847035
RhoA perturbation; Cdc42 response,EML_expr,G(R),1,2,1,10.33333,38.990662630520845,4.005894386001017,96.0,40.89179729209069
RhoA perturbation; Cdc42 response,EML_expr,G(R),1,2,1,10.66667,39.45031246177082,3.988341174717161,96.0,41.08668296172395
RhoA perturbation; Cdc42 response,EML_expr,G(R),1,2,1,11.0,40.623721676354144,4.047509465116343,96.0,41.26370360494122
RhoA perturbation; Cdc42 response,EML_expr,G(R),1,2,1,11.33333,40.7664319459375,4.065565791294083,96.0,41.42450195500267
RhoA perturbation; Cdc42 response,EML_expr,G(R),1,2,1,11.66667,39.61090631427084,4.05057942385462,96.0,41.570568808685344
RhoA perturbation; Cdc42 response,EML_expr,G(R),1,2,1,12.0,40.80843216510416,4.060803887249427,96.0,41.70324582100565
RhoA perturbation; Cdc42 response,EML_expr,G(R),1,2,1,12.33333,40.69041874479168,4.1171645311356455,96.0,41.82376422086748
RhoA perturbation; Cdc42 response,EML_expr,G(R),1,2,1,12.66667,41.37944060083334,4.085218575245882,96.0,41.93324136023604
RhoA perturbation; Cdc42 response,EML_expr,G(R),1,2,1,13.0,41.696821155,4.0695263217148785,96.0,42.03268280478894
RhoA perturbation; Cdc42 response,EML_expr,G(R),1,2,1,13.33333,40.61681270593751,4.080936214401611,96.0,42.1230113242556
RhoA perturbation; Cdc42 response,EML_expr,G(R),1,2,1,13.66667,40.04831553375,4.03329878824528,96.0,42.205064158807865
RhoA perturbation; Cdc42 response,EML_expr,G(R),1,2,1,14.0,42.655246395208344,3.9080439270441727,96.0,42.27959393145842
RhoA perturbation; Cdc42 response,EML_expr,G(R),1,2,1,14.33333,42.664869551979166,4.035669535095019,96.0,42.34728796275988
RhoA perturbation; Cdc42 response,EML_expr,G(R),1,2,1,14.66667,41.769536490104194,4.038248231195513,96.0,42.408758747315
RhoA perturbation; Cdc42 response,EML_expr,G(R),1,2,1,15.0,41.51994889124999,4.068766455442411,96.0,42.46452500114092
RhoA perturbation; Cdc42 response,EML_expr,G(R),1,2,1,15.33333,44.23900240135416,4.041993409643368,96.0,42.514981965590906
RhoA perturbation; Cdc42 response,EML_expr,G(R),1,2,1,15.66667,43.1206390258333,4.166837456238659,96.0,42.56030876028435
RhoA perturbation; Cdc42 response,EML_expr,G(R),1,2,1,16.0,44.839397978854144,4.1520711466138955,96.0,42.60031170273255
RhoA perturbation; Cdc42 response,EML_expr,G(R),1,2,1,16.33333,43.06918511302083,4.230287234171569,96.0,42.63419797221409
RhoA perturbation; Cdc42 response,EML_expr,G(R),1,2,1,16.66667,44.09113680843748,4.289577947853359,96.0,42.66025990243272
RhoA perturbation; Cdc42 response,EML_expr,G(R),1,2,1,17.0,44.53816757677084,4.342622278026322,96.0,42.67552048290517
RhoA perturbation; Cdc42 response,EML_expr,G(R),1,2,1,17.33333,43.110703397187514,4.418435420544268,96.0,42.675407474865835
RhoA perturbation; Cdc42 response,EML_expr,G(R),1,2,1,17.66667,42.82344298583332,4.336818418553825,96.0,42.65352494093666
RhoA perturbation; Cdc42 response,EML_expr,G(R),1,2,1,18.0,44.090536348854165,4.30851623883757,96.0,42.601623521710806
RhoA perturbation; Cdc42 response,EML_expr,G(R),1,2,1,18.33333,44.142052664375,4.218111446909127,96.0,42.50981119758937
RhoA perturbation; Cdc42 response,EML_expr,G(R),1,2,1,18.66667,44.263298895312516,4.2360150986473375,96.0,42.36702599434064
RhoA perturbation; Cdc42 response,EML_expr,G(R),1,2,1,19.0,43.36335120822915,4.265969838916123,96.0,42.16175467808359
RhoA perturbation; Cdc42 response,EML_expr,G(R),1,2,1,19.33333,43.08669481947916,4.228434709868423,96.0,41.88285048103267
RhoA perturbation; Cdc42 response,EML_expr,G(R),1,2,1,19.66667,44.81050446312499,4.269012995669736,96.0,41.52041363708932
RhoA perturbation; Cdc42 response,EML_expr,G(R),1,2,1,20.0,44.510929666354166,4.220252827470473,96.0,41.06663486637277
RhoA perturbation; Cdc42 response,EML_expr,G(R),1,2,1,20.33333,41.54642154458333,3.9541869881523812,96.0,40.51636104849968
RhoA perturbation; Cdc42 response,EML_expr,G(R),1,2,1,20.66667,40.047226886562505,3.798215134748698,96.0,39.86751301153288
RhoA perturbation; Cdc42 response,EML_expr,G(R),1,2,1,21.0,39.69214392583333,3.6206287350291313,96.0,39.1212977152629
RhoA perturbation; Cdc42 response,EML_expr,G(R),1,2,1,21.33333,37.600583485520836,3.454382500683567,96.0,38.281985494610645
RhoA perturbation; Cdc42 response,EML_expr,G(R),1,2,1,21.66667,35.40411080218749,3.3247934197075897,96.0,37.35664100207619
RhoA perturbation; Cdc42 response,EML_expr,G(R),1,2,1,22.0,34.32286644083334,3.2697660006155878,96.0,36.35474943304362
RhoA perturbation; Cdc42 response,EML_expr,G(R),1,2,1,22.33333,33.45373635354167,3.0377326972496514,96.0,35.28748635326171
RhoA perturbation; Cdc42 response,EML_expr,G(R),1,2,1,22.66667,32.43612773666668,2.9611556203085705,96.0,34.16719368445567
RhoA perturbation; Cdc42 response,EML_expr,G(R),1,2,1,23.0,31.586112918854173,2.8418174843343205,96.0,33.00690528589445
RhoA perturbation; Cdc42 response,EML_expr,G(R),1,2,1,23.33333,30.50887267749999,2.744782090490418,96.0,31.81961311614209
RhoA perturbation; Cdc42 response,EML_expr,G(R),1,2,1,23.66667,28.655807943750002,2.672413285493715,96.0,30.61791032360905
RhoA perturbation; Cdc42 response,EML_expr,G(R),1,2,1,24.0,27.546000784895835,2.5318502427937117,96.0,29.413739750401476
RhoA perturbation; Cdc42 response,EML_expr,G(R),1,2,1,24.33333,27.06587826302082,2.4677824051400767,96.0,28.2179078112648
RhoA perturbation; Cdc42 response,EML_expr,G(R),1,2,1,24.66667,25.482764552604163,2.4126124028827096,96.0,27.040014156388548
RhoA perturbation; Cdc42 response,EML_expr,G(R),1,2,1,25.0,25.59795988135417,2.287605835685528,96.0,25.8884573594152
RhoA perturbation; Cdc42 response,EML_expr,G(R),1,2,1,25.33333,24.447861462395817,2.167375122557263,96.0,24.770191312995745
RhoA perturbation; Cdc42 response,EML_expr,G(R),1,2,1,25.66667,24.01868832989582,2.1371376446013857,96.0,23.690859054922672
RhoA perturbation; Cdc42 response,EML_expr,G(R),1,2,1,26.0,22.78127678479167,2.086312559586399,96.0,22.65495015956665
RhoA perturbation; Cdc42 response,EML_expr,G(R),1,2,1,26.33333,21.891632093854167,2.0150716631938677,96.0,21.66570008580684
RhoA perturbation; Cdc42 response,EML_expr,G(R),1,2,1,26.66667,20.945023626458326,1.8698014129842881,96.0,20.72530590409633
RhoA perturbation; Cdc42 response,EML_expr,G(R),1,2,1,27.0,20.629967116875008,1.861930411470987,96.0,19.83512668617095
RhoA perturbation; Cdc42 response,EML_expr,G(R),1,2,1,27.33333,20.088517467916663,1.7512042470241485,96.0,18.995638885375673
RhoA perturbation; Cdc42 response,EML_expr,G(R),1,2,1,27.66667,18.69201190260416,1.76465998919581,96.0,18.206649904240503
RhoA perturbation; Cdc42 response,EML_expr,G(R),1,2,1,28.0,18.56528418562501,1.6893769747792127,96.0,17.46747802849739
RhoA perturbation; Cdc42 response,EML_expr,G(R),1,2,1,28.33333,17.870653391875,1.6870169662889802,96.0,16.77691731305124
RhoA perturbation; Cdc42 response,EML_expr,G(R),1,2,1,28.66667,17.339744944374996,1.588282207627887,96.0,16.13341166687845
RhoA perturbation; Cdc42 response,EML_expr,G(R),1,2,1,29.0,16.46350753833333,1.5832712268805966,96.0,15.535191742241965
RhoA perturbation; Cdc42 response,EML_expr,G(R),1,2,1,29.33333,15.708429160104162,1.5227800474289892,96.0,14.98023364916847
RhoA perturbation; Cdc42 response,EML_expr,G(R),1,2,1,29.66667,14.33290780020833,1.561889817872484,96.0,14.466386483424014
RhoA perturbation; Cdc42 response,EML_expr,G(R),1,2,1,30.0,14.203605272812503,1.520699141885573,96.0,13.991466494892446
RhoA perturbation; Cdc42 response,EML_expr,G(R),1,2,1,30.33333,13.213554077812503,1.4664462570194274,96.0,13.553209278302182
RhoA perturbation; Cdc42 response,EML_expr,G(R),1,2,1,30.66667,13.623335934583336,1.4679404139860608,96.0,13.14935731018734
RhoA perturbation; Cdc42 response,EML_expr,G(R),1,2,1,31.0,14.018861143125,1.424568590609521,96.0,12.777720409329746
RhoA perturbation; Cdc42 response,EML_expr,G(R),1,2,1,31.33333,12.624694368645834,1.4073758356256998,96.0,12.436125875497346
RhoA perturbation; Cdc42 response,EML_expr,G(R),1,2,1,31.66667,12.349149456979164,1.4168910701793418,96.0,12.12247618915707
RhoA perturbation; Cdc42 response,EML_expr,G(R),1,2,1,32.0,12.131231478541672,1.391732624306371,96.0,11.834785869095827
RhoA perturbation; Cdc42 response,EML_expr,G(R),1,2,1,32.33333,11.920231513020832,1.4139563056828284,96.0,11.571133938735553
RhoA perturbation; Cdc42 response,EML_expr,G(R),1,2,1,32.66667,11.742871103854158,1.2917756055122211,96.0,11.32970104801535
RhoA perturbation; Cdc42 response,EML_expr,G(R),1,2,1,33.0,11.112344080729164,1.4687470751248861,96.0,11.10879099828102
RhoA perturbation; Cdc42 response,EML_expr,G(R),1,2,1,33.33333,11.448311698749997,1.414622672158428,96.0,10.906788317166361
RhoA perturbation; Cdc42 response,EML_expr,G(R),1,2,1,33.66667,10.631778282604168,1.3965004285988596,96.0,10.72218184471443
RhoA perturbation; Cdc42 response,EML_expr,G(R),1,2,1,34.0,11.341713643020832,1.3230561965793761,96.0,10.55357680905543
RhoA perturbation; Cdc42 response,EML_expr,G(R),1,2,1,34.33333,10.709179328645837,1.4557604762070828,96.0,10.399658706666726
RhoA perturbation; Cdc42 response,EML_expr,G(R),1,2,1,34.66667,9.830198902812496,1.4290151201499555,96.0,10.259208234600178
RhoA perturbation; Cdc42 response,EML_expr,G(R),1,2,1,35.0,10.293112988541665,1.391162024914986,96.0,10.13110777532917
RhoA perturbation; Cdc42 response,EML_expr,G(R),1,2,1,35.33333,9.332255931770835,1.437777702942255,96.0,10.014311670521577
RhoA perturbation; Cdc42 response,EML_expr,G(R),1,2,1,35.66667,10.107261608437506,1.3874154515894122,96.0,9.907855706342684
RhoA perturbation; Cdc42 response,EML_expr,G(R),1,2,1,36.0,9.827691570208332,1.480774129190423,96.0,9.810860404800982
RhoA perturbation; Cdc42 response,EML_expr,G(R),1,2,1,36.33333,9.709041730833333,1.5384837646541616,96.0,9.722507152409595
RhoA perturbation; Cdc42 response,EML_expr,G(R),1,2,1,36.66667,9.315187174791669,1.7393612509974656,96.0,9.642044278539508
RhoA perturbation; Cdc42 response,EML_expr,G(R),1,2,1,37.0,9.948737530729167,1.4400767516664625,96.0,9.568788584749468
RhoA perturbation; Cdc42 response,EML_expr,G(R),1,2,1,37.33333,10.02341929479167,1.4218773780945793,96.0,9.502106515351143
RhoA perturbation; Cdc42 response,EML_expr,G(R),1,2,1,37.66667,9.403855300208333,1.3853093435826955,96.0,9.441418102489022
RhoA perturbation; Cdc42 response,EML_expr,G(R),1,2,1,38.0,9.14292041989584,1.5458551676916175,96.0,9.386197561336845
RhoA perturbation; Cdc42 response,EML_expr,G(R),1,2,1,38.33333,9.17049158197917,1.4355564822468991,96.0,9.335958631651625
RhoA perturbation; Cdc42 response,EML_expr,G(R),1,2,1,38.66667,7.807129513541668,1.498602070455668,96.0,9.290257177925108
RhoA perturbation; Cdc42 response,EML_expr,G(R),1,2,1,39.0,8.327797780416672,1.2036795151143105,96.0,9.24869131544446
RhoA perturbation; Cdc42 response,EML_expr,G(R),1,2,1,39.33333,8.926327779166662,1.3951379373455004,96.0,9.210890109006229
RhoA perturbation; Cdc42 response,EML_expr,G(R),1,2,1,39.66667,8.345374473020836,1.3024730221384018,96.0,9.1765153155648
RhoA perturbation; Cdc42 response,EML_expr,G(R),1,2,1,40.0,7.4125334264583325,1.2672893637109905,96.0,9.145261294393546
RhoA perturbation; Cdc42 response,EML_expr,(G(R)+R),1,4,1,0.0,-0.027923615520833316,0.45900898728135897,96.0,1.1675542058852175
RhoA perturbation; Cdc42 response,EML_expr,(G(R)+R),1,4,1,0.3333333,9.572856721979164,1.7117579212037075,96.0,5.002835912483945
RhoA perturbation; Cdc42 response,EML_expr,(G(R)+R),1,4,1,0.6666667,12.723626935312508,2.055170942837916,96.0,8.48664643925121
RhoA perturbation; Cdc42 response,EML_expr,(G(R)+R),1,4,1,1.0,16.123369902708337,2.3761519061971845,96.0,11.651193251488774
RhoA perturbation; Cdc42 response,EML_expr,(G(R)+R),1,4,1,1.333333,19.43115996822917,2.575528577353306,96.0,14.525732786341129
RhoA perturbation; Cdc42 response,EML_expr,(G(R)+R),1,4,1,1.666667,21.223441842604178,2.6249579919655845,96.0,17.136851990527273
RhoA perturbation; Cdc42 response,EML_expr,(G(R)+R),1,4,1,2.0,22.44582539614582,2.7499625308181033,96.0,19.50867623465398
RhoA perturbation; Cdc42 response,EML_expr,(G(R)+R),1,4,1,2.333333,25.041849861666687,2.7677347746441052,96.0,21.663142387226248
RhoA perturbation; Cdc42 response,EML_expr,(G(R)+R),1,4,1,2.666667,26.21257579843751,2.839828056336364,96.0,23.62017511457034
RhoA perturbation; Cdc42 response,EML_expr,(G(R)+R),1,4,1,3.0,26.586747623541658,2.997138272755855,96.0,25.39785637164297
RhoA perturbation; Cdc42 response,EML_expr,(G(R)+R),1,4,1,3.333333,28.537379678437492,2.997536296801952,96.0,27.012627832011137
RhoA perturbation; Cdc42 response,EML_expr,(G(R)+R),1,4,1,3.666667,28.538720332499988,3.061047342985218,96.0,28.479423024569034
RhoA perturbation; Cdc42 response,EML_expr,(G(R)+R),1,4,1,4.0,30.86264847822916,3.086591456183257,96.0,29.811794366827108
RhoA perturbation; Cdc42 response,EML_expr,(G(R)+R),1,4,1,4.333334,30.073681551770832,3.221420673684088,96.0,31.022068345214397
RhoA perturbation; Cdc42 response,EML_expr,(G(R)+R),1,4,1,4.666667,31.353581760729174,3.2429259411199145,96.0,32.121427255896286
RhoA perturbation; Cdc42 response,EML_expr,(G(R)+R),1,4,1,5.0,31.513904618333342,3.3185235093304732,96.0,33.120039007360596
RhoA perturbation; Cdc42 response,EML_expr,(G(R)+R),1,4,1,5.333334,32.65468524489584,3.318451354211551,96.0,34.027138836797576
RhoA perturbation; Cdc42 response,EML_expr,(G(R)+R),1,4,1,5.666667,32.21263448333334,3.443925762912029,96.0,34.851107870403
RhoA perturbation; Cdc42 response,EML_expr,(G(R)+R),1,4,1,6.0,33.98101023406249,3.5208243092732365,96.0,35.599566951241925
RhoA perturbation; Cdc42 response,EML_expr,(G(R)+R),1,4,1,6.333334,34.32541528458332,3.625770168494379,96.0,36.27943788564062
RhoA perturbation; Cdc42 response,EML_expr,(G(R)+R),1,4,1,6.666667,35.020071923124995,3.6337098474294653,96.0,36.897002324100065
RhoA perturbation; Cdc42 response,EML_expr,(G(R)+R),1,4,1,7.0,35.68365437302082,3.680654227050923,96.0,37.457972085239795
RhoA perturbation; Cdc42 response,EML_expr,(G(R)+R),1,4,1,7.333334,34.79511669166665,3.7492912875266424,96.0,37.96753505994241
RhoA perturbation; Cdc42 response,EML_expr,(G(R)+R),1,4,1,7.666667,36.316073593124976,3.754161885758576,96.0,38.430399342573175
RhoA perturbation; Cdc42 response,EML_expr,(G(R)+R),1,4,1,8.0,36.42803883604166,3.7540435656026254,96.0,38.85084593874573
RhoA perturbation; Cdc42 response,EML_expr,(G(R)+R),1,4,1,8.333333,38.05664679145834,3.818279822517446,96.0,39.23276207889021
RhoA perturbation; Cdc42 response,EML_expr,(G(R)+R),1,4,1,8.666667,37.498483035,3.89908045696899,96.0,39.57967975242679
RhoA perturbation; Cdc42 response,EML_expr,(G(R)+R),1,4,1,9.0,38.373461548125,3.940671824462212,96.0,39.89480429652687
RhoA perturbation; Cdc42 response,EML_expr,(G(R)+R),1,4,1,9.333333,39.71396570666666,3.967479363055417,96.0,40.18105028030479
RhoA perturbation; Cdc42 response,EML_expr,(G(R)+R),1,4,1,9.666667,39.59648601916666,3.8734463426419445,96.0,40.44106492832113
RhoA perturbation; Cdc42 response,EML_expr,(G(R)+R),1,4,1,10.0,39.06948966406249,3.942890003765534,96.0,40.67725063941564
RhoA perturbation; Cdc42 response,EML_expr,(G(R)+R),1,4,1,10.33333,38.990662630520845,4.005894386001017,96.0,40.89179004232773
RhoA perturbation; Cdc42 response,EML_expr,(G(R)+R),1,4,1,10.66667,39.45031246177082,3.988341174717161,96.0,41.08667442041453
RhoA perturbation; Cdc42 response,EML_expr,(G(R)+R),1,4,1,11.0,40.623721676354144,4.047509465116343,96.0,41.26369383893296
RhoA perturbation; Cdc42 response,EML_expr,(G(R)+R),1,4,1,11.33333,40.7664319459375,4.065565791294083,96.0,41.424491029704896
RhoA perturbation; Cdc42 response,EML_expr,(G(R)+R),1,4,1,11.66667,39.61090631427084,4.05057942385462,96.0,41.5705567877722
RhoA perturbation; Cdc42 response,EML_expr,(G(R)+R),1,4,1,12.0,40.80843216510416,4.060803887249427,96.0,41.703232766276564
RhoA perturbation; Cdc42 response,EML_expr,(G(R)+R),1,4,1,12.33333,40.69041874479168,4.1171645311356455,96.0,41.82375019196834
RhoA perturbation; Cdc42 response,EML_expr,(G(R)+R),1,4,1,12.66667,41.37944060083334,4.085218575245882,96.0,41.93322641453635
RhoA perturbation; Cdc42 response,EML_expr,(G(R)+R),1,4,1,13.0,41.696821155,4.0695263217148785,96.0,42.03266699737675
RhoA perturbation; Cdc42 response,EML_expr,(G(R)+R),1,4,1,13.33333,40.61681270593751,4.080936214401611,96.0,42.12299470781131
RhoA perturbation; Cdc42 response,EML_expr,(G(R)+R),1,4,1,13.66667,40.04831553375,4.03329878824528,96.0,42.20504678363673
RhoA perturbation; Cdc42 response,EML_expr,(G(R)+R),1,4,1,14.0,42.655246395208344,3.9080439270441727,96.0,42.27957584575362
RhoA perturbation; Cdc42 response,EML_expr,(G(R)+R),1,4,1,14.33333,42.664869551979166,4.035669535095019,96.0,42.34726921318464
RhoA perturbation; Cdc42 response,EML_expr,(G(R)+R),1,4,1,14.66667,41.769536490104194,4.038248231195513,96.0,42.40873938076154
RhoA perturbation; Cdc42 response,EML_expr,(G(R)+R),1,4,1,15.0,41.51994889124999,4.068766455442411,96.0,42.46450506880883
RhoA perturbation; Cdc42 response,EML_expr,(G(R)+R),1,4,1,15.33333,44.23900240135416,4.041993409643368,96.0,42.51496153087808
RhoA perturbation; Cdc42 response,EML_expr,(G(R)+R),1,4,1,15.66667,43.1206390258333,4.166837456238659,96.0,42.56028791234554
RhoA perturbation; Cdc42 response,EML_expr,(G(R)+R),1,4,1,16.0,44.839397978854144,4.1520711466138955,96.0,42.60029057642309
RhoA perturbation; Cdc42 response,EML_expr,(G(R)+R),1,4,1,16.33333,43.06918511302083,4.230287234171569,96.0,42.63417677298566
RhoA perturbation; Cdc42 response,EML_expr,(G(R)+R),1,4,1,16.66667,44.09113680843748,4.289577947853359,96.0,42.660238932162905
RhoA perturbation; Cdc42 response,EML_expr,(G(R)+R),1,4,1,17.0,44.53816757677084,4.342622278026322,96.0,42.67550015984589
RhoA perturbation; Cdc42 response,EML_expr,(G(R)+R),1,4,1,17.33333,43.110703397187514,4.418435420544268,96.0,42.67538834011635
RhoA perturbation; Cdc42 response,EML_expr,(G(R)+R),1,4,1,17.66667,42.82344298583332,4.336818418553825,96.0,42.653507645193834
RhoA perturbation; Cdc42 response,EML_expr,(G(R)+R),1,4,1,18.0,44.090536348854165,4.30851623883757,96.0,42.60160878947664
RhoA perturbation; Cdc42 response,EML_expr,(G(R)+R),1,4,1,18.33333,44.142052664375,4.218111446909127,96.0,42.5097997718892
RhoA perturbation; Cdc42 response,EML_expr,(G(R)+R),1,4,1,18.66667,44.263298895312516,4.2360150986473375,96.0,42.36701856879459
RhoA perturbation; Cdc42 response,EML_expr,(G(R)+R),1,4,1,19.0,43.36335120822915,4.265969838916123,96.0,42.161751826242906
RhoA perturbation; Cdc42 response,EML_expr,(G(R)+R),1,4,1,19.33333,43.08669481947916,4.228434709868423,96.0,41.882852595061735
RhoA perturbation; Cdc42 response,EML_expr,(G(R)+R),1,4,1,19.66667,44.81050446312499,4.269012995669736,96.0,41.520420883834994
RhoA perturbation; Cdc42 response,EML_expr,(G(R)+R),1,4,1,20.0,44.510929666354166,4.220252827470473,96.0,41.06664716617906
RhoA perturbation; Cdc42 response,EML_expr,(G(R)+R),1,4,1,20.33333,41.54642154458333,3.9541869881523812,96.0,40.51637807961234
RhoA perturbation; Cdc42 response,EML_expr,(G(R)+R),1,4,1,20.66667,40.047226886562505,3.798215134748698,96.0,39.867534236237695
RhoA perturbation; Cdc42 response,EML_expr,(G(R)+R),1,4,1,21.0,39.69214392583333,3.6206287350291313,96.0,39.121322422730884
RhoA perturbation; Cdc42 response,EML_expr,(G(R)+R),1,4,1,21.33333,37.600583485520836,3.454382500683567,96.0,38.2820128549168
RhoA perturbation; Cdc42 response,EML_expr,(G(R)+R),1,4,1,21.66667,35.40411080218749,3.3247934197075897,96.0,37.35667012335536
RhoA perturbation; Cdc42 response,EML_expr,(G(R)+R),1,4,1,22.0,34.32286644083334,3.2697660006155878,96.0,36.35477941627372
RhoA perturbation; Cdc42 response,EML_expr,(G(R)+R),1,4,1,22.33333,33.45373635354167,3.0377326972496514,96.0,35.28751634052689
RhoA perturbation; Cdc42 response,EML_expr,(G(R)+R),1,4,1,22.66667,32.43612773666668,2.9611556203085705,96.0,34.16722289725891
RhoA perturbation; Cdc42 response,EML_expr,(G(R)+R),1,4,1,23.0,31.586112918854173,2.8418174843343205,96.0,33.00693305270591
RhoA perturbation; Cdc42 response,EML_expr,(G(R)+R),1,4,1,23.33333,30.50887267749999,2.744782090490418,96.0,31.819638888929646
RhoA perturbation; Cdc42 response,EML_expr,(G(R)+R),1,4,1,23.66667,28.655807943750002,2.672413285493715,96.0,30.617933684485756
RhoA perturbation; Cdc42 response,EML_expr,(G(R)+R),1,4,1,24.0,27.546000784895835,2.5318502427937117,96.0,29.41376041032064
RhoA perturbation; Cdc42 response,EML_expr,(G(R)+R),1,4,1,24.33333,27.06587826302082,2.4677824051400767,96.0,28.217925601901598
RhoA perturbation; Cdc42 response,EML_expr,(G(R)+R),1,4,1,24.66667,25.482764552604163,2.4126124028827096,96.0,27.040029017739503
RhoA perturbation; Cdc42 response,EML_expr,(G(R)+R),1,4,1,25.0,25.59795988135417,2.287605835685528,96.0,25.888469324962845
RhoA perturbation; Cdc42 response,EML_expr,(G(R)+R),1,4,1,25.33333,24.447861462395817,2.167375122557263,96.0,24.770200493081298
RhoA perturbation; Cdc42 response,EML_expr,(G(R)+R),1,4,1,25.66667,24.01868832989582,2.1371376446013857,96.0,23.690865620363393
RhoA perturbation; Cdc42 response,EML_expr,(G(R)+R),1,4,1,26.0,22.78127678479167,2.086312559586399,96.0,22.654954326248046
RhoA perturbation; Cdc42 response,EML_expr,(G(R)+R),1,4,1,26.33333,21.891632093854167,2.0150716631938677,96.0,21.665702100234896
RhoA perturbation; Cdc42 response,EML_expr,(G(R)+R),1,4,1,26.66667,20.945023626458326,1.8698014129842881,96.0,20.725306030941518
RhoA perturbation; Cdc42 response,EML_expr,(G(R)+R),1,4,1,27.0,20.629967116875008,1.861930411470987,96.0,19.835125197862553
RhoA perturbation; Cdc42 response,EML_expr,(G(R)+R),1,4,1,27.33333,20.088517467916663,1.7512042470241485,96.0,18.995636053255765
RhoA perturbation; Cdc42 response,EML_expr,(G(R)+R),1,4,1,27.66667,18.69201190260416,1.76465998919581,96.0,18.206645991759505
RhoA perturbation; Cdc42 response,EML_expr,(G(R)+R),1,4,1,28.0,18.56528418562501,1.6893769747792127,96.0,17.467473286113428
RhoA perturbation; Cdc42 response,EML_expr,(G(R)+R),1,4,1,28.33333,17.870653391875,1.6870169662889802,96.0,16.776911974435137
RhoA perturbation; Cdc42 response,EML_expr,(G(R)+R),1,4,1,28.66667,17.339744944374996,1.588282207627887,96.0,16.133405946491123
RhoA perturbation; Cdc42 response,EML_expr,(G(R)+R),1,4,1,29.0,16.46350753833333,1.5832712268805966,96.0,15.53518583394429
RhoA perturbation; Cdc42 response,EML_expr,(G(R)+R),1,4,1,29.33333,15.708429160104162,1.5227800474289892,96.0,14.980227725638008
RhoA perturbation; Cdc42 response,EML_expr,(G(R)+R),1,4,1,29.66667,14.33290780020833,1.561889817872484,96.0,14.466380696299572
RhoA perturbation; Cdc42 response,EML_expr,(G(R)+R),1,4,1,30.0,14.203605272812503,1.520699141885573,96.0,13.991460975366339
RhoA perturbation; Cdc42 response,EML_expr,(G(R)+R),1,4,1,30.33333,13.213554077812503,1.4664462570194274,96.0,13.553204138130448
RhoA perturbation; Cdc42 response,EML_expr,(G(R)+R),1,4,1,30.66667,13.623335934583336,1.4679404139860608,96.0,13.149352642933309
RhoA perturbation; Cdc42 response,EML_expr,(G(R)+R),1,4,1,31.0,14.018861143125,1.424568590609521,96.0,12.777716291750291
RhoA perturbation; Cdc42 response,EML_expr,(G(R)+R),1,4,1,31.33333,12.624694368645834,1.4073758356256998,96.0,12.436122369064535
RhoA perturbation; Cdc42 response,EML_expr,(G(R)+R),1,4,1,31.66667,12.349149456979164,1.4168910701793418,96.0,12.122473341564536
RhoA perturbation; Cdc42 response,EML_expr,(G(R)+R),1,4,1,32.0,12.131231478541672,1.391732624306371,96.0,11.834783715736211
RhoA perturbation; Cdc42 response,EML_expr,(G(R)+R),1,4,1,32.33333,11.920231513020832,1.4139563056828284,96.0,11.571132504186188
RhoA perturbation; Cdc42 response,EML_expr,(G(R)+R),1,4,1,32.66667,11.742871103854158,1.2917756055122211,96.0,11.329700347406588
RhoA perturbation; Cdc42 response,EML_expr,(G(R)+R),1,4,1,33.0,11.112344080729164,1.4687470751248861,96.0,11.108791038512297
RhoA perturbation; Cdc42 response,EML_expr,(G(R)+R),1,4,1,33.33333,11.448311698749997,1.414622672158428,96.0,10.90678909819112
RhoA perturbation; Cdc42 response,EML_expr,(G(R)+R),1,4,1,33.66667,10.631778282604168,1.3965004285988596,96.0,10.722183360568868
RhoA perturbation; Cdc42 response,EML_expr,(G(R)+R),1,4,1,34.0,11.341713643020832,1.3230561965793761,96.0,10.553579048809281
RhoA perturbation; Cdc42 response,EML_expr,(G(R)+R),1,4,1,34.33333,10.709179328645837,1.4557604762070828,96.0,10.399661655348357
RhoA perturbation; Cdc42 response,EML_expr,(G(R)+R),1,4,1,34.66667,9.830198902812496,1.4290151201499555,96.0,10.25921187395381
RhoA perturbation; Cdc42 response,EML_expr,(G(R)+R),1,4,1,35.0,10.293112988541665,1.391162024914986,96.0,10.131112084491926
RhoA perturbation; Cdc42 response,EML_expr,(G(R)+R),1,4,1,35.33333,9.332255931770835,1.437777702942255,96.0,10.014316626621511
RhoA perturbation; Cdc42 response,EML_expr,(G(R)+R),1,4,1,35.66667,10.107261608437506,1.3874154515894122,96.0,9.907861285066561
RhoA perturbation; Cdc42 response,EML_expr,(G(R)+R),1,4,1,36.0,9.827691570208332,1.480774129190423,96.0,9.810866580773698
RhoA perturbation; Cdc42 response,EML_expr,(G(R)+R),1,4,1,36.33333,9.709041730833333,1.5384837646541616,96.0,9.72251389963397
RhoA perturbation; Cdc42 response,EML_expr,(G(R)+R),1,4,1,36.66667,9.315187174791669,1.7393612509974656,96.0,9.642051570718877
RhoA perturbation; Cdc42 response,EML_expr,(G(R)+R),1,4,1,37.0,9.948737530729167,1.4400767516664625,96.0,9.568796395518142
RhoA perturbation; Cdc42 response,EML_expr,(G(R)+R),1,4,1,37.33333,10.02341929479167,1.4218773780945793,96.0,9.502114818550515
RhoA perturbation; Cdc42 response,EML_expr,(G(R)+R),1,4,1,37.66667,9.403855300208333,1.3853093435826955,96.0,9.441426872359445
RhoA perturbation; Cdc42 response,EML_expr,(G(R)+R),1,4,1,38.0,9.14292041989584,1.5458551676916175,96.0,9.386206772633333
RhoA perturbation; Cdc42 response,EML_expr,(G(R)+R),1,4,1,38.33333,9.17049158197917,1.4355564822468991,96.0,9.335968259793908
RhoA perturbation; Cdc42 response,EML_expr,(G(R)+R),1,4,1,38.66667,7.807129513541668,1.498602070455668,96.0,9.290267199095553
RhoA perturbation; Cdc42 response,EML_expr,(G(R)+R),1,4,1,39.0,8.327797780416672,1.2036795151143105,96.0,9.24870170663191
RhoA perturbation; Cdc42 response,EML_expr,(G(R)+R),1,4,1,39.33333,8.926327779166662,1.3951379373455004,96.0,9.21090084809215
RhoA perturbation; Cdc42 response,EML_expr,(G(R)+R),1,4,1,39.66667,8.345374473020836,1.3024730221384018,96.0,9.176526381350833
RhoA perturbation; Cdc42 response,EML_expr,(G(R)+R),1,4,1,40.0,7.4125334264583325,1.2672893637109905,96.0,9.145272666602667
RhoA perturbation; Cdc42 response,EML_expr,G((R+R)),1,4,1,0.0,-0.027923615520833316,0.45900898728135897,96.0,2.5966938933921098
RhoA perturbation; Cdc42 response,EML_expr,G((R+R)),1,4,1,0.3333333,9.572856721979164,1.7117579212037075,96.0,5.0294708743308245
RhoA perturbation; Cdc42 response,EML_expr,G((R+R)),1,4,1,0.6666667,12.723626935312508,2.055170942837916,96.0,7.367471430564778
RhoA perturbation; Cdc42 response,EML_expr,G((R+R)),1,4,1,1.0,16.123369902708337,2.3761519061971845,96.0,9.614386505314783
RhoA perturbation; Cdc42 response,EML_expr,G((R+R)),1,4,1,1.333333,19.43115996822917,2.575528577353306,96.0,11.77376317761853
RhoA perturbation; Cdc42 response,EML_expr,G((R+R)),1,4,1,1.666667,21.223441842604178,2.6249579919655845,96.0,13.849018371633186
RhoA perturbation; Cdc42 response,EML_expr,G((R+R)),1,4,1,2.0,22.44582539614582,2.7499625308181033,96.0,15.843411179304976
RhoA perturbation; Cdc42 response,EML_expr,G((R+R)),1,4,1,2.333333,25.041849861666687,2.7677347746441052,96.0,17.760080619275904
RhoA perturbation; Cdc42 response,EML_expr,G((R+R)),1,4,1,2.666667,26.21257579843751,2.839828056336364,96.0,19.60201888316926
RhoA perturbation; Cdc42 response,EML_expr,G((R+R)),1,4,1,3.0,26.586747623541658,2.997138272755855,96.0,21.372042612208748
RhoA perturbation; Cdc42 response,EML_expr,G((R+R)),1,4,1,3.333333,28.537379678437492,2.997536296801952,96.0,23.07280686963523
RhoA perturbation; Cdc42 response,EML_expr,G((R+R)),1,4,1,3.666667,28.538720332499988,3.061047342985218,96.0,24.706763700762465
RhoA perturbation; Cdc42 response,EML_expr,G((R+R)),1,4,1,4.0,30.86264847822916,3.086591456183257,96.0,26.276121736061683
RhoA perturbation; Cdc42 response,EML_expr,G((R+R)),1,4,1,4.333334,30.073681551770832,3.221420673684088,96.0,27.782853271258638
RhoA perturbation; Cdc42 response,EML_expr,G((R+R)),1,4,1,4.666667,31.353581760729174,3.2429259411199145,96.0,29.2286324390427
RhoA perturbation; Cdc42 response,EML_expr,G((R+R)),1,4,1,5.0,31.513904618333342,3.3185235093304732,96.0,30.61484835278049
RhoA perturbation; Cdc42 response,EML_expr,G((R+R)),1,4,1,5.333334,32.65468524489584,3.318451354211551,96.0,31.94257903766549
RhoA perturbation; Cdc42 response,EML_expr,G((R+R)),1,4,1,5.666667,32.21263448333334,3.443925762912029,96.0,33.212577329332184
RhoA perturbation; Cdc42 response,EML_expr,G((R+R)),1,4,1,6.0,33.98101023406249,3.5208243092732365,96.0,34.42530133311977
RhoA perturbation; Cdc42 response,EML_expr,G((R+R)),1,4,1,6.333334,34.32541528458332,3.625770168494379,96.0,35.5809178600229
RhoA perturbation; Cdc42 response,EML_expr,G((R+R)),1,4,1,6.666667,35.020071923124995,3.6337098474294653,96.0,36.679318001288756
RhoA perturbation; Cdc42 response,EML_expr,G((R+R)),1,4,1,7.0,35.68365437302082,3.680654227050923,96.0,37.72017109782237
RhoA perturbation; Cdc42 response,EML_expr,G((R+R)),1,4,1,7.333334,34.79511669166665,3.7492912875266424,96.0,38.702953239587295
RhoA perturbation; Cdc42 response,EML_expr,G((R+R)),1,4,1,7.666667,36.316073593124976,3.754161885758576,96.0,39.62698368524616
RhoA perturbation; Cdc42 response,EML_expr,G((R+R)),1,4,1,8.0,36.42803883604166,3.7540435656026254,96.0,40.491490043170565
RhoA perturbation; Cdc42 response,EML_expr,G((R+R)),1,4,1,8.333333,38.05664679145834,3.818279822517446,96.0,41.29564499139643
RhoA perturbation; Cdc42 response,EML_expr,G((R+R)),1,4,1,8.666667,37.498483035,3.89908045696899,96.0,42.03861964781801
RhoA perturbation; Cdc42 response,EML_expr,G((R+R)),1,4,1,9.0,38.373461548125,3.940671824462212,96.0,42.71962102958026
RhoA perturbation; Cdc42 response,EML_expr,G((R+R)),1,4,1,9.333333,39.71396570666666,3.967479363055417,96.0,43.33794832881812
RhoA perturbation; Cdc42 response,EML_expr,G((R+R)),1,4,1,9.666667,39.59648601916666,3.8734463426419445,96.0,43.89302395469957
RhoA perturbation; Cdc42 response,EML_expr,G((R+R)),1,4,1,10.0,39.06948966406249,3.942890003765534,96.0,44.3844228674312
RhoA perturbation; Cdc42 response,EML_expr,G((R+R)),1,4,1,10.33333,38.990662630520845,4.005894386001017,96.0,44.8119068986806
RhoA perturbation; Cdc42 response,EML_expr,G((R+R)),1,4,1,10.66667,39.45031246177082,3.988341174717161,96.0,45.175461700745
RhoA perturbation; Cdc42 response,EML_expr,G((R+R)),1,4,1,11.0,40.623721676354144,4.047509465116343,96.0,45.475259931971365
RhoA perturbation; Cdc42 response,EML_expr,G((R+R)),1,4,1,11.33333,40.7664319459375,4.065565791294083,96.0,45.71174173630462
RhoA perturbation; Cdc42 response,EML_expr,G((R+R)),1,4,1,11.66667,39.61090631427084,4.05057942385462,96.0,45.8855783425113
RhoA perturbation; Cdc42 response,EML_expr,G((R+R)),1,4,1,12.0,40.80843216510416,4.060803887249427,96.0,45.99766474282201
RhoA perturbation; Cdc42 response,EML_expr,G((R+R)),1,4,1,12.33333,40.69041874479168,4.1171645311356455,96.0,46.049146152325584
RhoA perturbation; Cdc42 response,EML_expr,G((R+R)),1,4,1,12.66667,41.37944060083334,4.085218575245882,96.0,46.04138538243445
RhoA perturbation; Cdc42 response,EML_expr,G((R+R)),1,4,1,13.0,41.696821155,4.0695263217148785,96.0,45.975959474728256
RhoA perturbation; Cdc42 response,EML_expr,G((R+R)),1,4,1,13.33333,40.61681270593751,4.080936214401611,96.0,45.85464316344952
RhoA perturbation; Cdc42 response,EML_expr,G((R+R)),1,4,1,13.66667,40.04831553375,4.03329878824528,96.0,45.6793847218501
RhoA perturbation; Cdc42 response,EML_expr,G((R+R)),1,4,1,14.0,42.655246395208344,3.9080439270441727,96.0,45.452310280461305
RhoA perturbation; Cdc42 response,EML_expr,G((R+R)),1,4,1,14.33333,42.664869551979166,4.035669535095019,96.0,45.175672041253826
RhoA perturbation; Cdc42 response,EML_expr,G((R+R)),1,4,1,14.66667,41.769536490104194,4.038248231195513,96.0,44.851836550152186
RhoA perturbation; Cdc42 response,EML_expr,G((R+R)),1,4,1,15.0,41.51994889124999,4.068766455442411,96.0,44.48329947963355
RhoA perturbation; Cdc42 response,EML_expr,G((R+R)),1,4,1,15.33333,44.23900240135416,4.041993409643368,96.0,44.07260632548692
RhoA perturbation; Cdc42 response,EML_expr,G((R+R)),1,4,1,15.66667,43.1206390258333,4.166837456238659,96.0,43.62235543206835
RhoA perturbation; Cdc42 response,EML_expr,G((R+R)),1,4,1,16.0,44.839397978854144,4.1520711466138955,96.0,43.13522451934674
RhoA perturbation; Cdc42 response,EML_expr,G((R+R)),1,4,1,16.33333,43.06918511302083,4.230287234171569,96.0,42.61387080645172
RhoA perturbation; Cdc42 response,EML_expr,G((R+R)),1,4,1,16.66667,44.09113680843748,4.289577947853359,96.0,42.06094934420374
RhoA perturbation; Cdc42 response,EML_expr,G((R+R)),1,4,1,17.0,44.53816757677084,4.342622278026322,96.0,41.47915110386328
RhoA perturbation; Cdc42 response,EML_expr,G((R+R)),1,4,1,17.33333,43.110703397187514,4.418435420544268,96.0,40.871088407636854
RhoA perturbation; Cdc42 response,EML_expr,G((R+R)),1,4,1,17.66667,42.82344298583332,4.336818418553825,96.0,40.23932763932826
RhoA perturbation; Cdc42 response,EML_expr,G((R+R)),1,4,1,18.0,44.090536348854165,4.30851623883757,96.0,39.58643759191277
RhoA perturbation; Cdc42 response,EML_expr,G((R+R)),1,4,1,18.33333,44.142052664375,4.218111446909127,96.0,38.91486502656668
RhoA perturbation; Cdc42 response,EML_expr,G((R+R)),1,4,1,18.66667,44.263298895312516,4.2360150986473375,96.0,38.22697981207599
RhoA perturbation; Cdc42 response,EML_expr,G((R+R)),1,4,1,19.0,43.36335120822915,4.265969838916123,96.0,37.525131541725145
RhoA perturbation; Cdc42 response,EML_expr,G((R+R)),1,4,1,19.33333,43.08669481947916,4.228434709868423,96.0,36.811519114493365
RhoA perturbation; Cdc42 response,EML_expr,G((R+R)),1,4,1,19.66667,44.81050446312499,4.269012995669736,96.0,36.08824580230505
RhoA perturbation; Cdc42 response,EML_expr,G((R+R)),1,4,1,20.0,44.510929666354166,4.220252827470473,96.0,35.357381856269974
RhoA perturbation; Cdc42 response,EML_expr,G((R+R)),1,4,1,20.33333,41.54642154458333,3.9541869881523812,96.0,34.62083123694837
RhoA perturbation; Cdc42 response,EML_expr,G((R+R)),1,4,1,20.66667,40.047226886562505,3.798215134748698,96.0,33.88039394339066
RhoA perturbation; Cdc42 response,EML_expr,G((R+R)),1,4,1,21.0,39.69214392583333,3.6206287350291313,96.0,33.13783234036944
RhoA perturbation; Cdc42 response,EML_expr,G((R+R)),1,4,1,21.33333,37.600583485520836,3.454382500683567,96.0,32.39473754398051
RhoA perturbation; Cdc42 response,EML_expr,G((R+R)),1,4,1,21.66667,35.40411080218749,3.3247934197075897,96.0,31.65259645653097
RhoA perturbation; Cdc42 response,EML_expr,G((R+R)),1,4,1,22.0,34.32286644083334,3.2697660006155878,96.0,30.91285975536415
RhoA perturbation; Cdc42 response,EML_expr,G((R+R)),1,4,1,22.33333,33.45373635354167,3.0377326972496514,96.0,30.17680993565742
RhoA perturbation; Cdc42 response,EML_expr,G((R+R)),1,4,1,22.66667,32.43612773666668,2.9611556203085705,96.0,29.445630774411573
RhoA perturbation; Cdc42 response,EML_expr,G((R+R)),1,4,1,23.0,31.586112918854173,2.8418174843343205,96.0,28.720475236700214
RhoA perturbation; Cdc42 response,EML_expr,G((R+R)),1,4,1,23.33333,30.50887267749999,2.744782090490418,96.0,28.002336760354144
RhoA perturbation; Cdc42 response,EML_expr,G((R+R)),1,4,1,23.66667,28.655807943750002,2.672413285493715,96.0,27.29211923481833
RhoA perturbation; Cdc42 response,EML_expr,G((R+R)),1,4,1,24.0,27.546000784895835,2.5318502427937117,96.0,26.590703433672218
RhoA perturbation; Cdc42 response,EML_expr,G((R+R)),1,4,1,24.33333,27.06587826302082,2.4677824051400767,96.0,25.89882277373952
RhoA perturbation; Cdc42 response,EML_expr,G((R+R)),1,4,1,24.66667,25.482764552604163,2.4126124028827096,96.0,25.21713227888016
RhoA perturbation; Cdc42 response,EML_expr,G((R+R)),1,4,1,25.0,25.59795988135417,2.287605835685528,96.0,24.54627249279056
RhoA perturbation; Cdc42 response,EML_expr,G((R+R)),1,4,1,25.33333,24.447861462395817,2.167375122557263,96.0,23.886750643158155
RhoA perturbation; Cdc42 response,EML_expr,G((R+R)),1,4,1,25.66667,24.01868832989582,2.1371376446013857,96.0,23.239007427012513
RhoA perturbation; Cdc42 response,EML_expr,G((R+R)),1,4,1,26.0,22.78127678479167,2.086312559586399,96.0,22.603477668538783
RhoA perturbation; Cdc42 response,EML_expr,G((R+R)),1,4,1,26.33333,21.891632093854167,2.0150716631938677,96.0,21.980477558282526
RhoA perturbation; Cdc42 response,EML_expr,G((R+R)),1,4,1,26.66667,20.945023626458326,1.8698014129842881,96.0,21.370268423337528
RhoA perturbation; Cdc42 response,EML_expr,G((R+R)),1,4,1,27.0,20.629967116875008,1.861930411470987,96.0,20.773113658681567
RhoA perturbation; Cdc42 response,EML_expr,G((R+R)),1,4,1,27.33333,20.088517467916663,1.7512042470241485,96.0,20.189172487011493
RhoA perturbation; Cdc42 response,EML_expr,G((R+R)),1,4,1,27.66667,18.69201190260416,1.76465998919581,96.0,19.6185601540601
RhoA perturbation; Cdc42 response,EML_expr,G((R+R)),1,4,1,28.0,18.56528418562501,1.6893769747792127,96.0,19.061400875692073
RhoA perturbation; Cdc42 response,EML_expr,G((R+R)),1,4,1,28.33333,17.870653391875,1.6870169662889802,96.0,18.517728372645383
RhoA perturbation; Cdc42 response,EML_expr,G((R+R)),1,4,1,28.66667,17.339744944374996,1.588282207627887,96.0,17.98754215703536
RhoA perturbation; Cdc42 response,EML_expr,G((R+R)),1,4,1,29.0,16.46350753833333,1.5832712268805966,96.0,17.47085640370473
RhoA perturbation; Cdc42 response,EML_expr,G((R+R)),1,4,1,29.33333,15.708429160104162,1.5227800474289892,96.0,16.96760735372751
RhoA perturbation; Cdc42 response,EML_expr,G((R+R)),1,4,1,29.66667,14.33290780020833,1.561889817872484,96.0,16.477705535872687
RhoA perturbation; Cdc42 response,EML_expr,G((R+R)),1,4,1,30.0,14.203605272812503,1.520699141885573,96.0,16.001080595019133
RhoA perturbation; Cdc42 response,EML_expr,G((R+R)),1,4,1,30.33333,13.213554077812503,1.4664462570194274,96.0,15.537595526624827
RhoA perturbation; Cdc42 response,EML_expr,G((R+R)),1,4,1,30.66667,13.623335934583336,1.4679404139860608,96.0,15.087094812239414
RhoA perturbation; Cdc42 response,EML_expr,G((R+R)),1,4,1,31.0,14.018861143125,1.424568590609521,96.0,14.649445326860167
RhoA perturbation; Cdc42 response,EML_expr,G((R+R)),1,4,1,31.33333,12.624694368645834,1.4073758356256998,96.0,14.22445726135966
RhoA perturbation; Cdc42 response,EML_expr,G((R+R)),1,4,1,31.66667,12.349149456979164,1.4168910701793418,96.0,13.811928250627055
RhoA perturbation; Cdc42 response,EML_expr,G((R+R)),1,4,1,32.0,12.131231478541672,1.391732624306371,96.0,13.4116805422763
RhoA perturbation; Cdc42 response,EML_expr,G((R+R)),1,4,1,32.33333,11.920231513020832,1.4139563056828284,96.0,13.023488382676021
RhoA perturbation; Cdc42 response,EML_expr,G((R+R)),1,4,1,32.66667,11.742871103854158,1.2917756055122211,96.0,12.647118286491526
RhoA perturbation; Cdc42 response,EML_expr,G((R+R)),1,4,1,33.0,11.112344080729164,1.4687470751248861,96.0,12.282362687334167
RhoA perturbation; Cdc42 response,EML_expr,G((R+R)),1,4,1,33.33333,11.448311698749997,1.414622672158428,96.0,11.928973502742696
RhoA perturbation; Cdc42 response,EML_expr,G((R+R)),1,4,1,33.66667,10.631778282604168,1.3965004285988596,96.0,11.586698740788446
RhoA perturbation; Cdc42 response,EML_expr,G((R+R)),1,4,1,34.0,11.341713643020832,1.3230561965793761,96.0,11.255312874393603
RhoA perturbation; Cdc42 response,EML_expr,G((R+R)),1,4,1,34.33333,10.709179328645837,1.4557604762070828,96.0,10.934556258494371
RhoA perturbation; Cdc42 response,EML_expr,G((R+R)),1,4,1,34.66667,9.830198902812496,1.4290151201499555,96.0,10.624168298165742
RhoA perturbation; Cdc42 response,EML_expr,G((R+R)),1,4,1,35.0,10.293112988541665,1.391162024914986,96.0,10.323914796853067
RhoA perturbation; Cdc42 response,EML_expr,G((R+R)),1,4,1,35.33333,9.332255931770835,1.437777702942255,96.0,10.033532872156776
RhoA perturbation; Cdc42 response,EML_expr,G((R+R)),1,4,1,35.66667,10.107261608437506,1.3874154515894122,96.0,9.752760924996647
RhoA perturbation; Cdc42 response,EML_expr,G((R+R)),1,4,1,36.0,9.827691570208332,1.480774129190423,96.0,9.481363211441039
RhoA perturbation; Cdc42 response,EML_expr,G((R+R)),1,4,1,36.33333,9.709041730833333,1.5384837646541616,96.0,9.219079889390436
RhoA perturbation; Cdc42 response,EML_expr,G((R+R)),1,4,1,36.66667,9.315187174791669,1.7393612509974656,96.0,8.965654033194351
RhoA perturbation; Cdc42 response,EML_expr,G((R+R)),1,4,1,37.0,9.948737530729167,1.4400767516664625,96.0,8.720853671900063
RhoA perturbation; Cdc42 response,EML_expr,G((R+R)),1,4,1,37.33333,10.02341929479167,1.4218773780945793,96.0,8.484426595103088
RhoA perturbation; Cdc42 response,EML_expr,G((R+R)),1,4,1,37.66667,9.403855300208333,1.3853093435826955,96.0,8.256124654986019
RhoA perturbation; Cdc42 response,EML_expr,G((R+R)),1,4,1,38.0,9.14292041989584,1.5458551676916175,96.0,8.03572350277485
RhoA perturbation; Cdc42 response,EML_expr,G((R+R)),1,4,1,38.33333,9.17049158197917,1.4355564822468991,96.0,7.822981785956362
RhoA perturbation; Cdc42 response,EML_expr,G((R+R)),1,4,1,38.66667,7.807129513541668,1.498602070455668,96.0,7.617662972151399
RhoA perturbation; Cdc42 response,EML_expr,G((R+R)),1,4,1,39.0,8.327797780416672,1.2036795151143105,96.0,7.419553001952755
RhoA perturbation; Cdc42 response,EML_expr,G((R+R)),1,4,1,39.33333,8.926327779166662,1.3951379373455004,96.0,7.228423519668906
RhoA perturbation; Cdc42 response,EML_expr,G((R+R)),1,4,1,39.66667,8.345374473020836,1.3024730221384018,96.0,7.044051442478124
RhoA perturbation; Cdc42 response,EML_expr,G((R+R)),1,4,1,40.0,7.4125334264583325,1.2672893637109905,96.0,6.866234732802766
RhoA perturbation; Cdc42 response,EML_expr,(G(R)+G(R)),1,5,2,0.0,-0.027923615520833316,0.45900898728135897,96.0,0.46149817110096986
RhoA perturbation; Cdc42 response,EML_expr,(G(R)+G(R)),1,5,2,0.3333333,9.572856721979164,1.7117579212037075,96.0,5.699021125589019
RhoA perturbation; Cdc42 response,EML_expr,(G(R)+G(R)),1,5,2,0.6666667,12.723626935312508,2.055170942837916,96.0,9.92943414063623
RhoA perturbation; Cdc42 response,EML_expr,(G(R)+G(R)),1,5,2,1.0,16.123369902708337,2.3761519061971845,96.0,13.513485222162746
RhoA perturbation; Cdc42 response,EML_expr,(G(R)+G(R)),1,5,2,1.333333,19.43115996822917,2.575528577353306,96.0,16.601745734757994
RhoA perturbation; Cdc42 response,EML_expr,(G(R)+G(R)),1,5,2,1.666667,21.223441842604178,2.6249579919655845,96.0,19.289925526574553
RhoA perturbation; Cdc42 response,EML_expr,(G(R)+G(R)),1,5,2,2.0,22.44582539614582,2.7499625308181033,96.0,21.64660250681008
RhoA perturbation; Cdc42 response,EML_expr,(G(R)+G(R)),1,5,2,2.333333,25.041849861666687,2.7677347746441052,96.0,23.72400317600275
RhoA perturbation; Cdc42 response,EML_expr,(G(R)+G(R)),1,5,2,2.666667,26.21257579843751,2.839828056336364,96.0,25.563345784037338
RhoA perturbation; Cdc42 response,EML_expr,(G(R)+G(R)),1,5,2,3.0,26.586747623541658,2.997138272755855,96.0,27.1979393398921
RhoA perturbation; Cdc42 response,EML_expr,(G(R)+G(R)),1,5,2,3.333333,28.537379678437492,2.997536296801952,96.0,28.6551973109316
RhoA perturbation; Cdc42 response,EML_expr,(G(R)+G(R)),1,5,2,3.666667,28.538720332499988,3.061047342985218,96.0,29.957964310426483
RhoA perturbation; Cdc42 response,EML_expr,(G(R)+G(R)),1,5,2,4.0,30.86264847822916,3.086591456183257,96.0,31.125465115720903
RhoA perturbation; Cdc42 response,EML_expr,(G(R)+G(R)),1,5,2,4.333334,30.073681551770832,3.221420673684088,96.0,32.174038044038106
RhoA perturbation; Cdc42 response,EML_expr,(G(R)+G(R)),1,5,2,4.666667,31.353581760729174,3.2429259411199145,96.0,33.11764271306507
RhoA perturbation; Cdc42 response,EML_expr,(G(R)+G(R)),1,5,2,5.0,31.513904618333342,3.3185235093304732,96.0,33.968298135802605
RhoA perturbation; Cdc42 response,EML_expr,(G(R)+G(R)),1,5,2,5.333334,32.65468524489584,3.318451354211551,96.0,34.73639916155361
RhoA perturbation; Cdc42 response,EML_expr,(G(R)+G(R)),1,5,2,5.666667,32.21263448333334,3.443925762912029,96.0,35.430972273323746
RhoA perturbation; Cdc42 response,EML_expr,(G(R)+G(R)),1,5,2,6.0,33.98101023406249,3.5208243092732365,96.0,36.05990079691755
RhoA perturbation; Cdc42 response,EML_expr,(G(R)+G(R)),1,5,2,6.333334,34.32541528458332,3.625770168494379,96.0,36.63008978216345
RhoA perturbation; Cdc42 response,EML_expr,(G(R)+G(R)),1,5,2,6.666667,35.020071923124995,3.6337098474294653,96.0,37.14760401703499
RhoA perturbation; Cdc42 response,EML_expr,(G(R)+G(R)),1,5,2,7.0,35.68365437302082,3.680654227050923,96.0,37.617796331363124
RhoA perturbation; Cdc42 response,EML_expr,(G(R)+G(R)),1,5,2,7.333334,34.79511669166665,3.7492912875266424,96.0,38.0454004646013
RhoA perturbation; Cdc42 response,EML_expr,(G(R)+G(R)),1,5,2,7.666667,36.316073593124976,3.754161885758576,96.0,38.434610755180515
RhoA perturbation; Cdc42 response,EML_expr,(G(R)+G(R)),1,5,2,8.0,36.42803883604166,3.7540435656026254,96.0,38.78915985521194
RhoA perturbation; Cdc42 response,EML_expr,(G(R)+G(R)),1,5,2,8.333333,38.05664679145834,3.818279822517446,96.0,39.11237294657279
RhoA perturbation; Cdc42 response,EML_expr,(G(R)+G(R)),1,5,2,8.666667,37.498483035,3.89908045696899,96.0,39.407220635400606
RhoA perturbation; Cdc42 response,EML_expr,(G(R)+G(R)),1,5,2,9.0,38.373461548125,3.940671824462212,96.0,39.676358919087264
RhoA perturbation; Cdc42 response,EML_expr,(G(R)+G(R)),1,5,2,9.333333,39.71396570666666,3.967479363055417,96.0,39.922171805771136
RhoA perturbation; Cdc42 response,EML_expr,(G(R)+G(R)),1,5,2,9.666667,39.59648601916666,3.8734463426419445,96.0,40.14680054621413
RhoA perturbation; Cdc42 response,EML_expr,(G(R)+G(R)),1,5,2,10.0,39.06948966406249,3.942890003765534,96.0,40.352169804702086
RhoA perturbation; Cdc42 response,EML_expr,(G(R)+G(R)),1,5,2,10.33333,38.990662630520845,4.005894386001017,96.0,40.54001428844717
RhoA perturbation; Cdc42 response,EML_expr,(G(R)+G(R)),1,5,2,10.66667,39.45031246177082,3.988341174717161,96.0,40.71190714409185
RhoA perturbation; Cdc42 response,EML_expr,(G(R)+G(R)),1,5,2,11.0,40.623721676354144,4.047509465116343,96.0,40.869253514384226
RhoA perturbation; Cdc42 response,EML_expr,(G(R)+G(R)),1,5,2,11.33333,40.7664319459375,4.065565791294083,96.0,41.0133394940011
RhoA perturbation; Cdc42 response,EML_expr,(G(R)+G(R)),1,5,2,11.66667,39.61090631427084,4.05057942385462,96.0,41.14532904497956
RhoA perturbation; Cdc42 response,EML_expr,(G(R)+G(R)),1,5,2,12.0,40.80843216510416,4.060803887249427,96.0,41.26626637169304
RhoA perturbation; Cdc42 response,EML_expr,(G(R)+G(R)),1,5,2,12.33333,40.69041874479168,4.1171645311356455,96.0,41.377110507819914
RhoA perturbation; Cdc42 response,EML_expr,(G(R)+G(R)),1,5,2,12.66667,41.37944060083334,4.085218575245882,96.0,41.47873127752423
RhoA perturbation; Cdc42 response,EML_expr,(G(R)+G(R)),1,5,2,13.0,41.696821155,4.0695263217148785,96.0,41.57190845961261
RhoA perturbation; Cdc42 response,EML_expr,(G(R)+G(R)),1,5,2,13.33333,40.61681270593751,4.080936214401611,96.0,41.657353142001455
RhoA perturbation; Cdc42 response,EML_expr,(G(R)+G(R)),1,5,2,13.66667,40.04831553375,4.03329878824528,96.0,41.73569353922034
RhoA perturbation; Cdc42 response,EML_expr,(G(R)+G(R)),1,5,2,14.0,42.655246395208344,3.9080439270441727,96.0,41.80745241718496
RhoA perturbation; Cdc42 response,EML_expr,(G(R)+G(R)),1,5,2,14.33333,42.664869551979166,4.035669535095019,96.0,41.873024259353244
RhoA perturbation; Cdc42 response,EML_expr,(G(R)+G(R)),1,5,2,14.66667,41.769536490104194,4.038248231195513,96.0,41.93260125249644
RhoA perturbation; Cdc42 response,EML_expr,(G(R)+G(R)),1,5,2,15.0,41.51994889124999,4.068766455442411,96.0,41.986066100859226
RhoA perturbation; Cdc42 response,EML_expr,(G(R)+G(R)),1,5,2,15.33333,44.23900240135416,4.041993409643368,96.0,42.03286152786288
RhoA perturbation; Cdc42 response,EML_expr,(G(R)+G(R)),1,5,2,15.66667,43.1206390258333,4.166837456238659,96.0,42.07181129406951
RhoA perturbation; Cdc42 response,EML_expr,(G(R)+G(R)),1,5,2,16.0,44.839397978854144,4.1520711466138955,96.0,42.100931848521014
RhoA perturbation; Cdc42 response,EML_expr,(G(R)+G(R)),1,5,2,16.33333,43.06918511302083,4.230287234171569,96.0,42.1172694702998
RhoA perturbation; Cdc42 response,EML_expr,(G(R)+G(R)),1,5,2,16.66667,44.09113680843748,4.289577947853359,96.0,42.1167758954686
RhoA perturbation; Cdc42 response,EML_expr,(G(R)+G(R)),1,5,2,17.0,44.53816757677084,4.342622278026322,96.0,42.09427615594999
RhoA perturbation; Cdc42 response,EML_expr,(G(R)+G(R)),1,5,2,17.33333,43.110703397187514,4.418435420544268,96.0,42.04354556653216
RhoA perturbation; Cdc42 response,EML_expr,(G(R)+G(R)),1,5,2,17.66667,42.82344298583332,4.336818418553825,96.0,41.957504296852335
RhoA perturbation; Cdc42 response,EML_expr,(G(R)+G(R)),1,5,2,18.0,44.090536348854165,4.30851623883757,96.0,41.828541352473316
RhoA perturbation; Cdc42 response,EML_expr,(G(R)+G(R)),1,5,2,18.33333,44.142052664375,4.218111446909127,96.0,41.648900826990285
RhoA perturbation; Cdc42 response,EML_expr,(G(R)+G(R)),1,5,2,18.66667,44.263298895312516,4.2360150986473375,96.0,41.41113496263229
RhoA perturbation; Cdc42 response,EML_expr,(G(R)+G(R)),1,5,2,19.0,43.36335120822915,4.265969838916123,96.0,41.10859029005849
RhoA perturbation; Cdc42 response,EML_expr,(G(R)+G(R)),1,5,2,19.33333,43.08669481947916,4.228434709868423,96.0,40.735784302334004
RhoA perturbation; Cdc42 response,EML_expr,(G(R)+G(R)),1,5,2,19.66667,44.81050446312499,4.269012995669736,96.0,40.28876016292045
RhoA perturbation; Cdc42 response,EML_expr,(G(R)+G(R)),1,5,2,20.0,44.510929666354166,4.220252827470473,96.0,39.765376105956044
RhoA perturbation; Cdc42 response,EML_expr,(G(R)+G(R)),1,5,2,20.33333,41.54642154458333,3.9541869881523812,96.0,39.16534841686058
RhoA perturbation; Cdc42 response,EML_expr,(G(R)+G(R)),1,5,2,20.66667,40.047226886562505,3.798215134748698,96.0,38.49028786549267
RhoA perturbation; Cdc42 response,EML_expr,(G(R)+G(R)),1,5,2,21.0,39.69214392583333,3.6206287350291313,96.0,37.743670816267276
RhoA perturbation; Cdc42 response,EML_expr,(G(R)+G(R)),1,5,2,21.33333,37.600583485520836,3.454382500683567,96.0,36.93052967606274
RhoA perturbation; Cdc42 response,EML_expr,(G(R)+G(R)),1,5,2,21.66667,35.40411080218749,3.3247934197075897,96.0,36.05725187431519
RhoA perturbation; Cdc42 response,EML_expr,(G(R)+G(R)),1,5,2,22.0,34.32286644083334,3.2697660006155878,96.0,35.131374057886354
RhoA perturbation; Cdc42 response,EML_expr,(G(R)+G(R)),1,5,2,22.33333,33.45373635354167,3.0377326972496514,96.0,34.161114088909414
RhoA perturbation; Cdc42 response,EML_expr,(G(R)+G(R)),1,5,2,22.66667,32.43612773666668,2.9611556203085705,96.0,33.15513636513788
RhoA perturbation; Cdc42 response,EML_expr,(G(R)+G(R)),1,5,2,23.0,31.586112918854173,2.8418174843343205,96.0,32.12236049556978
RhoA perturbation; Cdc42 response,EML_expr,(G(R)+G(R)),1,5,2,23.33333,30.50887267749999,2.744782090490418,96.0,31.071523261824318
RhoA perturbation; Cdc42 response,EML_expr,(G(R)+G(R)),1,5,2,23.66667,28.655807943750002,2.672413285493715,96.0,30.01104883161253
RhoA perturbation; Cdc42 response,EML_expr,(G(R)+G(R)),1,5,2,24.0,27.546000784895835,2.5318502427937117,96.0,28.948971029642504
RhoA perturbation; Cdc42 response,EML_expr,(G(R)+G(R)),1,5,2,24.33333,27.06587826302082,2.4677824051400767,96.0,27.892609082942602
RhoA perturbation; Cdc42 response,EML_expr,(G(R)+G(R)),1,5,2,24.66667,25.482764552604163,2.4126124028827096,96.0,26.84857129905988
RhoA perturbation; Cdc42 response,EML_expr,(G(R)+G(R)),1,5,2,25.0,25.59795988135417,2.287605835685528,96.0,25.822792493066917
RhoA perturbation; Cdc42 response,EML_expr,(G(R)+G(R)),1,5,2,25.33333,24.447861462395817,2.167375122557263,96.0,24.820321904646963
RhoA perturbation; Cdc42 response,EML_expr,(G(R)+G(R)),1,5,2,25.66667,24.01868832989582,2.1371376446013857,96.0,23.845422970656735
RhoA perturbation; Cdc42 response,EML_expr,(G(R)+G(R)),1,5,2,26.0,22.78127678479167,2.086312559586399,96.0,22.90168188037672
RhoA perturbation; Cdc42 response,EML_expr,(G(R)+G(R)),1,5,2,26.33333,21.891632093854167,2.0150716631938677,96.0,21.99187202349916
RhoA perturbation; Cdc42 response,EML_expr,(G(R)+G(R)),1,5,2,26.66667,20.945023626458326,1.8698014129842881,96.0,21.11809790676634
RhoA perturbation; Cdc42 response,EML_expr,(G(R)+G(R)),1,5,2,27.0,20.629967116875008,1.861930411470987,96.0,20.281928365179102
RhoA perturbation; Cdc42 response,EML_expr,(G(R)+G(R)),1,5,2,27.33333,20.088517467916663,1.7512042470241485,96.0,19.48430245790809
RhoA perturbation; Cdc42 response,EML_expr,(G(R)+G(R)),1,5,2,27.66667,18.69201190260416,1.76465998919581,96.0,18.725677885570068
RhoA perturbation; Cdc42 response,EML_expr,(G(R)+G(R)),1,5,2,28.0,18.56528418562501,1.6893769747792127,96.0,18.006157860922553
RhoA perturbation; Cdc42 response,EML_expr,(G(R)+G(R)),1,5,2,28.33333,17.870653391875,1.6870169662889802,96.0,17.325415895396937
RhoA perturbation; Cdc42 response,EML_expr,(G(R)+G(R)),1,5,2,28.66667,17.339744944374996,1.588282207627887,96.0,16.682827035444294
RhoA perturbation; Cdc42 response,EML_expr,(G(R)+G(R)),1,5,2,29.0,16.46350753833333,1.5832712268805966,96.0,16.077573838049037
RhoA perturbation; Cdc42 response,EML_expr,(G(R)+G(R)),1,5,2,29.33333,15.708429160104162,1.5227800474289892,96.0,15.50857929548862
RhoA perturbation; Cdc42 response,EML_expr,(G(R)+G(R)),1,5,2,29.66667,14.33290780020833,1.561889817872484,96.0,14.974613099892021
RhoA perturbation; Cdc42 response,EML_expr,(G(R)+G(R)),1,5,2,30.0,14.203605272812503,1.520699141885573,96.0,14.474373351991876
RhoA perturbation; Cdc42 response,EML_expr,(G(R)+G(R)),1,5,2,30.33333,13.213554077812503,1.4664462570194274,96.0,14.006424199322272
RhoA perturbation; Cdc42 response,EML_expr,(G(R)+G(R)),1,5,2,30.66667,13.623335934583336,1.4679404139860608,96.0,13.569277342612384
RhoA perturbation; Cdc42 response,EML_expr,(G(R)+G(R)),1,5,2,31.0,14.018861143125,1.424568590609521,96.0,13.16145183743735
RhoA perturbation; Cdc42 response,EML_expr,(G(R)+G(R)),1,5,2,31.33333,12.624694368645834,1.4073758356256998,96.0,12.781416376887774
RhoA perturbation; Cdc42 response,EML_expr,(G(R)+G(R)),1,5,2,31.66667,12.349149456979164,1.4168910701793418,96.0,12.427649748367049
RhoA perturbation; Cdc42 response,EML_expr,(G(R)+G(R)),1,5,2,32.0,12.131231478541672,1.391732624306371,96.0,12.098683124891213
RhoA perturbation; Cdc42 response,EML_expr,(G(R)+G(R)),1,5,2,32.33333,11.920231513020832,1.4139563056828284,96.0,11.793047872680395
RhoA perturbation; Cdc42 response,EML_expr,(G(R)+G(R)),1,5,2,32.66667,11.742871103854158,1.2917756055122211,96.0,11.509319522636035
RhoA perturbation; Cdc42 response,EML_expr,(G(R)+G(R)),1,5,2,33.0,11.112344080729164,1.4687470751248861,96.0,11.246147028004486
RhoA perturbation; Cdc42 response,EML_expr,(G(R)+G(R)),1,5,2,33.33333,11.448311698749997,1.414622672158428,96.0,11.002206822929471
RhoA perturbation; Cdc42 response,EML_expr,(G(R)+G(R)),1,5,2,33.66667,10.631778282604168,1.3965004285988596,96.0,10.776234489178236
RhoA perturbation; Cdc42 response,EML_expr,(G(R)+G(R)),1,5,2,34.0,11.341713643020832,1.3230561965793761,96.0,10.567044738166015
RhoA perturbation; Cdc42 response,EML_expr,(G(R)+G(R)),1,5,2,34.33333,10.709179328645837,1.4557604762070828,96.0,10.37349196111977
RhoA perturbation; Cdc42 response,EML_expr,(G(R)+G(R)),1,5,2,34.66667,9.830198902812496,1.4290151201499555,96.0,10.19449296737119
RhoA perturbation; Cdc42 response,EML_expr,(G(R)+G(R)),1,5,2,35.0,10.293112988541665,1.391162024914986,96.0,10.02904055190759
RhoA perturbation; Cdc42 response,EML_expr,(G(R)+G(R)),1,5,2,35.33333,9.332255931770835,1.437777702942255,96.0,9.876170320199241
RhoA perturbation; Cdc42 response,EML_expr,(G(R)+G(R)),1,5,2,35.66667,10.107261608437506,1.3874154515894122,96.0,9.734977046737265
RhoA perturbation; Cdc42 response,EML_expr,(G(R)+G(R)),1,5,2,36.0,9.827691570208332,1.480774129190423,96.0,9.604623884429365
RhoA perturbation; Cdc42 response,EML_expr,(G(R)+G(R)),1,5,2,36.33333,9.709041730833333,1.5384837646541616,96.0,9.484314934933224
RhoA perturbation; Cdc42 response,EML_expr,(G(R)+G(R)),1,5,2,36.66667,9.315187174791669,1.7393612509974656,96.0,9.373307078079456
RhoA perturbation; Cdc42 response,EML_expr,(G(R)+G(R)),1,5,2,37.0,9.948737530729167,1.4400767516664625,96.0,9.270916248443713
RhoA perturbation; Cdc42 response,EML_expr,(G(R)+G(R)),1,5,2,37.33333,10.02341929479167,1.4218773780945793,96.0,9.176495060058155
RhoA perturbation; Cdc42 response,EML_expr,(G(R)+G(R)),1,5,2,37.66667,9.403855300208333,1.3853093435826955,96.0,9.089441421257453
RhoA perturbation; Cdc42 response,EML_expr,(G(R)+G(R)),1,5,2,38.0,9.14292041989584,1.5458551676916175,96.0,9.009202844265856
RhoA perturbation; Cdc42 response,EML_expr,(G(R)+G(R)),1,5,2,38.33333,9.17049158197917,1.4355564822468991,96.0,8.935258385897438
RhoA perturbation; Cdc42 response,EML_expr,(G(R)+G(R)),1,5,2,38.66667,7.807129513541668,1.498602070455668,96.0,8.8671249715456
RhoA perturbation; Cdc42 response,EML_expr,(G(R)+G(R)),1,5,2,39.0,8.327797780416672,1.2036795151143105,96.0,8.804360383465308
RhoA perturbation; Cdc42 response,EML_expr,(G(R)+G(R)),1,5,2,39.33333,8.926327779166662,1.3951379373455004,96.0,8.746548805847926
RhoA perturbation; Cdc42 response,EML_expr,(G(R)+G(R)),1,5,2,39.66667,8.345374473020836,1.3024730221384018,96.0,8.693305504955422
RhoA perturbation; Cdc42 response,EML_expr,(G(R)+G(R)),1,5,2,40.0,7.4125334264583325,1.2672893637109905,96.0,8.644278924964437
RhoA perturbation; Cdc42 response,EML_expr,G(G(R)),2,3,2,0.0,-0.027923615520833316,0.45900898728135897,96.0,0.06635097008344963
RhoA perturbation; Cdc42 response,EML_expr,G(G(R)),2,3,2,0.3333333,9.572856721979164,1.7117579212037075,96.0,7.511486518008459
RhoA perturbation; Cdc42 response,EML_expr,G(G(R)),2,3,2,0.6666667,12.723626935312508,2.055170942837916,96.0,11.751368563078294
RhoA perturbation; Cdc42 response,EML_expr,G(G(R)),2,3,2,1.0,16.123369902708337,2.3761519061971845,96.0,15.092565467755628
RhoA perturbation; Cdc42 response,EML_expr,G(G(R)),2,3,2,1.333333,19.43115996822917,2.575528577353306,96.0,17.885523895063535
RhoA perturbation; Cdc42 response,EML_expr,G(G(R)),2,3,2,1.666667,21.223441842604178,2.6249579919655845,96.0,20.28647827235395
RhoA perturbation; Cdc42 response,EML_expr,G(G(R)),2,3,2,2.0,22.44582539614582,2.7499625308181033,96.0,22.384816343925227
RhoA perturbation; Cdc42 response,EML_expr,G(G(R)),2,3,2,2.333333,25.041849861666687,2.7677347746441052,96.0,24.238845106998223
RhoA perturbation; Cdc42 response,EML_expr,G(G(R)),2,3,2,2.666667,26.21257579843751,2.839828056336364,96.0,25.889796002519763
RhoA perturbation; Cdc42 response,EML_expr,G(G(R)),2,3,2,3.0,26.586747623541658,2.997138272755855,96.0,27.368461777386255
RhoA perturbation; Cdc42 response,EML_expr,G(G(R)),2,3,2,3.333333,28.537379678437492,2.997536296801952,96.0,28.698789532300882
RhoA perturbation; Cdc42 response,EML_expr,G(G(R)),2,3,2,3.666667,28.538720332499988,3.061047342985218,96.0,29.899949889454113
RhoA perturbation; Cdc42 response,EML_expr,G(G(R)),2,3,2,4.0,30.86264847822916,3.086591456183257,96.0,30.987633502199838
RhoA perturbation; Cdc42 response,EML_expr,G(G(R)),2,3,2,4.333334,30.073681551770832,3.221420673684088,96.0,31.974936044892644
RhoA perturbation; Cdc42 response,EML_expr,G(G(R)),2,3,2,4.666667,31.353581760729174,3.2429259411199145,96.0,32.87292382744872
RhoA perturbation; Cdc42 response,EML_expr,G(G(R)),2,3,2,5.0,31.513904618333342,3.3185235093304732,96.0,33.69107682358085
RhoA perturbation; Cdc42 response,EML_expr,G(G(R)),2,3,2,5.333334,32.65468524489584,3.318451354211551,96.0,34.437587788410404
RhoA perturbation; Cdc42 response,EML_expr,G(G(R)),2,3,2,5.666667,32.21263448333334,3.443925762912029,96.0,35.11958897128219
RhoA perturbation; Cdc42 response,EML_expr,G(G(R)),2,3,2,6.0,33.98101023406249,3.5208243092732365,96.0,35.74334396014294
RhoA perturbation; Cdc42 response,EML_expr,G(G(R)),2,3,2,6.333334,34.32541528458332,3.625770168494379,96.0,36.31437978115119
RhoA perturbation; Cdc42 response,EML_expr,G(G(R)),2,3,2,6.666667,35.020071923124995,3.6337098474294653,96.0,36.837593563370774
RhoA perturbation; Cdc42 response,EML_expr,G(G(R)),2,3,2,7.0,35.68365437302082,3.680654227050923,96.0,37.31735234581757
RhoA perturbation; Cdc42 response,EML_expr,G(G(R)),2,3,2,7.333334,34.79511669166665,3.7492912875266424,96.0,37.757560507224184
RhoA perturbation; Cdc42 response,EML_expr,G(G(R)),2,3,2,7.666667,36.316073593124976,3.754161885758576,96.0,38.161716835160945
RhoA perturbation; Cdc42 response,EML_expr,G(G(R)),2,3,2,8.0,36.42803883604166,3.7540435656026254,96.0,38.53297287678117
RhoA perturbation; Cdc42 response,EML_expr,G(G(R)),2,3,2,8.333333,38.05664679145834,3.818279822517446,96.0,38.8741700295828
RhoA perturbation; Cdc42 response,EML_expr,G(G(R)),2,3,2,8.666667,37.498483035,3.89908045696899,96.0,39.18787788555284
RhoA perturbation; Cdc42 response,EML_expr,G(G(R)),2,3,2,9.0,38.373461548125,3.940671824462212,96.0,39.47642139200671
RhoA perturbation; Cdc42 response,EML_expr,G(G(R)),2,3,2,9.333333,39.71396570666666,3.967479363055417,96.0,39.74191303925053
RhoA perturbation; Cdc42 response,EML_expr,G(G(R)),2,3,2,9.666667,39.59648601916666,3.8734463426419445,96.0,39.986272719973314
RhoA perturbation; Cdc42 response,EML_expr,G(G(R)),2,3,2,10.0,39.06948966406249,3.942890003765534,96.0,40.21124586456079
RhoA perturbation; Cdc42 response,EML_expr,G(G(R)),2,3,2,10.33333,38.990662630520845,4.005894386001017,96.0,40.418423563251814
RhoA perturbation; Cdc42 response,EML_expr,G(G(R)),2,3,2,10.66667,39.45031246177082,3.988341174717161,96.0,40.60926611804324
RhoA perturbation; Cdc42 response,EML_expr,G(G(R)),2,3,2,11.0,40.623721676354144,4.047509465116343,96.0,40.78508901838011
RhoA perturbation; Cdc42 response,EML_expr,G(G(R)),2,3,2,11.33333,40.7664319459375,4.065565791294083,96.0,40.94711134159704
RhoA perturbation; Cdc42 response,EML_expr,G(G(R)),2,3,2,11.66667,39.61090631427084,4.05057942385462,96.0,41.09644725816486
RhoA perturbation; Cdc42 response,EML_expr,G(G(R)),2,3,2,12.0,40.80843216510416,4.060803887249427,96.0,41.23410349164088
RhoA perturbation; Cdc42 response,EML_expr,G(G(R)),2,3,2,12.33333,40.69041874479168,4.1171645311356455,96.0,41.361013217473534
RhoA perturbation; Cdc42 response,EML_expr,G(G(R)),2,3,2,12.66667,41.37944060083334,4.085218575245882,96.0,41.4780250860725
RhoA perturbation; Cdc42 response,EML_expr,G(G(R)),2,3,2,13.0,41.696821155,4.0695263217148785,96.0,41.585892572128294
RhoA perturbation; Cdc42 response,EML_expr,G(G(R)),2,3,2,13.33333,40.61681270593751,4.080936214401611,96.0,41.685284055179345
RhoA perturbation; Cdc42 response,EML_expr,G(G(R)),2,3,2,13.66667,40.04831553375,4.03329878824528,96.0,41.77674538329627
RhoA perturbation; Cdc42 response,EML_expr,G(G(R)),2,3,2,14.0,42.655246395208344,3.9080439270441727,96.0,41.86064593472987
RhoA perturbation; Cdc42 response,EML_expr,G(G(R)),2,3,2,14.33333,42.664869551979166,4.035669535095019,96.0,41.937121582240685
RhoA perturbation; Cdc42 response,EML_expr,G(G(R)),2,3,2,14.66667,41.769536490104194,4.038248231195513,96.0,42.00596294264275
RhoA perturbation; Cdc42 response,EML_expr,G(G(R)),2,3,2,15.0,41.51994889124999,4.068766455442411,96.0,42.06648193398065
RhoA perturbation; Cdc42 response,EML_expr,G(G(R)),2,3,2,15.33333,44.23900240135416,4.041993409643368,96.0,42.11738084530052
RhoA perturbation; Cdc42 response,EML_expr,G(G(R)),2,3,2,15.66667,43.1206390258333,4.166837456238659,96.0,42.15660452346486
RhoA perturbation; Cdc42 response,EML_expr,G(G(R)),2,3,2,16.0,44.839397978854144,4.1520711466138955,96.0,42.18122456181406
RhoA perturbation; Cdc42 response,EML_expr,G(G(R)),2,3,2,16.33333,43.06918511302083,4.230287234171569,96.0,42.18738472021216
RhoA perturbation; Cdc42 response,EML_expr,G(G(R)),2,3,2,16.66667,44.09113680843748,4.289577947853359,96.0,42.17030668745899
RhoA perturbation; Cdc42 response,EML_expr,G(G(R)),2,3,2,17.0,44.53816757677084,4.342622278026322,96.0,42.12439323027995
RhoA perturbation; Cdc42 response,EML_expr,G(G(R)),2,3,2,17.33333,43.110703397187514,4.418435420544268,96.0,42.04341407216778
RhoA perturbation; Cdc42 response,EML_expr,G(G(R)),2,3,2,17.66667,42.82344298583332,4.336818418553825,96.0,41.92077102197764
RhoA perturbation; Cdc42 response,EML_expr,G(G(R)),2,3,2,18.0,44.090536348854165,4.30851623883757,96.0,41.749840764548594
RhoA perturbation; Cdc42 response,EML_expr,G(G(R)),2,3,2,18.33333,44.142052664375,4.218111446909127,96.0,41.52431008250669
RhoA perturbation; Cdc42 response,EML_expr,G(G(R)),2,3,2,18.66667,44.263298895312516,4.2360150986473375,96.0,41.23853457272525
RhoA perturbation; Cdc42 response,EML_expr,G(G(R)),2,3,2,19.0,43.36335120822915,4.265969838916123,96.0,40.88789397403933
RhoA perturbation; Cdc42 response,EML_expr,G(G(R)),2,3,2,19.33333,43.08669481947916,4.228434709868423,96.0,40.469004682581776
RhoA perturbation; Cdc42 response,EML_expr,G(G(R)),2,3,2,19.66667,44.81050446312499,4.269012995669736,96.0,39.97992342992107
RhoA perturbation; Cdc42 response,EML_expr,G(G(R)),2,3,2,20.0,44.510929666354166,4.220252827470473,96.0,39.42030161781333
RhoA perturbation; Cdc42 response,EML_expr,G(G(R)),2,3,2,20.33333,41.54642154458333,3.9541869881523812,96.0,38.79131179411798
RhoA perturbation; Cdc42 response,EML_expr,G(G(R)),2,3,2,20.66667,40.047226886562505,3.798215134748698,96.0,38.09561688375386
RhoA perturbation; Cdc42 response,EML_expr,G(G(R)),2,3,2,21.0,39.69214392583333,3.6206287350291313,96.0,37.33730890641938
RhoA perturbation; Cdc42 response,EML_expr,G(G(R)),2,3,2,21.33333,37.600583485520836,3.454382500683567,96.0,36.521598325542435
RhoA perturbation; Cdc42 response,EML_expr,G(G(R)),2,3,2,21.66667,35.40411080218749,3.3247934197075897,96.0,35.65464872316121
RhoA perturbation; Cdc42 response,EML_expr,G(G(R)),2,3,2,22.0,34.32286644083334,3.2697660006155878,96.0,34.74342408097695
RhoA perturbation; Cdc42 response,EML_expr,G(G(R)),2,3,2,22.33333,33.45373635354167,3.0377326972496514,96.0,33.79529083471408
RhoA perturbation; Cdc42 response,EML_expr,G(G(R)),2,3,2,22.66667,32.43612773666668,2.9611556203085705,96.0,32.81785880823457
RhoA perturbation; Cdc42 response,EML_expr,G(G(R)),2,3,2,23.0,31.586112918854173,2.8418174843343205,96.0,31.818861219821688
RhoA perturbation; Cdc42 response,EML_expr,G(G(R)),2,3,2,23.33333,30.50887267749999,2.744782090490418,96.0,30.805791392636845
RhoA perturbation; Cdc42 response,EML_expr,G(G(R)),2,3,2,23.66667,28.655807943750002,2.672413285493715,96.0,29.785831685787993
RhoA perturbation; Cdc42 response,EML_expr,G(G(R)),2,3,2,24.0,27.546000784895835,2.5318502427937117,96.0,28.765821532566047
RhoA perturbation; Cdc42 response,EML_expr,G(G(R)),2,3,2,24.33333,27.06587826302082,2.4677824051400767,96.0,27.751978961328348
RhoA perturbation; Cdc42 response,EML_expr,G(G(R)),2,3,2,24.66667,25.482764552604163,2.4126124028827096,96.0,26.749927854024445
RhoA perturbation; Cdc42 response,EML_expr,G(G(R)),2,3,2,25.0,25.59795988135417,2.287605835685528,96.0,25.764748365943294
RhoA perturbation; Cdc42 response,EML_expr,G(G(R)),2,3,2,25.33333,24.447861462395817,2.167375122557263,96.0,24.800780324800456
RhoA perturbation; Cdc42 response,EML_expr,G(G(R)),2,3,2,25.66667,24.01868832989582,2.1371376446013857,96.0,23.861719466236178
RhoA perturbation; Cdc42 response,EML_expr,G(G(R)),2,3,2,26.0,22.78127678479167,2.086312559586399,96.0,22.95071781658652
RhoA perturbation; Cdc42 response,EML_expr,G(G(R)),2,3,2,26.33333,21.891632093854167,2.0150716631938677,96.0,22.07024518282575
RhoA perturbation; Cdc42 response,EML_expr,G(G(R)),2,3,2,26.66667,20.945023626458326,1.8698014129842881,96.0,21.222217137420294
RhoA perturbation; Cdc42 response,EML_expr,G(G(R)),2,3,2,27.0,20.629967116875008,1.861930411470987,96.0,20.408112471572977
RhoA perturbation; Cdc42 response,EML_expr,G(G(R)),2,3,2,27.33333,20.088517467916663,1.7512042470241485,96.0,19.628869150703235
RhoA perturbation; Cdc42 response,EML_expr,G(G(R)),2,3,2,27.66667,18.69201190260416,1.76465998919581,96.0,18.88501540744785
RhoA perturbation; Cdc42 response,EML_expr,G(G(R)),2,3,2,28.0,18.56528418562501,1.6893769747792127,96.0,18.17678188515169
RhoA perturbation; Cdc42 response,EML_expr,G(G(R)),2,3,2,28.33333,17.870653391875,1.6870169662889802,96.0,17.504016189624924
RhoA perturbation; Cdc42 response,EML_expr,G(G(R)),2,3,2,28.66667,17.339744944374996,1.588282207627887,96.0,16.866300708152334
RhoA perturbation; Cdc42 response,EML_expr,G(G(R)),2,3,2,29.0,16.46350753833333,1.5832712268805966,96.0,16.26304832147112
RhoA perturbation; Cdc42 response,EML_expr,G(G(R)),2,3,2,29.33333,15.708429160104162,1.5227800474289892,96.0,15.693427334021644
RhoA perturbation; Cdc42 response,EML_expr,G(G(R)),2,3,2,29.66667,14.33290780020833,1.561889817872484,96.0,15.156459464369828
RhoA perturbation; Cdc42 response,EML_expr,G(G(R)),2,3,2,30.0,14.203605272812503,1.520699141885573,96.0,14.65109600294628
RhoA perturbation; Cdc42 response,EML_expr,G(G(R)),2,3,2,30.33333,13.213554077812503,1.4664462570194274,96.0,14.17614992364655
RhoA perturbation; Cdc42 response,EML_expr,G(G(R)),2,3,2,30.66667,13.623335934583336,1.4679404139860608,96.0,13.73037351071979
RhoA perturbation; Cdc42 response,EML_expr,G(G(R)),2,3,2,31.0,14.018861143125,1.424568590609521,96.0,13.312516242754505
RhoA perturbation; Cdc42 response,EML_expr,G(G(R)),2,3,2,31.33333,12.624694368645834,1.4073758356256998,96.0,12.921263383896788
RhoA perturbation; Cdc42 response,EML_expr,G(G(R)),2,3,2,31.66667,12.349149456979164,1.4168910701793418,96.0,12.555295623947766
RhoA perturbation; Cdc42 response,EML_expr,G(G(R)),2,3,2,32.0,12.131231478541672,1.391732624306371,96.0,12.213331774806461
RhoA perturbation; Cdc42 response,EML_expr,G(G(R)),2,3,2,32.33333,11.920231513020832,1.4139563056828284,96.0,11.894073993743088
RhoA perturbation; Cdc42 response,EML_expr,G(G(R)),2,3,2,32.66667,11.742871103854158,1.2917756055122211,96.0,11.59625276788675
RhoA perturbation; Cdc42 response,EML_expr,G(G(R)),2,3,2,33.0,11.112344080729164,1.4687470751248861,96.0,11.31865782266393
RhoA perturbation; Cdc42 response,EML_expr,G(G(R)),2,3,2,33.33333,11.448311698749997,1.414622672158428,96.0,11.060090161373619
RhoA perturbation; Cdc42 response,EML_expr,G(G(R)),2,3,2,33.66667,10.631778282604168,1.3965004285988596,96.0,10.819395662444593
RhoA perturbation; Cdc42 response,EML_expr,G(G(R)),2,3,2,34.0,11.341713643020832,1.3230561965793761,96.0,10.595487221161106
RhoA perturbation; Cdc42 response,EML_expr,G(G(R)),2,3,2,34.33333,10.709179328645837,1.4557604762070828,96.0,10.38730352668871
RhoA perturbation; Cdc42 response,EML_expr,G(G(R)),2,3,2,34.66667,9.830198902812496,1.4290151201499555,96.0,10.193834059005376
RhoA perturbation; Cdc42 response,EML_expr,G(G(R)),2,3,2,35.0,10.293112988541665,1.391162024914986,96.0,10.014134883896372
RhoA perturbation; Cdc42 response,EML_expr,G(G(R)),2,3,2,35.33333,9.332255931770835,1.437777702942255,96.0,9.847293800117734
RhoA perturbation; Cdc42 response,EML_expr,G(G(R)),2,3,2,35.66667,10.107261608437506,1.3874154515894122,96.0,9.692448944342079
RhoA perturbation; Cdc42 response,EML_expr,G(G(R)),2,3,2,36.0,9.827691570208332,1.480774129190423,96.0,9.548800064845597
RhoA perturbation; Cdc42 response,EML_expr,G(G(R)),2,3,2,36.33333,9.709041730833333,1.5384837646541616,96.0,9.415579462601443
RhoA perturbation; Cdc42 response,EML_expr,G(G(R)),2,3,2,36.66667,9.315187174791669,1.7393612509974656,96.0,9.2920658819626
RhoA perturbation; Cdc42 response,EML_expr,G(G(R)),2,3,2,37.0,9.948737530729167,1.4400767516664625,96.0,9.1775925901274
RhoA perturbation; Cdc42 response,EML_expr,G(G(R)),2,3,2,37.33333,10.02341929479167,1.4218773780945793,96.0,9.071523425573153
RhoA perturbation; Cdc42 response,EML_expr,G(G(R)),2,3,2,37.66667,9.403855300208333,1.3853093435826955,96.0,8.973263218558873
RhoA perturbation; Cdc42 response,EML_expr,G(G(R)),2,3,2,38.0,9.14292041989584,1.5458551676916175,96.0,8.882263619508063
RhoA perturbation; Cdc42 response,EML_expr,G(G(R)),2,3,2,38.33333,9.17049158197917,1.4355564822468991,96.0,8.798003539908466
RhoA perturbation; Cdc42 response,EML_expr,G(G(R)),2,3,2,38.66667,7.807129513541668,1.498602070455668,96.0,8.719997013351609
RhoA perturbation; Cdc42 response,EML_expr,G(G(R)),2,3,2,39.0,8.327797780416672,1.2036795151143105,96.0,8.6477974343507
RhoA perturbation; Cdc42 response,EML_expr,G(G(R)),2,3,2,39.33333,8.926327779166662,1.3951379373455004,96.0,8.580981705013022
RhoA perturbation; Cdc42 response,EML_expr,G(G(R)),2,3,2,39.66667,8.345374473020836,1.3024730221384018,96.0,8.519156199730894
RhoA perturbation; Cdc42 response,EML_expr,G(G(R)),2,3,2,40.0,7.4125334264583325,1.2672893637109905,96.0,8.461959875668732
RhoA perturbation; Cdc42 response,EML_expr,(G(G(R))+R),2,5,2,0.0,-0.027923615520833316,0.45900898728135897,96.0,1.1675553867618982
RhoA perturbation; Cdc42 response,EML_expr,(G(G(R))+R),2,5,2,0.3333333,9.572856721979164,1.7117579212037075,96.0,5.002833489496126
RhoA perturbation; Cdc42 response,EML_expr,(G(G(R))+R),2,5,2,0.6666667,12.723626935312508,2.055170942837916,96.0,8.486640981923701
RhoA perturbation; Cdc42 response,EML_expr,(G(G(R))+R),2,5,2,1.0,16.123369902708337,2.3761519061971845,96.0,11.65118525522955
RhoA perturbation; Cdc42 response,EML_expr,(G(G(R))+R),2,5,2,1.333333,19.43115996822917,2.575528577353306,96.0,14.525722681241945
RhoA perturbation; Cdc42 response,EML_expr,(G(G(R))+R),2,5,2,1.666667,21.223441842604178,2.6249579919655845,96.0,17.136840149166918
RhoA perturbation; Cdc42 response,EML_expr,(G(G(R))+R),2,5,2,2.0,22.44582539614582,2.7499625308181033,96.0,19.50866297904362
RhoA perturbation; Cdc42 response,EML_expr,(G(G(R))+R),2,5,2,2.333333,25.041849861666687,2.7677347746441052,96.0,21.663127994934506
RhoA perturbation; Cdc42 response,EML_expr,(G(G(R))+R),2,5,2,2.666667,26.21257579843751,2.839828056336364,96.0,23.620159824166866
RhoA perturbation; Cdc42 response,EML_expr,(G(G(R))+R),2,5,2,3.0,26.586747623541658,2.997138272755855,96.0,25.39784038752254
RhoA perturbation; Cdc42 response,EML_expr,(G(G(R))+R),2,5,2,3.333333,28.537379678437492,2.997536296801952,96.0,27.012611328646365
RhoA perturbation; Cdc42 response,EML_expr,(G(G(R))+R),2,5,2,3.666667,28.538720332499988,3.061047342985218,96.0,28.47940615027965
RhoA perturbation; Cdc42 response,EML_expr,(G(G(R))+R),2,5,2,4.0,30.86264847822916,3.086591456183257,96.0,29.81177724711103
RhoA perturbation; Cdc42 response,EML_expr,(G(G(R))+R),2,5,2,4.333334,30.073681551770832,3.221420673684088,96.0,31.02205108568159
RhoA perturbation; Cdc42 response,EML_expr,(G(G(R))+R),2,5,2,4.666667,31.353581760729174,3.2429259411199145,96.0,32.12140994486205
RhoA perturbation; Cdc42 response,EML_expr,(G(G(R))+R),2,5,2,5.0,31.513904618333342,3.3185235093304732,96.0,33.120021718127234
RhoA perturbation; Cdc42 response,EML_expr,(G(G(R))+R),2,5,2,5.333334,32.65468524489584,3.318451354211551,96.0,34.02712162966514
RhoA perturbation; Cdc42 response,EML_expr,(G(G(R))+R),2,5,2,5.666667,32.21263448333334,3.443925762912029,96.0,34.851090794436
RhoA perturbation; Cdc42 response,EML_expr,(G(G(R))+R),2,5,2,6.0,33.98101023406249,3.5208243092732365,96.0,35.599550045822795
RhoA perturbation; Cdc42 response,EML_expr,(G(G(R))+R),2,5,2,6.333334,34.32541528458332,3.625770168494379,96.0,36.27942118183274
RhoA perturbation; Cdc42 response,EML_expr,(G(G(R))+R),2,5,2,6.666667,35.020071923124995,3.6337098474294653,96.0,36.89698584584001
RhoA perturbation; Cdc42 response,EML_expr,(G(G(R))+R),2,5,2,7.0,35.68365437302082,3.680654227050923,96.0,37.45795585038424
RhoA perturbation; Cdc42 response,EML_expr,(G(G(R))+R),2,5,2,7.333334,34.79511669166665,3.7492912875266424,96.0,37.96751908118181
RhoA perturbation; Cdc42 response,EML_expr,(G(G(R))+R),2,5,2,7.666667,36.316073593124976,3.754161885758576,96.0,38.43038362822643
RhoA perturbation; Cdc42 response,EML_expr,(G(G(R))+R),2,5,2,8.0,36.42803883604166,3.7540435656026254,96.0,38.85083049345694
RhoA perturbation; Cdc42 response,EML_expr,(G(G(R))+R),2,5,2,8.333333,38.05664679145834,3.818279822517446,96.0,39.232746904231696
RhoA perturbation; Cdc42 response,EML_expr,(G(G(R))+R),2,5,2,8.666667,37.498483035,3.89908045696899,96.0,39.57966484742388
RhoA perturbation; Cdc42 response,EML_expr,(G(G(R))+R),2,5,2,9.0,38.373461548125,3.940671824462212,96.0,39.89478965810923
RhoA perturbation; Cdc42 response,EML_expr,(G(G(R))+R),2,5,2,9.333333,39.71396570666666,3.967479363055417,96.0,40.18103590370091
RhoA perturbation; Cdc42 response,EML_expr,(G(G(R))+R),2,5,2,9.666667,39.59648601916666,3.8734463426419445,96.0,40.44105080739594
RhoA perturbation; Cdc42 response,EML_expr,(G(G(R))+R),2,5,2,10.0,39.06948966406249,3.942890003765534,96.0,40.67723676695836
RhoA perturbation; Cdc42 response,EML_expr,(G(G(R))+R),2,5,2,10.33333,38.990662630520845,4.005894386001017,96.0,40.89177641030048
RhoA perturbation; Cdc42 response,EML_expr,(G(G(R))+R),2,5,2,10.66667,39.45031246177082,3.988341174717161,96.0,41.08666102017467
RhoA perturbation; Cdc42 response,EML_expr,(G(G(R))+R),2,5,2,11.0,40.623721676354144,4.047509465116343,96.0,41.263680661390076
RhoA perturbation; Cdc42 response,EML_expr,(G(G(R))+R),2,5,2,11.33333,40.7664319459375,4.065565791294083,96.0,41.424478065493965
RhoA perturbation; Cdc42 response,EML_expr,(G(G(R))+R),2,5,2,11.66667,39.61090631427084,4.05057942385462,96.0,41.5705440273804
RhoA perturbation; Cdc42 response,EML_expr,(G(G(R))+R),2,5,2,12.0,40.80843216510416,4.060803887249427,96.0,41.703220200131874
RhoA perturbation; Cdc42 response,EML_expr,(G(G(R))+R),2,5,2,12.33333,40.69041874479168,4.1171645311356455,96.0,41.823737810546575
RhoA perturbation; Cdc42 response,EML_expr,(G(G(R))+R),2,5,2,12.66667,41.37944060083334,4.085218575245882,96.0,41.93321420843263
RhoA perturbation; Cdc42 response,EML_expr,(G(G(R))+R),2,5,2,13.0,41.696821155,4.0695263217148785,96.0,42.03265495734808
RhoA perturbation; Cdc42 response,EML_expr,(G(G(R))+R),2,5,2,13.33333,40.61681270593751,4.080936214401611,96.0,42.122982824834935
RhoA perturbation; Cdc42 response,EML_expr,(G(G(R))+R),2,5,2,13.66667,40.04831553375,4.03329878824528,96.0,42.20503504892416
RhoA perturbation; Cdc42 response,EML_expr,(G(G(R))+R),2,5,2,14.0,42.655246395208344,3.9080439270441727,96.0,42.279564250682455
RhoA perturbation; Cdc42 response,EML_expr,(G(G(R))+R),2,5,2,14.33333,42.664869551979166,4.035669535095019,96.0,42.34725774907134
RhoA perturbation; Cdc42 response,EML_expr,(G(G(R))+R),2,5,2,14.66667,41.769536490104194,4.038248231195513,96.0,42.40872803818415
RhoA perturbation; Cdc42 response,EML_expr,(G(G(R))+R),2,5,2,15.0,41.51994889124999,4.068766455442411,96.0,42.46449383605764
RhoA perturbation; Cdc42 response,EML_expr,(G(G(R))+R),2,5,2,15.33333,44.23900240135416,4.041993409643368,96.0,42.51495039100696
RhoA perturbation; Cdc42 response,EML_expr,(G(G(R))+R),2,5,2,15.66667,43.1206390258333,4.166837456238659,96.0,42.56027683830198
RhoA perturbation; Cdc42 response,EML_expr,(G(G(R))+R),2,5,2,16.0,44.839397978854144,4.1520711466138955,96.0,42.60027952421018
RhoA perturbation; Cdc42 response,EML_expr,(G(G(R))+R),2,5,2,16.33333,43.06918511302083,4.230287234171569,96.0,42.634165673616266
RhoA perturbation; Cdc42 response,EML_expr,(G(G(R))+R),2,5,2,16.66667,44.09113680843748,4.289577947853359,96.0,42.660227684077114
RhoA perturbation; Cdc42 response,EML_expr,(G(G(R))+R),2,5,2,17.0,44.53816757677084,4.342622278026322,96.0,42.675488624231484
RhoA perturbation; Cdc42 response,EML_expr,(G(G(R))+R),2,5,2,17.33333,43.110703397187514,4.418435420544268,96.0,42.675376341525975
RhoA perturbation; Cdc42 response,EML_expr,(G(G(R))+R),2,5,2,17.66667,42.82344298583332,4.336818418553825,96.0,42.65349497911027
RhoA perturbation; Cdc42 response,EML_expr,(G(G(R))+R),2,5,2,18.0,44.090536348854165,4.30851623883757,96.0,42.601595237068146
RhoA perturbation; Cdc42 response,EML_expr,(G(G(R))+R),2,5,2,18.33333,44.142052664375,4.218111446909127,96.0,42.509785120184176
RhoA perturbation; Cdc42 response,EML_expr,(G(G(R))+R),2,5,2,18.66667,44.263298895312516,4.2360150986473375,96.0,42.367002633461276
RhoA perturbation; Cdc42 response,EML_expr,(G(G(R))+R),2,5,2,19.0,43.36335120822915,4.265969838916123,96.0,42.16173447345222
RhoA perturbation; Cdc42 response,EML_expr,(G(G(R))+R),2,5,2,19.33333,43.08669481947916,4.228434709868423,96.0,41.882833758627534
RhoA perturbation; Cdc42 response,EML_expr,(G(G(R))+R),2,5,2,19.66667,44.81050446312499,4.269012995669736,96.0,41.52040057548281
RhoA perturbation; Cdc42 response,EML_expr,(G(G(R))+R),2,5,2,20.0,44.510929666354166,4.220252827470473,96.0,41.06662547783418
RhoA perturbation; Cdc42 response,EML_expr,(G(G(R))+R),2,5,2,20.33333,41.54642154458333,3.9541869881523812,96.0,40.516355177546615
RhoA perturbation; Cdc42 response,EML_expr,(G(G(R))+R),2,5,2,20.66667,40.047226886562505,3.798215134748698,96.0,39.86751034887025
RhoA perturbation; Cdc42 response,EML_expr,(G(G(R))+R),2,5,2,21.0,39.69214392583333,3.6206287350291313,96.0,39.12129782406853
RhoA perturbation; Cdc42 response,EML_expr,(G(G(R))+R),2,5,2,21.33333,37.600583485520836,3.454382500683567,96.0,38.28198784569533
RhoA perturbation; Cdc42 response,EML_expr,(G(G(R))+R),2,5,2,21.66667,35.40411080218749,3.3247934197075897,96.0,37.35664501233582
RhoA perturbation; Cdc42 response,EML_expr,(G(G(R))+R),2,5,2,22.0,34.32286644083334,3.2697660006155878,96.0,36.354754503262406
RhoA perturbation; Cdc42 response,EML_expr,(G(G(R))+R),2,5,2,22.33333,33.45373635354167,3.0377326972496514,96.0,35.287491902311785
RhoA perturbation; Cdc42 response,EML_expr,(G(G(R))+R),2,5,2,22.66667,32.43612773666668,2.9611556203085705,96.0,34.167199177143864
RhoA perturbation; Cdc42 response,EML_expr,(G(G(R))+R),2,5,2,23.0,31.586112918854173,2.8418174843343205,96.0,33.00691025362333
RhoA perturbation; Cdc42 response,EML_expr,(G(G(R))+R),2,5,2,23.33333,30.50887267749999,2.744782090490418,96.0,31.819617170127767
RhoA perturbation; Cdc42 response,EML_expr,(G(G(R))+R),2,5,2,23.66667,28.655807943750002,2.672413285493715,96.0,30.61791316114127
RhoA perturbation; Cdc42 response,EML_expr,(G(G(R))+R),2,5,2,24.0,27.546000784895835,2.5318502427937117,96.0,29.413741155359933
RhoA perturbation; Cdc42 response,EML_expr,(G(G(R))+R),2,5,2,24.33333,27.06587826302082,2.4677824051400767,96.0,28.217907649756917
RhoA perturbation; Cdc42 response,EML_expr,(G(G(R))+R),2,5,2,24.66667,25.482764552604163,2.4126124028827096,96.0,27.04001236909858
RhoA perturbation; Cdc42 response,EML_expr,(G(G(R))+R),2,5,2,25.0,25.59795988135417,2.287605835685528,96.0,25.888453951977663
RhoA perturbation; Cdc42 response,EML_expr,(G(G(R))+R),2,5,2,25.33333,24.447861462395817,2.167375122557263,96.0,24.770186344973062
RhoA perturbation; Cdc42 response,EML_expr,(G(G(R))+R),2,5,2,25.66667,24.01868832989582,2.1371376446013857,96.0,23.690852628702604
RhoA perturbation; Cdc42 response,EML_expr,(G(G(R))+R),2,5,2,26.0,22.78127678479167,2.086312559586399,96.0,22.654942409778023
RhoA perturbation; Cdc42 response,EML_expr,(G(G(R))+R),2,5,2,26.33333,21.891632093854167,2.0150716631938677,96.0,21.665691169346466
RhoA perturbation; Cdc42 response,EML_expr,(G(G(R))+R),2,5,2,26.66667,20.945023626458326,1.8698014129842881,96.0,20.72529599141802
RhoA perturbation; Cdc42 response,EML_expr,(G(G(R))+R),2,5,2,27.0,20.629967116875008,1.861930411470987,96.0,19.835115953942324
RhoA perturbation; Cdc42 response,EML_expr,(G(G(R))+R),2,5,2,27.33333,20.088517467916663,1.7512042470241485,96.0,18.99562751025323
RhoA perturbation; Cdc42 response,EML_expr,(G(G(R))+R),2,5,2,27.66667,18.69201190260416,1.76465998919581,96.0,18.206638058007016
RhoA perturbation; Cdc42 response,EML_expr,(G(G(R))+R),2,5,2,28.0,18.56528418562501,1.6893769747792127,96.0,17.46746587439256
RhoA perturbation; Cdc42 response,EML_expr,(G(G(R))+R),2,5,2,28.33333,17.870653391875,1.6870169662889802,96.0,16.776905003044117
RhoA perturbation; Cdc42 response,EML_expr,(G(G(R))+R),2,5,2,28.66667,17.339744944374996,1.588282207627887,96.0,16.133399339910437
RhoA perturbation; Cdc42 response,EML_expr,(G(G(R))+R),2,5,2,29.0,16.46350753833333,1.5832712268805966,96.0,15.535179523156973
RhoA perturbation; Cdc42 response,EML_expr,(G(G(R))+R),2,5,2,29.33333,15.708429160104162,1.5227800474289892,96.0,14.980221648303264
RhoA perturbation; Cdc42 response,EML_expr,(G(G(R))+R),2,5,2,29.66667,14.33290780020833,1.561889817872484,96.0,14.466374796653678
RhoA perturbation; Cdc42 response,EML_expr,(G(G(R))+R),2,5,2,30.0,14.203605272812503,1.520699141885573,96.0,13.99145520401969
RhoA perturbation; Cdc42 response,EML_expr,(G(G(R))+R),2,5,2,30.33333,13.213554077812503,1.4664462570194274,96.0,13.55319845176049
RhoA perturbation; Cdc42 response,EML_expr,(G(G(R))+R),2,5,2,30.66667,13.623335934583336,1.4679404139860608,96.0,13.149347003913885
RhoA perturbation; Cdc42 response,EML_expr,(G(G(R))+R),2,5,2,31.0,14.018861143125,1.424568590609521,96.0,12.77771066772278
RhoA perturbation; Cdc42 response,EML_expr,(G(G(R))+R),2,5,2,31.33333,12.624694368645834,1.4073758356256998,96.0,12.436116732488298
RhoA perturbation; Cdc42 response,EML_expr,(G(G(R))+R),2,5,2,31.66667,12.349149456979164,1.4168910701793418,96.0,12.122467669289318
RhoA perturbation; Cdc42 response,EML_expr,(G(G(R))+R),2,5,2,32.0,12.131231478541672,1.391732624306371,96.0,11.834777988552545
RhoA perturbation; Cdc42 response,EML_expr,(G(G(R))+R),2,5,2,32.33333,11.920231513020832,1.4139563056828284,96.0,11.571126706405796
RhoA perturbation; Cdc42 response,EML_expr,(G(G(R))+R),2,5,2,32.66667,11.742871103854158,1.2917756055122211,96.0,11.329694466433097
RhoA perturbation; Cdc42 response,EML_expr,(G(G(R))+R),2,5,2,33.0,11.112344080729164,1.4687470751248861,96.0,11.108785064516848
RhoA perturbation; Cdc42 response,EML_expr,(G(G(R))+R),2,5,2,33.33333,11.448311698749997,1.414622672158428,96.0,10.906783023712364
RhoA perturbation; Cdc42 response,EML_expr,(G(G(R))+R),2,5,2,33.66667,10.631778282604168,1.3965004285988596,96.0,10.722177180221394
RhoA perturbation; Cdc42 response,EML_expr,(G(G(R))+R),2,5,2,34.0,11.341713643020832,1.3230561965793761,96.0,10.55357275899446
RhoA perturbation; Cdc42 response,EML_expr,(G(G(R))+R),2,5,2,34.33333,10.709179328645837,1.4557604762070828,96.0,10.3996552539849
RhoA perturbation; Cdc42 response,EML_expr,(G(G(R))+R),2,5,2,34.66667,9.830198902812496,1.4290151201499555,96.0,10.259205360246177
RhoA perturbation; Cdc42 response,EML_expr,(G(G(R))+R),2,5,2,35.0,10.293112988541665,1.391162024914986,96.0,10.131105458725155
RhoA perturbation; Cdc42 response,EML_expr,(G(G(R))+R),2,5,2,35.33333,9.332255931770835,1.437777702942255,96.0,10.014309889973664
RhoA perturbation; Cdc42 response,EML_expr,(G(G(R))+R),2,5,2,35.66667,10.107261608437506,1.3874154515894122,96.0,9.907854439450485
RhoA perturbation; Cdc42 response,EML_expr,(G(G(R))+R),2,5,2,36.0,9.827691570208332,1.480774129190423,96.0,9.810859628705241
RhoA perturbation; Cdc42 response,EML_expr,(G(G(R))+R),2,5,2,36.33333,9.709041730833333,1.5384837646541616,96.0,9.722506844073745
RhoA perturbation; Cdc42 response,EML_expr,(G(G(R))+R),2,5,2,36.66667,9.315187174791669,1.7393612509974656,96.0,9.642044415012098
RhoA perturbation; Cdc42 response,EML_expr,(G(G(R))+R),2,5,2,37.0,9.948737530729167,1.4400767516664625,96.0,9.568789143276245
RhoA perturbation; Cdc42 response,EML_expr,(G(G(R))+R),2,5,2,37.33333,10.02341929479167,1.4218773780945793,96.0,9.502107473577308
RhoA perturbation; Cdc42 response,EML_expr,(G(G(R))+R),2,5,2,37.66667,9.403855300208333,1.3853093435826955,96.0,9.441419438582546
RhoA perturbation; Cdc42 response,EML_expr,(G(G(R))+R),2,5,2,38.0,9.14292041989584,1.5458551676916175,96.0,9.386199254058091
RhoA perturbation; Cdc42 response,EML_expr,(G(G(R))+R),2,5,2,38.33333,9.17049158197917,1.4355564822468991,96.0,9.335960660443941
RhoA perturbation; Cdc42 response,EML_expr,(G(G(R))+R),2,5,2,38.66667,7.807129513541668,1.498602070455668,96.0,9.290259522981891
RhoA perturbation; Cdc42 response,EML_expr,(G(G(R))+R),2,5,2,39.0,8.327797780416672,1.2036795151143105,96.0,9.24869395771465
RhoA perturbation; Cdc42 response,EML_expr,(G(G(R))+R),2,5,2,39.33333,8.926327779166662,1.3951379373455004,96.0,9.210893030261609
RhoA perturbation; Cdc42 response,EML_expr,(G(G(R))+R),2,5,2,39.66667,8.345374473020836,1.3024730221384018,96.0,9.176518498404036
RhoA perturbation; Cdc42 response,EML_expr,(G(G(R))+R),2,5,2,40.0,7.4125334264583325,1.2672893637109905,96.0,9.14526472222461
RhoA perturbation; Cdc42 response,EML_expr,G((G(R)+R)),2,5,2,0.0,-0.027923615520833316,0.45900898728135897,96.0,0.004882700722953089
RhoA perturbation; Cdc42 response,EML_expr,G((G(R)+R)),2,5,2,0.3333333,9.572856721979164,1.7117579212037075,96.0,7.519148129236813
RhoA perturbation; Cdc42 response,EML_expr,G((G(R)+R)),2,5,2,0.6666667,12.723626935312508,2.055170942837916,96.0,12.169679926319562
RhoA perturbation; Cdc42 response,EML_expr,G((G(R)+R)),2,5,2,1.0,16.123369902708337,2.3761519061971845,96.0,15.749140140895394
RhoA perturbation; Cdc42 response,EML_expr,G((G(R)+R)),2,5,2,1.333333,19.43115996822917,2.575528577353306,96.0,18.65165163215519
RhoA perturbation; Cdc42 response,EML_expr,G((G(R)+R)),2,5,2,1.666667,21.223441842604178,2.6249579919655845,96.0,21.07004837340378
RhoA perturbation; Cdc42 response,EML_expr,G((G(R)+R)),2,5,2,2.0,22.44582539614582,2.7499625308181033,96.0,23.120234880390218
RhoA perturbation; Cdc42 response,EML_expr,G((G(R)+R)),2,5,2,2.333333,25.041849861666687,2.7677347746441052,96.0,24.879739493696018
RhoA perturbation; Cdc42 response,EML_expr,G((G(R)+R)),2,5,2,2.666667,26.21257579843751,2.839828056336364,96.0,26.40391265484403
RhoA perturbation; Cdc42 response,EML_expr,G((G(R)+R)),2,5,2,3.0,26.586747623541658,2.997138272755855,96.0,27.734042948039058
RhoA perturbation; Cdc42 response,EML_expr,G((G(R)+R)),2,5,2,3.333333,28.537379678437492,2.997536296801952,96.0,28.901942367924146
RhoA perturbation; Cdc42 response,EML_expr,G((G(R)+R)),2,5,2,3.666667,28.538720332499988,3.061047342985218,96.0,29.93270158350159
RhoA perturbation; Cdc42 response,EML_expr,G((G(R)+R)),2,5,2,4.0,30.86264847822916,3.086591456183257,96.0,30.846472310705323
RhoA perturbation; Cdc42 response,EML_expr,G((G(R)+R)),2,5,2,4.333334,30.073681551770832,3.221420673684088,96.0,31.6596987515951
RhoA perturbation; Cdc42 response,EML_expr,G((G(R)+R)),2,5,2,4.666667,31.353581760729174,3.2429259411199145,96.0,32.38594549910911
RhoA perturbation; Cdc42 response,EML_expr,G((G(R)+R)),2,5,2,5.0,31.513904618333342,3.3185235093304732,96.0,33.03653050786567
RhoA perturbation; Cdc42 response,EML_expr,G((G(R)+R)),2,5,2,5.333334,32.65468524489584,3.318451354211551,96.0,33.620973052454374
RhoA perturbation; Cdc42 response,EML_expr,G((G(R)+R)),2,5,2,5.666667,32.21263448333334,3.443925762912029,96.0,34.147335194713236
RhoA perturbation; Cdc42 response,EML_expr,G((G(R)+R)),2,5,2,6.0,33.98101023406249,3.5208243092732365,96.0,34.6224991276354
RhoA perturbation; Cdc42 response,EML_expr,G((G(R)+R)),2,5,2,6.333334,34.32541528458332,3.625770168494379,96.0,35.052371186887235
RhoA perturbation; Cdc42 response,EML_expr,G((G(R)+R)),2,5,2,6.666667,35.020071923124995,3.6337098474294653,96.0,35.44204795202399
RhoA perturbation; Cdc42 response,EML_expr,G((G(R)+R)),2,5,2,7.0,35.68365437302082,3.680654227050923,96.0,35.795965698170356
RhoA perturbation; Cdc42 response,EML_expr,G((G(R)+R)),2,5,2,7.333334,34.79511669166665,3.7492912875266424,96.0,36.118022065708786
RhoA perturbation; Cdc42 response,EML_expr,G((G(R)+R)),2,5,2,7.666667,36.316073593124976,3.754161885758576,96.0,36.411695235344865
RhoA perturbation; Cdc42 response,EML_expr,G((G(R)+R)),2,5,2,8.0,36.42803883604166,3.7540435656026254,96.0,36.68017734509111
RhoA perturbation; Cdc42 response,EML_expr,G((G(R)+R)),2,5,2,8.333333,38.05664679145834,3.818279822517446,96.0,36.92651263034915
RhoA perturbation; Cdc42 response,EML_expr,G((G(R)+R)),2,5,2,8.666667,37.498483035,3.89908045696899,96.0,37.15375994723601
RhoA perturbation; Cdc42 response,EML_expr,G((G(R)+R)),2,5,2,9.0,38.373461548125,3.940671824462212,96.0,37.365167780625335
RhoA perturbation; Cdc42 response,EML_expr,G((G(R)+R)),2,5,2,9.333333,39.71396570666666,3.967479363055417,96.0,37.564362970673
RhoA perturbation; Cdc42 response,EML_expr,G((G(R)+R)),2,5,2,9.666667,39.59648601916666,3.8734463426419445,96.0,37.75552187740005
RhoA perturbation; Cdc42 response,EML_expr,G((G(R)+R)),2,5,2,10.0,39.06948966406249,3.942890003765534,96.0,37.943505205125035
RhoA perturbation; Cdc42 response,EML_expr,G((G(R)+R)),2,5,2,10.33333,38.990662630520845,4.005894386001017,96.0,38.13392836648201
RhoA perturbation; Cdc42 response,EML_expr,G((G(R)+R)),2,5,2,10.66667,39.45031246177082,3.988341174717161,96.0,38.33313955540778
RhoA perturbation; Cdc42 response,EML_expr,G((G(R)+R)),2,5,2,11.0,40.623721676354144,4.047509465116343,96.0,38.54803312695931
RhoA perturbation; Cdc42 response,EML_expr,G((G(R)+R)),2,5,2,11.33333,40.7664319459375,4.065565791294083,96.0,38.78578377085769
RhoA perturbation; Cdc42 response,EML_expr,G((G(R)+R)),2,5,2,11.66667,39.61090631427084,4.05057942385462,96.0,39.05338230237655
RhoA perturbation; Cdc42 response,EML_expr,G((G(R)+R)),2,5,2,12.0,40.80843216510416,4.060803887249427,96.0,39.35703335413343
RhoA perturbation; Cdc42 response,EML_expr,G((G(R)+R)),2,5,2,12.33333,40.69041874479168,4.1171645311356455,96.0,39.70154734739123
RhoA perturbation; Cdc42 response,EML_expr,G((G(R)+R)),2,5,2,12.66667,41.37944060083334,4.085218575245882,96.0,40.08965286318223
RhoA perturbation; Cdc42 response,EML_expr,G((G(R)+R)),2,5,2,13.0,41.696821155,4.0695263217148785,96.0,40.521357272937884
RhoA perturbation; Cdc42 response,EML_expr,G((G(R)+R)),2,5,2,13.33333,40.61681270593751,4.080936214401611,96.0,40.99357328508695
RhoA perturbation; Cdc42 response,EML_expr,G((G(R)+R)),2,5,2,13.66667,40.04831553375,4.03329878824528,96.0,41.49987457073976
RhoA perturbation; Cdc42 response,EML_expr,G((G(R)+R)),2,5,2,14.0,42.655246395208344,3.9080439270441727,96.0,42.03050402209861
RhoA perturbation; Cdc42 response,EML_expr,G((G(R)+R)),2,5,2,14.33333,42.664869551979166,4.035669535095019,96.0,42.57280691051424
RhoA perturbation; Cdc42 response,EML_expr,G((G(R)+R)),2,5,2,14.66667,41.769536490104194,4.038248231195513,96.0,43.11178054694387
RhoA perturbation; Cdc42 response,EML_expr,G((G(R)+R)),2,5,2,15.0,41.51994889124999,4.068766455442411,96.0,43.63080741533886
RhoA perturbation; Cdc42 response,EML_expr,G((G(R)+R)),2,5,2,15.33333,44.23900240135416,4.041993409643368,96.0,44.112642453929645
RhoA perturbation; Cdc42 response,EML_expr,G((G(R)+R)),2,5,2,15.66667,43.1206390258333,4.166837456238659,96.0,44.54026694376224
RhoA perturbation; Cdc42 response,EML_expr,G((G(R)+R)),2,5,2,16.0,44.839397978854144,4.1520711466138955,96.0,44.897699623252564
RhoA perturbation; Cdc42 response,EML_expr,G((G(R)+R)),2,5,2,16.33333,43.06918511302083,4.230287234171569,96.0,45.17079293558828
RhoA perturbation; Cdc42 response,EML_expr,G((G(R)+R)),2,5,2,16.66667,44.09113680843748,4.289577947853359,96.0,45.34773492844374
RhoA perturbation; Cdc42 response,EML_expr,G((G(R)+R)),2,5,2,17.0,44.53816757677084,4.342622278026322,96.0,45.419411229630775
RhoA perturbation; Cdc42 response,EML_expr,G((G(R)+R)),2,5,2,17.33333,43.110703397187514,4.418435420544268,96.0,45.379620416371175
RhoA perturbation; Cdc42 response,EML_expr,G((G(R)+R)),2,5,2,17.66667,42.82344298583332,4.336818418553825,96.0,45.225059432594044
RhoA perturbation; Cdc42 response,EML_expr,G((G(R)+R)),2,5,2,18.0,44.090536348854165,4.30851623883757,96.0,44.95522833603987
RhoA perturbation; Cdc42 response,EML_expr,G((G(R)+R)),2,5,2,18.33333,44.142052664375,4.218111446909127,96.0,44.57216938113836
RhoA perturbation; Cdc42 response,EML_expr,G((G(R)+R)),2,5,2,18.66667,44.263298895312516,4.2360150986473375,96.0,44.080155861834065
RhoA perturbation; Cdc42 response,EML_expr,G((G(R)+R)),2,5,2,19.0,43.36335120822915,4.265969838916123,96.0,43.485395286176775
RhoA perturbation; Cdc42 response,EML_expr,G((G(R)+R)),2,5,2,19.33333,43.08669481947916,4.228434709868423,96.0,42.795564265620996
RhoA perturbation; Cdc42 response,EML_expr,G((G(R)+R)),2,5,2,19.66667,44.81050446312499,4.269012995669736,96.0,42.01946544205586
RhoA perturbation; Cdc42 response,EML_expr,G((G(R)+R)),2,5,2,20.0,44.510929666354166,4.220252827470473,96.0,41.16675393816625
RhoA perturbation; Cdc42 response,EML_expr,G((G(R)+R)),2,5,2,20.33333,41.54642154458333,3.9541869881523812,96.0,40.247471258897214
RhoA perturbation; Cdc42 response,EML_expr,G((G(R)+R)),2,5,2,20.66667,40.047226886562505,3.798215134748698,96.0,39.27181793986806
RhoA perturbation; Cdc42 response,EML_expr,G((G(R)+R)),2,5,2,21.0,39.69214392583333,3.6206287350291313,96.0,38.2500038140743
RhoA perturbation; Cdc42 response,EML_expr,G((G(R)+R)),2,5,2,21.33333,37.600583485520836,3.454382500683567,96.0,37.19186817253867
RhoA perturbation; Cdc42 response,EML_expr,G((G(R)+R)),2,5,2,21.66667,35.40411080218749,3.3247934197075897,96.0,36.10680049641326
RhoA perturbation; Cdc42 response,EML_expr,G((G(R)+R)),2,5,2,22.0,34.32286644083334,3.2697660006155878,96.0,35.00371981539396
RhoA perturbation; Cdc42 response,EML_expr,G((G(R)+R)),2,5,2,22.33333,33.45373635354167,3.0377326972496514,96.0,33.890791040409034
RhoA perturbation; Cdc42 response,EML_expr,G((G(R)+R)),2,5,2,22.66667,32.43612773666668,2.9611556203085705,96.0,32.775464303919584
RhoA perturbation; Cdc42 response,EML_expr,G((G(R)+R)),2,5,2,23.0,31.586112918854173,2.8418174843343205,96.0,31.664546275624602
RhoA perturbation; Cdc42 response,EML_expr,G((G(R)+R)),2,5,2,23.33333,30.50887267749999,2.744782090490418,96.0,30.56399080248859
RhoA perturbation; Cdc42 response,EML_expr,G((G(R)+R)),2,5,2,23.66667,28.655807943750002,2.672413285493715,96.0,29.479010271330267
RhoA perturbation; Cdc42 response,EML_expr,G((G(R)+R)),2,5,2,24.0,27.546000784895835,2.5318502427937117,96.0,28.41419555759249
RhoA perturbation; Cdc42 response,EML_expr,G((G(R)+R)),2,5,2,24.33333,27.06587826302082,2.4677824051400767,96.0,27.373354816925087
RhoA perturbation; Cdc42 response,EML_expr,G((G(R)+R)),2,5,2,24.66667,25.482764552604163,2.4126124028827096,96.0,26.359656245143057
RhoA perturbation; Cdc42 response,EML_expr,G((G(R)+R)),2,5,2,25.0,25.59795988135417,2.287605835685528,96.0,25.375763052608406
RhoA perturbation; Cdc42 response,EML_expr,G((G(R)+R)),2,5,2,25.33333,24.447861462395817,2.167375122557263,96.0,24.423700762134548
RhoA perturbation; Cdc42 response,EML_expr,G((G(R)+R)),2,5,2,25.66667,24.01868832989582,2.1371376446013857,96.0,23.505003781907615
RhoA perturbation; Cdc42 response,EML_expr,G((G(R)+R)),2,5,2,26.0,22.78127678479167,2.086312559586399,96.0,22.620844674798015
RhoA perturbation; Cdc42 response,EML_expr,G((G(R)+R)),2,5,2,26.33333,21.891632093854167,2.0150716631938677,96.0,21.771918347877676
RhoA perturbation; Cdc42 response,EML_expr,G((G(R)+R)),2,5,2,26.66667,20.945023626458326,1.8698014129842881,96.0,20.95857701902382
RhoA perturbation; Cdc42 response,EML_expr,G((G(R)+R)),2,5,2,27.0,20.629967116875008,1.861930411470987,96.0,20.18094358592237
RhoA perturbation; Cdc42 response,EML_expr,G((G(R)+R)),2,5,2,27.33333,20.088517467916663,1.7512042470241485,96.0,19.438807130342273
RhoA perturbation; Cdc42 response,EML_expr,G((G(R)+R)),2,5,2,27.66667,18.69201190260416,1.76465998919581,96.0,18.731739579900083
RhoA perturbation; Cdc42 response,EML_expr,G((G(R)+R)),2,5,2,28.0,18.56528418562501,1.6893769747792127,96.0,18.059189911301267
RhoA perturbation; Cdc42 response,EML_expr,G((G(R)+R)),2,5,2,28.33333,17.870653391875,1.6870169662889802,96.0,17.420388931808166
RhoA perturbation; Cdc42 response,EML_expr,G((G(R)+R)),2,5,2,28.66667,17.339744944374996,1.588282207627887,96.0,16.81444623630482
RhoA perturbation; Cdc42 response,EML_expr,G((G(R)+R)),2,5,2,29.0,16.46350753833333,1.5832712268805966,96.0,16.24042583359099
RhoA perturbation; Cdc42 response,EML_expr,G((G(R)+R)),2,5,2,29.33333,15.708429160104162,1.5227800474289892,96.0,15.697259805118028
RhoA perturbation; Cdc42 response,EML_expr,G((G(R)+R)),2,5,2,29.66667,14.33290780020833,1.561889817872484,96.0,15.183826914910512
RhoA perturbation; Cdc42 response,EML_expr,G((G(R)+R)),2,5,2,30.0,14.203605272812503,1.520699141885573,96.0,14.699012002851578
RhoA perturbation; Cdc42 response,EML_expr,G((G(R)+R)),2,5,2,30.33333,13.213554077812503,1.4664462570194274,96.0,14.24162861611255
RhoA perturbation; Cdc42 response,EML_expr,G((G(R)+R)),2,5,2,30.66667,13.623335934583336,1.4679404139860608,96.0,13.810481776214129
RhoA perturbation; Cdc42 response,EML_expr,G((G(R)+R)),2,5,2,31.0,14.018861143125,1.424568590609521,96.0,13.404414002119804
RhoA perturbation; Cdc42 response,EML_expr,G((G(R)+R)),2,5,2,31.33333,12.624694368645834,1.4073758356256998,96.0,13.022236948618332
RhoA perturbation; Cdc42 response,EML_expr,G((G(R)+R)),2,5,2,31.66667,12.349149456979164,1.4168910701793418,96.0,12.662781080252248
RhoA perturbation; Cdc42 response,EML_expr,G((G(R)+R)),2,5,2,32.0,12.131231478541672,1.391732624306371,96.0,12.324931073406862
RhoA perturbation; Cdc42 response,EML_expr,G((G(R)+R)),2,5,2,32.33333,11.920231513020832,1.4139563056828284,96.0,12.00756623977949
RhoA perturbation; Cdc42 response,EML_expr,G((G(R)+R)),2,5,2,32.66667,11.742871103854158,1.2917756055122211,96.0,11.709599662514602
RhoA perturbation; Cdc42 response,EML_expr,G((G(R)+R)),2,5,2,33.0,11.112344080729164,1.4687470751248861,96.0,11.430005347704036
RhoA perturbation; Cdc42 response,EML_expr,G((G(R)+R)),2,5,2,33.33333,11.448311698749997,1.414622672158428,96.0,11.167766946856739
RhoA perturbation; Cdc42 response,EML_expr,G((G(R)+R)),2,5,2,33.66667,10.631778282604168,1.3965004285988596,96.0,10.921908544475674
RhoA perturbation; Cdc42 response,EML_expr,G((G(R)+R)),2,5,2,34.0,11.341713643020832,1.3230561965793761,96.0,10.691515484810447
RhoA perturbation; Cdc42 response,EML_expr,G((G(R)+R)),2,5,2,34.33333,10.709179328645837,1.4557604762070828,96.0,10.475690711043587
RhoA perturbation; Cdc42 response,EML_expr,G((G(R)+R)),2,5,2,34.66667,9.830198902812496,1.4290151201499555,96.0,10.273578996461378
RhoA perturbation; Cdc42 response,EML_expr,G((G(R)+R)),2,5,2,35.0,10.293112988541665,1.391162024914986,96.0,10.084382956229021
RhoA perturbation; Cdc42 response,EML_expr,G((G(R)+R)),2,5,2,35.33333,9.332255931770835,1.437777702942255,96.0,9.90732620968973
RhoA perturbation; Cdc42 response,EML_expr,G((G(R)+R)),2,5,2,35.66667,10.107261608437506,1.3874154515894122,96.0,9.741672483413831
RhoA perturbation; Cdc42 response,EML_expr,G((G(R)+R)),2,5,2,36.0,9.827691570208332,1.480774129190423,96.0,9.586737966353192
RhoA perturbation; Cdc42 response,EML_expr,G((G(R)+R)),2,5,2,36.33333,9.709041730833333,1.5384837646541616,96.0,9.441860464461415
RhoA perturbation; Cdc42 response,EML_expr,G((G(R)+R)),2,5,2,36.66667,9.315187174791669,1.7393612509974656,96.0,9.306414496526454
RhoA perturbation; Cdc42 response,EML_expr,G((G(R)+R)),2,5,2,37.0,9.948737530729167,1.4400767516664625,96.0,9.1798208702976
RhoA perturbation; Cdc42 response,EML_expr,G((G(R)+R)),2,5,2,37.33333,10.02341929479167,1.4218773780945793,96.0,9.061521016395908
RhoA perturbation; Cdc42 response,EML_expr,G((G(R)+R)),2,5,2,37.66667,9.403855300208333,1.3853093435826955,96.0,8.950988949360973
RhoA perturbation; Cdc42 response,EML_expr,G((G(R)+R)),2,5,2,38.0,9.14292041989584,1.5458551676916175,96.0,8.847738725505296
RhoA perturbation; Cdc42 response,EML_expr,G((G(R)+R)),2,5,2,38.33333,9.17049158197917,1.4355564822468991,96.0,8.75130319628967
RhoA perturbation; Cdc42 response,EML_expr,G((G(R)+R)),2,5,2,38.66667,7.807129513541668,1.498602070455668,96.0,8.661243511323466
RhoA perturbation; Cdc42 response,EML_expr,G((G(R)+R)),2,5,2,39.0,8.327797780416672,1.2036795151143105,96.0,8.577154954534011
RhoA perturbation; Cdc42 response,EML_expr,G((G(R)+R)),2,5,2,39.33333,8.926327779166662,1.3951379373455004,96.0,8.498649430007834
RhoA perturbation; Cdc42 response,EML_expr,G((G(R)+R)),2,5,2,39.66667,8.345374473020836,1.3024730221384018,96.0,8.425363031769166
RhoA perturbation; Cdc42 response,EML_expr,G((G(R)+R)),2,5,2,40.0,7.4125334264583325,1.2672893637109905,96.0,8.356960631976236
RhoA perturbation; Cdc42 response,EML_expr,G(G((R+R))),2,5,2,0.0,-0.027923615520833316,0.45900898728135897,96.0,0.5093792182112091
RhoA perturbation; Cdc42 response,EML_expr,G(G((R+R))),2,5,2,0.3333333,9.572856721979164,1.7117579212037075,96.0,5.8839842908075175
RhoA perturbation; Cdc42 response,EML_expr,G(G((R+R))),2,5,2,0.6666667,12.723626935312508,2.055170942837916,96.0,10.026415379915367
RhoA perturbation; Cdc42 response,EML_expr,G(G((R+R))),2,5,2,1.0,16.123369902708337,2.3761519061971845,96.0,13.494455564400663
RhoA perturbation; Cdc42 response,EML_expr,G(G((R+R))),2,5,2,1.333333,19.43115996822917,2.575528577353306,96.0,16.471716915418575
RhoA perturbation; Cdc42 response,EML_expr,G(G((R+R))),2,5,2,1.666667,21.223441842604178,2.6249579919655845,96.0,19.063540747424472
RhoA perturbation; Cdc42 response,EML_expr,G(G((R+R))),2,5,2,2.0,22.44582539614582,2.7499625308181033,96.0,21.340759144030052
RhoA perturbation; Cdc42 response,EML_expr,G(G((R+R))),2,5,2,2.333333,25.041849861666687,2.7677347746441052,96.0,23.355101652696035
RhoA perturbation; Cdc42 response,EML_expr,G(G((R+R))),2,5,2,2.666667,26.21257579843751,2.839828056336364,96.0,25.146260723273077
RhoA perturbation; Cdc42 response,EML_expr,G(G((R+R))),2,5,2,3.0,26.586747623541658,2.997138272755855,96.0,26.74571018838305
RhoA perturbation; Cdc42 response,EML_expr,G(G((R+R))),2,5,2,3.333333,28.537379678437492,2.997536296801952,96.0,28.179031745454623
RhoA perturbation; Cdc42 response,EML_expr,G(G((R+R))),2,5,2,3.666667,28.538720332499988,3.061047342985218,96.0,29.467375485662203
RhoA perturbation; Cdc42 response,EML_expr,G(G((R+R))),2,5,2,4.0,30.86264847822916,3.086591456183257,96.0,30.628457672777746
RhoA perturbation; Cdc42 response,EML_expr,G(G((R+R))),2,5,2,4.333334,30.073681551770832,3.221420673684088,96.0,31.67730244034296
RhoA perturbation; Cdc42 response,EML_expr,G(G((R+R))),2,5,2,4.666667,31.353581760729174,3.2429259411199145,96.0,32.62673959558636
RhoA perturbation; Cdc42 response,EML_expr,G(G((R+R))),2,5,2,5.0,31.513904618333342,3.3185235093304732,96.0,33.48782463937211
RhoA perturbation; Cdc42 response,EML_expr,G(G((R+R))),2,5,2,5.333334,32.65468524489584,3.318451354211551,96.0,34.27013480433556
RhoA perturbation; Cdc42 response,EML_expr,G(G((R+R))),2,5,2,5.666667,32.21263448333334,3.443925762912029,96.0,34.98200448414065
RhoA perturbation; Cdc42 response,EML_expr,G(G((R+R))),2,5,2,6.0,33.98101023406249,3.5208243092732365,96.0,35.630732085590246
RhoA perturbation; Cdc42 response,EML_expr,G(G((R+R))),2,5,2,6.333334,34.32541528458332,3.625770168494379,96.0,36.22272827273714
RhoA perturbation; Cdc42 response,EML_expr,G(G((R+R))),2,5,2,6.666667,35.020071923124995,3.6337098474294653,96.0,36.76363938856736
RhoA perturbation; Cdc42 response,EML_expr,G(G((R+R))),2,5,2,7.0,35.68365437302082,3.680654227050923,96.0,37.25846387736719
RhoA perturbation; Cdc42 response,EML_expr,G(G((R+R))),2,5,2,7.333334,34.79511669166665,3.7492912875266424,96.0,37.711634593821984
RhoA perturbation; Cdc42 response,EML_expr,G(G((R+R))),2,5,2,7.666667,36.316073593124976,3.754161885758576,96.0,38.12708953777072
RhoA perturbation; Cdc42 response,EML_expr,G(G((R+R))),2,5,2,8.0,36.42803883604166,3.7540435656026254,96.0,38.50834276643602
RhoA perturbation; Cdc42 response,EML_expr,G(G((R+R))),2,5,2,8.333333,38.05664679145834,3.818279822517446,96.0,38.85853227098751
RhoA perturbation; Cdc42 response,EML_expr,G(G((R+R))),2,5,2,8.666667,37.498483035,3.89908045696899,96.0,39.180468028784276
RhoA perturbation; Cdc42 response,EML_expr,G(G((R+R))),2,5,2,9.0,38.373461548125,3.940671824462212,96.0,39.47666751128633
RhoA perturbation; Cdc42 response,EML_expr,G(G((R+R))),2,5,2,9.333333,39.71396570666666,3.967479363055417,96.0,39.749395376399306
RhoA perturbation; Cdc42 response,EML_expr,G(G((R+R))),2,5,2,9.666667,39.59648601916666,3.8734463426419445,96.0,40.000689632331
RhoA perturbation; Cdc42 response,EML_expr,G(G((R+R))),2,5,2,10.0,39.06948966406249,3.942890003765534,96.0,40.23238523543335
RhoA perturbation; Cdc42 response,EML_expr,G(G((R+R))),2,5,2,10.33333,38.990662630520845,4.005894386001017,96.0,40.44613903270738
RhoA perturbation; Cdc42 response,EML_expr,G(G((R+R))),2,5,2,10.66667,39.45031246177082,3.988341174717161,96.0,40.6434576836288
RhoA perturbation; Cdc42 response,EML_expr,G(G((R+R))),2,5,2,11.0,40.623721676354144,4.047509465116343,96.0,40.82568620336431
RhoA perturbation; Cdc42 response,EML_expr,G(G((R+R))),2,5,2,11.33333,40.7664319459375,4.065565791294083,96.0,40.99406060427729
RhoA perturbation; Cdc42 response,EML_expr,G(G((R+R))),2,5,2,11.66667,39.61090631427084,4.05057942385462,96.0,41.14970148964474
RhoA perturbation; Cdc42 response,EML_expr,G(G((R+R))),2,5,2,12.0,40.80843216510416,4.060803887249427,96.0,41.29361359477721
RhoA perturbation; Cdc42 response,EML_expr,G(G((R+R))),2,5,2,12.33333,40.69041874479168,4.1171645311356455,96.0,41.426724077676276
RhoA perturbation; Cdc42 response,EML_expr,G(G((R+R))),2,5,2,12.66667,41.37944060083334,4.085218575245882,96.0,41.5498761906584
RhoA perturbation; Cdc42 response,EML_expr,G(G((R+R))),2,5,2,13.0,41.696821155,4.0695263217148785,96.0,41.66382776321215
RhoA perturbation; Cdc42 response,EML_expr,G(G((R+R))),2,5,2,13.33333,40.61681270593751,4.080936214401611,96.0,41.769280528851404
RhoA perturbation; Cdc42 response,EML_expr,G(G((R+R))),2,5,2,13.66667,40.04831553375,4.03329878824528,96.0,41.86687428291891
RhoA perturbation; Cdc42 response,EML_expr,G(G((R+R))),2,5,2,14.0,42.655246395208344,3.9080439270441727,96.0,41.95718492766313
RhoA perturbation; Cdc42 response,EML_expr,G(G((R+R))),2,5,2,14.33333,42.664869551979166,4.035669535095019,96.0,42.04074705669838
RhoA perturbation; Cdc42 response,EML_expr,G(G((R+R))),2,5,2,14.66667,41.769536490104194,4.038248231195513,96.0,42.118048734261635
RhoA perturbation; Cdc42 response,EML_expr,G(G((R+R))),2,5,2,15.0,41.51994889124999,4.068766455442411,96.0,42.18952941164113
RhoA perturbation; Cdc42 response,EML_expr,G(G((R+R))),2,5,2,15.33333,44.23900240135416,4.041993409643368,96.0,42.25559731057705
RhoA perturbation; Cdc42 response,EML_expr,G(G((R+R))),2,5,2,15.66667,43.1206390258333,4.166837456238659,96.0,42.31662478463477
RhoA perturbation; Cdc42 response,EML_expr,G(G((R+R))),2,5,2,16.0,44.839397978854144,4.1520711466138955,96.0,42.372946190188735
RhoA perturbation; Cdc42 response,EML_expr,G(G((R+R))),2,5,2,16.33333,43.06918511302083,4.230287234171569,96.0,42.42487107281024
RhoA perturbation; Cdc42 response,EML_expr,G(G((R+R))),2,5,2,16.66667,44.09113680843748,4.289577947853359,96.0,42.472679867566804
RhoA perturbation; Cdc42 response,EML_expr,G(G((R+R))),2,5,2,17.0,44.53816757677084,4.342622278026322,96.0,42.5166215041481
RhoA perturbation; Cdc42 response,EML_expr,G(G((R+R))),2,5,2,17.33333,43.110703397187514,4.418435420544268,96.0,42.55692274998344
RhoA perturbation; Cdc42 response,EML_expr,G(G((R+R))),2,5,2,17.66667,42.82344298583332,4.336818418553825,96.0,42.59378343302291
RhoA perturbation; Cdc42 response,EML_expr,G(G((R+R))),2,5,2,18.0,44.090536348854165,4.30851623883757,96.0,42.627372598740116
RhoA perturbation; Cdc42 response,EML_expr,G(G((R+R))),2,5,2,18.33333,44.142052664375,4.218111446909127,96.0,42.65783251317032
RhoA perturbation; Cdc42 response,EML_expr,G(G((R+R))),2,5,2,18.66667,44.263298895312516,4.2360150986473375,96.0,42.68526957082717
RhoA perturbation; Cdc42 response,EML_expr,G(G((R+R))),2,5,2,19.0,43.36335120822915,4.265969838916123,96.0,42.70974179452363
RhoA perturbation; Cdc42 response,EML_expr,G(G((R+R))),2,5,2,19.33333,43.08669481947916,4.228434709868423,96.0,42.73124260218047
RhoA perturbation; Cdc42 response,EML_expr,G(G((R+R))),2,5,2,19.66667,44.81050446312499,4.269012995669736,96.0,42.74965059541095
RhoA perturbation; Cdc42 response,EML_expr,G(G((R+R))),2,5,2,20.0,44.510929666354166,4.220252827470473,96.0,42.76460071394012
RhoA perturbation; Cdc42 response,EML_expr,G(G((R+R))),2,5,2,20.33333,41.54642154458333,3.9541869881523812,96.0,42.77498115562483
RhoA perturbation; Cdc42 response,EML_expr,G(G((R+R))),2,5,2,20.66667,40.047226886562505,3.798215134748698,96.0,42.16919467833857
RhoA perturbation; Cdc42 response,EML_expr,G(G((R+R))),2,5,2,21.0,39.69214392583333,3.6206287350291313,96.0,40.3363024117272
RhoA perturbation; Cdc42 response,EML_expr,G(G((R+R))),2,5,2,21.33333,37.600583485520836,3.454382500683567,96.0,38.60043397975438
RhoA perturbation; Cdc42 response,EML_expr,G(G((R+R))),2,5,2,21.66667,35.40411080218749,3.3247934197075897,96.0,36.95608613629529
RhoA perturbation; Cdc42 response,EML_expr,G(G((R+R))),2,5,2,22.0,34.32286644083334,3.2697660006155878,96.0,35.39823802412019
RhoA perturbation; Cdc42 response,EML_expr,G(G((R+R))),2,5,2,22.33333,33.45373635354167,3.0377326972496514,96.0,33.92203220743157
RhoA perturbation; Cdc42 response,EML_expr,G(G((R+R))),2,5,2,22.66667,32.43612773666668,2.9611556203085705,96.0,32.52291228648957
RhoA perturbation; Cdc42 response,EML_expr,G(G((R+R))),2,5,2,23.0,31.586112918854173,2.8418174843343205,96.0,31.196718033431733
RhoA perturbation; Cdc42 response,EML_expr,G(G((R+R))),2,5,2,23.33333,30.50887267749999,2.744782090490418,96.0,29.939415511274554
RhoA perturbation; Cdc42 response,EML_expr,G(G((R+R))),2,5,2,23.66667,28.655807943750002,2.672413285493715,96.0,28.747215449941383
RhoA perturbation; Cdc42 response,EML_expr,G(G((R+R))),2,5,2,24.0,27.546000784895835,2.5318502427937117,96.0,27.616655647761274
RhoA perturbation; Cdc42 response,EML_expr,G(G((R+R))),2,5,2,24.33333,27.06587826302082,2.4677824051400767,96.0,26.544372114227826
RhoA perturbation; Cdc42 response,EML_expr,G(G((R+R))),2,5,2,24.66667,25.482764552604163,2.4126124028827096,96.0,25.52720087902545
RhoA perturbation; Cdc42 response,EML_expr,G(G((R+R))),2,5,2,25.0,25.59795988135417,2.287605835685528,96.0,24.562249274919377
RhoA perturbation; Cdc42 response,EML_expr,G(G((R+R))),2,5,2,25.33333,24.447861462395817,2.167375122557263,96.0,23.646701493244567
RhoA perturbation; Cdc42 response,EML_expr,G(G((R+R))),2,5,2,25.66667,24.01868832989582,2.1371376446013857,96.0,22.777906135363917
RhoA perturbation; Cdc42 response,EML_expr,G(G((R+R))),2,5,2,26.0,22.78127678479167,2.086312559586399,96.0,21.95343781601439
RhoA perturbation; Cdc42 response,EML_expr,G(G((R+R))),2,5,2,26.33333,21.891632093854167,2.0150716631938677,96.0,21.170931680101447
RhoA perturbation; Cdc42 response,EML_expr,G(G((R+R))),2,5,2,26.66667,20.945023626458326,1.8698014129842881,96.0,20.428158688970164
RhoA perturbation; Cdc42 response,EML_expr,G(G((R+R))),2,5,2,27.0,20.629967116875008,1.861930411470987,96.0,19.723078816111393
RhoA perturbation; Cdc42 response,EML_expr,G(G((R+R))),2,5,2,27.33333,20.088517467916663,1.7512042470241485,96.0,19.053700007151086
RhoA perturbation; Cdc42 response,EML_expr,G(G((R+R))),2,5,2,27.66667,18.69201190260416,1.76465998919581,96.0,18.41814291757759
RhoA perturbation; Cdc42 response,EML_expr,G(G((R+R))),2,5,2,28.0,18.56528418562501,1.6893769747792127,96.0,17.814686818525796
RhoA perturbation; Cdc42 response,EML_expr,G(G((R+R))),2,5,2,28.33333,17.870653391875,1.6870169662889802,96.0,17.241649238406662
RhoA perturbation; Cdc42 response,EML_expr,G(G((R+R))),2,5,2,28.66667,17.339744944374996,1.588282207627887,96.0,16.697441629829914
RhoA perturbation; Cdc42 response,EML_expr,G(G((R+R))),2,5,2,29.0,16.46350753833333,1.5832712268805966,96.0,16.180608963501193
RhoA perturbation; Cdc42 response,EML_expr,G(G((R+R))),2,5,2,29.33333,15.708429160104162,1.5227800474289892,96.0,15.689726907116725
RhoA perturbation; Cdc42 response,EML_expr,G(G((R+R))),2,5,2,29.66667,14.33290780020833,1.561889817872484,96.0,15.223449692870638
RhoA perturbation; Cdc42 response,EML_expr,G(G((R+R))),2,5,2,30.0,14.203605272812503,1.520699141885573,96.0,14.780544252434254
RhoA perturbation; Cdc42 response,EML_expr,G(G((R+R))),2,5,2,30.33333,13.213554077812503,1.4664462570194274,96.0,14.359802295222426
RhoA perturbation; Cdc42 response,EML_expr,G(G((R+R))),2,5,2,30.66667,13.623335934583336,1.4679404139860608,96.0,13.96008146991159
RhoA perturbation; Cdc42 response,EML_expr,G(G((R+R))),2,5,2,31.0,14.018861143125,1.424568590609521,96.0,13.580334782548306
RhoA perturbation; Cdc42 response,EML_expr,G(G((R+R))),2,5,2,31.33333,12.624694368645834,1.4073758356256998,96.0,13.219535354092226
RhoA perturbation; Cdc42 response,EML_expr,G(G((R+R))),2,5,2,31.66667,12.349149456979164,1.4168910701793418,96.0,12.876711816175103
RhoA perturbation; Cdc42 response,EML_expr,G(G((R+R))),2,5,2,32.0,12.131231478541672,1.391732624306371,96.0,12.550973656505828
RhoA perturbation; Cdc42 response,EML_expr,G(G((R+R))),2,5,2,32.33333,11.920231513020832,1.4139563056828284,96.0,12.241446782057231
RhoA perturbation; Cdc42 response,EML_expr,G(G((R+R))),2,5,2,32.66667,11.742871103854158,1.2917756055122211,96.0,11.947303957378661
RhoA perturbation; Cdc42 response,EML_expr,G(G((R+R))),2,5,2,33.0,11.112344080729164,1.4687470751248861,96.0,11.667786635674918
RhoA perturbation; Cdc42 response,EML_expr,G(G((R+R))),2,5,2,33.33333,11.448311698749997,1.414622672158428,96.0,11.40214974242155
RhoA perturbation; Cdc42 response,EML_expr,G(G((R+R))),2,5,2,33.66667,10.631778282604168,1.3965004285988596,96.0,11.14968785114602
RhoA perturbation; Cdc42 response,EML_expr,G(G((R+R))),2,5,2,34.0,11.341713643020832,1.3230561965793761,96.0,10.909753983536895
RhoA perturbation; Cdc42 response,EML_expr,G(G((R+R))),2,5,2,34.33333,10.709179328645837,1.4557604762070828,96.0,10.681712269376696
RhoA perturbation; Cdc42 response,EML_expr,G(G((R+R))),2,5,2,34.66667,9.830198902812496,1.4290151201499555,96.0,10.46496045724226
RhoA perturbation; Cdc42 response,EML_expr,G(G((R+R))),2,5,2,35.0,10.293112988541665,1.391162024914986,96.0,10.258946101555459
RhoA perturbation; Cdc42 response,EML_expr,G(G((R+R))),2,5,2,35.33333,9.332255931770835,1.437777702942255,96.0,10.063125957081844
RhoA perturbation; Cdc42 response,EML_expr,G(G((R+R))),2,5,2,35.66667,10.107261608437506,1.3874154515894122,96.0,9.876985338092183
RhoA perturbation; Cdc42 response,EML_expr,G(G((R+R))),2,5,2,36.0,9.827691570208332,1.480774129190423,96.0,9.700052053505793
RhoA perturbation; Cdc42 response,EML_expr,G(G((R+R))),2,5,2,36.33333,9.709041730833333,1.5384837646541616,96.0,9.531861564349196
RhoA perturbation; Cdc42 response,EML_expr,G(G((R+R))),2,5,2,36.66667,9.315187174791669,1.7393612509974656,96.0,9.371973632939586
RhoA perturbation; Cdc42 response,EML_expr,G(G((R+R))),2,5,2,37.0,9.948737530729167,1.4400767516664625,96.0,9.219984317881387
RhoA perturbation; Cdc42 response,EML_expr,G(G((R+R))),2,5,2,37.33333,10.02341929479167,1.4218773780945793,96.0,9.075496066565645
RhoA perturbation; Cdc42 response,EML_expr,G(G((R+R))),2,5,2,37.66667,9.403855300208333,1.3853093435826955,96.0,8.938132033996105
RhoA perturbation; Cdc42 response,EML_expr,G(G((R+R))),2,5,2,38.0,9.14292041989584,1.5458551676916175,96.0,8.807546406632596
RhoA perturbation; Cdc42 response,EML_expr,G(G((R+R))),2,5,2,38.33333,9.17049158197917,1.4355564822468991,96.0,8.683398723565169
RhoA perturbation; Cdc42 response,EML_expr,G(G((R+R))),2,5,2,38.66667,7.807129513541668,1.498602070455668,96.0,8.565366191328753
RhoA perturbation; Cdc42 response,EML_expr,G(G((R+R))),2,5,2,39.0,8.327797780416672,1.2036795151143105,96.0,8.453152568637066
RhoA perturbation; Cdc42 response,EML_expr,G(G((R+R))),2,5,2,39.33333,8.926327779166662,1.3951379373455004,96.0,8.346466112835028
RhoA perturbation; Cdc42 response,EML_expr,G(G((R+R))),2,5,2,39.66667,8.345374473020836,1.3024730221384018,96.0,8.245030171342218
RhoA perturbation; Cdc42 response,EML_expr,G(G((R+R))),2,5,2,40.0,7.4125334264583325,1.2672893637109905,96.0,8.14859082728178
RhoA perturbation; Cdc42 response,EML_expr,G(G(G(R))),3,4,3,0.0,-0.027923615520833316,0.45900898728135897,96.0,0.2413532784616209
RhoA perturbation; Cdc42 response,EML_expr,G(G(G(R))),3,4,3,0.3333333,9.572856721979164,1.7117579212037075,96.0,6.356156889230184
RhoA perturbation; Cdc42 response,EML_expr,G(G(G(R))),3,4,3,0.6666667,12.723626935312508,2.055170942837916,96.0,10.67427277403792
RhoA perturbation; Cdc42 response,EML_expr,G(G(G(R))),3,4,3,1.0,16.123369902708337,2.3761519061971845,96.0,14.2111846525504
RhoA perturbation; Cdc42 response,EML_expr,G(G(G(R))),3,4,3,1.333333,19.43115996822917,2.575528577353306,96.0,17.213202436498232
RhoA perturbation; Cdc42 response,EML_expr,G(G(G(R))),3,4,3,1.666667,21.223441842604178,2.6249579919655845,96.0,19.808216076381438
RhoA perturbation; Cdc42 response,EML_expr,G(G(G(R))),3,4,3,2.0,22.44582539614582,2.7499625308181033,96.0,22.07718465997339
RhoA perturbation; Cdc42 response,EML_expr,G(G(G(R))),3,4,3,2.333333,25.041849861666687,2.7677347746441052,96.0,24.07688648062672
RhoA perturbation; Cdc42 response,EML_expr,G(G(G(R))),3,4,3,2.666667,26.21257579843751,2.839828056336364,96.0,25.849668107708954
RhoA perturbation; Cdc42 response,EML_expr,G(G(G(R))),3,4,3,3.0,26.586747623541658,2.997138272755855,96.0,27.42843166707252
RhoA perturbation; Cdc42 response,EML_expr,G(G(G(R))),3,4,3,3.333333,28.537379678437492,2.997536296801952,96.0,28.83952895454912
RhoA perturbation; Cdc42 response,EML_expr,G(G(G(R))),3,4,3,3.666667,28.538720332499988,3.061047342985218,96.0,30.104519124377198
RhoA perturbation; Cdc42 response,EML_expr,G(G(G(R))),3,4,3,4.0,30.86264847822916,3.086591456183257,96.0,31.241329805354017
RhoA perturbation; Cdc42 response,EML_expr,G(G(G(R))),3,4,3,4.333334,30.073681551770832,3.221420673684088,96.0,32.26509066441967
RhoA perturbation; Cdc42 response,EML_expr,G(G(G(R))),3,4,3,4.666667,31.353581760729174,3.2429259411199145,96.0,33.18868489587011
RhoA perturbation; Cdc42 response,EML_expr,G(G(G(R))),3,4,3,5.0,31.513904618333342,3.3185235093304732,96.0,34.02319923396927
RhoA perturbation; Cdc42 response,EML_expr,G(G(G(R))),3,4,3,5.333334,32.65468524489584,3.318451354211551,96.0,34.77823738813179
RhoA perturbation; Cdc42 response,EML_expr,G(G(G(R))),3,4,3,5.666667,32.21263448333334,3.443925762912029,96.0,35.46216491928472
RhoA perturbation; Cdc42 response,EML_expr,G(G(G(R))),3,4,3,6.0,33.98101023406249,3.5208243092732365,96.0,36.08231997922732
RhoA perturbation; Cdc42 response,EML_expr,G(G(G(R))),3,4,3,6.333334,34.32541528458332,3.625770168494379,96.0,36.64516328865189
RhoA perturbation; Cdc42 response,EML_expr,G(G(G(R))),3,4,3,6.666667,35.020071923124995,3.6337098474294653,96.0,37.15640163928423
RhoA perturbation; Cdc42 response,EML_expr,G(G(G(R))),3,4,3,7.0,35.68365437302082,3.680654227050923,96.0,37.621102659816096
RhoA perturbation; Cdc42 response,EML_expr,G(G(G(R))),3,4,3,7.333334,34.79511669166665,3.7492912875266424,96.0,38.043775775918284
RhoA perturbation; Cdc42 response,EML_expr,G(G(G(R))),3,4,3,7.666667,36.316073593124976,3.754161885758576,96.0,38.42844143766199
RhoA perturbation; Cdc42 response,EML_expr,G(G(G(R))),3,4,3,8.0,36.42803883604166,3.7540435656026254,96.0,38.778699690704535
RhoA perturbation; Cdc42 response,EML_expr,G(G(G(R))),3,4,3,8.333333,38.05664679145834,3.818279822517446,96.0,39.09777672834673
RhoA perturbation; Cdc42 response,EML_expr,G(G(G(R))),3,4,3,8.666667,37.498483035,3.89908045696899,96.0,39.38857123109302
RhoA perturbation; Cdc42 response,EML_expr,G(G(G(R))),3,4,3,9.0,38.373461548125,3.940671824462212,96.0,39.65368890973752
RhoA perturbation; Cdc42 response,EML_expr,G(G(G(R))),3,4,3,9.333333,39.71396570666666,3.967479363055417,96.0,39.89548049720695
RhoA perturbation; Cdc42 response,EML_expr,G(G(G(R))),3,4,3,9.666667,39.59648601916666,3.8734463426419445,96.0,40.11606725096999
RhoA perturbation; Cdc42 response,EML_expr,G(G(G(R))),3,4,3,10.0,39.06948966406249,3.942890003765534,96.0,40.31736406734524
RhoA perturbation; Cdc42 response,EML_expr,G(G(G(R))),3,4,3,10.33333,38.990662630520845,4.005894386001017,96.0,40.501103552278195
RhoA perturbation; Cdc42 response,EML_expr,G(G(G(R))),3,4,3,10.66667,39.45031246177082,3.988341174717161,96.0,40.668862187745695
RhoA perturbation; Cdc42 response,EML_expr,G(G(G(R))),3,4,3,11.0,40.623721676354144,4.047509465116343,96.0,40.8220528417468
RhoA perturbation; Cdc42 response,EML_expr,G(G(G(R))),3,4,3,11.33333,40.7664319459375,4.065565791294083,96.0,40.96197163545844
RhoA perturbation; Cdc42 response,EML_expr,G(G(G(R))),3,4,3,11.66667,39.61090631427084,4.05057942385462,96.0,41.0897941962949
RhoA perturbation; Cdc42 response,EML_expr,G(G(G(R))),3,4,3,12.0,40.80843216510416,4.060803887249427,96.0,41.20657759208253
RhoA perturbation; Cdc42 response,EML_expr,G(G(G(R))),3,4,3,12.33333,40.69041874479168,4.1171645311356455,96.0,41.31329348291988
RhoA perturbation; Cdc42 response,EML_expr,G(G(G(R))),3,4,3,12.66667,41.37944060083334,4.085218575245882,96.0,41.41082373895424
RhoA perturbation; Cdc42 response,EML_expr,G(G(G(R))),3,4,3,13.0,41.696821155,4.0695263217148785,96.0,41.499958822085986
RhoA perturbation; Cdc42 response,EML_expr,G(G(G(R))),3,4,3,13.33333,40.61681270593751,4.080936214401611,96.0,41.58141603356894
RhoA perturbation; Cdc42 response,EML_expr,G(G(G(R))),3,4,3,13.66667,40.04831553375,4.03329878824528,96.0,41.655820741827
RhoA perturbation; Cdc42 response,EML_expr,G(G(G(R))),3,4,3,14.0,42.655246395208344,3.9080439270441727,96.0,41.723674733387135
RhoA perturbation; Cdc42 response,EML_expr,G(G(G(R))),3,4,3,14.33333,42.664869551979166,4.035669535095019,96.0,41.78531703707154
RhoA perturbation; Cdc42 response,EML_expr,G(G(G(R))),3,4,3,14.66667,41.769536490104194,4.038248231195513,96.0,41.8408279544263
RhoA perturbation; Cdc42 response,EML_expr,G(G(G(R))),3,4,3,15.0,41.51994889124999,4.068766455442411,96.0,41.88989561196047
RhoA perturbation; Cdc42 response,EML_expr,G(G(G(R))),3,4,3,15.33333,44.23900240135416,4.041993409643368,96.0,41.93165993712915
RhoA perturbation; Cdc42 response,EML_expr,G(G(G(R))),3,4,3,15.66667,43.1206390258333,4.166837456238659,96.0,41.96452061580878
RhoA perturbation; Cdc42 response,EML_expr,G(G(G(R))),3,4,3,16.0,44.839397978854144,4.1520711466138955,96.0,41.985958424333
RhoA perturbation; Cdc42 response,EML_expr,G(G(G(R))),3,4,3,16.33333,43.06918511302083,4.230287234171569,96.0,41.99241122432867
RhoA perturbation; Cdc42 response,EML_expr,G(G(G(R))),3,4,3,16.66667,44.09113680843748,4.289577947853359,96.0,41.979222838806706
RhoA perturbation; Cdc42 response,EML_expr,G(G(G(R))),3,4,3,17.0,44.53816757677084,4.342622278026322,96.0,41.940711782324435
RhoA perturbation; Cdc42 response,EML_expr,G(G(G(R))),3,4,3,17.33333,43.110703397187514,4.418435420544268,96.0,41.87035663409119
RhoA perturbation; Cdc42 response,EML_expr,G(G(G(R))),3,4,3,17.66667,42.82344298583332,4.336818418553825,96.0,41.761092316361314
RhoA perturbation; Cdc42 response,EML_expr,G(G(G(R))),3,4,3,18.0,44.090536348854165,4.30851623883757,96.0,41.605706779285995
RhoA perturbation; Cdc42 response,EML_expr,G(G(G(R))),3,4,3,18.33333,44.142052664375,4.218111446909127,96.0,41.39724591728594
RhoA perturbation; Cdc42 response,EML_expr,G(G(G(R))),3,4,3,18.66667,44.263298895312516,4.2360150986473375,96.0,41.129436556494255
RhoA perturbation; Cdc42 response,EML_expr,G(G(G(R))),3,4,3,19.0,43.36335120822915,4.265969838916123,96.0,40.79709203814439
RhoA perturbation; Cdc42 response,EML_expr,G(G(G(R))),3,4,3,19.33333,43.08669481947916,4.228434709868423,96.0,40.39636039888309
RhoA perturbation; Cdc42 response,EML_expr,G(G(G(R))),3,4,3,19.66667,44.81050446312499,4.269012995669736,96.0,39.924937884672296
RhoA perturbation; Cdc42 response,EML_expr,G(G(G(R))),3,4,3,20.0,44.510929666354166,4.220252827470473,96.0,39.3822152871125
RhoA perturbation; Cdc42 response,EML_expr,G(G(G(R))),3,4,3,20.33333,41.54642154458333,3.9541869881523812,96.0,38.76918896805675
RhoA perturbation; Cdc42 response,EML_expr,G(G(G(R))),3,4,3,20.66667,40.047226886562505,3.798215134748698,96.0,38.08840398978927
RhoA perturbation; Cdc42 response,EML_expr,G(G(G(R))),3,4,3,21.0,39.69214392583333,3.6206287350291313,96.0,37.34386727460867
RhoA perturbation; Cdc42 response,EML_expr,G(G(G(R))),3,4,3,21.33333,37.600583485520836,3.454382500683567,96.0,36.540719558537766
RhoA perturbation; Cdc42 response,EML_expr,G(G(G(R))),3,4,3,21.66667,35.40411080218749,3.3247934197075897,96.0,35.68505505092029
RhoA perturbation; Cdc42 response,EML_expr,G(G(G(R))),3,4,3,22.0,34.32286644083334,3.2697660006155878,96.0,34.783761493289255
RhoA perturbation; Cdc42 response,EML_expr,G(G(G(R))),3,4,3,22.33333,33.45373635354167,3.0377326972496514,96.0,33.84412425721415
RhoA perturbation; Cdc42 response,EML_expr,G(G(G(R))),3,4,3,22.66667,32.43612773666668,2.9611556203085705,96.0,32.8736708834756
RhoA perturbation; Cdc42 response,EML_expr,G(G(G(R))),3,4,3,23.0,31.586112918854173,2.8418174843343205,96.0,31.88005837505222
RhoA perturbation; Cdc42 response,EML_expr,G(G(G(R))),3,4,3,23.33333,30.50887267749999,2.744782090490418,96.0,30.87071995038959
RhoA perturbation; Cdc42 response,EML_expr,G(G(G(R))),3,4,3,23.66667,28.655807943750002,2.672413285493715,96.0,29.852801428606544
RhoA perturbation; Cdc42 response,EML_expr,G(G(G(R))),3,4,3,24.0,27.546000784895835,2.5318502427937117,96.0,28.833136016563383
RhoA perturbation; Cdc42 response,EML_expr,G(G(G(R))),3,4,3,24.33333,27.06587826302082,2.4677824051400767,96.0,27.817970647407435
RhoA perturbation; Cdc42 response,EML_expr,G(G(G(R))),3,4,3,24.66667,25.482764552604163,2.4126124028827096,96.0,26.812994761998894
RhoA perturbation; Cdc42 response,EML_expr,G(G(G(R))),3,4,3,25.0,25.59795988135417,2.287605835685528,96.0,25.82339069086656
RhoA perturbation; Cdc42 response,EML_expr,G(G(G(R))),3,4,3,25.33333,24.447861462395817,2.167375122557263,96.0,24.853633837933348
RhoA perturbation; Cdc42 response,EML_expr,G(G(G(R))),3,4,3,25.66667,24.01868832989582,2.1371376446013857,96.0,23.907584585686976
RhoA perturbation; Cdc42 response,EML_expr,G(G(G(R))),3,4,3,26.0,22.78127678479167,2.086312559586399,96.0,22.98858384853411
RhoA perturbation; Cdc42 response,EML_expr,G(G(G(R))),3,4,3,26.33333,21.891632093854167,2.0150716631938677,96.0,22.099306919244757
RhoA perturbation; Cdc42 response,EML_expr,G(G(G(R))),3,4,3,26.66667,20.945023626458326,1.8698014129842881,96.0,21.24188531539914
RhoA perturbation; Cdc42 response,EML_expr,G(G(G(R))),3,4,3,27.0,20.629967116875008,1.861930411470987,96.0,20.4180186322176
RhoA perturbation; Cdc42 response,EML_expr,G(G(G(R))),3,4,3,27.33333,20.088517467916663,1.7512042470241485,96.0,19.6288626557589
RhoA perturbation; Cdc42 response,EML_expr,G(G(G(R))),3,4,3,27.66667,18.69201190260416,1.76465998919581,96.0,18.875155777571813
RhoA perturbation; Cdc42 response,EML_expr,G(G(G(R))),3,4,3,28.0,18.56528418562501,1.6893769747792127,96.0,18.157327330406513
RhoA perturbation; Cdc42 response,EML_expr,G(G(G(R))),3,4,3,28.33333,17.870653391875,1.6870169662889802,96.0,17.475406512418633
RhoA perturbation; Cdc42 response,EML_expr,G(G(G(R))),3,4,3,28.66667,17.339744944374996,1.588282207627887,96.0,16.82913820173931
RhoA perturbation; Cdc42 response,EML_expr,G(G(G(R))),3,4,3,29.0,16.46350753833333,1.5832712268805966,96.0,16.218077305724254
RhoA perturbation; Cdc42 response,EML_expr,G(G(G(R))),3,4,3,29.33333,15.708429160104162,1.5227800474289892,96.0,15.641510894636317
RhoA perturbation; Cdc42 response,EML_expr,G(G(G(R))),3,4,3,29.66667,14.33290780020833,1.561889817872484,96.0,15.098556573319357
RhoA perturbation; Cdc42 response,EML_expr,G(G(G(R))),3,4,3,30.0,14.203605272812503,1.520699141885573,96.0,14.588239213150198
RhoA perturbation; Cdc42 response,EML_expr,G(G(G(R))),3,4,3,30.33333,13.213554077812503,1.4664462570194274,96.0,14.10942269003292
RhoA perturbation; Cdc42 response,EML_expr,G(G(G(R))),3,4,3,30.66667,13.623335934583336,1.4679404139860608,96.0,13.660889357551982
RhoA perturbation; Cdc42 response,EML_expr,G(G(G(R))),3,4,3,31.0,14.018861143125,1.424568590609521,96.0,13.241399551693124
RhoA perturbation; Cdc42 response,EML_expr,G(G(G(R))),3,4,3,31.33333,12.624694368645834,1.4073758356256998,96.0,12.849631465550287
RhoA perturbation; Cdc42 response,EML_expr,G(G(G(R))),3,4,3,31.66667,12.349149456979164,1.4168910701793418,96.0,12.484243144495
RhoA perturbation; Cdc42 response,EML_expr,G(G(G(R))),3,4,3,32.0,12.131231478541672,1.391732624306371,96.0,12.143917036316552
RhoA perturbation; Cdc42 response,EML_expr,G(G(G(R))),3,4,3,32.33333,11.920231513020832,1.4139563056828284,96.0,11.827307408758632
RhoA perturbation; Cdc42 response,EML_expr,G(G(G(R))),3,4,3,32.66667,11.742871103854158,1.2917756055122211,96.0,11.533087481722545
RhoA perturbation; Cdc42 response,EML_expr,G(G(G(R))),3,4,3,33.0,11.112344080729164,1.4687470751248861,96.0,11.259981867638558
RhoA perturbation; Cdc42 response,EML_expr,G(G(G(R))),3,4,3,33.33333,11.448311698749997,1.414622672158428,96.0,11.006721145358137
RhoA perturbation; Cdc42 response,EML_expr,G(G(G(R))),3,4,3,33.66667,10.631778282604168,1.3965004285988596,96.0,10.772076989574163
RhoA perturbation; Cdc42 response,EML_expr,G(G(G(R))),3,4,3,34.0,11.341713643020832,1.3230561965793761,96.0,10.554885246595166
RhoA perturbation; Cdc42 response,EML_expr,G(G(G(R))),3,4,3,34.33333,10.709179328645837,1.4557604762070828,96.0,10.354007222948358
RhoA perturbation; Cdc42 response,EML_expr,G(G(G(R))),3,4,3,34.66667,9.830198902812496,1.4290151201499555,96.0,10.168355460533052
RhoA perturbation; Cdc42 response,EML_expr,G(G(G(R))),3,4,3,35.0,10.293112988541665,1.391162024914986,96.0,9.996909815343079
RhoA perturbation; Cdc42 response,EML_expr,G(G(G(R))),3,4,3,35.33333,9.332255931770835,1.437777702942255,96.0,9.838684909656177
RhoA perturbation; Cdc42 response,EML_expr,G(G(G(R))),3,4,3,35.66667,10.107261608437506,1.3874154515894122,96.0,9.692748812153324
RhoA perturbation; Cdc42 response,EML_expr,G(G(G(R))),3,4,3,36.0,9.827691570208332,1.480774129190423,96.0,9.558234036192605
RhoA perturbation; Cdc42 response,EML_expr,G(G(G(R))),3,4,3,36.33333,9.709041730833333,1.5384837646541616,96.0,9.434310521041217
RhoA perturbation; Cdc42 response,EML_expr,G(G(G(R))),3,4,3,36.66667,9.315187174791669,1.7393612509974656,96.0,9.32019904837237
RhoA perturbation; Cdc42 response,EML_expr,G(G(G(R))),3,4,3,37.0,9.948737530729167,1.4400767516664625,96.0,9.215178645182274
RhoA perturbation; Cdc42 response,EML_expr,G(G(G(R))),3,4,3,37.33333,10.02341929479167,1.4218773780945793,96.0,9.118564419505839
RhoA perturbation; Cdc42 response,EML_expr,G(G(G(R))),3,4,3,37.66667,9.403855300208333,1.3853093435826955,96.0,9.029717142850437
RhoA perturbation; Cdc42 response,EML_expr,G(G(G(R))),3,4,3,38.0,9.14292041989584,1.5458551676916175,96.0,8.94804816740078
RhoA perturbation; Cdc42 response,EML_expr,G(G(G(R))),3,4,3,38.33333,9.17049158197917,1.4355564822468991,96.0,8.873001441009748
RhoA perturbation; Cdc42 response,EML_expr,G(G(G(R))),3,4,3,38.66667,7.807129513541668,1.498602070455668,96.0,8.804060336718667
RhoA perturbation; Cdc42 response,EML_expr,G(G(G(R))),3,4,3,39.0,8.327797780416672,1.2036795151143105,96.0,8.740750886856635
RhoA perturbation; Cdc42 response,EML_expr,G(G(G(R))),3,4,3,39.33333,8.926327779166662,1.3951379373455004,96.0,8.682627331514741
RhoA perturbation; Cdc42 response,EML_expr,G(G(G(R))),3,4,3,39.66667,8.345374473020836,1.3024730221384018,96.0,8.629276991538564
RhoA perturbation; Cdc42 response,EML_expr,G(G(G(R))),3,4,3,40.0,7.4125334264583325,1.2672893637109905,96.0,8.580322382594284
RhoA perturbation; Rac1 response,linear_R,R,0,1,0,0.0,-0.9931512857500001,0.2930358516672621,80.0,-0.9931524992064172
RhoA perturbation; Rac1 response,linear_R,R,0,1,0,0.3333333,14.05484543712499,2.7689854655564425,80.0,12.458150016880277
RhoA perturbation; Rac1 response,linear_R,R,0,1,0,0.6666667,17.840202627750003,3.2205576531637807,80.0,12.460410699301628
RhoA perturbation; Rac1 response,linear_R,R,0,1,0,1.0,19.956233638750003,3.442955807410961,80.0,12.460411079240423
RhoA perturbation; Rac1 response,linear_R,R,0,1,0,1.333333,21.843358484374992,3.5875551291744125,80.0,12.460411079304277
RhoA perturbation; Rac1 response,linear_R,R,0,1,0,1.666667,20.794324358125007,3.7574895152656023,80.0,12.460411079304288
RhoA perturbation; Rac1 response,linear_R,R,0,1,0,2.0,22.349197607374983,3.906772941300473,80.0,12.460411079304288
RhoA perturbation; Rac1 response,linear_R,R,0,1,0,2.333333,22.23171431124999,4.062614000548535,80.0,12.460411079304288
RhoA perturbation; Rac1 response,linear_R,R,0,1,0,2.666667,24.265378724125007,4.179210356349098,80.0,12.460411079304288
RhoA perturbation; Rac1 response,linear_R,R,0,1,0,3.0,25.918459290375004,4.414457016384039,80.0,12.460411079304288
RhoA perturbation; Rac1 response,linear_R,R,0,1,0,3.333333,25.84004893499999,4.527815666649435,80.0,12.460411079304288
RhoA perturbation; Rac1 response,linear_R,R,0,1,0,3.666667,25.84496122112501,4.766097323169697,80.0,12.460411079304288
RhoA perturbation; Rac1 response,linear_R,R,0,1,0,4.0,25.811583304499987,4.749304233032243,80.0,12.460411079304288
RhoA perturbation; Rac1 response,linear_R,R,0,1,0,4.333334,29.75857579150001,4.958198392281836,80.0,12.460411079304288
RhoA perturbation; Rac1 response,linear_R,R,0,1,0,4.666667,27.878301637000003,5.050262659092711,80.0,12.460411079304288
RhoA perturbation; Rac1 response,linear_R,R,0,1,0,5.0,30.594271491749986,5.113990815370671,80.0,12.460411079304288
RhoA perturbation; Rac1 response,linear_R,R,0,1,0,5.333334,32.134596649375005,5.15048245258548,80.0,12.460411079304288
RhoA perturbation; Rac1 response,linear_R,R,0,1,0,5.666667,31.656008856874998,5.1193289143828835,80.0,12.460411079304288
RhoA perturbation; Rac1 response,linear_R,R,0,1,0,6.0,32.08497583187501,5.152554104036383,80.0,12.460411079304288
RhoA perturbation; Rac1 response,linear_R,R,0,1,0,6.333334,32.85001744749998,5.187868992485546,80.0,12.460411079304288
RhoA perturbation; Rac1 response,linear_R,R,0,1,0,6.666667,33.21562006187501,5.280109422853797,80.0,12.460411079304288
RhoA perturbation; Rac1 response,linear_R,R,0,1,0,7.0,34.55065387687502,5.202673773628684,80.0,12.460411079304288
RhoA perturbation; Rac1 response,linear_R,R,0,1,0,7.333334,34.70303551737499,5.243391533936802,80.0,12.460411079304288
RhoA perturbation; Rac1 response,linear_R,R,0,1,0,7.666667,35.43317001200001,5.359945574131809,80.0,12.460411079304288
RhoA perturbation; Rac1 response,linear_R,R,0,1,0,8.0,35.21082664687499,5.293810489019405,80.0,12.460411079304288
RhoA perturbation; Rac1 response,linear_R,R,0,1,0,8.333333,34.38095184412499,5.239779563766989,80.0,12.460411079304288
RhoA perturbation; Rac1 response,linear_R,R,0,1,0,8.666667,34.51231650587501,5.337311100437704,80.0,12.460411079304288
RhoA perturbation; Rac1 response,linear_R,R,0,1,0,9.0,36.739394404125,5.316336836358264,80.0,12.460411079304288
RhoA perturbation; Rac1 response,linear_R,R,0,1,0,9.333333,35.86836106362501,5.531727310296695,80.0,12.460411079304288
RhoA perturbation; Rac1 response,linear_R,R,0,1,0,9.666667,36.407556719374995,5.428268466568994,80.0,12.460411079304288
RhoA perturbation; Rac1 response,linear_R,R,0,1,0,10.0,35.335303085250004,5.434029141654743,80.0,12.460411079304288
RhoA perturbation; Rac1 response,linear_R,R,0,1,0,10.33333,35.160878269624995,5.396729922961505,80.0,12.460411079304288
RhoA perturbation; Rac1 response,linear_R,R,0,1,0,10.66667,36.24939250387503,5.538121957950258,80.0,12.460411079304288
RhoA perturbation; Rac1 response,linear_R,R,0,1,0,11.0,37.37152335212499,5.528340849936087,80.0,12.460411079304288
RhoA perturbation; Rac1 response,linear_R,R,0,1,0,11.33333,38.74832157974999,5.533748750438115,80.0,12.460411079304288
RhoA perturbation; Rac1 response,linear_R,R,0,1,0,11.66667,38.07010675412502,5.543759331789647,80.0,12.460411079304288
RhoA perturbation; Rac1 response,linear_R,R,0,1,0,12.0,39.63976049699998,5.670038938734038,80.0,12.460411079304288
RhoA perturbation; Rac1 response,linear_R,R,0,1,0,12.33333,39.877722357875015,5.6815290829271685,80.0,12.460411079304288
RhoA perturbation; Rac1 response,linear_R,R,0,1,0,12.66667,41.43385763199999,5.604815366791928,80.0,12.460411079304288
RhoA perturbation; Rac1 response,linear_R,R,0,1,0,13.0,41.57483332500002,5.6808779593278755,80.0,12.460411079304288
RhoA perturbation; Rac1 response,linear_R,R,0,1,0,13.33333,42.19735376224999,5.733610998560068,80.0,12.460411079304288
RhoA perturbation; Rac1 response,linear_R,R,0,1,0,13.66667,40.362294325375004,5.723266613190431,80.0,12.460411079304288
RhoA perturbation; Rac1 response,linear_R,R,0,1,0,14.0,39.47222318150003,5.696522983669431,80.0,12.460411079304288
RhoA perturbation; Rac1 response,linear_R,R,0,1,0,14.33333,39.705036106124986,5.583156165948099,80.0,12.460411079304288
RhoA perturbation; Rac1 response,linear_R,R,0,1,0,14.66667,40.851035414875,5.6522790317061204,80.0,12.460411079304288
RhoA perturbation; Rac1 response,linear_R,R,0,1,0,15.0,40.54514006962498,5.6768523043026615,80.0,12.460411079304288
RhoA perturbation; Rac1 response,linear_R,R,0,1,0,15.33333,41.32761998424999,5.630671607329237,80.0,12.460411079304288
RhoA perturbation; Rac1 response,linear_R,R,0,1,0,15.66667,40.73784667475,5.69717178960748,80.0,12.460411079304288
RhoA perturbation; Rac1 response,linear_R,R,0,1,0,16.0,42.584126971625,5.770515788632695,80.0,12.460411079304288
RhoA perturbation; Rac1 response,linear_R,R,0,1,0,16.33333,41.846711594625,5.8275534461558385,80.0,12.460411079304288
RhoA perturbation; Rac1 response,linear_R,R,0,1,0,16.66667,40.94162946050001,5.733888215518726,80.0,12.460411079304288
RhoA perturbation; Rac1 response,linear_R,R,0,1,0,17.0,43.055054836375035,5.754478083690295,80.0,12.460411079304288
RhoA perturbation; Rac1 response,linear_R,R,0,1,0,17.33333,42.855766021125014,5.6963691598033295,80.0,12.460411079304288
RhoA perturbation; Rac1 response,linear_R,R,0,1,0,17.66667,44.7054921885,5.806444494935948,80.0,12.460411079304288
RhoA perturbation; Rac1 response,linear_R,R,0,1,0,18.0,44.263716705749985,5.744471784096954,80.0,12.460411079304288
RhoA perturbation; Rac1 response,linear_R,R,0,1,0,18.33333,42.8251505395,5.801277555080771,80.0,12.460411079304288
RhoA perturbation; Rac1 response,linear_R,R,0,1,0,18.66667,43.388878527625,5.829161035786278,80.0,12.460411079304288
RhoA perturbation; Rac1 response,linear_R,R,0,1,0,19.0,43.666588430625005,5.667702243793217,80.0,12.460411079304288
RhoA perturbation; Rac1 response,linear_R,R,0,1,0,19.33333,45.334017831999994,5.812417520349717,80.0,12.460411079304288
RhoA perturbation; Rac1 response,linear_R,R,0,1,0,19.66667,44.914543018875,5.79099819192254,80.0,12.460411079304288
RhoA perturbation; Rac1 response,linear_R,R,0,1,0,20.0,44.572232559250004,5.817052810245743,80.0,12.460411079304288
RhoA perturbation; Rac1 response,linear_R,R,0,1,0,20.33333,40.51139308287501,5.706678918618629,80.0,12.460411079304288
RhoA perturbation; Rac1 response,linear_R,R,0,1,0,20.66667,37.803339820625,5.442297824147259,80.0,12.460411079304288
RhoA perturbation; Rac1 response,linear_R,R,0,1,0,21.0,36.83530481274999,5.377426535933674,80.0,12.460411079304288
RhoA perturbation; Rac1 response,linear_R,R,0,1,0,21.33333,34.902504401749994,5.086190084460841,80.0,12.460411079304288
RhoA perturbation; Rac1 response,linear_R,R,0,1,0,21.66667,32.358773020124985,4.962234411776436,80.0,12.460411079304288
RhoA perturbation; Rac1 response,linear_R,R,0,1,0,22.0,31.058346401500007,4.718970813896896,80.0,12.460411079304288
RhoA perturbation; Rac1 response,linear_R,R,0,1,0,22.33333,30.659511084875,4.591853455206336,80.0,12.460411079304288
RhoA perturbation; Rac1 response,linear_R,R,0,1,0,22.66667,27.945735520249997,4.519291240834524,80.0,12.460411079304288
RhoA perturbation; Rac1 response,linear_R,R,0,1,0,23.0,29.499232588624988,4.379393433310475,80.0,12.460411079304288
RhoA perturbation; Rac1 response,linear_R,R,0,1,0,23.33333,26.421660202749997,4.194218334282237,80.0,12.460411079304288
RhoA perturbation; Rac1 response,linear_R,R,0,1,0,23.66667,25.22736179324999,4.17689653001624,80.0,12.460411079304288
RhoA perturbation; Rac1 response,linear_R,R,0,1,0,24.0,24.314893736374998,4.061461501574148,80.0,12.460411079304288
RhoA perturbation; Rac1 response,linear_R,R,0,1,0,24.33333,22.240597807375,3.843944873018156,80.0,12.460411079304288
RhoA perturbation; Rac1 response,linear_R,R,0,1,0,24.66667,21.553199025624988,3.6691485795747103,80.0,12.460411079304288
RhoA perturbation; Rac1 response,linear_R,R,0,1,0,25.0,19.863821151125,3.6468348086246767,80.0,12.460411079304288
RhoA perturbation; Rac1 response,linear_R,R,0,1,0,25.33333,16.932267740750003,3.4805307171673125,80.0,12.460411079304288
RhoA perturbation; Rac1 response,linear_R,R,0,1,0,25.66667,18.068718093875006,3.528808249145459,80.0,12.460411079304288
RhoA perturbation; Rac1 response,linear_R,R,0,1,0,26.0,16.248535159249997,3.4082234275501917,80.0,12.460411079304288
RhoA perturbation; Rac1 response,linear_R,R,0,1,0,26.33333,17.563465463875,3.382511521953084,80.0,12.460411079304288
RhoA perturbation; Rac1 response,linear_R,R,0,1,0,26.66667,15.361787431625,3.1845843076809692,80.0,12.460411079304288
RhoA perturbation; Rac1 response,linear_R,R,0,1,0,27.0,14.854973019500008,3.097704325022788,80.0,12.460411079304288
RhoA perturbation; Rac1 response,linear_R,R,0,1,0,27.33333,14.746504492124995,3.089208804848729,80.0,12.460411079304288
RhoA perturbation; Rac1 response,linear_R,R,0,1,0,27.66667,13.389730869875,2.86435067269115,80.0,12.460411079304288
RhoA perturbation; Rac1 response,linear_R,R,0,1,0,28.0,13.047866296875,2.7829199705590355,80.0,12.460411079304288
RhoA perturbation; Rac1 response,linear_R,R,0,1,0,28.33333,12.79419637099999,2.741318158577171,80.0,12.460411079304288
RhoA perturbation; Rac1 response,linear_R,R,0,1,0,28.66667,12.093769360875005,2.5876402780456833,80.0,12.460411079304288
RhoA perturbation; Rac1 response,linear_R,R,0,1,0,29.0,13.066173804999995,2.5590064226511555,80.0,12.460411079304288
RhoA perturbation; Rac1 response,linear_R,R,0,1,0,29.33333,11.962233619500001,2.2764795137535137,80.0,12.460411079304288
RhoA perturbation; Rac1 response,linear_R,R,0,1,0,29.66667,11.778198033,2.3065581426143087,80.0,12.460411079304288
RhoA perturbation; Rac1 response,linear_R,R,0,1,0,30.0,11.931489493625001,2.283206439036089,80.0,12.460411079304288
RhoA perturbation; Rac1 response,linear_R,R,0,1,0,30.33333,11.864284518250006,2.227124211277553,80.0,12.460411079304288
RhoA perturbation; Rac1 response,linear_R,R,0,1,0,30.66667,10.727707190500002,2.1617326843202975,80.0,12.460411079304288
RhoA perturbation; Rac1 response,linear_R,R,0,1,0,31.0,11.321055857875002,2.1133653218609703,80.0,12.460411079304288
RhoA perturbation; Rac1 response,linear_R,R,0,1,0,31.33333,9.681192162124999,2.075053951855054,80.0,12.460411079304288
RhoA perturbation; Rac1 response,linear_R,R,0,1,0,31.66667,9.858793051125001,1.9731991137083271,80.0,12.460411079304288
RhoA perturbation; Rac1 response,linear_R,R,0,1,0,32.0,9.751500392875,1.8185354370605673,80.0,12.460411079304288
RhoA perturbation; Rac1 response,linear_R,R,0,1,0,32.33333,10.423419645,1.8611195091302073,80.0,12.460411079304288
RhoA perturbation; Rac1 response,linear_R,R,0,1,0,32.66667,9.1168839295,1.8294995092749495,80.0,12.460411079304288
RhoA perturbation; Rac1 response,linear_R,R,0,1,0,33.0,7.897097908499991,1.7983095647373577,80.0,12.460411079304288
RhoA perturbation; Rac1 response,linear_R,R,0,1,0,33.33333,7.189429227124994,1.7042641393511773,80.0,12.460411079304288
RhoA perturbation; Rac1 response,linear_R,R,0,1,0,33.66667,7.7557665621249985,1.7977748334996162,80.0,12.460411079304288
RhoA perturbation; Rac1 response,linear_R,R,0,1,0,34.0,7.001074584124995,1.9620248084976701,80.0,12.460411079304288
RhoA perturbation; Rac1 response,linear_R,R,0,1,0,34.33333,7.552257760375001,1.8208534926932152,80.0,12.460411079304288
RhoA perturbation; Rac1 response,linear_R,R,0,1,0,34.66667,6.673025697000003,1.8516300730445912,80.0,12.460411079304288
RhoA perturbation; Rac1 response,linear_R,R,0,1,0,35.0,7.022828758875003,1.8260248447738565,80.0,12.460411079304288
RhoA perturbation; Rac1 response,linear_R,R,0,1,0,35.33333,5.354098614625,1.727030919005176,80.0,12.460411079304288
RhoA perturbation; Rac1 response,linear_R,R,0,1,0,35.66667,6.334587531499996,1.7152440553908999,80.0,12.460411079304288
RhoA perturbation; Rac1 response,linear_R,R,0,1,0,36.0,4.428455727374998,1.7127589728698311,80.0,12.460411079304288
RhoA perturbation; Rac1 response,linear_R,R,0,1,0,36.33333,4.410370907000005,1.613681805084379,80.0,12.460411079304288
RhoA perturbation; Rac1 response,linear_R,R,0,1,0,36.66667,4.115654407875,1.625652970086845,80.0,12.460411079304288
RhoA perturbation; Rac1 response,linear_R,R,0,1,0,37.0,4.479636555875,1.7000713535578325,80.0,12.460411079304288
RhoA perturbation; Rac1 response,linear_R,R,0,1,0,37.33333,2.868887833624999,1.662513012809657,80.0,12.460411079304288
RhoA perturbation; Rac1 response,linear_R,R,0,1,0,37.66667,4.2424165142499985,1.7261812779100496,80.0,12.460411079304288
RhoA perturbation; Rac1 response,linear_R,R,0,1,0,38.0,4.4917785188750035,1.6113699205025556,80.0,12.460411079304288
RhoA perturbation; Rac1 response,linear_R,R,0,1,0,38.33333,3.819373902500002,1.7679290644372516,80.0,12.460411079304288
RhoA perturbation; Rac1 response,linear_R,R,0,1,0,38.66667,3.0226327430000017,1.804166249213009,80.0,12.460411079304288
RhoA perturbation; Rac1 response,linear_R,R,0,1,0,39.0,3.471399687500001,1.7428258510903027,80.0,12.460411079304288
RhoA perturbation; Rac1 response,linear_R,R,0,1,0,39.33333,3.5710842597500005,1.6776002402277683,80.0,12.460411079304288
RhoA perturbation; Rac1 response,linear_R,R,0,1,0,39.66667,3.4638432541250013,1.587218421349147,80.0,12.460411079304288
RhoA perturbation; Rac1 response,linear_R,R,0,1,0,40.0,4.459667909874997,1.7199645389940506,80.0,12.460411079304288
RhoA perturbation; Rac1 response,hill,R^h/(K^h+R^h),0,1,0,0.0,-0.9931512857500001,0.2930358516672621,80.0,-0.993150586922366
RhoA perturbation; Rac1 response,hill,R^h/(K^h+R^h),0,1,0,0.3333333,14.05484543712499,2.7689854655564425,80.0,12.460404908736269
RhoA perturbation; Rac1 response,hill,R^h/(K^h+R^h),0,1,0,0.6666667,17.840202627750003,3.2205576531637807,80.0,12.46041103722942
RhoA perturbation; Rac1 response,hill,R^h/(K^h+R^h),0,1,0,1.0,19.956233638750003,3.442955807410961,80.0,12.460411037246075
RhoA perturbation; Rac1 response,hill,R^h/(K^h+R^h),0,1,0,1.333333,21.843358484374992,3.5875551291744125,80.0,12.460411037246075
RhoA perturbation; Rac1 response,hill,R^h/(K^h+R^h),0,1,0,1.666667,20.794324358125007,3.7574895152656023,80.0,12.460411037246075
RhoA perturbation; Rac1 response,hill,R^h/(K^h+R^h),0,1,0,2.0,22.349197607374983,3.906772941300473,80.0,12.460411037246075
RhoA perturbation; Rac1 response,hill,R^h/(K^h+R^h),0,1,0,2.333333,22.23171431124999,4.062614000548535,80.0,12.460411037246075
RhoA perturbation; Rac1 response,hill,R^h/(K^h+R^h),0,1,0,2.666667,24.265378724125007,4.179210356349098,80.0,12.460411037246075
RhoA perturbation; Rac1 response,hill,R^h/(K^h+R^h),0,1,0,3.0,25.918459290375004,4.414457016384039,80.0,12.460411037246075
RhoA perturbation; Rac1 response,hill,R^h/(K^h+R^h),0,1,0,3.333333,25.84004893499999,4.527815666649435,80.0,12.460411037246075
RhoA perturbation; Rac1 response,hill,R^h/(K^h+R^h),0,1,0,3.666667,25.84496122112501,4.766097323169697,80.0,12.460411037246075
RhoA perturbation; Rac1 response,hill,R^h/(K^h+R^h),0,1,0,4.0,25.811583304499987,4.749304233032243,80.0,12.460411037246075
RhoA perturbation; Rac1 response,hill,R^h/(K^h+R^h),0,1,0,4.333334,29.75857579150001,4.958198392281836,80.0,12.460411037246075
RhoA perturbation; Rac1 response,hill,R^h/(K^h+R^h),0,1,0,4.666667,27.878301637000003,5.050262659092711,80.0,12.460411037246075
RhoA perturbation; Rac1 response,hill,R^h/(K^h+R^h),0,1,0,5.0,30.594271491749986,5.113990815370671,80.0,12.460411037246075
RhoA perturbation; Rac1 response,hill,R^h/(K^h+R^h),0,1,0,5.333334,32.134596649375005,5.15048245258548,80.0,12.460411037246075
RhoA perturbation; Rac1 response,hill,R^h/(K^h+R^h),0,1,0,5.666667,31.656008856874998,5.1193289143828835,80.0,12.460411037246075
RhoA perturbation; Rac1 response,hill,R^h/(K^h+R^h),0,1,0,6.0,32.08497583187501,5.152554104036383,80.0,12.460411037246075
RhoA perturbation; Rac1 response,hill,R^h/(K^h+R^h),0,1,0,6.333334,32.85001744749998,5.187868992485546,80.0,12.460411037246075
RhoA perturbation; Rac1 response,hill,R^h/(K^h+R^h),0,1,0,6.666667,33.21562006187501,5.280109422853797,80.0,12.460411037246075
RhoA perturbation; Rac1 response,hill,R^h/(K^h+R^h),0,1,0,7.0,34.55065387687502,5.202673773628684,80.0,12.460411037246075
RhoA perturbation; Rac1 response,hill,R^h/(K^h+R^h),0,1,0,7.333334,34.70303551737499,5.243391533936802,80.0,12.460411037246075
RhoA perturbation; Rac1 response,hill,R^h/(K^h+R^h),0,1,0,7.666667,35.43317001200001,5.359945574131809,80.0,12.460411037246075
RhoA perturbation; Rac1 response,hill,R^h/(K^h+R^h),0,1,0,8.0,35.21082664687499,5.293810489019405,80.0,12.460411037246075
RhoA perturbation; Rac1 response,hill,R^h/(K^h+R^h),0,1,0,8.333333,34.38095184412499,5.239779563766989,80.0,12.460411037246075
RhoA perturbation; Rac1 response,hill,R^h/(K^h+R^h),0,1,0,8.666667,34.51231650587501,5.337311100437704,80.0,12.460411037246075
RhoA perturbation; Rac1 response,hill,R^h/(K^h+R^h),0,1,0,9.0,36.739394404125,5.316336836358264,80.0,12.460411037246075
RhoA perturbation; Rac1 response,hill,R^h/(K^h+R^h),0,1,0,9.333333,35.86836106362501,5.531727310296695,80.0,12.460411037246075
RhoA perturbation; Rac1 response,hill,R^h/(K^h+R^h),0,1,0,9.666667,36.407556719374995,5.428268466568994,80.0,12.460411037246075
RhoA perturbation; Rac1 response,hill,R^h/(K^h+R^h),0,1,0,10.0,35.335303085250004,5.434029141654743,80.0,12.460411037246075
RhoA perturbation; Rac1 response,hill,R^h/(K^h+R^h),0,1,0,10.33333,35.160878269624995,5.396729922961505,80.0,12.460411037246075
RhoA perturbation; Rac1 response,hill,R^h/(K^h+R^h),0,1,0,10.66667,36.24939250387503,5.538121957950258,80.0,12.460411037246075
RhoA perturbation; Rac1 response,hill,R^h/(K^h+R^h),0,1,0,11.0,37.37152335212499,5.528340849936087,80.0,12.460411037246075
RhoA perturbation; Rac1 response,hill,R^h/(K^h+R^h),0,1,0,11.33333,38.74832157974999,5.533748750438115,80.0,12.460411037246075
RhoA perturbation; Rac1 response,hill,R^h/(K^h+R^h),0,1,0,11.66667,38.07010675412502,5.543759331789647,80.0,12.460411037246075
RhoA perturbation; Rac1 response,hill,R^h/(K^h+R^h),0,1,0,12.0,39.63976049699998,5.670038938734038,80.0,12.460411037246075
RhoA perturbation; Rac1 response,hill,R^h/(K^h+R^h),0,1,0,12.33333,39.877722357875015,5.6815290829271685,80.0,12.460411037246075
RhoA perturbation; Rac1 response,hill,R^h/(K^h+R^h),0,1,0,12.66667,41.43385763199999,5.604815366791928,80.0,12.460411037246075
RhoA perturbation; Rac1 response,hill,R^h/(K^h+R^h),0,1,0,13.0,41.57483332500002,5.6808779593278755,80.0,12.460411037246075
RhoA perturbation; Rac1 response,hill,R^h/(K^h+R^h),0,1,0,13.33333,42.19735376224999,5.733610998560068,80.0,12.460411037246075
RhoA perturbation; Rac1 response,hill,R^h/(K^h+R^h),0,1,0,13.66667,40.362294325375004,5.723266613190431,80.0,12.460411037246075
RhoA perturbation; Rac1 response,hill,R^h/(K^h+R^h),0,1,0,14.0,39.47222318150003,5.696522983669431,80.0,12.460411037246075
RhoA perturbation; Rac1 response,hill,R^h/(K^h+R^h),0,1,0,14.33333,39.705036106124986,5.583156165948099,80.0,12.460411037246075
RhoA perturbation; Rac1 response,hill,R^h/(K^h+R^h),0,1,0,14.66667,40.851035414875,5.6522790317061204,80.0,12.460411037246075
RhoA perturbation; Rac1 response,hill,R^h/(K^h+R^h),0,1,0,15.0,40.54514006962498,5.6768523043026615,80.0,12.460411037246075
RhoA perturbation; Rac1 response,hill,R^h/(K^h+R^h),0,1,0,15.33333,41.32761998424999,5.630671607329237,80.0,12.460411037246075
RhoA perturbation; Rac1 response,hill,R^h/(K^h+R^h),0,1,0,15.66667,40.73784667475,5.69717178960748,80.0,12.460411037246075
RhoA perturbation; Rac1 response,hill,R^h/(K^h+R^h),0,1,0,16.0,42.584126971625,5.770515788632695,80.0,12.460411037246075
RhoA perturbation; Rac1 response,hill,R^h/(K^h+R^h),0,1,0,16.33333,41.846711594625,5.8275534461558385,80.0,12.460411037246075
RhoA perturbation; Rac1 response,hill,R^h/(K^h+R^h),0,1,0,16.66667,40.94162946050001,5.733888215518726,80.0,12.460411037246075
RhoA perturbation; Rac1 response,hill,R^h/(K^h+R^h),0,1,0,17.0,43.055054836375035,5.754478083690295,80.0,12.460411037246075
RhoA perturbation; Rac1 response,hill,R^h/(K^h+R^h),0,1,0,17.33333,42.855766021125014,5.6963691598033295,80.0,12.460411037246075
RhoA perturbation; Rac1 response,hill,R^h/(K^h+R^h),0,1,0,17.66667,44.7054921885,5.806444494935948,80.0,12.460411037246075
RhoA perturbation; Rac1 response,hill,R^h/(K^h+R^h),0,1,0,18.0,44.263716705749985,5.744471784096954,80.0,12.460411037246075
RhoA perturbation; Rac1 response,hill,R^h/(K^h+R^h),0,1,0,18.33333,42.8251505395,5.801277555080771,80.0,12.460411037246075
RhoA perturbation; Rac1 response,hill,R^h/(K^h+R^h),0,1,0,18.66667,43.388878527625,5.829161035786278,80.0,12.460411037246075
RhoA perturbation; Rac1 response,hill,R^h/(K^h+R^h),0,1,0,19.0,43.666588430625005,5.667702243793217,80.0,12.460411037246075
RhoA perturbation; Rac1 response,hill,R^h/(K^h+R^h),0,1,0,19.33333,45.334017831999994,5.812417520349717,80.0,12.460411037246075
RhoA perturbation; Rac1 response,hill,R^h/(K^h+R^h),0,1,0,19.66667,44.914543018875,5.79099819192254,80.0,12.460411037246075
RhoA perturbation; Rac1 response,hill,R^h/(K^h+R^h),0,1,0,20.0,44.572232559250004,5.817052810245743,80.0,12.460411037246075
RhoA perturbation; Rac1 response,hill,R^h/(K^h+R^h),0,1,0,20.33333,40.51139308287501,5.706678918618629,80.0,12.460411037246075
RhoA perturbation; Rac1 response,hill,R^h/(K^h+R^h),0,1,0,20.66667,37.803339820625,5.442297824147259,80.0,12.460411037246075
RhoA perturbation; Rac1 response,hill,R^h/(K^h+R^h),0,1,0,21.0,36.83530481274999,5.377426535933674,80.0,12.460411037246075
RhoA perturbation; Rac1 response,hill,R^h/(K^h+R^h),0,1,0,21.33333,34.902504401749994,5.086190084460841,80.0,12.460411037246075
RhoA perturbation; Rac1 response,hill,R^h/(K^h+R^h),0,1,0,21.66667,32.358773020124985,4.962234411776436,80.0,12.460411037246075
RhoA perturbation; Rac1 response,hill,R^h/(K^h+R^h),0,1,0,22.0,31.058346401500007,4.718970813896896,80.0,12.460411037246075
RhoA perturbation; Rac1 response,hill,R^h/(K^h+R^h),0,1,0,22.33333,30.659511084875,4.591853455206336,80.0,12.460411037246075
RhoA perturbation; Rac1 response,hill,R^h/(K^h+R^h),0,1,0,22.66667,27.945735520249997,4.519291240834524,80.0,12.460411037246075
RhoA perturbation; Rac1 response,hill,R^h/(K^h+R^h),0,1,0,23.0,29.499232588624988,4.379393433310475,80.0,12.460411037246075
RhoA perturbation; Rac1 response,hill,R^h/(K^h+R^h),0,1,0,23.33333,26.421660202749997,4.194218334282237,80.0,12.460411037246075
RhoA perturbation; Rac1 response,hill,R^h/(K^h+R^h),0,1,0,23.66667,25.22736179324999,4.17689653001624,80.0,12.460411037246075
RhoA perturbation; Rac1 response,hill,R^h/(K^h+R^h),0,1,0,24.0,24.314893736374998,4.061461501574148,80.0,12.460411037246075
RhoA perturbation; Rac1 response,hill,R^h/(K^h+R^h),0,1,0,24.33333,22.240597807375,3.843944873018156,80.0,12.460411037246075
RhoA perturbation; Rac1 response,hill,R^h/(K^h+R^h),0,1,0,24.66667,21.553199025624988,3.6691485795747103,80.0,12.460411037246075
RhoA perturbation; Rac1 response,hill,R^h/(K^h+R^h),0,1,0,25.0,19.863821151125,3.6468348086246767,80.0,12.460411037246075
RhoA perturbation; Rac1 response,hill,R^h/(K^h+R^h),0,1,0,25.33333,16.932267740750003,3.4805307171673125,80.0,12.460411037246075
RhoA perturbation; Rac1 response,hill,R^h/(K^h+R^h),0,1,0,25.66667,18.068718093875006,3.528808249145459,80.0,12.460411037246075
RhoA perturbation; Rac1 response,hill,R^h/(K^h+R^h),0,1,0,26.0,16.248535159249997,3.4082234275501917,80.0,12.460411037246075
RhoA perturbation; Rac1 response,hill,R^h/(K^h+R^h),0,1,0,26.33333,17.563465463875,3.382511521953084,80.0,12.460411037246075
RhoA perturbation; Rac1 response,hill,R^h/(K^h+R^h),0,1,0,26.66667,15.361787431625,3.1845843076809692,80.0,12.460411037246075
RhoA perturbation; Rac1 response,hill,R^h/(K^h+R^h),0,1,0,27.0,14.854973019500008,3.097704325022788,80.0,12.460411037246075
RhoA perturbation; Rac1 response,hill,R^h/(K^h+R^h),0,1,0,27.33333,14.746504492124995,3.089208804848729,80.0,12.460411037246075
RhoA perturbation; Rac1 response,hill,R^h/(K^h+R^h),0,1,0,27.66667,13.389730869875,2.86435067269115,80.0,12.460411037246075
RhoA perturbation; Rac1 response,hill,R^h/(K^h+R^h),0,1,0,28.0,13.047866296875,2.7829199705590355,80.0,12.460411037246075
RhoA perturbation; Rac1 response,hill,R^h/(K^h+R^h),0,1,0,28.33333,12.79419637099999,2.741318158577171,80.0,12.460411037246075
RhoA perturbation; Rac1 response,hill,R^h/(K^h+R^h),0,1,0,28.66667,12.093769360875005,2.5876402780456833,80.0,12.460411037246075
RhoA perturbation; Rac1 response,hill,R^h/(K^h+R^h),0,1,0,29.0,13.066173804999995,2.5590064226511555,80.0,12.460411037246075
RhoA perturbation; Rac1 response,hill,R^h/(K^h+R^h),0,1,0,29.33333,11.962233619500001,2.2764795137535137,80.0,12.460411037246075
RhoA perturbation; Rac1 response,hill,R^h/(K^h+R^h),0,1,0,29.66667,11.778198033,2.3065581426143087,80.0,12.460411037246075
RhoA perturbation; Rac1 response,hill,R^h/(K^h+R^h),0,1,0,30.0,11.931489493625001,2.283206439036089,80.0,12.460411037246075
RhoA perturbation; Rac1 response,hill,R^h/(K^h+R^h),0,1,0,30.33333,11.864284518250006,2.227124211277553,80.0,12.460411037246075
RhoA perturbation; Rac1 response,hill,R^h/(K^h+R^h),0,1,0,30.66667,10.727707190500002,2.1617326843202975,80.0,12.460411037246075
RhoA perturbation; Rac1 response,hill,R^h/(K^h+R^h),0,1,0,31.0,11.321055857875002,2.1133653218609703,80.0,12.460411037246075
RhoA perturbation; Rac1 response,hill,R^h/(K^h+R^h),0,1,0,31.33333,9.681192162124999,2.075053951855054,80.0,12.460411037246075
RhoA perturbation; Rac1 response,hill,R^h/(K^h+R^h),0,1,0,31.66667,9.858793051125001,1.9731991137083271,80.0,12.460411037246075
RhoA perturbation; Rac1 response,hill,R^h/(K^h+R^h),0,1,0,32.0,9.751500392875,1.8185354370605673,80.0,12.460411037246075
RhoA perturbation; Rac1 response,hill,R^h/(K^h+R^h),0,1,0,32.33333,10.423419645,1.8611195091302073,80.0,12.460411037246075
RhoA perturbation; Rac1 response,hill,R^h/(K^h+R^h),0,1,0,32.66667,9.1168839295,1.8294995092749495,80.0,12.460411037246075
RhoA perturbation; Rac1 response,hill,R^h/(K^h+R^h),0,1,0,33.0,7.897097908499991,1.7983095647373577,80.0,12.460411037246075
RhoA perturbation; Rac1 response,hill,R^h/(K^h+R^h),0,1,0,33.33333,7.189429227124994,1.7042641393511773,80.0,12.460411037246075
RhoA perturbation; Rac1 response,hill,R^h/(K^h+R^h),0,1,0,33.66667,7.7557665621249985,1.7977748334996162,80.0,12.460411037246075
RhoA perturbation; Rac1 response,hill,R^h/(K^h+R^h),0,1,0,34.0,7.001074584124995,1.9620248084976701,80.0,12.460411037246075
RhoA perturbation; Rac1 response,hill,R^h/(K^h+R^h),0,1,0,34.33333,7.552257760375001,1.8208534926932152,80.0,12.460411037246075
RhoA perturbation; Rac1 response,hill,R^h/(K^h+R^h),0,1,0,34.66667,6.673025697000003,1.8516300730445912,80.0,12.460411037246075
RhoA perturbation; Rac1 response,hill,R^h/(K^h+R^h),0,1,0,35.0,7.022828758875003,1.8260248447738565,80.0,12.460411037246075
RhoA perturbation; Rac1 response,hill,R^h/(K^h+R^h),0,1,0,35.33333,5.354098614625,1.727030919005176,80.0,12.460411037246075
RhoA perturbation; Rac1 response,hill,R^h/(K^h+R^h),0,1,0,35.66667,6.334587531499996,1.7152440553908999,80.0,12.460411037246075
RhoA perturbation; Rac1 response,hill,R^h/(K^h+R^h),0,1,0,36.0,4.428455727374998,1.7127589728698311,80.0,12.460411037246075
RhoA perturbation; Rac1 response,hill,R^h/(K^h+R^h),0,1,0,36.33333,4.410370907000005,1.613681805084379,80.0,12.460411037246075
RhoA perturbation; Rac1 response,hill,R^h/(K^h+R^h),0,1,0,36.66667,4.115654407875,1.625652970086845,80.0,12.460411037246075
RhoA perturbation; Rac1 response,hill,R^h/(K^h+R^h),0,1,0,37.0,4.479636555875,1.7000713535578325,80.0,12.460411037246075
RhoA perturbation; Rac1 response,hill,R^h/(K^h+R^h),0,1,0,37.33333,2.868887833624999,1.662513012809657,80.0,12.460411037246075
RhoA perturbation; Rac1 response,hill,R^h/(K^h+R^h),0,1,0,37.66667,4.2424165142499985,1.7261812779100496,80.0,12.460411037246075
RhoA perturbation; Rac1 response,hill,R^h/(K^h+R^h),0,1,0,38.0,4.4917785188750035,1.6113699205025556,80.0,12.460411037246075
RhoA perturbation; Rac1 response,hill,R^h/(K^h+R^h),0,1,0,38.33333,3.819373902500002,1.7679290644372516,80.0,12.460411037246075
RhoA perturbation; Rac1 response,hill,R^h/(K^h+R^h),0,1,0,38.66667,3.0226327430000017,1.804166249213009,80.0,12.460411037246075
RhoA perturbation; Rac1 response,hill,R^h/(K^h+R^h),0,1,0,39.0,3.471399687500001,1.7428258510903027,80.0,12.460411037246075
RhoA perturbation; Rac1 response,hill,R^h/(K^h+R^h),0,1,0,39.33333,3.5710842597500005,1.6776002402277683,80.0,12.460411037246075
RhoA perturbation; Rac1 response,hill,R^h/(K^h+R^h),0,1,0,39.66667,3.4638432541250013,1.587218421349147,80.0,12.460411037246075
RhoA perturbation; Rac1 response,hill,R^h/(K^h+R^h),0,1,0,40.0,4.459667909874997,1.7199645389940506,80.0,12.460411037246075
RhoA perturbation; Rac1 response,double_hill,(H(R)+H(R)),1,3,0,0.0,-0.9931512857500001,0.2930358516672621,80.0,-0.8531603696110711
RhoA perturbation; Rac1 response,double_hill,(H(R)+H(R)),1,3,0,0.3333333,14.05484543712499,2.7689854655564425,80.0,10.910627913070693
RhoA perturbation; Rac1 response,double_hill,(H(R)+H(R)),1,3,0,0.6666667,17.840202627750003,3.2205576531637807,80.0,14.680058858190877
RhoA perturbation; Rac1 response,double_hill,(H(R)+H(R)),1,3,0,1.0,19.956233638750003,3.442955807410961,80.0,17.350820407774027
RhoA perturbation; Rac1 response,double_hill,(H(R)+H(R)),1,3,0,1.333333,21.843358484374992,3.5875551291744125,80.0,19.46985165935259
RhoA perturbation; Rac1 response,double_hill,(H(R)+H(R)),1,3,0,1.666667,20.794324358125007,3.7574895152656023,80.0,21.242957949289053
RhoA perturbation; Rac1 response,double_hill,(H(R)+H(R)),1,3,0,2.0,22.349197607374983,3.906772941300473,80.0,22.77376365817128
RhoA perturbation; Rac1 response,double_hill,(H(R)+H(R)),1,3,0,2.333333,22.23171431124999,4.062614000548535,80.0,24.123036109923774
RhoA perturbation; Rac1 response,double_hill,(H(R)+H(R)),1,3,0,2.666667,24.265378724125007,4.179210356349098,80.0,25.32997425141159
RhoA perturbation; Rac1 response,double_hill,(H(R)+H(R)),1,3,0,3.0,25.918459290375004,4.414457016384039,80.0,26.421581832511087
RhoA perturbation; Rac1 response,double_hill,(H(R)+H(R)),1,3,0,3.333333,25.84004893499999,4.527815666649435,80.0,27.41740371673975
RhoA perturbation; Rac1 response,double_hill,(H(R)+H(R)),1,3,0,3.666667,25.84496122112501,4.766097323169697,80.0,28.332116896015886
RhoA perturbation; Rac1 response,double_hill,(H(R)+H(R)),1,3,0,4.0,25.811583304499987,4.749304233032243,80.0,29.1770663418239
RhoA perturbation; Rac1 response,double_hill,(H(R)+H(R)),1,3,0,4.333334,29.75857579150001,4.958198392281836,80.0,29.96125006771777
RhoA perturbation; Rac1 response,double_hill,(H(R)+H(R)),1,3,0,4.666667,27.878301637000003,5.050262659092711,80.0,30.69193166489624
RhoA perturbation; Rac1 response,double_hill,(H(R)+H(R)),1,3,0,5.0,30.594271491749986,5.113990815370671,80.0,31.375087300763703
RhoA perturbation; Rac1 response,double_hill,(H(R)+H(R)),1,3,0,5.333334,32.134596649375005,5.15048245258548,80.0,32.01569936276192
RhoA perturbation; Rac1 response,double_hill,(H(R)+H(R)),1,3,0,5.666667,31.656008856874998,5.1193289143828835,80.0,32.61796810318319
RhoA perturbation; Rac1 response,double_hill,(H(R)+H(R)),1,3,0,6.0,32.08497583187501,5.152554104036383,80.0,33.18548263310346
RhoA perturbation; Rac1 response,double_hill,(H(R)+H(R)),1,3,0,6.333334,32.85001744749998,5.187868992485546,80.0,33.721334344869575
RhoA perturbation; Rac1 response,double_hill,(H(R)+H(R)),1,3,0,6.666667,33.21562006187501,5.280109422853797,80.0,34.2282038864928
RhoA perturbation; Rac1 response,double_hill,(H(R)+H(R)),1,3,0,7.0,34.55065387687502,5.202673773628684,80.0,34.7084415352713
RhoA perturbation; Rac1 response,double_hill,(H(R)+H(R)),1,3,0,7.333334,34.70303551737499,5.243391533936802,80.0,35.16411749928026
RhoA perturbation; Rac1 response,double_hill,(H(R)+H(R)),1,3,0,7.666667,35.43317001200001,5.359945574131809,80.0,35.59706212813019
RhoA perturbation; Rac1 response,double_hill,(H(R)+H(R)),1,3,0,8.0,35.21082664687499,5.293810489019405,80.0,36.00890914788869
RhoA perturbation; Rac1 response,double_hill,(H(R)+H(R)),1,3,0,8.333333,34.38095184412499,5.239779563766989,80.0,36.40111810702336
RhoA perturbation; Rac1 response,double_hill,(H(R)+H(R)),1,3,0,8.666667,34.51231650587501,5.337311100437704,80.0,36.7749990857438
RhoA perturbation; Rac1 response,double_hill,(H(R)+H(R)),1,3,0,9.0,36.739394404125,5.316336836358264,80.0,37.13172558024693
RhoA perturbation; Rac1 response,double_hill,(H(R)+H(R)),1,3,0,9.333333,35.86836106362501,5.531727310296695,80.0,37.472354205710765
RhoA perturbation; Rac1 response,double_hill,(H(R)+H(R)),1,3,0,9.666667,36.407556719374995,5.428268466568994,80.0,37.79783007224096
RhoA perturbation; Rac1 response,double_hill,(H(R)+H(R)),1,3,0,10.0,35.335303085250004,5.434029141654743,80.0,38.10898914718095
RhoA perturbation; Rac1 response,double_hill,(H(R)+H(R)),1,3,0,10.33333,35.160878269624995,5.396729922961505,80.0,38.406562684131885
RhoA perturbation; Rac1 response,double_hill,(H(R)+H(R)),1,3,0,10.66667,36.24939250387503,5.538121957950258,80.0,38.69118694343199
RhoA perturbation; Rac1 response,double_hill,(H(R)+H(R)),1,3,0,11.0,37.37152335212499,5.528340849936087,80.0,38.96335525756058
RhoA perturbation; Rac1 response,double_hill,(H(R)+H(R)),1,3,0,11.33333,38.74832157974999,5.533748750438115,80.0,39.22346107924965
RhoA perturbation; Rac1 response,double_hill,(H(R)+H(R)),1,3,0,11.66667,38.07010675412502,5.543759331789647,80.0,39.4717554758215
RhoA perturbation; Rac1 response,double_hill,(H(R)+H(R)),1,3,0,12.0,39.63976049699998,5.670038938734038,80.0,39.7083069813257
RhoA perturbation; Rac1 response,double_hill,(H(R)+H(R)),1,3,0,12.33333,39.877722357875015,5.6815290829271685,80.0,39.933022871802066
RhoA perturbation; Rac1 response,double_hill,(H(R)+H(R)),1,3,0,12.66667,41.43385763199999,5.604815366791928,80.0,40.14559821618266
RhoA perturbation; Rac1 response,double_hill,(H(R)+H(R)),1,3,0,13.0,41.57483332500002,5.6808779593278755,80.0,40.34546839923023
RhoA perturbation; Rac1 response,double_hill,(H(R)+H(R)),1,3,0,13.33333,42.19735376224999,5.733610998560068,80.0,40.53181540910463
RhoA perturbation; Rac1 response,double_hill,(H(R)+H(R)),1,3,0,13.66667,40.362294325375004,5.723266613190431,80.0,40.70351403464305
RhoA perturbation; Rac1 response,double_hill,(H(R)+H(R)),1,3,0,14.0,39.47222318150003,5.696522983669431,80.0,40.85908613958215
RhoA perturbation; Rac1 response,double_hill,(H(R)+H(R)),1,3,0,14.33333,39.705036106124986,5.583156165948099,80.0,40.99670216832605
RhoA perturbation; Rac1 response,double_hill,(H(R)+H(R)),1,3,0,14.66667,40.851035414875,5.6522790317061204,80.0,41.11413872405316
RhoA perturbation; Rac1 response,double_hill,(H(R)+H(R)),1,3,0,15.0,40.54514006962498,5.6768523043026615,80.0,41.208753491889766
RhoA perturbation; Rac1 response,double_hill,(H(R)+H(R)),1,3,0,15.33333,41.32761998424999,5.630671607329237,80.0,41.277500094312636
RhoA perturbation; Rac1 response,double_hill,(H(R)+H(R)),1,3,0,15.66667,40.73784667475,5.69717178960748,80.0,41.31692134419225
RhoA perturbation; Rac1 response,double_hill,(H(R)+H(R)),1,3,0,16.0,42.584126971625,5.770515788632695,80.0,41.32317353290615
RhoA perturbation; Rac1 response,double_hill,(H(R)+H(R)),1,3,0,16.33333,41.846711594625,5.8275534461558385,80.0,41.29207816346445
RhoA perturbation; Rac1 response,double_hill,(H(R)+H(R)),1,3,0,16.66667,40.94162946050001,5.733888215518726,80.0,41.21918067733977
RhoA perturbation; Rac1 response,double_hill,(H(R)+H(R)),1,3,0,17.0,43.055054836375035,5.754478083690295,80.0,41.099854208385736
RhoA perturbation; Rac1 response,double_hill,(H(R)+H(R)),1,3,0,17.33333,42.855766021125014,5.6963691598033295,80.0,40.92940439059733
RhoA perturbation; Rac1 response,double_hill,(H(R)+H(R)),1,3,0,17.66667,44.7054921885,5.806444494935948,80.0,40.703211471230375
RhoA perturbation; Rac1 response,double_hill,(H(R)+H(R)),1,3,0,18.0,44.263716705749985,5.744471784096954,80.0,40.4169218648239
RhoA perturbation; Rac1 response,double_hill,(H(R)+H(R)),1,3,0,18.33333,42.8251505395,5.801277555080771,80.0,40.06658856840191
RhoA perturbation; Rac1 response,double_hill,(H(R)+H(R)),1,3,0,18.66667,43.388878527625,5.829161035786278,80.0,39.6488728211401
RhoA perturbation; Rac1 response,double_hill,(H(R)+H(R)),1,3,0,19.0,43.666588430625005,5.667702243793217,80.0,39.161279308227044
RhoA perturbation; Rac1 response,double_hill,(H(R)+H(R)),1,3,0,19.33333,45.334017831999994,5.812417520349717,80.0,38.60225742054311
RhoA perturbation; Rac1 response,double_hill,(H(R)+H(R)),1,3,0,19.66667,44.914543018875,5.79099819192254,80.0,37.97138028697292
RhoA perturbation; Rac1 response,double_hill,(H(R)+H(R)),1,3,0,20.0,44.572232559250004,5.817052810245743,80.0,37.26952446398437
RhoA perturbation; Rac1 response,double_hill,(H(R)+H(R)),1,3,0,20.33333,40.51139308287501,5.706678918618629,80.0,36.498821058390206
RhoA perturbation; Rac1 response,double_hill,(H(R)+H(R)),1,3,0,20.66667,37.803339820625,5.442297824147259,80.0,35.66271143734593
RhoA perturbation; Rac1 response,double_hill,(H(R)+H(R)),1,3,0,21.0,36.83530481274999,5.377426535933674,80.0,34.765979478979865
RhoA perturbation; Rac1 response,double_hill,(H(R)+H(R)),1,3,0,21.33333,34.902504401749994,5.086190084460841,80.0,33.81448911359505
RhoA perturbation; Rac1 response,double_hill,(H(R)+H(R)),1,3,0,21.66667,32.358773020124985,4.962234411776436,80.0,32.81508680663805
RhoA perturbation; Rac1 response,double_hill,(H(R)+H(R)),1,3,0,22.0,31.058346401500007,4.718970813896896,80.0,31.775490085872836
RhoA perturbation; Rac1 response,double_hill,(H(R)+H(R)),1,3,0,22.33333,30.659511084875,4.591853455206336,80.0,30.703868846133865
RhoA perturbation; Rac1 response,double_hill,(H(R)+H(R)),1,3,0,22.66667,27.945735520249997,4.519291240834524,80.0,29.6086783745005
RhoA perturbation; Rac1 response,double_hill,(H(R)+H(R)),1,3,0,23.0,29.499232588624988,4.379393433310475,80.0,28.498511261940852
RhoA perturbation; Rac1 response,double_hill,(H(R)+H(R)),1,3,0,23.33333,26.421660202749997,4.194218334282237,80.0,27.381665002934245
RhoA perturbation; Rac1 response,double_hill,(H(R)+H(R)),1,3,0,23.66667,25.22736179324999,4.17689653001624,80.0,26.26603265334347
RhoA perturbation; Rac1 response,double_hill,(H(R)+H(R)),1,3,0,24.0,24.314893736374998,4.061461501574148,80.0,25.159033474287288
RhoA perturbation; Rac1 response,double_hill,(H(R)+H(R)),1,3,0,24.33333,22.240597807375,3.843944873018156,80.0,24.067282125403317
RhoA perturbation; Rac1 response,double_hill,(H(R)+H(R)),1,3,0,24.66667,21.553199025624988,3.6691485795747103,80.0,22.996603581758926
RhoA perturbation; Rac1 response,double_hill,(H(R)+H(R)),1,3,0,25.0,19.863821151125,3.6468348086246767,80.0,21.952080206186356
RhoA perturbation; Rac1 response,double_hill,(H(R)+H(R)),1,3,0,25.33333,16.932267740750003,3.4805307171673125,80.0,20.93784761047961
RhoA perturbation; Rac1 response,double_hill,(H(R)+H(R)),1,3,0,25.66667,18.068718093875006,3.528808249145459,80.0,19.95721425260086
RhoA perturbation; Rac1 response,double_hill,(H(R)+H(R)),1,3,0,26.0,16.248535159249997,3.4082234275501917,80.0,19.01278877876354
RhoA perturbation; Rac1 response,double_hill,(H(R)+H(R)),1,3,0,26.33333,17.563465463875,3.382511521953084,80.0,18.106364028064313
RhoA perturbation; Rac1 response,double_hill,(H(R)+H(R)),1,3,0,26.66667,15.361787431625,3.1845843076809692,80.0,17.23908245459279
RhoA perturbation; Rac1 response,double_hill,(H(R)+H(R)),1,3,0,27.0,14.854973019500008,3.097704325022788,80.0,16.411587258308685
RhoA perturbation; Rac1 response,double_hill,(H(R)+H(R)),1,3,0,27.33333,14.746504492124995,3.089208804848729,80.0,15.623946163402035
RhoA perturbation; Rac1 response,double_hill,(H(R)+H(R)),1,3,0,27.66667,13.389730869875,2.86435067269115,80.0,14.875813058504292
RhoA perturbation; Rac1 response,double_hill,(H(R)+H(R)),1,3,0,28.0,13.047866296875,2.7829199705590355,80.0,14.166563991198178
RhoA perturbation; Rac1 response,double_hill,(H(R)+H(R)),1,3,0,28.33333,12.79419637099999,2.741318158577171,80.0,13.495230692891337
RhoA perturbation; Rac1 response,double_hill,(H(R)+H(R)),1,3,0,28.66667,12.093769360875005,2.5876402780456833,80.0,12.860634320763772
RhoA perturbation; Rac1 response,double_hill,(H(R)+H(R)),1,3,0,29.0,13.066173804999995,2.5590064226511555,80.0,12.261491470572153
RhoA perturbation; Rac1 response,double_hill,(H(R)+H(R)),1,3,0,29.33333,11.962233619500001,2.2764795137535137,80.0,11.696346717182031
RhoA perturbation; Rac1 response,double_hill,(H(R)+H(R)),1,3,0,29.66667,11.778198033,2.3065581426143087,80.0,11.163674002761034
RhoA perturbation; Rac1 response,double_hill,(H(R)+H(R)),1,3,0,30.0,11.931489493625001,2.283206439036089,80.0,10.661953143520272
RhoA perturbation; Rac1 response,double_hill,(H(R)+H(R)),1,3,0,30.33333,11.864284518250006,2.227124211277553,80.0,10.18960124120808
RhoA perturbation; Rac1 response,double_hill,(H(R)+H(R)),1,3,0,30.66667,10.727707190500002,2.1617326843202975,80.0,9.745046533685262
RhoA perturbation; Rac1 response,double_hill,(H(R)+H(R)),1,3,0,31.0,11.321055857875002,2.1133653218609703,80.0,9.32678177636005
RhoA perturbation; Rac1 response,double_hill,(H(R)+H(R)),1,3,0,31.33333,9.681192162124999,2.075053951855054,80.0,8.933297667372123
RhoA perturbation; Rac1 response,double_hill,(H(R)+H(R)),1,3,0,31.66667,9.858793051125001,1.9731991137083271,80.0,8.563136219341281
RhoA perturbation; Rac1 response,double_hill,(H(R)+H(R)),1,3,0,32.0,9.751500392875,1.8185354370605673,80.0,8.21492793151247
RhoA perturbation; Rac1 response,double_hill,(H(R)+H(R)),1,3,0,32.33333,10.423419645,1.8611195091302073,80.0,7.887330110228774
RhoA perturbation; Rac1 response,double_hill,(H(R)+H(R)),1,3,0,32.66667,9.1168839295,1.8294995092749495,80.0,7.579065962885217
RhoA perturbation; Rac1 response,double_hill,(H(R)+H(R)),1,3,0,33.0,7.897097908499991,1.7983095647373577,80.0,7.2889510320299
RhoA perturbation; Rac1 response,double_hill,(H(R)+H(R)),1,3,0,33.33333,7.189429227124994,1.7042641393511773,80.0,7.015838035500266
RhoA perturbation; Rac1 response,double_hill,(H(R)+H(R)),1,3,0,33.66667,7.7557665621249985,1.7977748334996162,80.0,6.7586462431170276
RhoA perturbation; Rac1 response,double_hill,(H(R)+H(R)),1,3,0,34.0,7.001074584124995,1.9620248084976701,80.0,6.5163809471691465
RhoA perturbation; Rac1 response,double_hill,(H(R)+H(R)),1,3,0,34.33333,7.552257760375001,1.8208534926932152,80.0,6.288085304938612
RhoA perturbation; Rac1 response,double_hill,(H(R)+H(R)),1,3,0,34.66667,6.673025697000003,1.8516300730445912,80.0,6.072863083558502
RhoA perturbation; Rac1 response,double_hill,(H(R)+H(R)),1,3,0,35.0,7.022828758875003,1.8260248447738565,80.0,5.869893592138844
RhoA perturbation; Rac1 response,double_hill,(H(R)+H(R)),1,3,0,35.33333,5.354098614625,1.727030919005176,80.0,5.678390268768069
RhoA perturbation; Rac1 response,double_hill,(H(R)+H(R)),1,3,0,35.66667,6.334587531499996,1.7152440553908999,80.0,5.4976188036387725
RhoA perturbation; Rac1 response,double_hill,(H(R)+H(R)),1,3,0,36.0,4.428455727374998,1.7127589728698311,80.0,5.326909037072447
RhoA perturbation; Rac1 response,double_hill,(H(R)+H(R)),1,3,0,36.33333,4.410370907000005,1.613681805084379,80.0,5.165619652203446
RhoA perturbation; Rac1 response,double_hill,(H(R)+H(R)),1,3,0,36.66667,4.115654407875,1.625652970086845,80.0,5.013152973972879
RhoA perturbation; Rac1 response,double_hill,(H(R)+H(R)),1,3,0,37.0,4.479636555875,1.7000713535578325,80.0,4.868964756042864
RhoA perturbation; Rac1 response,double_hill,(H(R)+H(R)),1,3,0,37.33333,2.868887833624999,1.662513012809657,80.0,4.732534201175405
RhoA perturbation; Rac1 response,double_hill,(H(R)+H(R)),1,3,0,37.66667,4.2424165142499985,1.7261812779100496,80.0,4.603376283128206
RhoA perturbation; Rac1 response,double_hill,(H(R)+H(R)),1,3,0,38.0,4.4917785188750035,1.6113699205025556,80.0,4.481049993948567
RhoA perturbation; Rac1 response,double_hill,(H(R)+H(R)),1,3,0,38.33333,3.819373902500002,1.7679290644372516,80.0,4.365132912545008
RhoA perturbation; Rac1 response,double_hill,(H(R)+H(R)),1,3,0,38.66667,3.0226327430000017,1.804166249213009,80.0,4.25523161681415
RhoA perturbation; Rac1 response,double_hill,(H(R)+H(R)),1,3,0,39.0,3.471399687500001,1.7428258510903027,80.0,4.150988754621743
RhoA perturbation; Rac1 response,double_hill,(H(R)+H(R)),1,3,0,39.33333,3.5710842597500005,1.6776002402277683,80.0,4.0520614466995255
RhoA perturbation; Rac1 response,double_hill,(H(R)+H(R)),1,3,0,39.66667,3.4638432541250013,1.587218421349147,80.0,3.9581301825019892
RhoA perturbation; Rac1 response,double_hill,(H(R)+H(R)),1,3,0,40.0,4.459667909874997,1.7199645389940506,80.0,3.8689049554030106
RhoA perturbation; Rac1 response,EML_expr,R,0,1,0,0.0,-0.9931512857500001,0.2930358516672621,80.0,-0.9931512880272988
RhoA perturbation; Rac1 response,EML_expr,R,0,1,0,0.3333333,14.05484543712499,2.7689854655564425,80.0,12.46040439615607
RhoA perturbation; Rac1 response,EML_expr,R,0,1,0,0.6666667,17.840202627750003,3.2205576531637807,80.0,12.460411111531114
RhoA perturbation; Rac1 response,EML_expr,R,0,1,0,1.0,19.956233638750003,3.442955807410961,80.0,12.460411111534466
RhoA perturbation; Rac1 response,EML_expr,R,0,1,0,1.333333,21.843358484374992,3.5875551291744125,80.0,12.460411111534466
RhoA perturbation; Rac1 response,EML_expr,R,0,1,0,1.666667,20.794324358125007,3.7574895152656023,80.0,12.460411111534466
RhoA perturbation; Rac1 response,EML_expr,R,0,1,0,2.0,22.349197607374983,3.906772941300473,80.0,12.460411111534466
RhoA perturbation; Rac1 response,EML_expr,R,0,1,0,2.333333,22.23171431124999,4.062614000548535,80.0,12.460411111534466
RhoA perturbation; Rac1 response,EML_expr,R,0,1,0,2.666667,24.265378724125007,4.179210356349098,80.0,12.460411111534466
RhoA perturbation; Rac1 response,EML_expr,R,0,1,0,3.0,25.918459290375004,4.414457016384039,80.0,12.460411111534466
RhoA perturbation; Rac1 response,EML_expr,R,0,1,0,3.333333,25.84004893499999,4.527815666649435,80.0,12.460411111534466
RhoA perturbation; Rac1 response,EML_expr,R,0,1,0,3.666667,25.84496122112501,4.766097323169697,80.0,12.460411111534466
RhoA perturbation; Rac1 response,EML_expr,R,0,1,0,4.0,25.811583304499987,4.749304233032243,80.0,12.460411111534466
RhoA perturbation; Rac1 response,EML_expr,R,0,1,0,4.333334,29.75857579150001,4.958198392281836,80.0,12.460411111534466
RhoA perturbation; Rac1 response,EML_expr,R,0,1,0,4.666667,27.878301637000003,5.050262659092711,80.0,12.460411111534466
RhoA perturbation; Rac1 response,EML_expr,R,0,1,0,5.0,30.594271491749986,5.113990815370671,80.0,12.460411111534466
RhoA perturbation; Rac1 response,EML_expr,R,0,1,0,5.333334,32.134596649375005,5.15048245258548,80.0,12.460411111534466
RhoA perturbation; Rac1 response,EML_expr,R,0,1,0,5.666667,31.656008856874998,5.1193289143828835,80.0,12.460411111534466
RhoA perturbation; Rac1 response,EML_expr,R,0,1,0,6.0,32.08497583187501,5.152554104036383,80.0,12.460411111534466
RhoA perturbation; Rac1 response,EML_expr,R,0,1,0,6.333334,32.85001744749998,5.187868992485546,80.0,12.460411111534466
RhoA perturbation; Rac1 response,EML_expr,R,0,1,0,6.666667,33.21562006187501,5.280109422853797,80.0,12.460411111534466
RhoA perturbation; Rac1 response,EML_expr,R,0,1,0,7.0,34.55065387687502,5.202673773628684,80.0,12.460411111534466
RhoA perturbation; Rac1 response,EML_expr,R,0,1,0,7.333334,34.70303551737499,5.243391533936802,80.0,12.460411111534466
RhoA perturbation; Rac1 response,EML_expr,R,0,1,0,7.666667,35.43317001200001,5.359945574131809,80.0,12.460411111534466
RhoA perturbation; Rac1 response,EML_expr,R,0,1,0,8.0,35.21082664687499,5.293810489019405,80.0,12.460411111534466
RhoA perturbation; Rac1 response,EML_expr,R,0,1,0,8.333333,34.38095184412499,5.239779563766989,80.0,12.460411111534466
RhoA perturbation; Rac1 response,EML_expr,R,0,1,0,8.666667,34.51231650587501,5.337311100437704,80.0,12.460411111534466
RhoA perturbation; Rac1 response,EML_expr,R,0,1,0,9.0,36.739394404125,5.316336836358264,80.0,12.460411111534466
RhoA perturbation; Rac1 response,EML_expr,R,0,1,0,9.333333,35.86836106362501,5.531727310296695,80.0,12.460411111534466
RhoA perturbation; Rac1 response,EML_expr,R,0,1,0,9.666667,36.407556719374995,5.428268466568994,80.0,12.460411111534466
RhoA perturbation; Rac1 response,EML_expr,R,0,1,0,10.0,35.335303085250004,5.434029141654743,80.0,12.460411111534466
RhoA perturbation; Rac1 response,EML_expr,R,0,1,0,10.33333,35.160878269624995,5.396729922961505,80.0,12.460411111534466
RhoA perturbation; Rac1 response,EML_expr,R,0,1,0,10.66667,36.24939250387503,5.538121957950258,80.0,12.460411111534466
RhoA perturbation; Rac1 response,EML_expr,R,0,1,0,11.0,37.37152335212499,5.528340849936087,80.0,12.460411111534466
RhoA perturbation; Rac1 response,EML_expr,R,0,1,0,11.33333,38.74832157974999,5.533748750438115,80.0,12.460411111534466
RhoA perturbation; Rac1 response,EML_expr,R,0,1,0,11.66667,38.07010675412502,5.543759331789647,80.0,12.460411111534466
RhoA perturbation; Rac1 response,EML_expr,R,0,1,0,12.0,39.63976049699998,5.670038938734038,80.0,12.460411111534466
RhoA perturbation; Rac1 response,EML_expr,R,0,1,0,12.33333,39.877722357875015,5.6815290829271685,80.0,12.460411111534466
RhoA perturbation; Rac1 response,EML_expr,R,0,1,0,12.66667,41.43385763199999,5.604815366791928,80.0,12.460411111534466
RhoA perturbation; Rac1 response,EML_expr,R,0,1,0,13.0,41.57483332500002,5.6808779593278755,80.0,12.460411111534466
RhoA perturbation; Rac1 response,EML_expr,R,0,1,0,13.33333,42.19735376224999,5.733610998560068,80.0,12.460411111534466
RhoA perturbation; Rac1 response,EML_expr,R,0,1,0,13.66667,40.362294325375004,5.723266613190431,80.0,12.460411111534466
RhoA perturbation; Rac1 response,EML_expr,R,0,1,0,14.0,39.47222318150003,5.696522983669431,80.0,12.460411111534466
RhoA perturbation; Rac1 response,EML_expr,R,0,1,0,14.33333,39.705036106124986,5.583156165948099,80.0,12.460411111534466
RhoA perturbation; Rac1 response,EML_expr,R,0,1,0,14.66667,40.851035414875,5.6522790317061204,80.0,12.460411111534466
RhoA perturbation; Rac1 response,EML_expr,R,0,1,0,15.0,40.54514006962498,5.6768523043026615,80.0,12.460411111534466
RhoA perturbation; Rac1 response,EML_expr,R,0,1,0,15.33333,41.32761998424999,5.630671607329237,80.0,12.460411111534466
RhoA perturbation; Rac1 response,EML_expr,R,0,1,0,15.66667,40.73784667475,5.69717178960748,80.0,12.460411111534466
RhoA perturbation; Rac1 response,EML_expr,R,0,1,0,16.0,42.584126971625,5.770515788632695,80.0,12.460411111534466
RhoA perturbation; Rac1 response,EML_expr,R,0,1,0,16.33333,41.846711594625,5.8275534461558385,80.0,12.460411111534466
RhoA perturbation; Rac1 response,EML_expr,R,0,1,0,16.66667,40.94162946050001,5.733888215518726,80.0,12.460411111534466
RhoA perturbation; Rac1 response,EML_expr,R,0,1,0,17.0,43.055054836375035,5.754478083690295,80.0,12.460411111534466
RhoA perturbation; Rac1 response,EML_expr,R,0,1,0,17.33333,42.855766021125014,5.6963691598033295,80.0,12.460411111534466
RhoA perturbation; Rac1 response,EML_expr,R,0,1,0,17.66667,44.7054921885,5.806444494935948,80.0,12.460411111534466
RhoA perturbation; Rac1 response,EML_expr,R,0,1,0,18.0,44.263716705749985,5.744471784096954,80.0,12.460411111534466
RhoA perturbation; Rac1 response,EML_expr,R,0,1,0,18.33333,42.8251505395,5.801277555080771,80.0,12.460411111534466
RhoA perturbation; Rac1 response,EML_expr,R,0,1,0,18.66667,43.388878527625,5.829161035786278,80.0,12.460411111534466
RhoA perturbation; Rac1 response,EML_expr,R,0,1,0,19.0,43.666588430625005,5.667702243793217,80.0,12.460411111534466
RhoA perturbation; Rac1 response,EML_expr,R,0,1,0,19.33333,45.334017831999994,5.812417520349717,80.0,12.460411111534466
RhoA perturbation; Rac1 response,EML_expr,R,0,1,0,19.66667,44.914543018875,5.79099819192254,80.0,12.460411111534466
RhoA perturbation; Rac1 response,EML_expr,R,0,1,0,20.0,44.572232559250004,5.817052810245743,80.0,12.460411111534466
RhoA perturbation; Rac1 response,EML_expr,R,0,1,0,20.33333,40.51139308287501,5.706678918618629,80.0,12.460411111534466
RhoA perturbation; Rac1 response,EML_expr,R,0,1,0,20.66667,37.803339820625,5.442297824147259,80.0,12.460411111534466
RhoA perturbation; Rac1 response,EML_expr,R,0,1,0,21.0,36.83530481274999,5.377426535933674,80.0,12.460411111534466
RhoA perturbation; Rac1 response,EML_expr,R,0,1,0,21.33333,34.902504401749994,5.086190084460841,80.0,12.460411111534466
RhoA perturbation; Rac1 response,EML_expr,R,0,1,0,21.66667,32.358773020124985,4.962234411776436,80.0,12.460411111534466
RhoA perturbation; Rac1 response,EML_expr,R,0,1,0,22.0,31.058346401500007,4.718970813896896,80.0,12.460411111534466
RhoA perturbation; Rac1 response,EML_expr,R,0,1,0,22.33333,30.659511084875,4.591853455206336,80.0,12.460411111534466
RhoA perturbation; Rac1 response,EML_expr,R,0,1,0,22.66667,27.945735520249997,4.519291240834524,80.0,12.460411111534466
RhoA perturbation; Rac1 response,EML_expr,R,0,1,0,23.0,29.499232588624988,4.379393433310475,80.0,12.460411111534466
RhoA perturbation; Rac1 response,EML_expr,R,0,1,0,23.33333,26.421660202749997,4.194218334282237,80.0,12.460411111534466
RhoA perturbation; Rac1 response,EML_expr,R,0,1,0,23.66667,25.22736179324999,4.17689653001624,80.0,12.460411111534466
RhoA perturbation; Rac1 response,EML_expr,R,0,1,0,24.0,24.314893736374998,4.061461501574148,80.0,12.460411111534466
RhoA perturbation; Rac1 response,EML_expr,R,0,1,0,24.33333,22.240597807375,3.843944873018156,80.0,12.460411111534466
RhoA perturbation; Rac1 response,EML_expr,R,0,1,0,24.66667,21.553199025624988,3.6691485795747103,80.0,12.460411111534466
RhoA perturbation; Rac1 response,EML_expr,R,0,1,0,25.0,19.863821151125,3.6468348086246767,80.0,12.460411111534466
RhoA perturbation; Rac1 response,EML_expr,R,0,1,0,25.33333,16.932267740750003,3.4805307171673125,80.0,12.460411111534466
RhoA perturbation; Rac1 response,EML_expr,R,0,1,0,25.66667,18.068718093875006,3.528808249145459,80.0,12.460411111534466
RhoA perturbation; Rac1 response,EML_expr,R,0,1,0,26.0,16.248535159249997,3.4082234275501917,80.0,12.460411111534466
RhoA perturbation; Rac1 response,EML_expr,R,0,1,0,26.33333,17.563465463875,3.382511521953084,80.0,12.460411111534466
RhoA perturbation; Rac1 response,EML_expr,R,0,1,0,26.66667,15.361787431625,3.1845843076809692,80.0,12.460411111534466
RhoA perturbation; Rac1 response,EML_expr,R,0,1,0,27.0,14.854973019500008,3.097704325022788,80.0,12.460411111534466
RhoA perturbation; Rac1 response,EML_expr,R,0,1,0,27.33333,14.746504492124995,3.089208804848729,80.0,12.460411111534466
RhoA perturbation; Rac1 response,EML_expr,R,0,1,0,27.66667,13.389730869875,2.86435067269115,80.0,12.460411111534466
RhoA perturbation; Rac1 response,EML_expr,R,0,1,0,28.0,13.047866296875,2.7829199705590355,80.0,12.460411111534466
RhoA perturbation; Rac1 response,EML_expr,R,0,1,0,28.33333,12.79419637099999,2.741318158577171,80.0,12.460411111534466
RhoA perturbation; Rac1 response,EML_expr,R,0,1,0,28.66667,12.093769360875005,2.5876402780456833,80.0,12.460411111534466
RhoA perturbation; Rac1 response,EML_expr,R,0,1,0,29.0,13.066173804999995,2.5590064226511555,80.0,12.460411111534466
RhoA perturbation; Rac1 response,EML_expr,R,0,1,0,29.33333,11.962233619500001,2.2764795137535137,80.0,12.460411111534466
RhoA perturbation; Rac1 response,EML_expr,R,0,1,0,29.66667,11.778198033,2.3065581426143087,80.0,12.460411111534466
RhoA perturbation; Rac1 response,EML_expr,R,0,1,0,30.0,11.931489493625001,2.283206439036089,80.0,12.460411111534466
RhoA perturbation; Rac1 response,EML_expr,R,0,1,0,30.33333,11.864284518250006,2.227124211277553,80.0,12.460411111534466
RhoA perturbation; Rac1 response,EML_expr,R,0,1,0,30.66667,10.727707190500002,2.1617326843202975,80.0,12.460411111534466
RhoA perturbation; Rac1 response,EML_expr,R,0,1,0,31.0,11.321055857875002,2.1133653218609703,80.0,12.460411111534466
RhoA perturbation; Rac1 response,EML_expr,R,0,1,0,31.33333,9.681192162124999,2.075053951855054,80.0,12.460411111534466
RhoA perturbation; Rac1 response,EML_expr,R,0,1,0,31.66667,9.858793051125001,1.9731991137083271,80.0,12.460411111534466
RhoA perturbation; Rac1 response,EML_expr,R,0,1,0,32.0,9.751500392875,1.8185354370605673,80.0,12.460411111534466
RhoA perturbation; Rac1 response,EML_expr,R,0,1,0,32.33333,10.423419645,1.8611195091302073,80.0,12.460411111534466
RhoA perturbation; Rac1 response,EML_expr,R,0,1,0,32.66667,9.1168839295,1.8294995092749495,80.0,12.460411111534466
RhoA perturbation; Rac1 response,EML_expr,R,0,1,0,33.0,7.897097908499991,1.7983095647373577,80.0,12.460411111534466
RhoA perturbation; Rac1 response,EML_expr,R,0,1,0,33.33333,7.189429227124994,1.7042641393511773,80.0,12.460411111534466
RhoA perturbation; Rac1 response,EML_expr,R,0,1,0,33.66667,7.7557665621249985,1.7977748334996162,80.0,12.460411111534466
RhoA perturbation; Rac1 response,EML_expr,R,0,1,0,34.0,7.001074584124995,1.9620248084976701,80.0,12.460411111534466
RhoA perturbation; Rac1 response,EML_expr,R,0,1,0,34.33333,7.552257760375001,1.8208534926932152,80.0,12.460411111534466
RhoA perturbation; Rac1 response,EML_expr,R,0,1,0,34.66667,6.673025697000003,1.8516300730445912,80.0,12.460411111534466
RhoA perturbation; Rac1 response,EML_expr,R,0,1,0,35.0,7.022828758875003,1.8260248447738565,80.0,12.460411111534466
RhoA perturbation; Rac1 response,EML_expr,R,0,1,0,35.33333,5.354098614625,1.727030919005176,80.0,12.460411111534466
RhoA perturbation; Rac1 response,EML_expr,R,0,1,0,35.66667,6.334587531499996,1.7152440553908999,80.0,12.460411111534466
RhoA perturbation; Rac1 response,EML_expr,R,0,1,0,36.0,4.428455727374998,1.7127589728698311,80.0,12.460411111534466
RhoA perturbation; Rac1 response,EML_expr,R,0,1,0,36.33333,4.410370907000005,1.613681805084379,80.0,12.460411111534466
RhoA perturbation; Rac1 response,EML_expr,R,0,1,0,36.66667,4.115654407875,1.625652970086845,80.0,12.460411111534466
RhoA perturbation; Rac1 response,EML_expr,R,0,1,0,37.0,4.479636555875,1.7000713535578325,80.0,12.460411111534466
RhoA perturbation; Rac1 response,EML_expr,R,0,1,0,37.33333,2.868887833624999,1.662513012809657,80.0,12.460411111534466
RhoA perturbation; Rac1 response,EML_expr,R,0,1,0,37.66667,4.2424165142499985,1.7261812779100496,80.0,12.460411111534466
RhoA perturbation; Rac1 response,EML_expr,R,0,1,0,38.0,4.4917785188750035,1.6113699205025556,80.0,12.460411111534466
RhoA perturbation; Rac1 response,EML_expr,R,0,1,0,38.33333,3.819373902500002,1.7679290644372516,80.0,12.460411111534466
RhoA perturbation; Rac1 response,EML_expr,R,0,1,0,38.66667,3.0226327430000017,1.804166249213009,80.0,12.460411111534466
RhoA perturbation; Rac1 response,EML_expr,R,0,1,0,39.0,3.471399687500001,1.7428258510903027,80.0,12.460411111534466
RhoA perturbation; Rac1 response,EML_expr,R,0,1,0,39.33333,3.5710842597500005,1.6776002402277683,80.0,12.460411111534466
RhoA perturbation; Rac1 response,EML_expr,R,0,1,0,39.66667,3.4638432541250013,1.587218421349147,80.0,12.460411111534466
RhoA perturbation; Rac1 response,EML_expr,R,0,1,0,40.0,4.459667909874997,1.7199645389940506,80.0,12.460411111534466
RhoA perturbation; Rac1 response,EML_expr,(R+R),0,3,0,0.0,-0.9931512857500001,0.2930358516672621,80.0,-0.9931516230383842
RhoA perturbation; Rac1 response,EML_expr,(R+R),0,3,0,0.3333333,14.05484543712499,2.7689854655564425,80.0,12.46034636487715
RhoA perturbation; Rac1 response,EML_expr,(R+R),0,3,0,0.6666667,17.840202627750003,3.2205576531637807,80.0,12.46041108338145
RhoA perturbation; Rac1 response,EML_expr,(R+R),0,3,0,1.0,19.956233638750003,3.442955807410961,80.0,12.46041108369278
RhoA perturbation; Rac1 response,EML_expr,(R+R),0,3,0,1.333333,21.843358484374992,3.5875551291744125,80.0,12.460411083692781
RhoA perturbation; Rac1 response,EML_expr,(R+R),0,3,0,1.666667,20.794324358125007,3.7574895152656023,80.0,12.460411083692781
RhoA perturbation; Rac1 response,EML_expr,(R+R),0,3,0,2.0,22.349197607374983,3.906772941300473,80.0,12.460411083692781
RhoA perturbation; Rac1 response,EML_expr,(R+R),0,3,0,2.333333,22.23171431124999,4.062614000548535,80.0,12.460411083692781
RhoA perturbation; Rac1 response,EML_expr,(R+R),0,3,0,2.666667,24.265378724125007,4.179210356349098,80.0,12.460411083692781
RhoA perturbation; Rac1 response,EML_expr,(R+R),0,3,0,3.0,25.918459290375004,4.414457016384039,80.0,12.460411083692781
RhoA perturbation; Rac1 response,EML_expr,(R+R),0,3,0,3.333333,25.84004893499999,4.527815666649435,80.0,12.460411083692781
RhoA perturbation; Rac1 response,EML_expr,(R+R),0,3,0,3.666667,25.84496122112501,4.766097323169697,80.0,12.460411083692781
RhoA perturbation; Rac1 response,EML_expr,(R+R),0,3,0,4.0,25.811583304499987,4.749304233032243,80.0,12.460411083692781
RhoA perturbation; Rac1 response,EML_expr,(R+R),0,3,0,4.333334,29.75857579150001,4.958198392281836,80.0,12.460411083692781
RhoA perturbation; Rac1 response,EML_expr,(R+R),0,3,0,4.666667,27.878301637000003,5.050262659092711,80.0,12.460411083692781
RhoA perturbation; Rac1 response,EML_expr,(R+R),0,3,0,5.0,30.594271491749986,5.113990815370671,80.0,12.460411083692781
RhoA perturbation; Rac1 response,EML_expr,(R+R),0,3,0,5.333334,32.134596649375005,5.15048245258548,80.0,12.460411083692781
RhoA perturbation; Rac1 response,EML_expr,(R+R),0,3,0,5.666667,31.656008856874998,5.1193289143828835,80.0,12.460411083692781
RhoA perturbation; Rac1 response,EML_expr,(R+R),0,3,0,6.0,32.08497583187501,5.152554104036383,80.0,12.460411083692781
RhoA perturbation; Rac1 response,EML_expr,(R+R),0,3,0,6.333334,32.85001744749998,5.187868992485546,80.0,12.460411083692781
RhoA perturbation; Rac1 response,EML_expr,(R+R),0,3,0,6.666667,33.21562006187501,5.280109422853797,80.0,12.460411083692781
RhoA perturbation; Rac1 response,EML_expr,(R+R),0,3,0,7.0,34.55065387687502,5.202673773628684,80.0,12.460411083692781
RhoA perturbation; Rac1 response,EML_expr,(R+R),0,3,0,7.333334,34.70303551737499,5.243391533936802,80.0,12.460411083692781
RhoA perturbation; Rac1 response,EML_expr,(R+R),0,3,0,7.666667,35.43317001200001,5.359945574131809,80.0,12.460411083692781
RhoA perturbation; Rac1 response,EML_expr,(R+R),0,3,0,8.0,35.21082664687499,5.293810489019405,80.0,12.460411083692781
RhoA perturbation; Rac1 response,EML_expr,(R+R),0,3,0,8.333333,34.38095184412499,5.239779563766989,80.0,12.460411083692781
RhoA perturbation; Rac1 response,EML_expr,(R+R),0,3,0,8.666667,34.51231650587501,5.337311100437704,80.0,12.460411083692781
RhoA perturbation; Rac1 response,EML_expr,(R+R),0,3,0,9.0,36.739394404125,5.316336836358264,80.0,12.460411083692781
RhoA perturbation; Rac1 response,EML_expr,(R+R),0,3,0,9.333333,35.86836106362501,5.531727310296695,80.0,12.460411083692781
RhoA perturbation; Rac1 response,EML_expr,(R+R),0,3,0,9.666667,36.407556719374995,5.428268466568994,80.0,12.460411083692781
RhoA perturbation; Rac1 response,EML_expr,(R+R),0,3,0,10.0,35.335303085250004,5.434029141654743,80.0,12.460411083692781
RhoA perturbation; Rac1 response,EML_expr,(R+R),0,3,0,10.33333,35.160878269624995,5.396729922961505,80.0,12.460411083692781
RhoA perturbation; Rac1 response,EML_expr,(R+R),0,3,0,10.66667,36.24939250387503,5.538121957950258,80.0,12.460411083692781
RhoA perturbation; Rac1 response,EML_expr,(R+R),0,3,0,11.0,37.37152335212499,5.528340849936087,80.0,12.460411083692781
RhoA perturbation; Rac1 response,EML_expr,(R+R),0,3,0,11.33333,38.74832157974999,5.533748750438115,80.0,12.460411083692781
RhoA perturbation; Rac1 response,EML_expr,(R+R),0,3,0,11.66667,38.07010675412502,5.543759331789647,80.0,12.460411083692781
RhoA perturbation; Rac1 response,EML_expr,(R+R),0,3,0,12.0,39.63976049699998,5.670038938734038,80.0,12.460411083692781
RhoA perturbation; Rac1 response,EML_expr,(R+R),0,3,0,12.33333,39.877722357875015,5.6815290829271685,80.0,12.460411083692781
RhoA perturbation; Rac1 response,EML_expr,(R+R),0,3,0,12.66667,41.43385763199999,5.604815366791928,80.0,12.460411083692781
RhoA perturbation; Rac1 response,EML_expr,(R+R),0,3,0,13.0,41.57483332500002,5.6808779593278755,80.0,12.460411083692781
RhoA perturbation; Rac1 response,EML_expr,(R+R),0,3,0,13.33333,42.19735376224999,5.733610998560068,80.0,12.460411083692781
RhoA perturbation; Rac1 response,EML_expr,(R+R),0,3,0,13.66667,40.362294325375004,5.723266613190431,80.0,12.460411083692781
RhoA perturbation; Rac1 response,EML_expr,(R+R),0,3,0,14.0,39.47222318150003,5.696522983669431,80.0,12.460411083692781
RhoA perturbation; Rac1 response,EML_expr,(R+R),0,3,0,14.33333,39.705036106124986,5.583156165948099,80.0,12.460411083692781
RhoA perturbation; Rac1 response,EML_expr,(R+R),0,3,0,14.66667,40.851035414875,5.6522790317061204,80.0,12.460411083692781
RhoA perturbation; Rac1 response,EML_expr,(R+R),0,3,0,15.0,40.54514006962498,5.6768523043026615,80.0,12.460411083692781
RhoA perturbation; Rac1 response,EML_expr,(R+R),0,3,0,15.33333,41.32761998424999,5.630671607329237,80.0,12.460411083692781
RhoA perturbation; Rac1 response,EML_expr,(R+R),0,3,0,15.66667,40.73784667475,5.69717178960748,80.0,12.460411083692781
RhoA perturbation; Rac1 response,EML_expr,(R+R),0,3,0,16.0,42.584126971625,5.770515788632695,80.0,12.460411083692781
RhoA perturbation; Rac1 response,EML_expr,(R+R),0,3,0,16.33333,41.846711594625,5.8275534461558385,80.0,12.460411083692781
RhoA perturbation; Rac1 response,EML_expr,(R+R),0,3,0,16.66667,40.94162946050001,5.733888215518726,80.0,12.460411083692781
RhoA perturbation; Rac1 response,EML_expr,(R+R),0,3,0,17.0,43.055054836375035,5.754478083690295,80.0,12.460411083692781
RhoA perturbation; Rac1 response,EML_expr,(R+R),0,3,0,17.33333,42.855766021125014,5.6963691598033295,80.0,12.460411083692781
RhoA perturbation; Rac1 response,EML_expr,(R+R),0,3,0,17.66667,44.7054921885,5.806444494935948,80.0,12.460411083692781
RhoA perturbation; Rac1 response,EML_expr,(R+R),0,3,0,18.0,44.263716705749985,5.744471784096954,80.0,12.460411083692781
RhoA perturbation; Rac1 response,EML_expr,(R+R),0,3,0,18.33333,42.8251505395,5.801277555080771,80.0,12.460411083692781
RhoA perturbation; Rac1 response,EML_expr,(R+R),0,3,0,18.66667,43.388878527625,5.829161035786278,80.0,12.460411083692781
RhoA perturbation; Rac1 response,EML_expr,(R+R),0,3,0,19.0,43.666588430625005,5.667702243793217,80.0,12.460411083692781
RhoA perturbation; Rac1 response,EML_expr,(R+R),0,3,0,19.33333,45.334017831999994,5.812417520349717,80.0,12.460411083692781
RhoA perturbation; Rac1 response,EML_expr,(R+R),0,3,0,19.66667,44.914543018875,5.79099819192254,80.0,12.460411083692781
RhoA perturbation; Rac1 response,EML_expr,(R+R),0,3,0,20.0,44.572232559250004,5.817052810245743,80.0,12.460411083692781
RhoA perturbation; Rac1 response,EML_expr,(R+R),0,3,0,20.33333,40.51139308287501,5.706678918618629,80.0,12.460411083692781
RhoA perturbation; Rac1 response,EML_expr,(R+R),0,3,0,20.66667,37.803339820625,5.442297824147259,80.0,12.460411083692781
RhoA perturbation; Rac1 response,EML_expr,(R+R),0,3,0,21.0,36.83530481274999,5.377426535933674,80.0,12.460411083692781
RhoA perturbation; Rac1 response,EML_expr,(R+R),0,3,0,21.33333,34.902504401749994,5.086190084460841,80.0,12.460411083692781
RhoA perturbation; Rac1 response,EML_expr,(R+R),0,3,0,21.66667,32.358773020124985,4.962234411776436,80.0,12.460411083692781
RhoA perturbation; Rac1 response,EML_expr,(R+R),0,3,0,22.0,31.058346401500007,4.718970813896896,80.0,12.460411083692781
RhoA perturbation; Rac1 response,EML_expr,(R+R),0,3,0,22.33333,30.659511084875,4.591853455206336,80.0,12.460411083692781
RhoA perturbation; Rac1 response,EML_expr,(R+R),0,3,0,22.66667,27.945735520249997,4.519291240834524,80.0,12.460411083692781
RhoA perturbation; Rac1 response,EML_expr,(R+R),0,3,0,23.0,29.499232588624988,4.379393433310475,80.0,12.460411083692781
RhoA perturbation; Rac1 response,EML_expr,(R+R),0,3,0,23.33333,26.421660202749997,4.194218334282237,80.0,12.460411083692781
RhoA perturbation; Rac1 response,EML_expr,(R+R),0,3,0,23.66667,25.22736179324999,4.17689653001624,80.0,12.460411083692781
RhoA perturbation; Rac1 response,EML_expr,(R+R),0,3,0,24.0,24.314893736374998,4.061461501574148,80.0,12.460411083692781
RhoA perturbation; Rac1 response,EML_expr,(R+R),0,3,0,24.33333,22.240597807375,3.843944873018156,80.0,12.460411083692781
RhoA perturbation; Rac1 response,EML_expr,(R+R),0,3,0,24.66667,21.553199025624988,3.6691485795747103,80.0,12.460411083692781
RhoA perturbation; Rac1 response,EML_expr,(R+R),0,3,0,25.0,19.863821151125,3.6468348086246767,80.0,12.460411083692781
RhoA perturbation; Rac1 response,EML_expr,(R+R),0,3,0,25.33333,16.932267740750003,3.4805307171673125,80.0,12.460411083692781
RhoA perturbation; Rac1 response,EML_expr,(R+R),0,3,0,25.66667,18.068718093875006,3.528808249145459,80.0,12.460411083692781
RhoA perturbation; Rac1 response,EML_expr,(R+R),0,3,0,26.0,16.248535159249997,3.4082234275501917,80.0,12.460411083692781
RhoA perturbation; Rac1 response,EML_expr,(R+R),0,3,0,26.33333,17.563465463875,3.382511521953084,80.0,12.460411083692781
RhoA perturbation; Rac1 response,EML_expr,(R+R),0,3,0,26.66667,15.361787431625,3.1845843076809692,80.0,12.460411083692781
RhoA perturbation; Rac1 response,EML_expr,(R+R),0,3,0,27.0,14.854973019500008,3.097704325022788,80.0,12.460411083692781
RhoA perturbation; Rac1 response,EML_expr,(R+R),0,3,0,27.33333,14.746504492124995,3.089208804848729,80.0,12.460411083692781
RhoA perturbation; Rac1 response,EML_expr,(R+R),0,3,0,27.66667,13.389730869875,2.86435067269115,80.0,12.460411083692781
RhoA perturbation; Rac1 response,EML_expr,(R+R),0,3,0,28.0,13.047866296875,2.7829199705590355,80.0,12.460411083692781
RhoA perturbation; Rac1 response,EML_expr,(R+R),0,3,0,28.33333,12.79419637099999,2.741318158577171,80.0,12.460411083692781
RhoA perturbation; Rac1 response,EML_expr,(R+R),0,3,0,28.66667,12.093769360875005,2.5876402780456833,80.0,12.460411083692781
RhoA perturbation; Rac1 response,EML_expr,(R+R),0,3,0,29.0,13.066173804999995,2.5590064226511555,80.0,12.460411083692781
RhoA perturbation; Rac1 response,EML_expr,(R+R),0,3,0,29.33333,11.962233619500001,2.2764795137535137,80.0,12.460411083692781
RhoA perturbation; Rac1 response,EML_expr,(R+R),0,3,0,29.66667,11.778198033,2.3065581426143087,80.0,12.460411083692781
RhoA perturbation; Rac1 response,EML_expr,(R+R),0,3,0,30.0,11.931489493625001,2.283206439036089,80.0,12.460411083692781
RhoA perturbation; Rac1 response,EML_expr,(R+R),0,3,0,30.33333,11.864284518250006,2.227124211277553,80.0,12.460411083692781
RhoA perturbation; Rac1 response,EML_expr,(R+R),0,3,0,30.66667,10.727707190500002,2.1617326843202975,80.0,12.460411083692781
RhoA perturbation; Rac1 response,EML_expr,(R+R),0,3,0,31.0,11.321055857875002,2.1133653218609703,80.0,12.460411083692781
RhoA perturbation; Rac1 response,EML_expr,(R+R),0,3,0,31.33333,9.681192162124999,2.075053951855054,80.0,12.460411083692781
RhoA perturbation; Rac1 response,EML_expr,(R+R),0,3,0,31.66667,9.858793051125001,1.9731991137083271,80.0,12.460411083692781
RhoA perturbation; Rac1 response,EML_expr,(R+R),0,3,0,32.0,9.751500392875,1.8185354370605673,80.0,12.460411083692781
RhoA perturbation; Rac1 response,EML_expr,(R+R),0,3,0,32.33333,10.423419645,1.8611195091302073,80.0,12.460411083692781
RhoA perturbation; Rac1 response,EML_expr,(R+R),0,3,0,32.66667,9.1168839295,1.8294995092749495,80.0,12.460411083692781
RhoA perturbation; Rac1 response,EML_expr,(R+R),0,3,0,33.0,7.897097908499991,1.7983095647373577,80.0,12.460411083692781
RhoA perturbation; Rac1 response,EML_expr,(R+R),0,3,0,33.33333,7.189429227124994,1.7042641393511773,80.0,12.460411083692781
RhoA perturbation; Rac1 response,EML_expr,(R+R),0,3,0,33.66667,7.7557665621249985,1.7977748334996162,80.0,12.460411083692781
RhoA perturbation; Rac1 response,EML_expr,(R+R),0,3,0,34.0,7.001074584124995,1.9620248084976701,80.0,12.460411083692781
RhoA perturbation; Rac1 response,EML_expr,(R+R),0,3,0,34.33333,7.552257760375001,1.8208534926932152,80.0,12.460411083692781
RhoA perturbation; Rac1 response,EML_expr,(R+R),0,3,0,34.66667,6.673025697000003,1.8516300730445912,80.0,12.460411083692781
RhoA perturbation; Rac1 response,EML_expr,(R+R),0,3,0,35.0,7.022828758875003,1.8260248447738565,80.0,12.460411083692781
RhoA perturbation; Rac1 response,EML_expr,(R+R),0,3,0,35.33333,5.354098614625,1.727030919005176,80.0,12.460411083692781
RhoA perturbation; Rac1 response,EML_expr,(R+R),0,3,0,35.66667,6.334587531499996,1.7152440553908999,80.0,12.460411083692781
RhoA perturbation; Rac1 response,EML_expr,(R+R),0,3,0,36.0,4.428455727374998,1.7127589728698311,80.0,12.460411083692781
RhoA perturbation; Rac1 response,EML_expr,(R+R),0,3,0,36.33333,4.410370907000005,1.613681805084379,80.0,12.460411083692781
RhoA perturbation; Rac1 response,EML_expr,(R+R),0,3,0,36.66667,4.115654407875,1.625652970086845,80.0,12.460411083692781
RhoA perturbation; Rac1 response,EML_expr,(R+R),0,3,0,37.0,4.479636555875,1.7000713535578325,80.0,12.460411083692781
RhoA perturbation; Rac1 response,EML_expr,(R+R),0,3,0,37.33333,2.868887833624999,1.662513012809657,80.0,12.460411083692781
RhoA perturbation; Rac1 response,EML_expr,(R+R),0,3,0,37.66667,4.2424165142499985,1.7261812779100496,80.0,12.460411083692781
RhoA perturbation; Rac1 response,EML_expr,(R+R),0,3,0,38.0,4.4917785188750035,1.6113699205025556,80.0,12.460411083692781
RhoA perturbation; Rac1 response,EML_expr,(R+R),0,3,0,38.33333,3.819373902500002,1.7679290644372516,80.0,12.460411083692781
RhoA perturbation; Rac1 response,EML_expr,(R+R),0,3,0,38.66667,3.0226327430000017,1.804166249213009,80.0,12.460411083692781
RhoA perturbation; Rac1 response,EML_expr,(R+R),0,3,0,39.0,3.471399687500001,1.7428258510903027,80.0,12.460411083692781
RhoA perturbation; Rac1 response,EML_expr,(R+R),0,3,0,39.33333,3.5710842597500005,1.6776002402277683,80.0,12.460411083692781
RhoA perturbation; Rac1 response,EML_expr,(R+R),0,3,0,39.66667,3.4638432541250013,1.587218421349147,80.0,12.460411083692781
RhoA perturbation; Rac1 response,EML_expr,(R+R),0,3,0,40.0,4.459667909874997,1.7199645389940506,80.0,12.460411083692781
RhoA perturbation; Rac1 response,EML_expr,((R+R)+R),0,5,0,0.0,-0.9931512857500001,0.2930358516672621,80.0,-0.9931518338248955
RhoA perturbation; Rac1 response,EML_expr,((R+R)+R),0,5,0,0.3333333,14.05484543712499,2.7689854655564425,80.0,12.460355311798427
RhoA perturbation; Rac1 response,EML_expr,((R+R)+R),0,5,0,0.6666667,17.840202627750003,3.2205576531637807,80.0,12.46041108987043
RhoA perturbation; Rac1 response,EML_expr,((R+R)+R),0,5,0,1.0,19.956233638750003,3.442955807410961,80.0,12.460411090101683
RhoA perturbation; Rac1 response,EML_expr,((R+R)+R),0,5,0,1.333333,21.843358484374992,3.5875551291744125,80.0,12.460411090101683
RhoA perturbation; Rac1 response,EML_expr,((R+R)+R),0,5,0,1.666667,20.794324358125007,3.7574895152656023,80.0,12.460411090101683
RhoA perturbation; Rac1 response,EML_expr,((R+R)+R),0,5,0,2.0,22.349197607374983,3.906772941300473,80.0,12.460411090101683
RhoA perturbation; Rac1 response,EML_expr,((R+R)+R),0,5,0,2.333333,22.23171431124999,4.062614000548535,80.0,12.460411090101683
RhoA perturbation; Rac1 response,EML_expr,((R+R)+R),0,5,0,2.666667,24.265378724125007,4.179210356349098,80.0,12.460411090101683
RhoA perturbation; Rac1 response,EML_expr,((R+R)+R),0,5,0,3.0,25.918459290375004,4.414457016384039,80.0,12.460411090101683
RhoA perturbation; Rac1 response,EML_expr,((R+R)+R),0,5,0,3.333333,25.84004893499999,4.527815666649435,80.0,12.460411090101683
RhoA perturbation; Rac1 response,EML_expr,((R+R)+R),0,5,0,3.666667,25.84496122112501,4.766097323169697,80.0,12.460411090101683
RhoA perturbation; Rac1 response,EML_expr,((R+R)+R),0,5,0,4.0,25.811583304499987,4.749304233032243,80.0,12.460411090101683
RhoA perturbation; Rac1 response,EML_expr,((R+R)+R),0,5,0,4.333334,29.75857579150001,4.958198392281836,80.0,12.460411090101683
RhoA perturbation; Rac1 response,EML_expr,((R+R)+R),0,5,0,4.666667,27.878301637000003,5.050262659092711,80.0,12.460411090101683
RhoA perturbation; Rac1 response,EML_expr,((R+R)+R),0,5,0,5.0,30.594271491749986,5.113990815370671,80.0,12.460411090101683
RhoA perturbation; Rac1 response,EML_expr,((R+R)+R),0,5,0,5.333334,32.134596649375005,5.15048245258548,80.0,12.460411090101683
RhoA perturbation; Rac1 response,EML_expr,((R+R)+R),0,5,0,5.666667,31.656008856874998,5.1193289143828835,80.0,12.460411090101683
RhoA perturbation; Rac1 response,EML_expr,((R+R)+R),0,5,0,6.0,32.08497583187501,5.152554104036383,80.0,12.460411090101683
RhoA perturbation; Rac1 response,EML_expr,((R+R)+R),0,5,0,6.333334,32.85001744749998,5.187868992485546,80.0,12.460411090101683
RhoA perturbation; Rac1 response,EML_expr,((R+R)+R),0,5,0,6.666667,33.21562006187501,5.280109422853797,80.0,12.460411090101683
RhoA perturbation; Rac1 response,EML_expr,((R+R)+R),0,5,0,7.0,34.55065387687502,5.202673773628684,80.0,12.460411090101683
RhoA perturbation; Rac1 response,EML_expr,((R+R)+R),0,5,0,7.333334,34.70303551737499,5.243391533936802,80.0,12.460411090101683
RhoA perturbation; Rac1 response,EML_expr,((R+R)+R),0,5,0,7.666667,35.43317001200001,5.359945574131809,80.0,12.460411090101683
RhoA perturbation; Rac1 response,EML_expr,((R+R)+R),0,5,0,8.0,35.21082664687499,5.293810489019405,80.0,12.460411090101683
RhoA perturbation; Rac1 response,EML_expr,((R+R)+R),0,5,0,8.333333,34.38095184412499,5.239779563766989,80.0,12.460411090101683
RhoA perturbation; Rac1 response,EML_expr,((R+R)+R),0,5,0,8.666667,34.51231650587501,5.337311100437704,80.0,12.460411090101683
RhoA perturbation; Rac1 response,EML_expr,((R+R)+R),0,5,0,9.0,36.739394404125,5.316336836358264,80.0,12.460411090101683
RhoA perturbation; Rac1 response,EML_expr,((R+R)+R),0,5,0,9.333333,35.86836106362501,5.531727310296695,80.0,12.460411090101683
RhoA perturbation; Rac1 response,EML_expr,((R+R)+R),0,5,0,9.666667,36.407556719374995,5.428268466568994,80.0,12.460411090101683
RhoA perturbation; Rac1 response,EML_expr,((R+R)+R),0,5,0,10.0,35.335303085250004,5.434029141654743,80.0,12.460411090101683
RhoA perturbation; Rac1 response,EML_expr,((R+R)+R),0,5,0,10.33333,35.160878269624995,5.396729922961505,80.0,12.460411090101683
RhoA perturbation; Rac1 response,EML_expr,((R+R)+R),0,5,0,10.66667,36.24939250387503,5.538121957950258,80.0,12.460411090101683
RhoA perturbation; Rac1 response,EML_expr,((R+R)+R),0,5,0,11.0,37.37152335212499,5.528340849936087,80.0,12.460411090101683
RhoA perturbation; Rac1 response,EML_expr,((R+R)+R),0,5,0,11.33333,38.74832157974999,5.533748750438115,80.0,12.460411090101683
RhoA perturbation; Rac1 response,EML_expr,((R+R)+R),0,5,0,11.66667,38.07010675412502,5.543759331789647,80.0,12.460411090101683
RhoA perturbation; Rac1 response,EML_expr,((R+R)+R),0,5,0,12.0,39.63976049699998,5.670038938734038,80.0,12.460411090101683
RhoA perturbation; Rac1 response,EML_expr,((R+R)+R),0,5,0,12.33333,39.877722357875015,5.6815290829271685,80.0,12.460411090101683
RhoA perturbation; Rac1 response,EML_expr,((R+R)+R),0,5,0,12.66667,41.43385763199999,5.604815366791928,80.0,12.460411090101683
RhoA perturbation; Rac1 response,EML_expr,((R+R)+R),0,5,0,13.0,41.57483332500002,5.6808779593278755,80.0,12.460411090101683
RhoA perturbation; Rac1 response,EML_expr,((R+R)+R),0,5,0,13.33333,42.19735376224999,5.733610998560068,80.0,12.460411090101683
RhoA perturbation; Rac1 response,EML_expr,((R+R)+R),0,5,0,13.66667,40.362294325375004,5.723266613190431,80.0,12.460411090101683
RhoA perturbation; Rac1 response,EML_expr,((R+R)+R),0,5,0,14.0,39.47222318150003,5.696522983669431,80.0,12.460411090101683
RhoA perturbation; Rac1 response,EML_expr,((R+R)+R),0,5,0,14.33333,39.705036106124986,5.583156165948099,80.0,12.460411090101683
RhoA perturbation; Rac1 response,EML_expr,((R+R)+R),0,5,0,14.66667,40.851035414875,5.6522790317061204,80.0,12.460411090101683
RhoA perturbation; Rac1 response,EML_expr,((R+R)+R),0,5,0,15.0,40.54514006962498,5.6768523043026615,80.0,12.460411090101683
RhoA perturbation; Rac1 response,EML_expr,((R+R)+R),0,5,0,15.33333,41.32761998424999,5.630671607329237,80.0,12.460411090101683
RhoA perturbation; Rac1 response,EML_expr,((R+R)+R),0,5,0,15.66667,40.73784667475,5.69717178960748,80.0,12.460411090101683
RhoA perturbation; Rac1 response,EML_expr,((R+R)+R),0,5,0,16.0,42.584126971625,5.770515788632695,80.0,12.460411090101683
RhoA perturbation; Rac1 response,EML_expr,((R+R)+R),0,5,0,16.33333,41.846711594625,5.8275534461558385,80.0,12.460411090101683
RhoA perturbation; Rac1 response,EML_expr,((R+R)+R),0,5,0,16.66667,40.94162946050001,5.733888215518726,80.0,12.460411090101683
RhoA perturbation; Rac1 response,EML_expr,((R+R)+R),0,5,0,17.0,43.055054836375035,5.754478083690295,80.0,12.460411090101683
RhoA perturbation; Rac1 response,EML_expr,((R+R)+R),0,5,0,17.33333,42.855766021125014,5.6963691598033295,80.0,12.460411090101683
RhoA perturbation; Rac1 response,EML_expr,((R+R)+R),0,5,0,17.66667,44.7054921885,5.806444494935948,80.0,12.460411090101683
RhoA perturbation; Rac1 response,EML_expr,((R+R)+R),0,5,0,18.0,44.263716705749985,5.744471784096954,80.0,12.460411090101683
RhoA perturbation; Rac1 response,EML_expr,((R+R)+R),0,5,0,18.33333,42.8251505395,5.801277555080771,80.0,12.460411090101683
RhoA perturbation; Rac1 response,EML_expr,((R+R)+R),0,5,0,18.66667,43.388878527625,5.829161035786278,80.0,12.460411090101683
RhoA perturbation; Rac1 response,EML_expr,((R+R)+R),0,5,0,19.0,43.666588430625005,5.667702243793217,80.0,12.460411090101683
RhoA perturbation; Rac1 response,EML_expr,((R+R)+R),0,5,0,19.33333,45.334017831999994,5.812417520349717,80.0,12.460411090101683
RhoA perturbation; Rac1 response,EML_expr,((R+R)+R),0,5,0,19.66667,44.914543018875,5.79099819192254,80.0,12.460411090101683
RhoA perturbation; Rac1 response,EML_expr,((R+R)+R),0,5,0,20.0,44.572232559250004,5.817052810245743,80.0,12.460411090101683
RhoA perturbation; Rac1 response,EML_expr,((R+R)+R),0,5,0,20.33333,40.51139308287501,5.706678918618629,80.0,12.460411090101683
RhoA perturbation; Rac1 response,EML_expr,((R+R)+R),0,5,0,20.66667,37.803339820625,5.442297824147259,80.0,12.460411090101683
RhoA perturbation; Rac1 response,EML_expr,((R+R)+R),0,5,0,21.0,36.83530481274999,5.377426535933674,80.0,12.460411090101683
RhoA perturbation; Rac1 response,EML_expr,((R+R)+R),0,5,0,21.33333,34.902504401749994,5.086190084460841,80.0,12.460411090101683
RhoA perturbation; Rac1 response,EML_expr,((R+R)+R),0,5,0,21.66667,32.358773020124985,4.962234411776436,80.0,12.460411090101683
RhoA perturbation; Rac1 response,EML_expr,((R+R)+R),0,5,0,22.0,31.058346401500007,4.718970813896896,80.0,12.460411090101683
RhoA perturbation; Rac1 response,EML_expr,((R+R)+R),0,5,0,22.33333,30.659511084875,4.591853455206336,80.0,12.460411090101683
RhoA perturbation; Rac1 response,EML_expr,((R+R)+R),0,5,0,22.66667,27.945735520249997,4.519291240834524,80.0,12.460411090101683
RhoA perturbation; Rac1 response,EML_expr,((R+R)+R),0,5,0,23.0,29.499232588624988,4.379393433310475,80.0,12.460411090101683
RhoA perturbation; Rac1 response,EML_expr,((R+R)+R),0,5,0,23.33333,26.421660202749997,4.194218334282237,80.0,12.460411090101683
RhoA perturbation; Rac1 response,EML_expr,((R+R)+R),0,5,0,23.66667,25.22736179324999,4.17689653001624,80.0,12.460411090101683
RhoA perturbation; Rac1 response,EML_expr,((R+R)+R),0,5,0,24.0,24.314893736374998,4.061461501574148,80.0,12.460411090101683
RhoA perturbation; Rac1 response,EML_expr,((R+R)+R),0,5,0,24.33333,22.240597807375,3.843944873018156,80.0,12.460411090101683
RhoA perturbation; Rac1 response,EML_expr,((R+R)+R),0,5,0,24.66667,21.553199025624988,3.6691485795747103,80.0,12.460411090101683
RhoA perturbation; Rac1 response,EML_expr,((R+R)+R),0,5,0,25.0,19.863821151125,3.6468348086246767,80.0,12.460411090101683
RhoA perturbation; Rac1 response,EML_expr,((R+R)+R),0,5,0,25.33333,16.932267740750003,3.4805307171673125,80.0,12.460411090101683
RhoA perturbation; Rac1 response,EML_expr,((R+R)+R),0,5,0,25.66667,18.068718093875006,3.528808249145459,80.0,12.460411090101683
RhoA perturbation; Rac1 response,EML_expr,((R+R)+R),0,5,0,26.0,16.248535159249997,3.4082234275501917,80.0,12.460411090101683
RhoA perturbation; Rac1 response,EML_expr,((R+R)+R),0,5,0,26.33333,17.563465463875,3.382511521953084,80.0,12.460411090101683
RhoA perturbation; Rac1 response,EML_expr,((R+R)+R),0,5,0,26.66667,15.361787431625,3.1845843076809692,80.0,12.460411090101683
RhoA perturbation; Rac1 response,EML_expr,((R+R)+R),0,5,0,27.0,14.854973019500008,3.097704325022788,80.0,12.460411090101683
RhoA perturbation; Rac1 response,EML_expr,((R+R)+R),0,5,0,27.33333,14.746504492124995,3.089208804848729,80.0,12.460411090101683
RhoA perturbation; Rac1 response,EML_expr,((R+R)+R),0,5,0,27.66667,13.389730869875,2.86435067269115,80.0,12.460411090101683
RhoA perturbation; Rac1 response,EML_expr,((R+R)+R),0,5,0,28.0,13.047866296875,2.7829199705590355,80.0,12.460411090101683
RhoA perturbation; Rac1 response,EML_expr,((R+R)+R),0,5,0,28.33333,12.79419637099999,2.741318158577171,80.0,12.460411090101683
RhoA perturbation; Rac1 response,EML_expr,((R+R)+R),0,5,0,28.66667,12.093769360875005,2.5876402780456833,80.0,12.460411090101683
RhoA perturbation; Rac1 response,EML_expr,((R+R)+R),0,5,0,29.0,13.066173804999995,2.5590064226511555,80.0,12.460411090101683
RhoA perturbation; Rac1 response,EML_expr,((R+R)+R),0,5,0,29.33333,11.962233619500001,2.2764795137535137,80.0,12.460411090101683
RhoA perturbation; Rac1 response,EML_expr,((R+R)+R),0,5,0,29.66667,11.778198033,2.3065581426143087,80.0,12.460411090101683
RhoA perturbation; Rac1 response,EML_expr,((R+R)+R),0,5,0,30.0,11.931489493625001,2.283206439036089,80.0,12.460411090101683
RhoA perturbation; Rac1 response,EML_expr,((R+R)+R),0,5,0,30.33333,11.864284518250006,2.227124211277553,80.0,12.460411090101683
RhoA perturbation; Rac1 response,EML_expr,((R+R)+R),0,5,0,30.66667,10.727707190500002,2.1617326843202975,80.0,12.460411090101683
RhoA perturbation; Rac1 response,EML_expr,((R+R)+R),0,5,0,31.0,11.321055857875002,2.1133653218609703,80.0,12.460411090101683
RhoA perturbation; Rac1 response,EML_expr,((R+R)+R),0,5,0,31.33333,9.681192162124999,2.075053951855054,80.0,12.460411090101683
RhoA perturbation; Rac1 response,EML_expr,((R+R)+R),0,5,0,31.66667,9.858793051125001,1.9731991137083271,80.0,12.460411090101683
RhoA perturbation; Rac1 response,EML_expr,((R+R)+R),0,5,0,32.0,9.751500392875,1.8185354370605673,80.0,12.460411090101683
RhoA perturbation; Rac1 response,EML_expr,((R+R)+R),0,5,0,32.33333,10.423419645,1.8611195091302073,80.0,12.460411090101683
RhoA perturbation; Rac1 response,EML_expr,((R+R)+R),0,5,0,32.66667,9.1168839295,1.8294995092749495,80.0,12.460411090101683
RhoA perturbation; Rac1 response,EML_expr,((R+R)+R),0,5,0,33.0,7.897097908499991,1.7983095647373577,80.0,12.460411090101683
RhoA perturbation; Rac1 response,EML_expr,((R+R)+R),0,5,0,33.33333,7.189429227124994,1.7042641393511773,80.0,12.460411090101683
RhoA perturbation; Rac1 response,EML_expr,((R+R)+R),0,5,0,33.66667,7.7557665621249985,1.7977748334996162,80.0,12.460411090101683
RhoA perturbation; Rac1 response,EML_expr,((R+R)+R),0,5,0,34.0,7.001074584124995,1.9620248084976701,80.0,12.460411090101683
RhoA perturbation; Rac1 response,EML_expr,((R+R)+R),0,5,0,34.33333,7.552257760375001,1.8208534926932152,80.0,12.460411090101683
RhoA perturbation; Rac1 response,EML_expr,((R+R)+R),0,5,0,34.66667,6.673025697000003,1.8516300730445912,80.0,12.460411090101683
RhoA perturbation; Rac1 response,EML_expr,((R+R)+R),0,5,0,35.0,7.022828758875003,1.8260248447738565,80.0,12.460411090101683
RhoA perturbation; Rac1 response,EML_expr,((R+R)+R),0,5,0,35.33333,5.354098614625,1.727030919005176,80.0,12.460411090101683
RhoA perturbation; Rac1 response,EML_expr,((R+R)+R),0,5,0,35.66667,6.334587531499996,1.7152440553908999,80.0,12.460411090101683
RhoA perturbation; Rac1 response,EML_expr,((R+R)+R),0,5,0,36.0,4.428455727374998,1.7127589728698311,80.0,12.460411090101683
RhoA perturbation; Rac1 response,EML_expr,((R+R)+R),0,5,0,36.33333,4.410370907000005,1.613681805084379,80.0,12.460411090101683
RhoA perturbation; Rac1 response,EML_expr,((R+R)+R),0,5,0,36.66667,4.115654407875,1.625652970086845,80.0,12.460411090101683
RhoA perturbation; Rac1 response,EML_expr,((R+R)+R),0,5,0,37.0,4.479636555875,1.7000713535578325,80.0,12.460411090101683
RhoA perturbation; Rac1 response,EML_expr,((R+R)+R),0,5,0,37.33333,2.868887833624999,1.662513012809657,80.0,12.460411090101683
RhoA perturbation; Rac1 response,EML_expr,((R+R)+R),0,5,0,37.66667,4.2424165142499985,1.7261812779100496,80.0,12.460411090101683
RhoA perturbation; Rac1 response,EML_expr,((R+R)+R),0,5,0,38.0,4.4917785188750035,1.6113699205025556,80.0,12.460411090101683
RhoA perturbation; Rac1 response,EML_expr,((R+R)+R),0,5,0,38.33333,3.819373902500002,1.7679290644372516,80.0,12.460411090101683
RhoA perturbation; Rac1 response,EML_expr,((R+R)+R),0,5,0,38.66667,3.0226327430000017,1.804166249213009,80.0,12.460411090101683
RhoA perturbation; Rac1 response,EML_expr,((R+R)+R),0,5,0,39.0,3.471399687500001,1.7428258510903027,80.0,12.460411090101683
RhoA perturbation; Rac1 response,EML_expr,((R+R)+R),0,5,0,39.33333,3.5710842597500005,1.6776002402277683,80.0,12.460411090101683
RhoA perturbation; Rac1 response,EML_expr,((R+R)+R),0,5,0,39.66667,3.4638432541250013,1.587218421349147,80.0,12.460411090101683
RhoA perturbation; Rac1 response,EML_expr,((R+R)+R),0,5,0,40.0,4.459667909874997,1.7199645389940506,80.0,12.460411090101683
RhoA perturbation; Rac1 response,EML_expr,G(R),1,2,1,0.0,-0.9931512857500001,0.2930358516672621,80.0,1.3727514784027717
RhoA perturbation; Rac1 response,EML_expr,G(R),1,2,1,0.3333333,14.05484543712499,2.7689854655564425,80.0,4.800135393633294
RhoA perturbation; Rac1 response,EML_expr,G(R),1,2,1,0.6666667,17.840202627750003,3.2205576531637807,80.0,7.939605796906819
RhoA perturbation; Rac1 response,EML_expr,G(R),1,2,1,1.0,19.956233638750003,3.442955807410961,80.0,10.81534681082568
RhoA perturbation; Rac1 response,EML_expr,G(R),1,2,1,1.333333,21.843358484374992,3.5875551291744125,80.0,13.4495114268613
RhoA perturbation; Rac1 response,EML_expr,G(R),1,2,1,1.666667,20.794324358125007,3.7574895152656023,80.0,15.862402445324033
RhoA perturbation; Rac1 response,EML_expr,G(R),1,2,1,2.0,22.349197607374983,3.906772941300473,80.0,18.072593895391943
RhoA perturbation; Rac1 response,EML_expr,G(R),1,2,1,2.333333,22.23171431124999,4.062614000548535,80.0,20.097120289565694
RhoA perturbation; Rac1 response,EML_expr,G(R),1,2,1,2.666667,24.265378724125007,4.179210356349098,80.0,21.9515835692731
RhoA perturbation; Rac1 response,EML_expr,G(R),1,2,1,3.0,25.918459290375004,4.414457016384039,80.0,23.65025908089464
RhoA perturbation; Rac1 response,EML_expr,G(R),1,2,1,3.333333,25.84004893499999,4.527815666649435,80.0,25.206238952370814
RhoA perturbation; Rac1 response,EML_expr,G(R),1,2,1,3.666667,25.84496122112501,4.766097323169697,80.0,26.631514287837128
RhoA perturbation; Rac1 response,EML_expr,G(R),1,2,1,4.0,25.811583304499987,4.749304233032243,80.0,27.937056617074727
RhoA perturbation; Rac1 response,EML_expr,G(R),1,2,1,4.333334,29.75857579150001,4.958198392281836,80.0,29.132931522258605
RhoA perturbation; Rac1 response,EML_expr,G(R),1,2,1,4.666667,27.878301637000003,5.050262659092711,80.0,30.228344647245965
RhoA perturbation; Rac1 response,EML_expr,G(R),1,2,1,5.0,30.594271491749986,5.113990815370671,80.0,31.23173862200462
RhoA perturbation; Rac1 response,EML_expr,G(R),1,2,1,5.333334,32.134596649375005,5.15048245258548,80.0,32.15084606689867
RhoA perturbation; Rac1 response,EML_expr,G(R),1,2,1,5.666667,31.656008856874998,5.1193289143828835,80.0,32.99274211643215
RhoA perturbation; Rac1 response,EML_expr,G(R),1,2,1,6.0,32.08497583187501,5.152554104036383,80.0,33.76391547943596
RhoA perturbation; Rac1 response,EML_expr,G(R),1,2,1,6.333334,32.85001744749998,5.187868992485546,80.0,34.4703091762999
RhoA perturbation; Rac1 response,EML_expr,G(R),1,2,1,6.666667,33.21562006187501,5.280109422853797,80.0,35.117360906877124
RhoA perturbation; Rac1 response,EML_expr,G(R),1,2,1,7.0,34.55065387687502,5.202673773628684,80.0,35.71005766484764
RhoA perturbation; Rac1 response,EML_expr,G(R),1,2,1,7.333334,34.70303551737499,5.243391533936802,80.0,36.2529670469239
RhoA perturbation; Rac1 response,EML_expr,G(R),1,2,1,7.666667,35.43317001200001,5.359945574131809,80.0,36.75026827820415
RhoA perturbation; Rac1 response,EML_expr,G(R),1,2,1,8.0,35.21082664687499,5.293810489019405,80.0,37.20579418685386
RhoA perturbation; Rac1 response,EML_expr,G(R),1,2,1,8.333333,34.38095184412499,5.239779563766989,80.0,37.62305406959522
RhoA perturbation; Rac1 response,EML_expr,G(R),1,2,1,8.666667,34.51231650587501,5.337311100437704,80.0,38.005263525034145
RhoA perturbation; Rac1 response,EML_expr,G(R),1,2,1,9.0,36.739394404125,5.316336836358264,80.0,38.35536473726561
RhoA perturbation; Rac1 response,EML_expr,G(R),1,2,1,9.333333,35.86836106362501,5.531727310296695,80.0,38.676056026146064
RhoA perturbation; Rac1 response,EML_expr,G(R),1,2,1,9.666667,36.407556719374995,5.428268466568994,80.0,38.96980878781038
RhoA perturbation; Rac1 response,EML_expr,G(R),1,2,1,10.0,35.335303085250004,5.434029141654743,80.0,39.23888428160447
RhoA perturbation; Rac1 response,EML_expr,G(R),1,2,1,10.33333,35.160878269624995,5.396729922961505,80.0,39.48535421902967
RhoA perturbation; Rac1 response,EML_expr,G(R),1,2,1,10.66667,36.24939250387503,5.538121957950258,80.0,39.71112633946727
RhoA perturbation; Rac1 response,EML_expr,G(R),1,2,1,11.0,37.37152335212499,5.528340849936087,80.0,39.9179263680143
RhoA perturbation; Rac1 response,EML_expr,G(R),1,2,1,11.33333,38.74832157974999,5.533748750438115,80.0,40.10735450273341
RhoA perturbation; Rac1 response,EML_expr,G(R),1,2,1,11.66667,38.07010675412502,5.543759331789647,80.0,40.28087501255186
RhoA perturbation; Rac1 response,EML_expr,G(R),1,2,1,12.0,39.63976049699998,5.670038938734038,80.0,40.43981417902333
RhoA perturbation; Rac1 response,EML_expr,G(R),1,2,1,12.33333,39.877722357875015,5.6815290829271685,80.0,40.58540160956813
RhoA perturbation; Rac1 response,EML_expr,G(R),1,2,1,12.66667,41.43385763199999,5.604815366791928,80.0,40.718761640806186
RhoA perturbation; Rac1 response,EML_expr,G(R),1,2,1,13.0,41.57483332500002,5.6808779593278755,80.0,40.840909790340454
RhoA perturbation; Rac1 response,EML_expr,G(R),1,2,1,13.33333,42.19735376224999,5.733610998560068,80.0,40.952778982609026
RhoA perturbation; Rac1 response,EML_expr,G(R),1,2,1,13.66667,40.362294325375004,5.723266613190431,80.0,41.05519946658162
RhoA perturbation; Rac1 response,EML_expr,G(R),1,2,1,14.0,39.47222318150003,5.696522983669431,80.0,41.14886740473825
RhoA perturbation; Rac1 response,EML_expr,G(R),1,2,1,14.33333,39.705036106124986,5.583156165948099,80.0,41.234311373067754
RhoA perturbation; Rac1 response,EML_expr,G(R),1,2,1,14.66667,40.851035414875,5.6522790317061204,80.0,41.31178865904617
RhoA perturbation; Rac1 response,EML_expr,G(R),1,2,1,15.0,40.54514006962498,5.6768523043026615,80.0,41.381133964574225
RhoA perturbation; Rac1 response,EML_expr,G(R),1,2,1,15.33333,41.32761998424999,5.630671607329237,80.0,41.441573831296346
RhoA perturbation; Rac1 response,EML_expr,G(R),1,2,1,15.66667,40.73784667475,5.69717178960748,80.0,41.49147736539374
RhoA perturbation; Rac1 response,EML_expr,G(R),1,2,1,16.0,42.584126971625,5.770515788632695,80.0,41.52810046225126
RhoA perturbation; Rac1 response,EML_expr,G(R),1,2,1,16.33333,41.846711594625,5.8275534461558385,80.0,41.54737630321119
RhoA perturbation; Rac1 response,EML_expr,G(R),1,2,1,16.66667,40.94162946050001,5.733888215518726,80.0,41.543776412254566
RhoA perturbation; Rac1 response,EML_expr,G(R),1,2,1,17.0,43.055054836375035,5.754478083690295,80.0,41.510315986986924
RhoA perturbation; Rac1 response,EML_expr,G(R),1,2,1,17.33333,42.855766021125014,5.6963691598033295,80.0,41.43872218360254
RhoA perturbation; Rac1 response,EML_expr,G(R),1,2,1,17.66667,44.7054921885,5.806444494935948,80.0,41.319769650657435
RhoA perturbation; Rac1 response,EML_expr,G(R),1,2,1,18.0,44.263716705749985,5.744471784096954,80.0,41.14378590844278
RhoA perturbation; Rac1 response,EML_expr,G(R),1,2,1,18.33333,42.8251505395,5.801277555080771,80.0,40.90122154916145
RhoA perturbation; Rac1 response,EML_expr,G(R),1,2,1,18.66667,43.388878527625,5.829161035786278,80.0,40.583281621398676
RhoA perturbation; Rac1 response,EML_expr,G(R),1,2,1,19.0,43.666588430625005,5.667702243793217,80.0,40.18256361405378
RhoA perturbation; Rac1 response,EML_expr,G(R),1,2,1,19.33333,45.334017831999994,5.812417520349717,80.0,39.69351069692394
RhoA perturbation; Rac1 response,EML_expr,G(R),1,2,1,19.66667,44.914543018875,5.79099819192254,80.0,39.11280244937864
RhoA perturbation; Rac1 response,EML_expr,G(R),1,2,1,20.0,44.572232559250004,5.817052810245743,80.0,38.43963055997417
RhoA perturbation; Rac1 response,EML_expr,G(R),1,2,1,20.33333,40.51139308287501,5.706678918618629,80.0,37.67563786335008
RhoA perturbation; Rac1 response,EML_expr,G(R),1,2,1,20.66667,37.803339820625,5.442297824147259,80.0,36.824846124652325
RhoA perturbation; Rac1 response,EML_expr,G(R),1,2,1,21.0,36.83530481274999,5.377426535933674,80.0,35.89350226197734
RhoA perturbation; Rac1 response,EML_expr,G(R),1,2,1,21.33333,34.902504401749994,5.086190084460841,80.0,34.88958581295098
RhoA perturbation; Rac1 response,EML_expr,G(R),1,2,1,21.66667,32.358773020124985,4.962234411776436,80.0,33.82247643667421
RhoA perturbation; Rac1 response,EML_expr,G(R),1,2,1,22.0,31.058346401500007,4.718970813896896,80.0,32.702635071102996
RhoA perturbation; Rac1 response,EML_expr,G(R),1,2,1,22.33333,30.659511084875,4.591853455206336,80.0,31.54099180683256
RhoA perturbation; Rac1 response,EML_expr,G(R),1,2,1,22.66667,27.945735520249997,4.519291240834524,80.0,30.348645733076378
RhoA perturbation; Rac1 response,EML_expr,G(R),1,2,1,23.0,29.499232588624988,4.379393433310475,80.0,29.13663339844397
RhoA perturbation; Rac1 response,EML_expr,G(R),1,2,1,23.33333,26.421660202749997,4.194218334282237,80.0,27.915425596823628
RhoA perturbation; Rac1 response,EML_expr,G(R),1,2,1,23.66667,25.22736179324999,4.17689653001624,80.0,26.694806080297287
RhoA perturbation; Rac1 response,EML_expr,G(R),1,2,1,24.0,24.314893736374998,4.061461501574148,80.0,25.483815771938033
RhoA perturbation; Rac1 response,EML_expr,G(R),1,2,1,24.33333,22.240597807375,3.843944873018156,80.0,24.29042228896969
RhoA perturbation; Rac1 response,EML_expr,G(R),1,2,1,24.66667,21.553199025624988,3.6691485795747103,80.0,23.121572083010943
RhoA perturbation; Rac1 response,EML_expr,G(R),1,2,1,25.0,19.863821151125,3.6468348086246767,80.0,21.983276034554713
RhoA perturbation; Rac1 response,EML_expr,G(R),1,2,1,25.33333,16.932267740750003,3.4805307171673125,80.0,20.88041631545141
RhoA perturbation; Rac1 response,EML_expr,G(R),1,2,1,25.66667,18.068718093875006,3.528808249145459,80.0,19.81690077285802
RhoA perturbation; Rac1 response,EML_expr,G(R),1,2,1,26.0,16.248535159249997,3.4082234275501917,80.0,18.795817980349216
RhoA perturbation; Rac1 response,EML_expr,G(R),1,2,1,26.33333,17.563465463875,3.382511521953084,80.0,17.81932295422507
RhoA perturbation; Rac1 response,EML_expr,G(R),1,2,1,26.66667,15.361787431625,3.1845843076809692,80.0,16.88882386616318
RhoA perturbation; Rac1 response,EML_expr,G(R),1,2,1,27.0,14.854973019500008,3.097704325022788,80.0,16.005148046780292
RhoA perturbation; Rac1 response,EML_expr,G(R),1,2,1,27.33333,14.746504492124995,3.089208804848729,80.0,15.168462433683782
RhoA perturbation; Rac1 response,EML_expr,G(R),1,2,1,27.66667,13.389730869875,2.86435067269115,80.0,14.378448674376983
RhoA perturbation; Rac1 response,EML_expr,G(R),1,2,1,28.0,13.047866296875,2.7829199705590355,80.0,13.634448100336975
RhoA perturbation; Rac1 response,EML_expr,G(R),1,2,1,28.33333,12.79419637099999,2.741318158577171,80.0,12.935393664542989
RhoA perturbation; Rac1 response,EML_expr,G(R),1,2,1,28.66667,12.093769360875005,2.5876402780456833,80.0,12.279954376907696
RhoA perturbation; Rac1 response,EML_expr,G(R),1,2,1,29.0,13.066173804999995,2.5590064226511555,80.0,11.66664835969243
RhoA perturbation; Rac1 response,EML_expr,G(R),1,2,1,29.33333,11.962233619500001,2.2764795137535137,80.0,11.09377790010901
RhoA perturbation; Rac1 response,EML_expr,G(R),1,2,1,29.66667,11.778198033,2.3065581426143087,80.0,10.559539913251843
RhoA perturbation; Rac1 response,EML_expr,G(R),1,2,1,30.0,11.931489493625001,2.283206439036089,80.0,10.062108026370304
RhoA perturbation; Rac1 response,EML_expr,G(R),1,2,1,30.33333,11.864284518250006,2.227124211277553,80.0,9.599569882704145
RhoA perturbation; Rac1 response,EML_expr,G(R),1,2,1,30.66667,10.727707190500002,2.1617326843202975,80.0,9.170007780378826
RhoA perturbation; Rac1 response,EML_expr,G(R),1,2,1,31.0,11.321055857875002,2.1133653218609703,80.0,8.771555503801828
RhoA perturbation; Rac1 response,EML_expr,G(R),1,2,1,31.33333,9.681192162124999,2.075053951855054,80.0,8.402339571024148
RhoA perturbation; Rac1 response,EML_expr,G(R),1,2,1,31.66667,9.858793051125001,1.9731991137083271,80.0,8.060536472322747
RhoA perturbation; Rac1 response,EML_expr,G(R),1,2,1,32.0,9.751500392875,1.8185354370605673,80.0,7.744410777038015
RhoA perturbation; Rac1 response,EML_expr,G(R),1,2,1,32.33333,10.423419645,1.8611195091302073,80.0,7.45226212407442
RhoA perturbation; Rac1 response,EML_expr,G(R),1,2,1,32.66667,9.1168839295,1.8294995092749495,80.0,7.182465233397852
RhoA perturbation; Rac1 response,EML_expr,G(R),1,2,1,33.0,7.897097908499991,1.7983095647373577,80.0,6.933494922815088
RhoA perturbation; Rac1 response,EML_expr,G(R),1,2,1,33.33333,7.189429227124994,1.7042641393511773,80.0,6.703879900802667
RhoA perturbation; Rac1 response,EML_expr,G(R),1,2,1,33.66667,7.7557665621249985,1.7977748334996162,80.0,6.492230564051097
RhoA perturbation; Rac1 response,EML_expr,G(R),1,2,1,34.0,7.001074584124995,1.9620248084976701,80.0,6.297255208271837
RhoA perturbation; Rac1 response,EML_expr,G(R),1,2,1,34.33333,7.552257760375001,1.8208534926932152,80.0,6.117720875469362
RhoA perturbation; Rac1 response,EML_expr,G(R),1,2,1,34.66667,6.673025697000003,1.8516300730445912,80.0,5.952472674603308
RhoA perturbation; Rac1 response,EML_expr,G(R),1,2,1,35.0,7.022828758875003,1.8260248447738565,80.0,5.800444216745207
RhoA perturbation; Rac1 response,EML_expr,G(R),1,2,1,35.33333,5.354098614625,1.727030919005176,80.0,5.660625174123287
RhoA perturbation; Rac1 response,EML_expr,G(R),1,2,1,35.66667,6.334587531499996,1.7152440553908999,80.0,5.532074777307418
RhoA perturbation; Rac1 response,EML_expr,G(R),1,2,1,36.0,4.428455727374998,1.7127589728698311,80.0,5.41392852317061
RhoA perturbation; Rac1 response,EML_expr,G(R),1,2,1,36.33333,4.410370907000005,1.613681805084379,80.0,5.305371758533886
RhoA perturbation; Rac1 response,EML_expr,G(R),1,2,1,36.66667,4.115654407875,1.625652970086845,80.0,5.205649185882789
RhoA perturbation; Rac1 response,EML_expr,G(R),1,2,1,37.0,4.479636555875,1.7000713535578325,80.0,5.1140691884271074
RhoA perturbation; Rac1 response,EML_expr,G(R),1,2,1,37.33333,2.868887833624999,1.662513012809657,80.0,5.029982606081232
RhoA perturbation; Rac1 response,EML_expr,G(R),1,2,1,37.66667,4.2424165142499985,1.7261812779100496,80.0,4.952789496063009
RhoA perturbation; Rac1 response,EML_expr,G(R),1,2,1,38.0,4.4917785188750035,1.6113699205025556,80.0,4.881941940421671
RhoA perturbation; Rac1 response,EML_expr,G(R),1,2,1,38.33333,3.819373902500002,1.7679290644372516,80.0,4.8169271686722706
RhoA perturbation; Rac1 response,EML_expr,G(R),1,2,1,38.66667,3.0226327430000017,1.804166249213009,80.0,4.757272416507862
RhoA perturbation; Rac1 response,EML_expr,G(R),1,2,1,39.0,3.471399687500001,1.7428258510903027,80.0,4.702546766304753
RhoA perturbation; Rac1 response,EML_expr,G(R),1,2,1,39.33333,3.5710842597500005,1.6776002402277683,80.0,4.65234783203243
RhoA perturbation; Rac1 response,EML_expr,G(R),1,2,1,39.66667,3.4638432541250013,1.587218421349147,80.0,4.606305287212017
RhoA perturbation; Rac1 response,EML_expr,G(R),1,2,1,40.0,4.459667909874997,1.7199645389940506,80.0,4.564082086444666
RhoA perturbation; Rac1 response,EML_expr,(G(R)+R),1,4,1,0.0,-0.9931512857500001,0.2930358516672621,80.0,1.3727504379839586
RhoA perturbation; Rac1 response,EML_expr,(G(R)+R),1,4,1,0.3333333,14.05484543712499,2.7689854655564425,80.0,4.800133359238127
RhoA perturbation; Rac1 response,EML_expr,(G(R)+R),1,4,1,0.6666667,17.840202627750003,3.2205576531637807,80.0,7.939603338471358
RhoA perturbation; Rac1 response,EML_expr,(G(R)+R),1,4,1,1.0,19.956233638750003,3.442955807410961,80.0,10.8153444095465
RhoA perturbation; Rac1 response,EML_expr,(G(R)+R),1,4,1,1.333333,21.843358484374992,3.5875551291744125,80.0,13.449509486081599
RhoA perturbation; Rac1 response,EML_expr,(G(R)+R),1,4,1,1.666667,20.794324358125007,3.7574895152656023,80.0,15.862401300221515
RhoA perturbation; Rac1 response,EML_expr,(G(R)+R),1,4,1,2.0,22.349197607374983,3.906772941300473,80.0,18.072593821577748
RhoA perturbation; Rac1 response,EML_expr,(G(R)+R),1,4,1,2.333333,22.23171431124999,4.062614000548535,80.0,20.09712151073287
RhoA perturbation; Rac1 response,EML_expr,(G(R)+R),1,4,1,2.666667,24.265378724125007,4.179210356349098,80.0,21.951586263977394
RhoA perturbation; Rac1 response,EML_expr,(G(R)+R),1,4,1,3.0,25.918459290375004,4.414457016384039,80.0,23.6502633885466
RhoA perturbation; Rac1 response,EML_expr,(G(R)+R),1,4,1,3.333333,25.84004893499999,4.527815666649435,80.0,25.20624497856414
RhoA perturbation; Rac1 response,EML_expr,(G(R)+R),1,4,1,3.666667,25.84496122112501,4.766097323169697,80.0,26.631522109048387
RhoA perturbation; Rac1 response,EML_expr,(G(R)+R),1,4,1,4.0,25.811583304499987,4.749304233032243,80.0,27.937066284794707
RhoA perturbation; Rac1 response,EML_expr,(G(R)+R),1,4,1,4.333334,29.75857579150001,4.958198392281836,80.0,29.13294306667049
RhoA perturbation; Rac1 response,EML_expr,(G(R)+R),1,4,1,4.666667,27.878301637000003,5.050262659092711,80.0,30.228358080421334
RhoA perturbation; Rac1 response,EML_expr,(G(R)+R),1,4,1,5.0,30.594271491749986,5.113990815370671,80.0,31.231753940748455
RhoA perturbation; Rac1 response,EML_expr,(G(R)+R),1,4,1,5.333334,32.134596649375005,5.15048245258548,80.0,32.150863255229936
RhoA perturbation; Rac1 response,EML_expr,(G(R)+R),1,4,1,5.666667,31.656008856874998,5.1193289143828835,80.0,32.992761147738605
RhoA perturbation; Rac1 response,EML_expr,(G(R)+R),1,4,1,6.0,32.08497583187501,5.152554104036383,80.0,33.76393631838811
RhoA perturbation; Rac1 response,EML_expr,(G(R)+R),1,4,1,6.333334,32.85001744749998,5.187868992485546,80.0,34.470331780503834
RhoA perturbation; Rac1 response,EML_expr,(G(R)+R),1,4,1,6.666667,33.21562006187501,5.280109422853797,80.0,35.117385228295774
RhoA perturbation; Rac1 response,EML_expr,(G(R)+R),1,4,1,7.0,34.55065387687502,5.202673773628684,80.0,35.710083651062234
RhoA perturbation; Rac1 response,EML_expr,(G(R)+R),1,4,1,7.333334,34.70303551737499,5.243391533936802,80.0,36.25299464220936
RhoA perturbation; Rac1 response,EML_expr,(G(R)+R),1,4,1,7.666667,35.43317001200001,5.359945574131809,80.0,36.7502974244409
RhoA perturbation; Rac1 response,EML_expr,(G(R)+R),1,4,1,8.0,35.21082664687499,5.293810489019405,80.0,37.20582482433628
RhoA perturbation; Rac1 response,EML_expr,(G(R)+R),1,4,1,8.333333,34.38095184412499,5.239779563766989,80.0,37.6230861377042
RhoA perturbation; Rac1 response,EML_expr,(G(R)+R),1,4,1,8.666667,34.51231650587501,5.337311100437704,80.0,38.005296962815834
RhoA perturbation; Rac1 response,EML_expr,(G(R)+R),1,4,1,9.0,36.739394404125,5.316336836358264,80.0,38.35539948390388
RhoA perturbation; Rac1 response,EML_expr,(G(R)+R),1,4,1,9.333333,35.86836106362501,5.531727310296695,80.0,38.67609202138059
RhoA perturbation; Rac1 response,EML_expr,(G(R)+R),1,4,1,9.666667,36.407556719374995,5.428268466568994,80.0,38.96984597227236
RhoA perturbation; Rac1 response,EML_expr,(G(R)+R),1,4,1,10.0,35.335303085250004,5.434029141654743,80.0,39.238922597082066
RhoA perturbation; Rac1 response,EML_expr,(G(R)+R),1,4,1,10.33333,35.160878269624995,5.396729922961505,80.0,39.485393608692746
RhoA perturbation; Rac1 response,EML_expr,(G(R)+R),1,4,1,10.66667,36.24939250387503,5.538121957950258,80.0,39.711166748090974
RhoA perturbation; Rac1 response,EML_expr,(G(R)+R),1,4,1,11.0,37.37152335212499,5.528340849936087,80.0,39.91796774201575
RhoA perturbation; Rac1 response,EML_expr,(G(R)+R),1,4,1,11.33333,38.74832157974999,5.533748750438115,80.0,40.10739679036765
RhoA perturbation; Rac1 response,EML_expr,(G(R)+R),1,4,1,11.66667,38.07010675412502,5.543759331789647,80.0,40.280918163978285
RhoA perturbation; Rac1 response,EML_expr,(G(R)+R),1,4,1,12.0,39.63976049699998,5.670038938734038,80.0,40.43985814626947
RhoA perturbation; Rac1 response,EML_expr,(G(R)+R),1,4,1,12.33333,39.877722357875015,5.6815290829271685,80.0,40.58544634660109
RhoA perturbation; Rac1 response,EML_expr,(G(R)+R),1,4,1,12.66667,41.43385763199999,5.604815366791928,80.0,40.71880710341618
RhoA perturbation; Rac1 response,EML_expr,(G(R)+R),1,4,1,13.0,41.57483332500002,5.6808779593278755,80.0,40.840955935712486
RhoA perturbation; Rac1 response,EML_expr,(G(R)+R),1,4,1,13.33333,42.19735376224999,5.733610998560068,80.0,40.95282576845057
RhoA perturbation; Rac1 response,EML_expr,(G(R)+R),1,4,1,13.66667,40.362294325375004,5.723266613190431,80.0,41.05524684902871
RhoA perturbation; Rac1 response,EML_expr,(G(R)+R),1,4,1,14.0,39.47222318150003,5.696522983669431,80.0,41.14891533421321
RhoA perturbation; Rac1 response,EML_expr,(G(R)+R),1,4,1,14.33333,39.705036106124986,5.583156165948099,80.0,41.2343597872532
RhoA perturbation; Rac1 response,EML_expr,(G(R)+R),1,4,1,14.66667,40.851035414875,5.6522790317061204,80.0,41.31183747201029
RhoA perturbation; Rac1 response,EML_expr,(G(R)+R),1,4,1,15.0,40.54514006962498,5.6768523043026615,80.0,41.38118305198234
RhoA perturbation; Rac1 response,EML_expr,(G(R)+R),1,4,1,15.33333,41.32761998424999,5.630671607329237,80.0,41.441623012886986
RhoA perturbation; Rac1 response,EML_expr,(G(R)+R),1,4,1,15.66667,40.73784667475,5.69717178960748,80.0,41.49152638706514
RhoA perturbation; Rac1 response,EML_expr,(G(R)+R),1,4,1,16.0,42.584126971625,5.770515788632695,80.0,41.52814898150629
RhoA perturbation; Rac1 response,EML_expr,(G(R)+R),1,4,1,16.33333,41.846711594625,5.8275534461558385,80.0,41.547423881991186
RhoA perturbation; Rac1 response,EML_expr,(G(R)+R),1,4,1,16.66667,40.94162946050001,5.733888215518726,80.0,41.543822520656505
RhoA perturbation; Rac1 response,EML_expr,(G(R)+R),1,4,1,17.0,43.055054836375035,5.754478083690295,80.0,41.510360020029296
RhoA perturbation; Rac1 response,EML_expr,(G(R)+R),1,4,1,17.33333,42.855766021125014,5.6963691598033295,80.0,41.43876349028211
RhoA perturbation; Rac1 response,EML_expr,(G(R)+R),1,4,1,17.66667,44.7054921885,5.806444494935948,80.0,41.31980757297931
RhoA perturbation; Rac1 response,EML_expr,(G(R)+R),1,4,1,18.0,44.263716705749985,5.744471784096954,80.0,41.143819826308174
RhoA perturbation; Rac1 response,EML_expr,(G(R)+R),1,4,1,18.33333,42.8251505395,5.801277555080771,80.0,40.901250924705394
RhoA perturbation; Rac1 response,EML_expr,(G(R)+R),1,4,1,18.66667,43.388878527625,5.829161035786278,80.0,40.5833060382971
RhoA perturbation; Rac1 response,EML_expr,(G(R)+R),1,4,1,19.0,43.666588430625005,5.667702243793217,80.0,40.1825828077456
RhoA perturbation; Rac1 response,EML_expr,(G(R)+R),1,4,1,19.33333,45.334017831999994,5.812417520349717,80.0,39.69352457157733
RhoA perturbation; Rac1 response,EML_expr,(G(R)+R),1,4,1,19.66667,44.914543018875,5.79099819192254,80.0,39.112811081983615
RhoA perturbation; Rac1 response,EML_expr,(G(R)+R),1,4,1,20.0,44.572232559250004,5.817052810245743,80.0,38.43963419234357
RhoA perturbation; Rac1 response,EML_expr,(G(R)+R),1,4,1,20.33333,40.51139308287501,5.706678918618629,80.0,37.67563688262824
RhoA perturbation; Rac1 response,EML_expr,(G(R)+R),1,4,1,20.66667,37.803339820625,5.442297824147259,80.0,36.82484103665474
RhoA perturbation; Rac1 response,EML_expr,(G(R)+R),1,4,1,21.0,36.83530481274999,5.377426535933674,80.0,35.89349366031232
RhoA perturbation; Rac1 response,EML_expr,(G(R)+R),1,4,1,21.33333,34.902504401749994,5.086190084460841,80.0,34.889574345895426
RhoA perturbation; Rac1 response,EML_expr,(G(R)+R),1,4,1,21.66667,32.358773020124985,4.962234411776436,80.0,33.822462775609225
RhoA perturbation; Rac1 response,EML_expr,(G(R)+R),1,4,1,22.0,31.058346401500007,4.718970813896896,80.0,32.702619882161876
RhoA perturbation; Rac1 response,EML_expr,(G(R)+R),1,4,1,22.33333,30.659511084875,4.591853455206336,80.0,31.54097572659097
RhoA perturbation; Rac1 response,EML_expr,(G(R)+R),1,4,1,22.66667,27.945735520249997,4.519291240834524,80.0,30.34862934966379
RhoA perturbation; Rac1 response,EML_expr,(G(R)+R),1,4,1,23.0,29.499232588624988,4.379393433310475,80.0,29.13661723789844
RhoA perturbation; Rac1 response,EML_expr,(G(R)+R),1,4,1,23.33333,26.421660202749997,4.194218334282237,80.0,27.915410114442054
RhoA perturbation; Rac1 response,EML_expr,(G(R)+R),1,4,1,23.66667,25.22736179324999,4.17689653001624,80.0,26.694791656583103
RhoA perturbation; Rac1 response,EML_expr,(G(R)+R),1,4,1,24.0,24.314893736374998,4.061461501574148,80.0,25.483802712184502
RhoA perturbation; Rac1 response,EML_expr,(G(R)+R),1,4,1,24.33333,22.240597807375,3.843944873018156,80.0,24.290410826053012
RhoA perturbation; Rac1 response,EML_expr,(G(R)+R),1,4,1,24.66667,21.553199025624988,3.6691485795747103,80.0,23.121562382356746
RhoA perturbation; Rac1 response,EML_expr,(G(R)+R),1,4,1,25.0,19.863821151125,3.6468348086246767,80.0,21.98326820044618
RhoA perturbation; Rac1 response,EML_expr,(G(R)+R),1,4,1,25.33333,16.932267740750003,3.4805307171673125,80.0,20.880410398551174
RhoA perturbation; Rac1 response,EML_expr,(G(R)+R),1,4,1,25.66667,18.068718093875006,3.528808249145459,80.0,19.81689677796687
RhoA perturbation; Rac1 response,EML_expr,(G(R)+R),1,4,1,26.0,16.248535159249997,3.4082234275501917,80.0,18.795815873965676
RhoA perturbation; Rac1 response,EML_expr,(G(R)+R),1,4,1,26.33333,17.563465463875,3.382511521953084,80.0,17.819322672114733
RhoA perturbation; Rac1 response,EML_expr,(G(R)+R),1,4,1,26.66667,15.361787431625,3.1845843076809692,80.0,16.88882532022745
RhoA perturbation; Rac1 response,EML_expr,(G(R)+R),1,4,1,27.0,14.854973019500008,3.097704325022788,80.0,16.005151131083455
RhoA perturbation; Rac1 response,EML_expr,(G(R)+R),1,4,1,27.33333,14.746504492124995,3.089208804848729,80.0,15.168467030072247
RhoA perturbation; Rac1 response,EML_expr,(G(R)+R),1,4,1,27.66667,13.389730869875,2.86435067269115,80.0,14.378454657154593
RhoA perturbation; Rac1 response,EML_expr,(G(R)+R),1,4,1,28.0,13.047866296875,2.7829199705590355,80.0,13.634455340091842
RhoA perturbation; Rac1 response,EML_expr,(G(R)+R),1,4,1,28.33333,12.79419637099999,2.741318158577171,80.0,12.935402031517524
RhoA perturbation; Rac1 response,EML_expr,(G(R)+R),1,4,1,28.66667,12.093769360875005,2.5876402780456833,80.0,12.279963743578392
RhoA perturbation; Rac1 response,EML_expr,(G(R)+R),1,4,1,29.0,13.066173804999995,2.5590064226511555,80.0,11.666658602714632
RhoA perturbation; Rac1 response,EML_expr,(G(R)+R),1,4,1,29.33333,11.962233619500001,2.2764795137535137,80.0,11.093788901928818
RhoA perturbation; Rac1 response,EML_expr,(G(R)+R),1,4,1,29.66667,11.778198033,2.3065581426143087,80.0,10.559551563156091
RhoA perturbation; Rac1 response,EML_expr,(G(R)+R),1,4,1,30.0,11.931489493625001,2.283206439036089,80.0,10.062120221177164
RhoA perturbation; Rac1 response,EML_expr,(G(R)+R),1,4,1,30.33333,11.864284518250006,2.227124211277553,80.0,9.599582527208105
RhoA perturbation; Rac1 response,EML_expr,(G(R)+R),1,4,1,30.66667,10.727707190500002,2.1617326843202975,80.0,9.17002078753133
RhoA perturbation; Rac1 response,EML_expr,(G(R)+R),1,4,1,31.0,11.321055857875002,2.1133653218609703,80.0,8.77156879464233
RhoA perturbation; Rac1 response,EML_expr,(G(R)+R),1,4,1,31.33333,9.681192162124999,2.075053951855054,80.0,8.402353074535158
RhoA perturbation; Rac1 response,EML_expr,(G(R)+R),1,4,1,31.66667,9.858793051125001,1.9731991137083271,80.0,8.060550125121297
RhoA perturbation; Rac1 response,EML_expr,(G(R)+R),1,4,1,32.0,9.751500392875,1.8185354370605673,80.0,7.74442452300172
RhoA perturbation; Rac1 response,EML_expr,(G(R)+R),1,4,1,32.33333,10.423419645,1.8611195091302073,80.0,7.452275913911393
RhoA perturbation; Rac1 response,EML_expr,(G(R)+R),1,4,1,32.66667,9.1168839295,1.8294995092749495,80.0,7.182479024177582
RhoA perturbation; Rac1 response,EML_expr,(G(R)+R),1,4,1,33.0,7.897097908499991,1.7983095647373577,80.0,6.9335086774900745
RhoA perturbation; Rac1 response,EML_expr,(G(R)+R),1,4,1,33.33333,7.189429227124994,1.7042641393511773,80.0,6.7038935877002945
RhoA perturbation; Rac1 response,EML_expr,(G(R)+R),1,4,1,33.66667,7.7557665621249985,1.7977748334996162,80.0,6.49224415641003
RhoA perturbation; Rac1 response,EML_expr,(G(R)+R),1,4,1,34.0,7.001074584124995,1.9620248084976701,80.0,6.297268683764568
RhoA perturbation; Rac1 response,EML_expr,(G(R)+R),1,4,1,34.33333,7.552257760375001,1.8208534926932152,80.0,6.117734215762296
RhoA perturbation; Rac1 response,EML_expr,(G(R)+R),1,4,1,34.66667,6.673025697000003,1.8516300730445912,80.0,5.952485864913264
RhoA perturbation; Rac1 response,EML_expr,(G(R)+R),1,4,1,35.0,7.022828758875003,1.8260248447738565,80.0,5.800457245468644
RhoA perturbation; Rac1 response,EML_expr,(G(R)+R),1,4,1,35.33333,5.354098614625,1.727030919005176,80.0,5.660638032442757
RhoA perturbation; Rac1 response,EML_expr,(G(R)+R),1,4,1,35.66667,6.334587531499996,1.7152440553908999,80.0,5.5320874588508895
RhoA perturbation; Rac1 response,EML_expr,(G(R)+R),1,4,1,36.0,4.428455727374998,1.7127589728698311,80.0,5.41394102373114
RhoA perturbation; Rac1 response,EML_expr,(G(R)+R),1,4,1,36.33333,4.410370907000005,1.613681805084379,80.0,5.305384075741222
RhoA perturbation; Rac1 response,EML_expr,(G(R)+R),1,4,1,36.66667,4.115654407875,1.625652970086845,80.0,5.205661318969964
RhoA perturbation; Rac1 response,EML_expr,(G(R)+R),1,4,1,37.0,4.479636555875,1.7000713535578325,80.0,5.114081137998679
RhoA perturbation; Rac1 response,EML_expr,(G(R)+R),1,4,1,37.33333,2.868887833624999,1.662513012809657,80.0,5.029994373892327
RhoA perturbation; Rac1 response,EML_expr,(G(R)+R),1,4,1,37.66667,4.2424165142499985,1.7261812779100496,80.0,4.952801084833176
RhoA perturbation; Rac1 response,EML_expr,(G(R)+R),1,4,1,38.0,4.4917785188750035,1.6113699205025556,80.0,4.881953353682065
RhoA perturbation; Rac1 response,EML_expr,(G(R)+R),1,4,1,38.33333,3.819373902500002,1.7679290644372516,80.0,4.8169384106068325
RhoA perturbation; Rac1 response,EML_expr,(G(R)+R),1,4,1,38.66667,3.0226327430000017,1.804166249213009,80.0,4.7572834918206635
RhoA perturbation; Rac1 response,EML_expr,(G(R)+R),1,4,1,39.0,3.471399687500001,1.7428258510903027,80.0,4.7025576801187485
RhoA perturbation; Rac1 response,EML_expr,(G(R)+R),1,4,1,39.33333,3.5710842597500005,1.6776002402277683,80.0,4.652358589779873
RhoA perturbation; Rac1 response,EML_expr,(G(R)+R),1,4,1,39.66667,3.4638432541250013,1.587218421349147,80.0,4.606315894552556
RhoA perturbation; Rac1 response,EML_expr,(G(R)+R),1,4,1,40.0,4.459667909874997,1.7199645389940506,80.0,4.564092549191469
RhoA perturbation; Rac1 response,EML_expr,G((R+R)),1,4,1,0.0,-0.9931512857500001,0.2930358516672621,80.0,2.6724289136708475
RhoA perturbation; Rac1 response,EML_expr,G((R+R)),1,4,1,0.3333333,14.05484543712499,2.7689854655564425,80.0,4.960205545286669
RhoA perturbation; Rac1 response,EML_expr,G((R+R)),1,4,1,0.6666667,17.840202627750003,3.2205576531637807,80.0,7.159861369944659
RhoA perturbation; Rac1 response,EML_expr,G((R+R)),1,4,1,1.0,19.956233638750003,3.442955807410961,80.0,9.274789350129627
RhoA perturbation; Rac1 response,EML_expr,G((R+R)),1,4,1,1.333333,21.843358484374992,3.5875551291744125,80.0,11.308251732815588
RhoA perturbation; Rac1 response,EML_expr,G((R+R)),1,4,1,1.666667,20.794324358125007,3.7574895152656023,80.0,13.263392891501963
RhoA perturbation; Rac1 response,EML_expr,G((R+R)),1,4,1,2.0,22.349197607374983,3.906772941300473,80.0,15.143213443870739
RhoA perturbation; Rac1 response,EML_expr,G((R+R)),1,4,1,2.333333,22.23171431124999,4.062614000548535,80.0,16.95060636987919
RhoA perturbation; Rac1 response,EML_expr,G((R+R)),1,4,1,2.666667,24.265378724125007,4.179210356349098,80.0,18.688332690654647
RhoA perturbation; Rac1 response,EML_expr,G((R+R)),1,4,1,3.0,25.918459290375004,4.414457016384039,80.0,20.35899541706455
RhoA perturbation; Rac1 response,EML_expr,G((R+R)),1,4,1,3.333333,25.84004893499999,4.527815666649435,80.0,21.965053711417482
RhoA perturbation; Rac1 response,EML_expr,G((R+R)),1,4,1,3.666667,25.84496122112501,4.766097323169697,80.0,23.508784409339718
RhoA perturbation; Rac1 response,EML_expr,G((R+R)),1,4,1,4.0,25.811583304499987,4.749304233032243,80.0,24.99224384939218
RhoA perturbation; Rac1 response,EML_expr,G((R+R)),1,4,1,4.333334,29.75857579150001,4.958198392281836,80.0,26.417273755161148
RhoA perturbation; Rac1 response,EML_expr,G((R+R)),1,4,1,4.666667,27.878301637000003,5.050262659092711,80.0,27.78544109267238
RhoA perturbation; Rac1 response,EML_expr,G((R+R)),1,4,1,5.0,30.594271491749986,5.113990815370671,80.0,29.098047944001785
RhoA perturbation; Rac1 response,EML_expr,G((R+R)),1,4,1,5.333334,32.134596649375005,5.15048245258548,80.0,30.356103585253095
RhoA perturbation; Rac1 response,EML_expr,G((R+R)),1,4,1,5.666667,31.656008856874998,5.1193289143828835,80.0,31.56030733292414
RhoA perturbation; Rac1 response,EML_expr,G((R+R)),1,4,1,6.0,32.08497583187501,5.152554104036383,80.0,32.711073364031385
RhoA perturbation; Rac1 response,EML_expr,G((R+R)),1,4,1,6.333334,32.85001744749998,5.187868992485546,80.0,33.80852996151037
RhoA perturbation; Rac1 response,EML_expr,G((R+R)),1,4,1,6.666667,33.21562006187501,5.280109422853797,80.0,34.85253050391587
RhoA perturbation; Rac1 response,EML_expr,G((R+R)),1,4,1,7.0,34.55065387687502,5.202673773628684,80.0,35.842701434694355
RhoA perturbation; Rac1 response,EML_expr,G((R+R)),1,4,1,7.333334,34.70303551737499,5.243391533936802,80.0,36.77846674566992
RhoA perturbation; Rac1 response,EML_expr,G((R+R)),1,4,1,7.666667,35.43317001200001,5.359945574131809,80.0,37.65908076000916
RhoA perturbation; Rac1 response,EML_expr,G((R+R)),1,4,1,8.0,35.21082664687499,5.293810489019405,80.0,38.483689199308856
RhoA perturbation; Rac1 response,EML_expr,G((R+R)),1,4,1,8.333333,34.38095184412499,5.239779563766989,80.0,39.25136405723162
RhoA perturbation; Rac1 response,EML_expr,G((R+R)),1,4,1,8.666667,34.51231650587501,5.337311100437704,80.0,39.961155203131014
RhoA perturbation; Rac1 response,EML_expr,G((R+R)),1,4,1,9.0,36.739394404125,5.316336836358264,80.0,40.61212759957548
RhoA perturbation; Rac1 response,EML_expr,G((R+R)),1,4,1,9.333333,35.86836106362501,5.531727310296695,80.0,41.203417203204594
RhoA perturbation; Rac1 response,EML_expr,G((R+R)),1,4,1,9.666667,36.407556719374995,5.428268466568994,80.0,41.734263342150946
RhoA perturbation; Rac1 response,EML_expr,G((R+R)),1,4,1,10.0,35.335303085250004,5.434029141654743,80.0,42.20403989702583
RhoA perturbation; Rac1 response,EML_expr,G((R+R)),1,4,1,10.33333,35.160878269624995,5.396729922961505,80.0,42.61229157353911
RhoA perturbation; Rac1 response,EML_expr,G((R+R)),1,4,1,10.66667,36.24939250387503,5.538121957950258,80.0,42.95877279639064
RhoA perturbation; Rac1 response,EML_expr,G((R+R)),1,4,1,11.0,37.37152335212499,5.528340849936087,80.0,43.24341632744032
RhoA perturbation; Rac1 response,EML_expr,G((R+R)),1,4,1,11.33333,38.74832157974999,5.533748750438115,80.0,43.46641361675236
RhoA perturbation; Rac1 response,EML_expr,G((R+R)),1,4,1,11.66667,38.07010675412502,5.543759331789647,80.0,43.628183373463045
RhoA perturbation; Rac1 response,EML_expr,G((R+R)),1,4,1,12.0,39.63976049699998,5.670038938734038,80.0,43.72936828445029
RhoA perturbation; Rac1 response,EML_expr,G((R+R)),1,4,1,12.33333,39.877722357875015,5.6815290829271685,80.0,43.770862375989026
RhoA perturbation; Rac1 response,EML_expr,G((R+R)),1,4,1,12.66667,41.43385763199999,5.604815366791928,80.0,43.753782472295896
RhoA perturbation; Rac1 response,EML_expr,G((R+R)),1,4,1,13.0,41.57483332500002,5.6808779593278755,80.0,43.679468176662105
RhoA perturbation; Rac1 response,EML_expr,G((R+R)),1,4,1,13.33333,42.19735376224999,5.733610998560068,80.0,43.54946601493009
RhoA perturbation; Rac1 response,EML_expr,G((R+R)),1,4,1,13.66667,40.362294325375004,5.723266613190431,80.0,43.36550818411927
RhoA perturbation; Rac1 response,EML_expr,G((R+R)),1,4,1,14.0,39.47222318150003,5.696522983669431,80.0,43.12951933450539
RhoA perturbation; Rac1 response,EML_expr,G((R+R)),1,4,1,14.33333,39.705036106124986,5.583156165948099,80.0,42.84356460423041
RhoA perturbation; Rac1 response,EML_expr,G((R+R)),1,4,1,14.66667,40.851035414875,5.6522790317061204,80.0,42.50983967175068
RhoA perturbation; Rac1 response,EML_expr,G((R+R)),1,4,1,15.0,40.54514006962498,5.6768523043026615,80.0,42.130687218651545
RhoA perturbation; Rac1 response,EML_expr,G((R+R)),1,4,1,15.33333,41.32761998424999,5.630671607329237,80.0,41.70851629395116
RhoA perturbation; Rac1 response,EML_expr,G((R+R)),1,4,1,15.66667,40.73784667475,5.69717178960748,80.0,41.24580628136092
RhoA perturbation; Rac1 response,EML_expr,G((R+R)),1,4,1,16.0,42.584126971625,5.770515788632695,80.0,40.74513458412197
RhoA perturbation; Rac1 response,EML_expr,G((R+R)),1,4,1,16.33333,41.846711594625,5.8275534461558385,80.0,40.20907421211718
RhoA perturbation; Rac1 response,EML_expr,G((R+R)),1,4,1,16.66667,40.94162946050001,5.733888215518726,80.0,39.64021259020401
RhoA perturbation; Rac1 response,EML_expr,G((R+R)),1,4,1,17.0,43.055054836375035,5.754478083690295,80.0,39.04119058807984
RhoA perturbation; Rac1 response,EML_expr,G((R+R)),1,4,1,17.33333,42.855766021125014,5.6963691598033295,80.0,38.41458430033138
RhoA perturbation; Rac1 response,EML_expr,G((R+R)),1,4,1,17.66667,44.7054921885,5.806444494935948,80.0,37.76293812399183
RhoA perturbation; Rac1 response,EML_expr,G((R+R)),1,4,1,18.0,44.263716705749985,5.744471784096954,80.0,37.08881410219568
RhoA perturbation; Rac1 response,EML_expr,G((R+R)),1,4,1,18.33333,42.8251505395,5.801277555080771,80.0,36.39466287522183
RhoA perturbation; Rac1 response,EML_expr,G((R+R)),1,4,1,18.66667,43.388878527625,5.829161035786278,80.0,35.68286936269578
RhoA perturbation; Rac1 response,EML_expr,G((R+R)),1,4,1,19.0,43.666588430625005,5.667702243793217,80.0,34.95581062977856
RhoA perturbation; Rac1 response,EML_expr,G((R+R)),1,4,1,19.33333,45.334017831999994,5.812417520349717,80.0,34.21572007915395
RhoA perturbation; Rac1 response,EML_expr,G((R+R)),1,4,1,19.66667,44.914543018875,5.79099819192254,80.0,33.46474342772929
RhoA perturbation; Rac1 response,EML_expr,G((R+R)),1,4,1,20.0,44.572232559250004,5.817052810245743,80.0,32.705002930962074
RhoA perturbation; Rac1 response,EML_expr,G((R+R)),1,4,1,20.33333,40.51139308287501,5.706678918618629,80.0,31.93845811392209
RhoA perturbation; Rac1 response,EML_expr,G((R+R)),1,4,1,20.66667,37.803339820625,5.442297824147259,80.0,31.166969476155053
RhoA perturbation; Rac1 response,EML_expr,G((R+R)),1,4,1,21.0,36.83530481274999,5.377426535933674,80.0,30.392366847576376
RhoA perturbation; Rac1 response,EML_expr,G((R+R)),1,4,1,21.33333,34.902504401749994,5.086190084460841,80.0,29.61630932033846
RhoA perturbation; Rac1 response,EML_expr,G((R+R)),1,4,1,21.66667,32.358773020124985,4.962234411776436,80.0,28.840354150556266
RhoA perturbation; Rac1 response,EML_expr,G((R+R)),1,4,1,22.0,31.058346401500007,4.718970813896896,80.0,28.06602717164784
RhoA perturbation; Rac1 response,EML_expr,G((R+R)),1,4,1,22.33333,30.659511084875,4.591853455206336,80.0,27.29468406573892
RhoA perturbation; Rac1 response,EML_expr,G((R+R)),1,4,1,22.66667,27.945735520249997,4.519291240834524,80.0,26.527582155605813
RhoA perturbation; Rac1 response,EML_expr,G((R+R)),1,4,1,23.0,29.499232588624988,4.379393433310475,80.0,25.76595107898798
RhoA perturbation; Rac1 response,EML_expr,G((R+R)),1,4,1,23.33333,26.421660202749997,4.194218334282237,80.0,25.010857103247695
RhoA perturbation; Rac1 response,EML_expr,G((R+R)),1,4,1,23.66667,25.22736179324999,4.17689653001624,80.0,24.263275828751354
RhoA perturbation; Rac1 response,EML_expr,G((R+R)),1,4,1,24.0,24.314893736374998,4.061461501574148,80.0,23.52416165993761
RhoA perturbation; Rac1 response,EML_expr,G((R+R)),1,4,1,24.33333,22.240597807375,3.843944873018156,80.0,22.79431649883255
RhoA perturbation; Rac1 response,EML_expr,G((R+R)),1,4,1,24.66667,21.553199025624988,3.6691485795747103,80.0,22.074461747371856
RhoA perturbation; Rac1 response,EML_expr,G((R+R)),1,4,1,25.0,19.863821151125,3.6468348086246767,80.0,21.36530544855067
RhoA perturbation; Rac1 response,EML_expr,G((R+R)),1,4,1,25.33333,16.932267740750003,3.4805307171673125,80.0,20.667416378366497
RhoA perturbation; Rac1 response,EML_expr,G((R+R)),1,4,1,25.66667,18.068718093875006,3.528808249145459,80.0,19.981294095626176
RhoA perturbation; Rac1 response,EML_expr,G((R+R)),1,4,1,26.0,16.248535159249997,3.4082234275501917,80.0,19.307432938818174
RhoA perturbation; Rac1 response,EML_expr,G((R+R)),1,4,1,26.33333,17.563465463875,3.382511521953084,80.0,18.646202262785813
RhoA perturbation; Rac1 response,EML_expr,G((R+R)),1,4,1,26.66667,15.361787431625,3.1845843076809692,80.0,17.997913614247462
RhoA perturbation; Rac1 response,EML_expr,G((R+R)),1,4,1,27.0,14.854973019500008,3.097704325022788,80.0,17.362881041144867
RhoA perturbation; Rac1 response,EML_expr,G((R+R)),1,4,1,27.33333,14.746504492124995,3.089208804848729,80.0,16.74130798432069
RhoA perturbation; Rac1 response,EML_expr,G((R+R)),1,4,1,27.66667,13.389730869875,2.86435067269115,80.0,16.133350942248256
RhoA perturbation; Rac1 response,EML_expr,G((R+R)),1,4,1,28.0,13.047866296875,2.7829199705590355,80.0,15.539175773708926
RhoA perturbation; Rac1 response,EML_expr,G((R+R)),1,4,1,28.33333,12.79419637099999,2.741318158577171,80.0,14.958851552631447
RhoA perturbation; Rac1 response,EML_expr,G((R+R)),1,4,1,28.66667,12.093769360875005,2.5876402780456833,80.0,14.392410322231136
RhoA perturbation; Rac1 response,EML_expr,G((R+R)),1,4,1,29.0,13.066173804999995,2.5590064226511555,80.0,13.839899249581997
RhoA perturbation; Rac1 response,EML_expr,G((R+R)),1,4,1,29.33333,11.962233619500001,2.2764795137535137,80.0,13.301281581220435
RhoA perturbation; Rac1 response,EML_expr,G((R+R)),1,4,1,29.66667,11.778198033,2.3065581426143087,80.0,12.776492276442477
RhoA perturbation; Rac1 response,EML_expr,G((R+R)),1,4,1,30.0,11.931489493625001,2.283206439036089,80.0,12.265486007910368
RhoA perturbation; Rac1 response,EML_expr,G((R+R)),1,4,1,30.33333,11.864284518250006,2.227124211277553,80.0,11.768145214519276
RhoA perturbation; Rac1 response,EML_expr,G((R+R)),1,4,1,30.66667,10.727707190500002,2.1617326843202975,80.0,11.284331550473494
RhoA perturbation; Rac1 response,EML_expr,G((R+R)),1,4,1,31.0,11.321055857875002,2.1133653218609703,80.0,10.813929825435723
RhoA perturbation; Rac1 response,EML_expr,G((R+R)),1,4,1,31.33333,9.681192162124999,2.075053951855054,80.0,10.356763037236
RhoA perturbation; Rac1 response,EML_expr,G((R+R)),1,4,1,31.66667,9.858793051125001,1.9731991137083271,80.0,9.91263968342598
RhoA perturbation; Rac1 response,EML_expr,G((R+R)),1,4,1,32.0,9.751500392875,1.8185354370605673,80.0,9.48139380398246
RhoA perturbation; Rac1 response,EML_expr,G((R+R)),1,4,1,32.33333,10.423419645,1.8611195091302073,80.0,9.062806787194035
RhoA perturbation; Rac1 response,EML_expr,G((R+R)),1,4,1,32.66667,9.1168839295,1.8294995092749495,80.0,8.65665066986073
RhoA perturbation; Rac1 response,EML_expr,G((R+R)),1,4,1,33.0,7.897097908499991,1.7983095647373577,80.0,8.262724491239373
RhoA perturbation; Rac1 response,EML_expr,G((R+R)),1,4,1,33.33333,7.189429227124994,1.7042641393511773,80.0,7.880782598146021
RhoA perturbation; Rac1 response,EML_expr,G((R+R)),1,4,1,33.66667,7.7557665621249985,1.7977748334996162,80.0,7.5105741146916145
RhoA perturbation; Rac1 response,EML_expr,G((R+R)),1,4,1,34.0,7.001074584124995,1.9620248084976701,80.0,7.151875843373401
RhoA perturbation; Rac1 response,EML_expr,G((R+R)),1,4,1,34.33333,7.552257760375001,1.8208534926932152,80.0,6.804426747219581
RhoA perturbation; Rac1 response,EML_expr,G((R+R)),1,4,1,34.66667,6.673025697000003,1.8516300730445912,80.0,6.467963805179354
RhoA perturbation; Rac1 response,EML_expr,G((R+R)),1,4,1,35.0,7.022828758875003,1.8260248447738565,80.0,6.142251709547452
RhoA perturbation; Rac1 response,EML_expr,G((R+R)),1,4,1,35.33333,5.354098614625,1.727030919005176,80.0,5.827023171019835
RhoA perturbation; Rac1 response,EML_expr,G((R+R)),1,4,1,35.66667,6.334587531499996,1.7152440553908999,80.0,5.52201139605403
RhoA perturbation; Rac1 response,EML_expr,G((R+R)),1,4,1,36.0,4.428455727374998,1.7127589728698311,80.0,5.2269768328853585
RhoA perturbation; Rac1 response,EML_expr,G((R+R)),1,4,1,36.33333,4.410370907000005,1.613681805084379,80.0,4.941652926920878
RhoA perturbation; Rac1 response,EML_expr,G((R+R)),1,4,1,36.66667,4.115654407875,1.625652970086845,80.0,4.665775465273081
RhoA perturbation; Rac1 response,EML_expr,G((R+R)),1,4,1,37.0,4.479636555875,1.7000713535578325,80.0,4.399106619432837
RhoA perturbation; Rac1 response,EML_expr,G((R+R)),1,4,1,37.33333,2.868887833624999,1.662513012809657,80.0,4.1413857709789355
RhoA perturbation; Rac1 response,EML_expr,G((R+R)),1,4,1,37.66667,4.2424165142499985,1.7261812779100496,80.0,3.8923559690610054
RhoA perturbation; Rac1 response,EML_expr,G((R+R)),1,4,1,38.0,4.4917785188750035,1.6113699205025556,80.0,3.651785508640692
RhoA perturbation; Rac1 response,EML_expr,G((R+R)),1,4,1,38.33333,3.819373902500002,1.7679290644372516,80.0,3.4194234477492227
RhoA perturbation; Rac1 response,EML_expr,G((R+R)),1,4,1,38.66667,3.0226327430000017,1.804166249213009,80.0,3.195023418342822
RhoA perturbation; Rac1 response,EML_expr,G((R+R)),1,4,1,39.0,3.471399687500001,1.7428258510903027,80.0,2.978362966654435
RhoA perturbation; Rac1 response,EML_expr,G((R+R)),1,4,1,39.33333,3.5710842597500005,1.6776002402277683,80.0,2.76920339119881
RhoA perturbation; Rac1 response,EML_expr,G((R+R)),1,4,1,39.66667,3.4638432541250013,1.587218421349147,80.0,2.5673111379923896
RhoA perturbation; Rac1 response,EML_expr,G((R+R)),1,4,1,40.0,4.459667909874997,1.7199645389940506,80.0,2.372475115292121
RhoA perturbation; Rac1 response,EML_expr,(G(R)+G(R)),1,5,2,0.0,-0.9931512857500001,0.2930358516672621,80.0,0.33117392449257155
RhoA perturbation; Rac1 response,EML_expr,(G(R)+G(R)),1,5,2,0.3333333,14.05484543712499,2.7689854655564425,80.0,5.411683791467853
RhoA perturbation; Rac1 response,EML_expr,(G(R)+G(R)),1,5,2,0.6666667,17.840202627750003,3.2205576531637807,80.0,9.52165397836452
RhoA perturbation; Rac1 response,EML_expr,(G(R)+G(R)),1,5,2,1.0,19.956233638750003,3.442955807410961,80.0,13.000829320670654
RhoA perturbation; Rac1 response,EML_expr,(G(R)+G(R)),1,5,2,1.333333,21.843358484374992,3.5875551291744125,80.0,15.994840785781442
RhoA perturbation; Rac1 response,EML_expr,(G(R)+G(R)),1,5,2,1.666667,20.794324358125007,3.7574895152656023,80.0,18.597101960086757
RhoA perturbation; Rac1 response,EML_expr,(G(R)+G(R)),1,5,2,2.0,22.349197607374983,3.906772941300473,80.0,20.87489310161952
RhoA perturbation; Rac1 response,EML_expr,(G(R)+G(R)),1,5,2,2.333333,22.23171431124999,4.062614000548535,80.0,22.87961616703406
RhoA perturbation; Rac1 response,EML_expr,(G(R)+G(R)),1,5,2,2.666667,24.265378724125007,4.179210356349098,80.0,24.651916972503148
RhoA perturbation; Rac1 response,EML_expr,(G(R)+G(R)),1,5,2,3.0,25.918459290375004,4.414457016384039,80.0,26.224675355704523
RhoA perturbation; Rac1 response,EML_expr,(G(R)+G(R)),1,5,2,3.333333,25.84004893499999,4.527815666649435,80.0,27.624958721320358
RhoA perturbation; Rac1 response,EML_expr,(G(R)+G(R)),1,5,2,3.666667,25.84496122112501,4.766097323169697,80.0,28.875315907504998
RhoA perturbation; Rac1 response,EML_expr,(G(R)+G(R)),1,5,2,4.0,25.811583304499987,4.749304233032243,80.0,29.994707052276656
RhoA perturbation; Rac1 response,EML_expr,(G(R)+G(R)),1,5,2,4.333334,29.75857579150001,4.958198392281836,80.0,30.999224394747557
RhoA perturbation; Rac1 response,EML_expr,(G(R)+G(R)),1,5,2,4.666667,27.878301637000003,5.050262659092711,80.0,31.90259450848408
RhoA perturbation; Rac1 response,EML_expr,(G(R)+G(R)),1,5,2,5.0,30.594271491749986,5.113990815370671,80.0,32.71661170037308
RhoA perturbation; Rac1 response,EML_expr,(G(R)+G(R)),1,5,2,5.333334,32.134596649375005,5.15048245258548,80.0,33.45145296743302
RhoA perturbation; Rac1 response,EML_expr,(G(R)+G(R)),1,5,2,5.666667,31.656008856874998,5.1193289143828835,80.0,34.115933220153906
RhoA perturbation; Rac1 response,EML_expr,(G(R)+G(R)),1,5,2,6.0,32.08497583187501,5.152554104036383,80.0,34.71772972491941
RhoA perturbation; Rac1 response,EML_expr,(G(R)+G(R)),1,5,2,6.333334,32.85001744749998,5.187868992485546,80.0,35.263547523676415
RhoA perturbation; Rac1 response,EML_expr,(G(R)+G(R)),1,5,2,6.666667,33.21562006187501,5.280109422853797,80.0,35.75925800967092
RhoA perturbation; Rac1 response,EML_expr,(G(R)+G(R)),1,5,2,7.0,34.55065387687502,5.202673773628684,80.0,36.210027241020335
RhoA perturbation; Rac1 response,EML_expr,(G(R)+G(R)),1,5,2,7.333334,34.70303551737499,5.243391533936802,80.0,36.62040949973053
RhoA perturbation; Rac1 response,EML_expr,(G(R)+G(R)),1,5,2,7.666667,35.43317001200001,5.359945574131809,80.0,36.99442749198458
RhoA perturbation; Rac1 response,EML_expr,(G(R)+G(R)),1,5,2,8.0,35.21082664687499,5.293810489019405,80.0,37.335650066132665
RhoA perturbation; Rac1 response,EML_expr,(G(R)+G(R)),1,5,2,8.333333,34.38095184412499,5.239779563766989,80.0,37.64724686750709
RhoA perturbation; Rac1 response,EML_expr,(G(R)+G(R)),1,5,2,8.666667,34.51231650587501,5.337311100437704,80.0,37.93204128749092
RhoA perturbation; Rac1 response,EML_expr,(G(R)+G(R)),1,5,2,9.0,36.739394404125,5.316336836358264,80.0,38.1925505983833
RhoA perturbation; Rac1 response,EML_expr,(G(R)+G(R)),1,5,2,9.333333,35.86836106362501,5.531727310296695,80.0,38.43102836565982
RhoA perturbation; Rac1 response,EML_expr,(G(R)+G(R)),1,5,2,9.666667,36.407556719374995,5.428268466568994,80.0,38.64949369044829
RhoA perturbation; Rac1 response,EML_expr,(G(R)+G(R)),1,5,2,10.0,35.335303085250004,5.434029141654743,80.0,38.849757259560654
RhoA perturbation; Rac1 response,EML_expr,(G(R)+G(R)),1,5,2,10.33333,35.160878269624995,5.396729922961505,80.0,39.03344768551929
RhoA perturbation; Rac1 response,EML_expr,(G(R)+G(R)),1,5,2,10.66667,36.24939250387503,5.538121957950258,80.0,39.202039514455564
RhoA perturbation; Rac1 response,EML_expr,(G(R)+G(R)),1,5,2,11.0,37.37152335212499,5.528340849936087,80.0,39.356846929991626
RhoA perturbation; Rac1 response,EML_expr,(G(R)+G(R)),1,5,2,11.33333,38.74832157974999,5.533748750438115,80.0,39.49907157891079
RhoA perturbation; Rac1 response,EML_expr,(G(R)+G(R)),1,5,2,11.66667,38.07010675412502,5.543759331789647,80.0,39.629798977176385
RhoA perturbation; Rac1 response,EML_expr,(G(R)+G(R)),1,5,2,12.0,39.63976049699998,5.670038938734038,80.0,39.74999897762045
RhoA perturbation; Rac1 response,EML_expr,(G(R)+G(R)),1,5,2,12.33333,39.877722357875015,5.6815290829271685,80.0,39.86055588197008
RhoA perturbation; Rac1 response,EML_expr,(G(R)+G(R)),1,5,2,12.66667,41.43385763199999,5.604815366791928,80.0,39.962255734592674
RhoA perturbation; Rac1 response,EML_expr,(G(R)+G(R)),1,5,2,13.0,41.57483332500002,5.6808779593278755,80.0,40.05576866791886
RhoA perturbation; Rac1 response,EML_expr,(G(R)+G(R)),1,5,2,13.33333,42.19735376224999,5.733610998560068,80.0,40.14164176665478
RhoA perturbation; Rac1 response,EML_expr,(G(R)+G(R)),1,5,2,13.66667,40.362294325375004,5.723266613190431,80.0,40.22024165033799
RhoA perturbation; Rac1 response,EML_expr,(G(R)+G(R)),1,5,2,14.0,39.47222318150003,5.696522983669431,80.0,40.291674038120824
RhoA perturbation; Rac1 response,EML_expr,(G(R)+G(R)),1,5,2,14.33333,39.705036106124986,5.583156165948099,80.0,40.35569415433288
RhoA perturbation; Rac1 response,EML_expr,(G(R)+G(R)),1,5,2,14.66667,40.851035414875,5.6522790317061204,80.0,40.411569021744846
RhoA perturbation; Rac1 response,EML_expr,(G(R)+G(R)),1,5,2,15.0,40.54514006962498,5.6768523043026615,80.0,40.457928718660575
RhoA perturbation; Rac1 response,EML_expr,(G(R)+G(R)),1,5,2,15.33333,41.32761998424999,5.630671607329237,80.0,40.49263473183765
RhoA perturbation; Rac1 response,EML_expr,(G(R)+G(R)),1,5,2,15.66667,40.73784667475,5.69717178960748,80.0,40.512657929466215
RhoA perturbation; Rac1 response,EML_expr,(G(R)+G(R)),1,5,2,16.0,42.584126971625,5.770515788632695,80.0,40.514014283433504
RhoA perturbation; Rac1 response,EML_expr,(G(R)+G(R)),1,5,2,16.33333,41.846711594625,5.8275534461558385,80.0,40.491777558211474
RhoA perturbation; Rac1 response,EML_expr,(G(R)+G(R)),1,5,2,16.66667,40.94162946050001,5.733888215518726,80.0,40.44017006120896
RhoA perturbation; Rac1 response,EML_expr,(G(R)+G(R)),1,5,2,17.0,43.055054836375035,5.754478083690295,80.0,40.352756025509976
RhoA perturbation; Rac1 response,EML_expr,(G(R)+G(R)),1,5,2,17.33333,42.855766021125014,5.6963691598033295,80.0,40.222698703782434
RhoA perturbation; Rac1 response,EML_expr,(G(R)+G(R)),1,5,2,17.66667,44.7054921885,5.806444494935948,80.0,40.043085890653
RhoA perturbation; Rac1 response,EML_expr,(G(R)+G(R)),1,5,2,18.0,44.263716705749985,5.744471784096954,80.0,39.807311193639514
RhoA perturbation; Rac1 response,EML_expr,(G(R)+G(R)),1,5,2,18.33333,42.8251505395,5.801277555080771,80.0,39.50940260771344
RhoA perturbation; Rac1 response,EML_expr,(G(R)+G(R)),1,5,2,18.66667,43.388878527625,5.829161035786278,80.0,39.14436153487663
RhoA perturbation; Rac1 response,EML_expr,(G(R)+G(R)),1,5,2,19.0,43.666588430625005,5.667702243793217,80.0,38.708479661229816
RhoA perturbation; Rac1 response,EML_expr,(G(R)+G(R)),1,5,2,19.33333,45.334017831999994,5.812417520349717,80.0,38.19947462653064
RhoA perturbation; Rac1 response,EML_expr,(G(R)+G(R)),1,5,2,19.66667,44.914543018875,5.79099819192254,80.0,37.616629379179535
RhoA perturbation; Rac1 response,EML_expr,(G(R)+G(R)),1,5,2,20.0,44.572232559250004,5.817052810245743,80.0,36.96088390927022
RhoA perturbation; Rac1 response,EML_expr,(G(R)+G(R)),1,5,2,20.33333,40.51139308287501,5.706678918618629,80.0,36.234678405686566
RhoA perturbation; Rac1 response,EML_expr,(G(R)+G(R)),1,5,2,20.66667,37.803339820625,5.442297824147259,80.0,35.441874221418
RhoA perturbation; Rac1 response,EML_expr,(G(R)+G(R)),1,5,2,21.0,36.83530481274999,5.377426535933674,80.0,34.58765745317427
RhoA perturbation; Rac1 response,EML_expr,(G(R)+G(R)),1,5,2,21.33333,34.902504401749994,5.086190084460841,80.0,33.67818025234308
RhoA perturbation; Rac1 response,EML_expr,(G(R)+G(R)),1,5,2,21.66667,32.358773020124985,4.962234411776436,80.0,32.72038711839259
RhoA perturbation; Rac1 response,EML_expr,(G(R)+G(R)),1,5,2,22.0,31.058346401500007,4.718970813896896,80.0,31.721864347704066
RhoA perturbation; Rac1 response,EML_expr,(G(R)+G(R)),1,5,2,22.33333,30.659511084875,4.591853455206336,80.0,30.69042961754511
RhoA perturbation; Rac1 response,EML_expr,(G(R)+G(R)),1,5,2,22.66667,27.945735520249997,4.519291240834524,80.0,29.63399285963373
RhoA perturbation; Rac1 response,EML_expr,(G(R)+G(R)),1,5,2,23.0,29.499232588624988,4.379393433310475,80.0,28.56045909222804
RhoA perturbation; Rac1 response,EML_expr,(G(R)+G(R)),1,5,2,23.33333,26.421660202749997,4.194218334282237,80.0,27.477370077292573
RhoA perturbation; Rac1 response,EML_expr,(G(R)+G(R)),1,5,2,23.66667,25.22736179324999,4.17689653001624,80.0,26.39186130036773
RhoA perturbation; Rac1 response,EML_expr,(G(R)+G(R)),1,5,2,24.0,24.314893736374998,4.061461501574148,80.0,25.310655399157767
RhoA perturbation; Rac1 response,EML_expr,(G(R)+G(R)),1,5,2,24.33333,22.240597807375,3.843944873018156,80.0,24.23979073924746
RhoA perturbation; Rac1 response,EML_expr,(G(R)+G(R)),1,5,2,24.66667,21.553199025624988,3.6691485795747103,80.0,23.184672065791617
RhoA perturbation; Rac1 response,EML_expr,(G(R)+G(R)),1,5,2,25.0,19.863821151125,3.6468348086246767,80.0,22.15013978004164
RhoA perturbation; Rac1 response,EML_expr,(G(R)+G(R)),1,5,2,25.33333,16.932267740750003,3.4805307171673125,80.0,21.140276013399177
RhoA perturbation; Rac1 response,EML_expr,(G(R)+G(R)),1,5,2,25.66667,18.068718093875006,3.528808249145459,80.0,20.158515933804132
RhoA perturbation; Rac1 response,EML_expr,(G(R)+G(R)),1,5,2,26.0,16.248535159249997,3.4082234275501917,80.0,19.207759105383964
RhoA perturbation; Rac1 response,EML_expr,(G(R)+G(R)),1,5,2,26.33333,17.563465463875,3.382511521953084,80.0,18.290228912599442
RhoA perturbation; Rac1 response,EML_expr,(G(R)+G(R)),1,5,2,26.66667,15.361787431625,3.1845843076809692,80.0,17.407608643577515
RhoA perturbation; Rac1 response,EML_expr,(G(R)+G(R)),1,5,2,27.0,14.854973019500008,3.097704325022788,80.0,16.561164150064965
RhoA perturbation; Rac1 response,EML_expr,(G(R)+G(R)),1,5,2,27.33333,14.746504492124995,3.089208804848729,80.0,15.751634887560192
RhoA perturbation; Rac1 response,EML_expr,(G(R)+G(R)),1,5,2,27.66667,13.389730869875,2.86435067269115,80.0,14.97936879829936
RhoA perturbation; Rac1 response,EML_expr,(G(R)+G(R)),1,5,2,28.0,13.047866296875,2.7829199705590355,80.0,14.24443645466474
RhoA perturbation; Rac1 response,EML_expr,(G(R)+G(R)),1,5,2,28.33333,12.79419637099999,2.741318158577171,80.0,13.546539739265022
RhoA perturbation; Rac1 response,EML_expr,(G(R)+G(R)),1,5,2,28.66667,12.093769360875005,2.5876402780456833,80.0,12.88513134215431
RhoA perturbation; Rac1 response,EML_expr,(G(R)+G(R)),1,5,2,29.0,13.066173804999995,2.5590064226511555,80.0,12.259511104058074
RhoA perturbation; Rac1 response,EML_expr,(G(R)+G(R)),1,5,2,29.33333,11.962233619500001,2.2764795137535137,80.0,11.668745301030995
RhoA perturbation; Rac1 response,EML_expr,(G(R)+G(R)),1,5,2,29.66667,11.778198033,2.3065581426143087,80.0,11.11176552532627
RhoA perturbation; Rac1 response,EML_expr,(G(R)+G(R)),1,5,2,30.0,11.931489493625001,2.283206439036089,80.0,10.58744510509234
RhoA perturbation; Rac1 response,EML_expr,(G(R)+G(R)),1,5,2,30.33333,11.864284518250006,2.227124211277553,80.0,10.094526316144828
RhoA perturbation; Rac1 response,EML_expr,(G(R)+G(R)),1,5,2,30.66667,10.727707190500002,2.1617326843202975,80.0,9.631698738295919
RhoA perturbation; Rac1 response,EML_expr,(G(R)+G(R)),1,5,2,31.0,11.321055857875002,2.1133653218609703,80.0,9.197657446584252
RhoA perturbation; Rac1 response,EML_expr,(G(R)+G(R)),1,5,2,31.33333,9.681192162124999,2.075053951855054,80.0,8.791037557879704
RhoA perturbation; Rac1 response,EML_expr,(G(R)+G(R)),1,5,2,31.66667,9.858793051125001,1.9731991137083271,80.0,8.410474654196822
RhoA perturbation; Rac1 response,EML_expr,(G(R)+G(R)),1,5,2,32.0,9.751500392875,1.8185354370605673,80.0,8.054647932109706
RhoA perturbation; Rac1 response,EML_expr,(G(R)+G(R)),1,5,2,32.33333,10.423419645,1.8611195091302073,80.0,7.7222221552926165
RhoA perturbation; Rac1 response,EML_expr,(G(R)+G(R)),1,5,2,32.66667,9.1168839295,1.8294995092749495,80.0,7.411893496893283
RhoA perturbation; Rac1 response,EML_expr,(G(R)+G(R)),1,5,2,33.0,7.897097908499991,1.7983095647373577,80.0,7.122421016323601
RhoA perturbation; Rac1 response,EML_expr,(G(R)+G(R)),1,5,2,33.33333,7.189429227124994,1.7042641393511773,80.0,6.85257606199917
RhoA perturbation; Rac1 response,EML_expr,(G(R)+G(R)),1,5,2,33.66667,7.7557665621249985,1.7977748334996162,80.0,6.601176755124596
RhoA perturbation; Rac1 response,EML_expr,(G(R)+G(R)),1,5,2,34.0,7.001074584124995,1.9620248084976701,80.0,6.367110751101175
RhoA perturbation; Rac1 response,EML_expr,(G(R)+G(R)),1,5,2,34.33333,7.552257760375001,1.8208534926932152,80.0,6.149291877415648
RhoA perturbation; Rac1 response,EML_expr,(G(R)+G(R)),1,5,2,34.66667,6.673025697000003,1.8516300730445912,80.0,5.946685992488555
RhoA perturbation; Rac1 response,EML_expr,(G(R)+G(R)),1,5,2,35.0,7.022828758875003,1.8260248447738565,80.0,5.758327394909948
RhoA perturbation; Rac1 response,EML_expr,(G(R)+G(R)),1,5,2,35.33333,5.354098614625,1.727030919005176,80.0,5.583282218210304
RhoA perturbation; Rac1 response,EML_expr,(G(R)+G(R)),1,5,2,35.66667,6.334587531499996,1.7152440553908999,80.0,5.420667833950289
RhoA perturbation; Rac1 response,EML_expr,(G(R)+G(R)),1,5,2,36.0,4.428455727374998,1.7127589728698311,80.0,5.269664696388636
RhoA perturbation; Rac1 response,EML_expr,(G(R)+G(R)),1,5,2,36.33333,4.410370907000005,1.613681805084379,80.0,5.129485834181997
RhoA perturbation; Rac1 response,EML_expr,(G(R)+G(R)),1,5,2,36.66667,4.115654407875,1.625652970086845,80.0,4.999391453760472
RhoA perturbation; Rac1 response,EML_expr,(G(R)+G(R)),1,5,2,37.0,4.479636555875,1.7000713535578325,80.0,4.878697526653132
RhoA perturbation; Rac1 response,EML_expr,(G(R)+G(R)),1,5,2,37.33333,2.868887833624999,1.662513012809657,80.0,4.766750630127391
RhoA perturbation; Rac1 response,EML_expr,(G(R)+G(R)),1,5,2,37.66667,4.2424165142499985,1.7261812779100496,80.0,4.662938987328282
RhoA perturbation; Rac1 response,EML_expr,(G(R)+G(R)),1,5,2,38.0,4.4917785188750035,1.6113699205025556,80.0,4.5666987336826805
RhoA perturbation; Rac1 response,EML_expr,(G(R)+G(R)),1,5,2,38.33333,3.819373902500002,1.7679290644372516,80.0,4.477493346475127
RhoA perturbation; Rac1 response,EML_expr,(G(R)+G(R)),1,5,2,38.66667,3.0226327430000017,1.804166249213009,80.0,4.3948220342227495
RhoA perturbation; Rac1 response,EML_expr,(G(R)+G(R)),1,5,2,39.0,3.471399687500001,1.7428258510903027,80.0,4.318224345203627
RhoA perturbation; Rac1 response,EML_expr,(G(R)+G(R)),1,5,2,39.33333,3.5710842597500005,1.6776002402277683,80.0,4.247263465262125
RhoA perturbation; Rac1 response,EML_expr,(G(R)+G(R)),1,5,2,39.66667,3.4638432541250013,1.587218421349147,80.0,4.181532626701195
RhoA perturbation; Rac1 response,EML_expr,(G(R)+G(R)),1,5,2,40.0,4.459667909874997,1.7199645389940506,80.0,4.120658526063033
RhoA perturbation; Rac1 response,EML_expr,G(G(R)),2,3,2,0.0,-0.9931512857500001,0.2930358516672621,80.0,-0.744292337958348
RhoA perturbation; Rac1 response,EML_expr,G(G(R)),2,3,2,0.3333333,14.05484543712499,2.7689854655564425,80.0,8.871159281445632
RhoA perturbation; Rac1 response,EML_expr,G(G(R)),2,3,2,0.6666667,17.840202627750003,3.2205576531637807,80.0,13.209574576588293
RhoA perturbation; Rac1 response,EML_expr,G(G(R)),2,3,2,1.0,19.956233638750003,3.442955807410961,80.0,16.426214772530518
RhoA perturbation; Rac1 response,EML_expr,G(G(R)),2,3,2,1.333333,21.843358484374992,3.5875551291744125,80.0,19.01800464851584
RhoA perturbation; Rac1 response,EML_expr,G(G(R)),2,3,2,1.666667,20.794324358125007,3.7574895152656023,80.0,21.190561299872073
RhoA perturbation; Rac1 response,EML_expr,G(G(R)),2,3,2,2.0,22.349197607374983,3.906772941300473,80.0,23.05486838823158
RhoA perturbation; Rac1 response,EML_expr,G(G(R)),2,3,2,2.333333,22.23171431124999,4.062614000548535,80.0,24.67979507513659
RhoA perturbation; Rac1 response,EML_expr,G(G(R)),2,3,2,2.666667,24.265378724125007,4.179210356349098,80.0,26.11194674466213
RhoA perturbation; Rac1 response,EML_expr,G(G(R)),2,3,2,3.0,25.918459290375004,4.414457016384039,80.0,27.384789708064314
RhoA perturbation; Rac1 response,EML_expr,G(G(R)),2,3,2,3.333333,25.84004893499999,4.527815666649435,80.0,28.523441552801994
RhoA perturbation; Rac1 response,EML_expr,G(G(R)),2,3,2,3.666667,25.84496122112501,4.766097323169697,80.0,29.54737657267949
RhoA perturbation; Rac1 response,EML_expr,G(G(R)),2,3,2,4.0,25.811583304499987,4.749304233032243,80.0,30.47208052127118
RhoA perturbation; Rac1 response,EML_expr,G(G(R)),2,3,2,4.333334,29.75857579150001,4.958198392281836,80.0,31.310142495103968
RhoA perturbation; Rac1 response,EML_expr,G(G(R)),2,3,2,4.666667,27.878301637000003,5.050262659092711,80.0,32.07195304155581
RhoA perturbation; Rac1 response,EML_expr,G(G(R)),2,3,2,5.0,30.594271491749986,5.113990815370671,80.0,32.76622444111077
RhoA perturbation; Rac1 response,EML_expr,G(G(R)),2,3,2,5.333334,32.134596649375005,5.15048245258548,80.0,33.40034252581825
RhoA perturbation; Rac1 response,EML_expr,G(G(R)),2,3,2,5.666667,31.656008856874998,5.1193289143828835,80.0,33.98062702797793
RhoA perturbation; Rac1 response,EML_expr,G(G(R)),2,3,2,6.0,32.08497583187501,5.152554104036383,80.0,34.512542353840544
RhoA perturbation; Rac1 response,EML_expr,G(G(R)),2,3,2,6.333334,32.85001744749998,5.187868992485546,80.0,35.00084400999117
RhoA perturbation; Rac1 response,EML_expr,G(G(R)),2,3,2,6.666667,33.21562006187501,5.280109422853797,80.0,35.44969389227997
RhoA perturbation; Rac1 response,EML_expr,G(G(R)),2,3,2,7.0,34.55065387687502,5.202673773628684,80.0,35.86276314577374
RhoA perturbation; Rac1 response,EML_expr,G(G(R)),2,3,2,7.333334,34.70303551737499,5.243391533936802,80.0,36.2433026336725
RhoA perturbation; Rac1 response,EML_expr,G(G(R)),2,3,2,7.666667,35.43317001200001,5.359945574131809,80.0,36.59420104301795
RhoA perturbation; Rac1 response,EML_expr,G(G(R)),2,3,2,8.0,35.21082664687499,5.293810489019405,80.0,36.91804170050339
RhoA perturbation; Rac1 response,EML_expr,G(G(R)),2,3,2,8.333333,34.38095184412499,5.239779563766989,80.0,37.21713922739793
RhoA perturbation; Rac1 response,EML_expr,G(G(R)),2,3,2,8.666667,34.51231650587501,5.337311100437704,80.0,37.493575962465904
RhoA perturbation; Rac1 response,EML_expr,G(G(R)),2,3,2,9.0,36.739394404125,5.316336836358264,80.0,37.74922764720441
RhoA perturbation; Rac1 response,EML_expr,G(G(R)),2,3,2,9.333333,35.86836106362501,5.531727310296695,80.0,37.9857928750595
RhoA perturbation; Rac1 response,EML_expr,G(G(R)),2,3,2,9.666667,36.407556719374995,5.428268466568994,80.0,38.20481118208163
RhoA perturbation; Rac1 response,EML_expr,G(G(R)),2,3,2,10.0,35.335303085250004,5.434029141654743,80.0,38.407679128256746
RhoA perturbation; Rac1 response,EML_expr,G(G(R)),2,3,2,10.33333,35.160878269624995,5.396729922961505,80.0,38.595667751418205
RhoA perturbation; Rac1 response,EML_expr,G(G(R)),2,3,2,10.66667,36.24939250387503,5.538121957950258,80.0,38.769942675819486
RhoA perturbation; Rac1 response,EML_expr,G(G(R)),2,3,2,11.0,37.37152335212499,5.528340849936087,80.0,38.93154876298462
RhoA perturbation; Rac1 response,EML_expr,G(G(R)),2,3,2,11.33333,38.74832157974999,5.533748750438115,80.0,39.08144958493781
RhoA perturbation; Rac1 response,EML_expr,G(G(R)),2,3,2,11.66667,38.07010675412502,5.543759331789647,80.0,39.220511246954196
RhoA perturbation; Rac1 response,EML_expr,G(G(R)),2,3,2,12.0,39.63976049699998,5.670038938734038,80.0,39.34948498744409
RhoA perturbation; Rac1 response,EML_expr,G(G(R)),2,3,2,12.33333,39.877722357875015,5.6815290829271685,80.0,39.469015070620166
RhoA perturbation; Rac1 response,EML_expr,G(G(R)),2,3,2,12.66667,41.43385763199999,5.604815366791928,80.0,39.5795939851699
RhoA perturbation; Rac1 response,EML_expr,G(G(R)),2,3,2,13.0,41.57483332500002,5.6808779593278755,80.0,39.68150626582844
RhoA perturbation; Rac1 response,EML_expr,G(G(R)),2,3,2,13.33333,42.19735376224999,5.733610998560068,80.0,39.77478354208191
RhoA perturbation; Rac1 response,EML_expr,G(G(R)),2,3,2,13.66667,40.362294325375004,5.723266613190431,80.0,39.859113237903486
RhoA perturbation; Rac1 response,EML_expr,G(G(R)),2,3,2,14.0,39.47222318150003,5.696522983669431,80.0,39.93374223268504
RhoA perturbation; Rac1 response,EML_expr,G(G(R)),2,3,2,14.33333,39.705036106124986,5.583156165948099,80.0,39.99740155406781
RhoA perturbation; Rac1 response,EML_expr,G(G(R)),2,3,2,14.66667,40.851035414875,5.6522790317061204,80.0,40.048218137446874
RhoA perturbation; Rac1 response,EML_expr,G(G(R)),2,3,2,15.0,40.54514006962498,5.6768523043026615,80.0,40.08365719282696
RhoA perturbation; Rac1 response,EML_expr,G(G(R)),2,3,2,15.33333,41.32761998424999,5.630671607329237,80.0,40.100513893308566
RhoA perturbation; Rac1 response,EML_expr,G(G(R)),2,3,2,15.66667,40.73784667475,5.69717178960748,80.0,40.09493518474871
RhoA perturbation; Rac1 response,EML_expr,G(G(R)),2,3,2,16.0,42.584126971625,5.770515788632695,80.0,40.06250309429593
RhoA perturbation; Rac1 response,EML_expr,G(G(R)),2,3,2,16.33333,41.846711594625,5.8275534461558385,80.0,39.99836480705452
RhoA perturbation; Rac1 response,EML_expr,G(G(R)),2,3,2,16.66667,40.94162946050001,5.733888215518726,80.0,39.89740392954189
RhoA perturbation; Rac1 response,EML_expr,G(G(R)),2,3,2,17.0,43.055054836375035,5.754478083690295,80.0,39.75446173538138
RhoA perturbation; Rac1 response,EML_expr,G(G(R)),2,3,2,17.33333,42.855766021125014,5.6963691598033295,80.0,39.5645451236171
RhoA perturbation; Rac1 response,EML_expr,G(G(R)),2,3,2,17.66667,44.7054921885,5.806444494935948,80.0,39.323056942897686
RhoA perturbation; Rac1 response,EML_expr,G(G(R)),2,3,2,18.0,44.263716705749985,5.744471784096954,80.0,39.02603721037441
RhoA perturbation; Rac1 response,EML_expr,G(G(R)),2,3,2,18.33333,42.8251505395,5.801277555080771,80.0,38.67030447126829
RhoA perturbation; Rac1 response,EML_expr,G(G(R)),2,3,2,18.66667,43.388878527625,5.829161035786278,80.0,38.253614876478835
RhoA perturbation; Rac1 response,EML_expr,G(G(R)),2,3,2,19.0,43.666588430625005,5.667702243793217,80.0,37.77480637608859
RhoA perturbation; Rac1 response,EML_expr,G(G(R)),2,3,2,19.33333,45.334017831999994,5.812417520349717,80.0,37.233773185507125
RhoA perturbation; Rac1 response,EML_expr,G(G(R)),2,3,2,19.66667,44.914543018875,5.79099819192254,80.0,36.63149579880842
RhoA perturbation; Rac1 response,EML_expr,G(G(R)),2,3,2,20.0,44.572232559250004,5.817052810245743,80.0,35.97005990385384
RhoA perturbation; Rac1 response,EML_expr,G(G(R)),2,3,2,20.33333,40.51139308287501,5.706678918618629,80.0,35.252466125750644
RhoA perturbation; Rac1 response,EML_expr,G(G(R)),2,3,2,20.66667,37.803339820625,5.442297824147259,80.0,34.48256473842263
RhoA perturbation; Rac1 response,EML_expr,G(G(R)),2,3,2,21.0,36.83530481274999,5.377426535933674,80.0,33.664998984424926
RhoA perturbation; Rac1 response,EML_expr,G(G(R)),2,3,2,21.33333,34.902504401749994,5.086190084460841,80.0,32.804919765545456
RhoA perturbation; Rac1 response,EML_expr,G(G(R)),2,3,2,21.66667,32.358773020124985,4.962234411776436,80.0,31.90789763726857
RhoA perturbation; Rac1 response,EML_expr,G(G(R)),2,3,2,22.0,31.058346401500007,4.718970813896896,80.0,30.97985959763159
RhoA perturbation; Rac1 response,EML_expr,G(G(R)),2,3,2,22.33333,30.659511084875,4.591853455206336,80.0,30.02678531277652
RhoA perturbation; Rac1 response,EML_expr,G(G(R)),2,3,2,22.66667,27.945735520249997,4.519291240834524,80.0,29.05465439160306
RhoA perturbation; Rac1 response,EML_expr,G(G(R)),2,3,2,23.0,29.499232588624988,4.379393433310475,80.0,28.069422197243526
RhoA perturbation; Rac1 response,EML_expr,G(G(R)),2,3,2,23.33333,26.421660202749997,4.194218334282237,80.0,27.07674638366127
RhoA perturbation; Rac1 response,EML_expr,G(G(R)),2,3,2,23.66667,25.22736179324999,4.17689653001624,80.0,26.081992746141218
RhoA perturbation; Rac1 response,EML_expr,G(G(R)),2,3,2,24.0,24.314893736374998,4.061461501574148,80.0,25.090262616508973
RhoA perturbation; Rac1 response,EML_expr,G(G(R)),2,3,2,24.33333,22.240597807375,3.843944873018156,80.0,24.106167113084144
RhoA perturbation; Rac1 response,EML_expr,G(G(R)),2,3,2,24.66667,21.553199025624988,3.6691485795747103,80.0,23.133886584343223
RhoA perturbation; Rac1 response,EML_expr,G(G(R)),2,3,2,25.0,19.863821151125,3.6468348086246767,80.0,22.177239748967185
RhoA perturbation; Rac1 response,EML_expr,G(G(R)),2,3,2,25.33333,16.932267740750003,3.4805307171673125,80.0,21.239503108647394
RhoA perturbation; Rac1 response,EML_expr,G(G(R)),2,3,2,25.66667,18.068718093875006,3.528808249145459,80.0,20.323505640601585
RhoA perturbation; Rac1 response,EML_expr,G(G(R)),2,3,2,26.0,16.248535159249997,3.4082234275501917,80.0,19.43172157179482
RhoA perturbation; Rac1 response,EML_expr,G(G(R)),2,3,2,26.33333,17.563465463875,3.382511521953084,80.0,18.566124737208856
RhoA perturbation; Rac1 response,EML_expr,G(G(R)),2,3,2,26.66667,15.361787431625,3.1845843076809692,80.0,17.728298750369394
RhoA perturbation; Rac1 response,EML_expr,G(G(R)),2,3,2,27.0,14.854973019500008,3.097704325022788,80.0,16.919536534267085
RhoA perturbation; Rac1 response,EML_expr,G(G(R)),2,3,2,27.33333,14.746504492124995,3.089208804848729,80.0,16.140719299577466
RhoA perturbation; Rac1 response,EML_expr,G(G(R)),2,3,2,27.66667,13.389730869875,2.86435067269115,80.0,15.392426954089052
RhoA perturbation; Rac1 response,EML_expr,G(G(R)),2,3,2,28.0,13.047866296875,2.7829199705590355,80.0,14.675032652171893
RhoA perturbation; Rac1 response,EML_expr,G(G(R)),2,3,2,28.33333,12.79419637099999,2.741318158577171,80.0,13.988598880992681
RhoA perturbation; Rac1 response,EML_expr,G(G(R)),2,3,2,28.66667,12.093769360875005,2.5876402780456833,80.0,13.332978774555206
RhoA perturbation; Rac1 response,EML_expr,G(G(R)),2,3,2,29.0,13.066173804999995,2.5590064226511555,80.0,12.707899336391373
RhoA perturbation; Rac1 response,EML_expr,G(G(R)),2,3,2,29.33333,11.962233619500001,2.2764795137535137,80.0,12.112870131324627
RhoA perturbation; Rac1 response,EML_expr,G(G(R)),2,3,2,29.66667,11.778198033,2.3065581426143087,80.0,11.54727113279159
RhoA perturbation; Rac1 response,EML_expr,G(G(R)),2,3,2,30.0,11.931489493625001,2.283206439036089,80.0,11.010422357082858
RhoA perturbation; Rac1 response,EML_expr,G(G(R)),2,3,2,30.33333,11.864284518250006,2.227124211277553,80.0,10.501502821532254
RhoA perturbation; Rac1 response,EML_expr,G(G(R)),2,3,2,30.66667,10.727707190500002,2.1617326843202975,80.0,10.019623907075216
RhoA perturbation; Rac1 response,EML_expr,G(G(R)),2,3,2,31.0,11.321055857875002,2.1133653218609703,80.0,9.563885661824342
RhoA perturbation; Rac1 response,EML_expr,G(G(R)),2,3,2,31.33333,9.681192162124999,2.075053951855054,80.0,9.133304903260031
RhoA perturbation; Rac1 response,EML_expr,G(G(R)),2,3,2,31.66667,9.858793051125001,1.9731991137083271,80.0,8.72687497754261
RhoA perturbation; Rac1 response,EML_expr,G(G(R)),2,3,2,32.0,9.751500392875,1.8185354370605673,80.0,8.343610255442291
RhoA perturbation; Rac1 response,EML_expr,G(G(R)),2,3,2,32.33333,10.423419645,1.8611195091302073,80.0,7.982482780039999
RhoA perturbation; Rac1 response,EML_expr,G(G(R)),2,3,2,32.66667,9.1168839295,1.8294995092749495,80.0,7.642470167978471
RhoA perturbation; Rac1 response,EML_expr,G(G(R)),2,3,2,33.0,7.897097908499991,1.7983095647373577,80.0,7.322590263162431
RhoA perturbation; Rac1 response,EML_expr,G(G(R)),2,3,2,33.33333,7.189429227124994,1.7042641393511773,80.0,7.02184585798857
RhoA perturbation; Rac1 response,EML_expr,G(G(R)),2,3,2,33.66667,7.7557665621249985,1.7977748334996162,80.0,6.739262713707417
RhoA perturbation; Rac1 response,EML_expr,G(G(R)),2,3,2,34.0,7.001074584124995,1.9620248084976701,80.0,6.473916319076526
RhoA perturbation; Rac1 response,EML_expr,G(G(R)),2,3,2,34.33333,7.552257760375001,1.8208534926932152,80.0,6.224884163607299
RhoA perturbation; Rac1 response,EML_expr,G(G(R)),2,3,2,34.66667,6.673025697000003,1.8516300730445912,80.0,5.991275753178583
RhoA perturbation; Rac1 response,EML_expr,G(G(R)),2,3,2,35.0,7.022828758875003,1.8260248447738565,80.0,5.7722531887972774
RhoA perturbation; Rac1 response,EML_expr,G(G(R)),2,3,2,35.33333,5.354098614625,1.727030919005176,80.0,5.566990376647071
RhoA perturbation; Rac1 response,EML_expr,G(G(R)),2,3,2,35.66667,6.334587531499996,1.7152440553908999,80.0,5.374696670545402
RhoA perturbation; Rac1 response,EML_expr,G(G(R)),2,3,2,36.0,4.428455727374998,1.7127589728698311,80.0,5.194632685929078
RhoA perturbation; Rac1 response,EML_expr,G(G(R)),2,3,2,36.33333,4.410370907000005,1.613681805084379,80.0,5.0260757569674
RhoA perturbation; Rac1 response,EML_expr,G(G(R)),2,3,2,36.66667,4.115654407875,1.625652970086845,80.0,4.868338556148576
RhoA perturbation; Rac1 response,EML_expr,G(G(R)),2,3,2,37.0,4.479636555875,1.7000713535578325,80.0,4.72078126554688
RhoA perturbation; Rac1 response,EML_expr,G(G(R)),2,3,2,37.33333,2.868887833624999,1.662513012809657,80.0,4.582782557310359
RhoA perturbation; Rac1 response,EML_expr,G(G(R)),2,3,2,37.66667,4.2424165142499985,1.7261812779100496,80.0,4.4537542750579195
RhoA perturbation; Rac1 response,EML_expr,G(G(R)),2,3,2,38.0,4.4917785188750035,1.6113699205025556,80.0,4.333150830531615
RhoA perturbation; Rac1 response,EML_expr,G(G(R)),2,3,2,38.33333,3.819373902500002,1.7679290644372516,80.0,4.220444989866777
RhoA perturbation; Rac1 response,EML_expr,G(G(R)),2,3,2,38.66667,3.0226327430000017,1.804166249213009,80.0,4.11513947287367
RhoA perturbation; Rac1 response,EML_expr,G(G(R)),2,3,2,39.0,3.471399687500001,1.7428258510903027,80.0,4.016774236832057
RhoA perturbation; Rac1 response,EML_expr,G(G(R)),2,3,2,39.33333,3.5710842597500005,1.6776002402277683,80.0,3.9249063878962183
RhoA perturbation; Rac1 response,EML_expr,G(G(R)),2,3,2,39.66667,3.4638432541250013,1.587218421349147,80.0,3.8391193673336232
RhoA perturbation; Rac1 response,EML_expr,G(G(R)),2,3,2,40.0,4.459667909874997,1.7199645389940506,80.0,3.7590286227834566
RhoA perturbation; Rac1 response,EML_expr,(G(G(R))+R),2,5,2,0.0,-0.9931512857500001,0.2930358516672621,80.0,1.3727753594767746
RhoA perturbation; Rac1 response,EML_expr,(G(G(R))+R),2,5,2,0.3333333,14.05484543712499,2.7689854655564425,80.0,4.800135575495912
RhoA perturbation; Rac1 response,EML_expr,(G(G(R))+R),2,5,2,0.6666667,17.840202627750003,3.2205576531637807,80.0,7.9395869193601225
RhoA perturbation; Rac1 response,EML_expr,(G(G(R))+R),2,5,2,1.0,19.956233638750003,3.442955807410961,80.0,10.815312901397212
RhoA perturbation; Rac1 response,EML_expr,(G(G(R))+R),2,5,2,1.333333,21.843358484374992,3.5875551291744125,80.0,13.449465970922596
RhoA perturbation; Rac1 response,EML_expr,(G(G(R))+R),2,5,2,1.666667,20.794324358125007,3.7574895152656023,80.0,15.86234844871851
RhoA perturbation; Rac1 response,EML_expr,(G(G(R))+R),2,5,2,2.0,22.349197607374983,3.906772941300473,80.0,18.07253394048517
RhoA perturbation; Rac1 response,EML_expr,(G(G(R))+R),2,5,2,2.333333,22.23171431124999,4.062614000548535,80.0,20.09705658510997
RhoA perturbation; Rac1 response,EML_expr,(G(G(R))+R),2,5,2,2.666667,24.265378724125007,4.179210356349098,80.0,21.95151799497648
RhoA perturbation; Rac1 response,EML_expr,(G(G(R))+R),2,5,2,3.0,25.918459290375004,4.414457016384039,80.0,23.65019322712957
RhoA perturbation; Rac1 response,EML_expr,(G(G(R))+R),2,5,2,3.333333,25.84004893499999,4.527815666649435,80.0,25.20617415550329
RhoA perturbation; Rac1 response,EML_expr,(G(G(R))+R),2,5,2,3.666667,25.84496122112501,4.766097323169697,80.0,26.63145166169394
RhoA perturbation; Rac1 response,EML_expr,(G(G(R))+R),2,5,2,4.0,25.811583304499987,4.749304233032243,80.0,27.93699708088132
RhoA perturbation; Rac1 response,EML_expr,(G(G(R))+R),2,5,2,4.333334,29.75857579150001,4.958198392281836,80.0,29.132875825502452
RhoA perturbation; Rac1 response,EML_expr,(G(G(R))+R),2,5,2,4.666667,27.878301637000003,5.050262659092711,80.0,30.22829339166926
RhoA perturbation; Rac1 response,EML_expr,(G(G(R))+R),2,5,2,5.0,30.594271491749986,5.113990815370671,80.0,31.231692281167827
RhoA perturbation; Rac1 response,EML_expr,(G(G(R))+R),2,5,2,5.333334,32.134596649375005,5.15048245258548,80.0,32.15080500347716
RhoA perturbation; Rac1 response,EML_expr,(G(G(R))+R),2,5,2,5.666667,31.656008856874998,5.1193289143828835,80.0,32.9927065974586
RhoA perturbation; Rac1 response,EML_expr,(G(G(R))+R),2,5,2,6.0,32.08497583187501,5.152554104036383,80.0,33.76388568985175
RhoA perturbation; Rac1 response,EML_expr,(G(G(R))+R),2,5,2,6.333334,32.85001744749998,5.187868992485546,80.0,34.47028523086752
RhoA perturbation; Rac1 response,EML_expr,(G(G(R))+R),2,5,2,6.666667,33.21562006187501,5.280109422853797,80.0,35.11734286061574
RhoA perturbation; Rac1 response,EML_expr,(G(G(R))+R),2,5,2,7.0,34.55065387687502,5.202673773628684,80.0,35.71004552230748
RhoA perturbation; Rac1 response,EML_expr,(G(G(R))+R),2,5,2,7.333334,34.70303551737499,5.243391533936802,80.0,36.25296077028001
RhoA perturbation; Rac1 response,EML_expr,(G(G(R))+R),2,5,2,7.666667,35.43317001200001,5.359945574131809,80.0,36.75026779429383
RhoA perturbation; Rac1 response,EML_expr,(G(G(R))+R),2,5,2,8.0,35.21082664687499,5.293810489019405,80.0,37.20579939342772
RhoA perturbation; Rac1 response,EML_expr,(G(G(R))+R),2,5,2,8.333333,34.38095184412499,5.239779563766989,80.0,37.62306484070541
RhoA perturbation; Rac1 response,EML_expr,(G(G(R))+R),2,5,2,8.666667,34.51231650587501,5.337311100437704,80.0,38.00527971575344
RhoA perturbation; Rac1 response,EML_expr,(G(G(R))+R),2,5,2,9.0,36.739394404125,5.316336836358264,80.0,38.35538618771896
RhoA perturbation; Rac1 response,EML_expr,(G(G(R))+R),2,5,2,9.333333,35.86836106362501,5.531727310296695,80.0,38.67608256508832
RhoA perturbation; Rac1 response,EML_expr,(G(G(R))+R),2,5,2,9.666667,36.407556719374995,5.428268466568994,80.0,38.96984023566537
RhoA perturbation; Rac1 response,EML_expr,(G(G(R))+R),2,5,2,10.0,35.335303085250004,5.434029141654743,80.0,39.23892045303159
RhoA perturbation; Rac1 response,EML_expr,(G(G(R))+R),2,5,2,10.33333,35.160878269624995,5.396729922961505,80.0,39.485394925159184
RhoA perturbation; Rac1 response,EML_expr,(G(G(R))+R),2,5,2,10.66667,36.24939250387503,5.538121957950258,80.0,39.71117138999268
RhoA perturbation; Rac1 response,EML_expr,(G(G(R))+R),2,5,2,11.0,37.37152335212499,5.528340849936087,80.0,39.91797557236335
RhoA perturbation; Rac1 response,EML_expr,(G(G(R))+R),2,5,2,11.33333,38.74832157974999,5.533748750438115,80.0,40.10740767180641
RhoA perturbation; Rac1 response,EML_expr,(G(G(R))+R),2,5,2,11.66667,38.07010675412502,5.543759331789647,80.0,40.28093195981615
RhoA perturbation; Rac1 response,EML_expr,(G(G(R))+R),2,5,2,12.0,39.63976049699998,5.670038938734038,80.0,40.439874721087556
RhoA perturbation; Rac1 response,EML_expr,(G(G(R))+R),2,5,2,12.33333,39.877722357875015,5.6815290829271685,80.0,40.58546556722661
RhoA perturbation; Rac1 response,EML_expr,(G(G(R))+R),2,5,2,12.66667,41.43385763199999,5.604815366791928,80.0,40.71882883942962
RhoA perturbation; Rac1 response,EML_expr,(G(G(R))+R),2,5,2,13.0,41.57483332500002,5.6808779593278755,80.0,40.84098005943744
RhoA perturbation; Rac1 response,EML_expr,(G(G(R))+R),2,5,2,13.33333,42.19735376224999,5.733610998560068,80.0,40.9528521547346
RhoA perturbation; Rac1 response,EML_expr,(G(G(R))+R),2,5,2,13.66667,40.362294325375004,5.723266613190431,80.0,41.055275373348124
RhoA perturbation; Rac1 response,EML_expr,(G(G(R))+R),2,5,2,14.0,39.47222318150003,5.696522983669431,80.0,41.14894586781652
RhoA perturbation; Rac1 response,EML_expr,(G(G(R))+R),2,5,2,14.33333,39.705036106124986,5.583156165948099,80.0,41.2343921880047
RhoA perturbation; Rac1 response,EML_expr,(G(G(R))+R),2,5,2,14.66667,40.851035414875,5.6522790317061204,80.0,41.3118715683278
RhoA perturbation; Rac1 response,EML_expr,(G(G(R))+R),2,5,2,15.0,40.54514006962498,5.6768523043026615,80.0,41.381218618734806
RhoA perturbation; Rac1 response,EML_expr,(G(G(R))+R),2,5,2,15.33333,41.32761998424999,5.630671607329237,80.0,41.441659740432115
RhoA perturbation; Rac1 response,EML_expr,(G(G(R))+R),2,5,2,15.66667,40.73784667475,5.69717178960748,80.0,41.49156384653745
RhoA perturbation; Rac1 response,EML_expr,(G(G(R))+R),2,5,2,16.0,42.584126971625,5.770515788632695,80.0,41.52818659312646
RhoA perturbation; Rac1 response,EML_expr,(G(G(R))+R),2,5,2,16.33333,41.846711594625,5.8275534461558385,80.0,41.547460895105715
RhoA perturbation; Rac1 response,EML_expr,(G(G(R))+R),2,5,2,16.66667,40.94162946050001,5.733888215518726,80.0,41.54385801366563
RhoA perturbation; Rac1 response,EML_expr,(G(G(R))+R),2,5,2,17.0,43.055054836375035,5.754478083690295,80.0,41.51039292655983
RhoA perturbation; Rac1 response,EML_expr,(G(G(R))+R),2,5,2,17.33333,42.855766021125014,5.6963691598033295,80.0,41.43879265255012
RhoA perturbation; Rac1 response,EML_expr,(G(G(R))+R),2,5,2,17.66667,44.7054921885,5.806444494935948,80.0,41.31983181868029
RhoA perturbation; Rac1 response,EML_expr,(G(G(R))+R),2,5,2,18.0,44.263716705749985,5.744471784096954,80.0,41.143838060913446
RhoA perturbation; Rac1 response,EML_expr,(G(G(R))+R),2,5,2,18.33333,42.8251505395,5.801277555080771,80.0,40.90126222586696
RhoA perturbation; Rac1 response,EML_expr,(G(G(R))+R),2,5,2,18.66667,43.388878527625,5.829161035786278,80.0,40.58330974106402
RhoA perturbation; Rac1 response,EML_expr,(G(G(R))+R),2,5,2,19.0,43.666588430625005,5.667702243793217,80.0,40.182578570227555
RhoA perturbation; Rac1 response,EML_expr,(G(G(R))+R),2,5,2,19.33333,45.334017831999994,5.812417520349717,80.0,39.69351241144435
RhoA perturbation; Rac1 response,EML_expr,(G(G(R))+R),2,5,2,19.66667,44.914543018875,5.79099819192254,80.0,39.11279138274256
RhoA perturbation; Rac1 response,EML_expr,(G(G(R))+R),2,5,2,20.0,44.572232559250004,5.817052810245743,80.0,38.4396076805071
RhoA perturbation; Rac1 response,EML_expr,(G(G(R))+R),2,5,2,20.33333,40.51139308287501,5.706678918618629,80.0,37.675604578337165
RhoA perturbation; Rac1 response,EML_expr,(G(G(R))+R),2,5,2,20.66667,37.803339820625,5.442297824147259,80.0,36.82480418684509
RhoA perturbation; Rac1 response,EML_expr,(G(G(R))+R),2,5,2,21.0,36.83530481274999,5.377426535933674,80.0,35.89345366178193
RhoA perturbation; Rac1 response,EML_expr,(G(G(R))+R),2,5,2,21.33333,34.902504401749994,5.086190084460841,80.0,34.88953266489782
RhoA perturbation; Rac1 response,EML_expr,(G(G(R))+R),2,5,2,21.66667,32.358773020124985,4.962234411776436,80.0,33.82242087208209
RhoA perturbation; Rac1 response,EML_expr,(G(G(R))+R),2,5,2,22.0,31.058346401500007,4.718970813896896,80.0,32.70257914292081
RhoA perturbation; Rac1 response,EML_expr,(G(G(R))+R),2,5,2,22.33333,30.659511084875,4.591853455206336,80.0,31.54093741096419
RhoA perturbation; Rac1 response,EML_expr,(G(G(R))+R),2,5,2,22.66667,27.945735520249997,4.519291240834524,80.0,30.34859454942759
RhoA perturbation; Rac1 response,EML_expr,(G(G(R))+R),2,5,2,23.0,29.499232588624988,4.379393433310475,80.0,29.136586851014222
RhoA perturbation; Rac1 response,EML_expr,(G(G(R))+R),2,5,2,23.33333,26.421660202749997,4.194218334282237,80.0,27.915384832761134
RhoA perturbation; Rac1 response,EML_expr,(G(G(R))+R),2,5,2,23.66667,25.22736179324999,4.17689653001624,80.0,26.69477196493988
RhoA perturbation; Rac1 response,EML_expr,(G(G(R))+R),2,5,2,24.0,24.314893736374998,4.061461501574148,80.0,25.483788896352767
RhoA perturbation; Rac1 response,EML_expr,(G(G(R))+R),2,5,2,24.33333,22.240597807375,3.843944873018156,80.0,24.290402988883233
RhoA perturbation; Rac1 response,EML_expr,(G(G(R))+R),2,5,2,24.66667,21.553199025624988,3.6691485795747103,80.0,23.12156046436164
RhoA perturbation; Rac1 response,EML_expr,(G(G(R))+R),2,5,2,25.0,19.863821151125,3.6468348086246767,80.0,21.983272002768434
RhoA perturbation; Rac1 response,EML_expr,(G(G(R))+R),2,5,2,25.33333,16.932267740750003,3.4805307171673125,80.0,20.880419608213614
RhoA perturbation; Rac1 response,EML_expr,(G(G(R))+R),2,5,2,25.66667,18.068718093875006,3.528808249145459,80.0,19.816910992387196
RhoA perturbation; Rac1 response,EML_expr,(G(G(R))+R),2,5,2,26.0,16.248535159249997,3.4082234275501917,80.0,18.79583462386307
RhoA perturbation; Rac1 response,EML_expr,(G(G(R))+R),2,5,2,26.33333,17.563465463875,3.382511521953084,80.0,17.819345443390414
RhoA perturbation; Rac1 response,EML_expr,(G(G(R))+R),2,5,2,26.66667,15.361787431625,3.1845843076809692,80.0,16.8888515729422
RhoA perturbation; Rac1 response,EML_expr,(G(G(R))+R),2,5,2,27.0,14.854973019500008,3.097704325022788,80.0,16.005180315569785
RhoA perturbation; Rac1 response,EML_expr,(G(G(R))+R),2,5,2,27.33333,14.746504492124995,3.089208804848729,80.0,15.168498601008276
RhoA perturbation; Rac1 response,EML_expr,(G(G(R))+R),2,5,2,27.66667,13.389730869875,2.86435067269115,80.0,14.37848808464188
RhoA perturbation; Rac1 response,EML_expr,(G(G(R))+R),2,5,2,28.0,13.047866296875,2.7829199705590355,80.0,13.63449011822328
RhoA perturbation; Rac1 response,EML_expr,(G(G(R))+R),2,5,2,28.33333,12.79419637099999,2.741318158577171,80.0,12.935437685059004
RhoA perturbation; Rac1 response,EML_expr,(G(G(R))+R),2,5,2,28.66667,12.093769360875005,2.5876402780456833,80.0,12.279999832500593
RhoA perturbation; Rac1 response,EML_expr,(G(G(R))+R),2,5,2,29.0,13.066173804999995,2.5590064226511555,80.0,11.666694725056836
RhoA perturbation; Rac1 response,EML_expr,(G(G(R))+R),2,5,2,29.33333,11.962233619500001,2.2764795137535137,80.0,11.093824695338052
RhoA perturbation; Rac1 response,EML_expr,(G(G(R))+R),2,5,2,29.66667,11.778198033,2.3065581426143087,80.0,10.559586705202957
RhoA perturbation; Rac1 response,EML_expr,(G(G(R))+R),2,5,2,30.0,11.931489493625001,2.283206439036089,80.0,10.062154428831036
RhoA perturbation; Rac1 response,EML_expr,(G(G(R))+R),2,5,2,30.33333,11.864284518250006,2.227124211277553,80.0,9.59961555551459
RhoA perturbation; Rac1 response,EML_expr,(G(G(R))+R),2,5,2,30.66667,10.727707190500002,2.1617326843202975,80.0,9.170052427752221
RhoA perturbation; Rac1 response,EML_expr,(G(G(R))+R),2,5,2,31.0,11.321055857875002,2.1133653218609703,80.0,8.771598872192417
RhoA perturbation; Rac1 response,EML_expr,(G(G(R))+R),2,5,2,31.33333,9.681192162124999,2.075053951855054,80.0,8.402381446423624
RhoA perturbation; Rac1 response,EML_expr,(G(G(R))+R),2,5,2,31.66667,9.858793051125001,1.9731991137083271,80.0,8.060576677353474
RhoA perturbation; Rac1 response,EML_expr,(G(G(R))+R),2,5,2,32.0,9.751500392875,1.8185354370605673,80.0,7.744449168112496
RhoA perturbation; Rac1 response,EML_expr,(G(G(R))+R),2,5,2,32.33333,10.423419645,1.8611195091302073,80.0,7.452298588168994
RhoA perturbation; Rac1 response,EML_expr,(G(G(R))+R),2,5,2,32.66667,9.1168839295,1.8294995092749495,80.0,7.182499685030506
RhoA perturbation; Rac1 response,EML_expr,(G(G(R))+R),2,5,2,33.0,7.897097908499991,1.7983095647373577,80.0,6.933527301292975
RhoA perturbation; Rac1 response,EML_expr,(G(G(R))+R),2,5,2,33.33333,7.189429227124994,1.7042641393511773,80.0,6.703910167222167
RhoA perturbation; Rac1 response,EML_expr,(G(G(R))+R),2,5,2,33.66667,7.7557665621249985,1.7977748334996162,80.0,6.492258698646101
RhoA perturbation; Rac1 response,EML_expr,(G(G(R))+R),2,5,2,34.0,7.001074584124995,1.9620248084976701,80.0,6.297281208120704
RhoA perturbation; Rac1 response,EML_expr,(G(G(R))+R),2,5,2,34.33333,7.552257760375001,1.8208534926932152,80.0,6.117744752013027
RhoA perturbation; Rac1 response,EML_expr,(G(G(R))+R),2,5,2,34.66667,6.673025697000003,1.8516300730445912,80.0,5.952494451535984
RhoA perturbation; Rac1 response,EML_expr,(G(G(R))+R),2,5,2,35.0,7.022828758875003,1.8260248447738565,80.0,5.800463928287952
RhoA perturbation; Rac1 response,EML_expr,(G(G(R))+R),2,5,2,35.33333,5.354098614625,1.727030919005176,80.0,5.660642863096421
RhoA perturbation; Rac1 response,EML_expr,(G(G(R))+R),2,5,2,35.66667,6.334587531499996,1.7152440553908999,80.0,5.532090493581495
RhoA perturbation; Rac1 response,EML_expr,(G(G(R))+R),2,5,2,36.0,4.428455727374998,1.7127589728698311,80.0,5.413942322454669
RhoA perturbation; Rac1 response,EML_expr,(G(G(R))+R),2,5,2,36.33333,4.410370907000005,1.613681805084379,80.0,5.305383700956351
RhoA perturbation; Rac1 response,EML_expr,(G(G(R))+R),2,5,2,36.66667,4.115654407875,1.625652970086845,80.0,5.205659334917518
RhoA perturbation; Rac1 response,EML_expr,(G(G(R))+R),2,5,2,37.0,4.479636555875,1.7000713535578325,80.0,5.114077610102716
RhoA perturbation; Rac1 response,EML_expr,(G(G(R))+R),2,5,2,37.33333,2.868887833624999,1.662513012809657,80.0,5.029989367979475
RhoA perturbation; Rac1 response,EML_expr,(G(G(R))+R),2,5,2,37.66667,4.2424165142499985,1.7261812779100496,80.0,4.952794666621531
RhoA perturbation; Rac1 response,EML_expr,(G(G(R))+R),2,5,2,38.0,4.4917785188750035,1.6113699205025556,80.0,4.881945588454077
RhoA perturbation; Rac1 response,EML_expr,(G(G(R))+R),2,5,2,38.33333,3.819373902500002,1.7679290644372516,80.0,4.81692936270726
RhoA perturbation; Rac1 response,EML_expr,(G(G(R))+R),2,5,2,38.66667,3.0226327430000017,1.804166249213009,80.0,4.757273224342947
RhoA perturbation; Rac1 response,EML_expr,(G(G(R))+R),2,5,2,39.0,3.471399687500001,1.7428258510903027,80.0,4.702546254771706
RhoA perturbation; Rac1 response,EML_expr,(G(G(R))+R),2,5,2,39.33333,3.5710842597500005,1.6776002402277683,80.0,4.652346066568979
RhoA perturbation; Rac1 response,EML_expr,(G(G(R))+R),2,5,2,39.66667,3.4638432541250013,1.587218421349147,80.0,4.606302331608181
RhoA perturbation; Rac1 response,EML_expr,(G(G(R))+R),2,5,2,40.0,4.459667909874997,1.7199645389940506,80.0,4.564078002769184
RhoA perturbation; Rac1 response,EML_expr,G((G(R)+R)),2,5,2,0.0,-0.9931512857500001,0.2930358516672621,80.0,-0.9481775326316944
RhoA perturbation; Rac1 response,EML_expr,G((G(R)+R)),2,5,2,0.3333333,14.05484543712499,2.7689854655564425,80.0,11.487543828935967
RhoA perturbation; Rac1 response,EML_expr,G((G(R)+R)),2,5,2,0.6666667,17.840202627750003,3.2205576531637807,80.0,15.678745952890772
RhoA perturbation; Rac1 response,EML_expr,G((G(R)+R)),2,5,2,1.0,19.956233638750003,3.442955807410961,80.0,18.545823736401594
RhoA perturbation; Rac1 response,EML_expr,G((G(R)+R)),2,5,2,1.333333,21.843358484374992,3.5875551291744125,80.0,20.732835470904806
RhoA perturbation; Rac1 response,EML_expr,G((G(R)+R)),2,5,2,1.666667,20.794324358125007,3.7574895152656023,80.0,22.490460450222052
RhoA perturbation; Rac1 response,EML_expr,G((G(R)+R)),2,5,2,2.0,22.349197607374983,3.906772941300473,80.0,23.94783805789531
RhoA perturbation; Rac1 response,EML_expr,G((G(R)+R)),2,5,2,2.333333,22.23171431124999,4.062614000548535,80.0,25.181952278533064
RhoA perturbation; Rac1 response,EML_expr,G((G(R)+R)),2,5,2,2.666667,24.265378724125007,4.179210356349098,80.0,26.24305076397156
RhoA perturbation; Rac1 response,EML_expr,G((G(R)+R)),2,5,2,3.0,25.918459290375004,4.414457016384039,80.0,27.16603032243649
RhoA perturbation; Rac1 response,EML_expr,G((G(R)+R)),2,5,2,3.333333,25.84004893499999,4.527815666649435,80.0,27.976266144852058
RhoA perturbation; Rac1 response,EML_expr,G((G(R)+R)),2,5,2,3.666667,25.84496122112501,4.766097323169697,80.0,28.692851453335617
RhoA perturbation; Rac1 response,EML_expr,G((G(R)+R)),2,5,2,4.0,25.811583304499987,4.749304233032243,80.0,29.330542332820478
RhoA perturbation; Rac1 response,EML_expr,G((G(R)+R)),2,5,2,4.333334,29.75857579150001,4.958198392281836,80.0,29.90100697869458
RhoA perturbation; Rac1 response,EML_expr,G((G(R)+R)),2,5,2,4.666667,27.878301637000003,5.050262659092711,80.0,30.41362750298533
RhoA perturbation; Rac1 response,EML_expr,G((G(R)+R)),2,5,2,5.0,30.594271491749986,5.113990815370671,80.0,30.876074127424395
RhoA perturbation; Rac1 response,EML_expr,G((G(R)+R)),2,5,2,5.333334,32.134596649375005,5.15048245258548,80.0,31.294699471996793
RhoA perturbation; Rac1 response,EML_expr,G((G(R)+R)),2,5,2,5.666667,31.656008856874998,5.1193289143828835,80.0,31.674832405242533
RhoA perturbation; Rac1 response,EML_expr,G((G(R)+R)),2,5,2,6.0,32.08497583187501,5.152554104036383,80.0,32.02101861423494
RhoA perturbation; Rac1 response,EML_expr,G((G(R)+R)),2,5,2,6.333334,32.85001744749998,5.187868992485546,80.0,32.337214282392985
RhoA perturbation; Rac1 response,EML_expr,G((G(R)+R)),2,5,2,6.666667,33.21562006187501,5.280109422853797,80.0,32.62696866571717
RhoA perturbation; Rac1 response,EML_expr,G((G(R)+R)),2,5,2,7.0,34.55065387687502,5.202673773628684,80.0,32.89361869637566
RhoA perturbation; Rac1 response,EML_expr,G((G(R)+R)),2,5,2,7.333334,34.70303551737499,5.243391533936802,80.0,33.14048974529916
RhoA perturbation; Rac1 response,EML_expr,G((G(R)+R)),2,5,2,7.666667,35.43317001200001,5.359945574131809,80.0,33.37111622808775
RhoA perturbation; Rac1 response,EML_expr,G((G(R)+R)),2,5,2,8.0,35.21082664687499,5.293810489019405,80.0,33.58948161936064
RhoA perturbation; Rac1 response,EML_expr,G((G(R)+R)),2,5,2,8.333333,34.38095184412499,5.239779563766989,80.0,33.800248202420285
RhoA perturbation; Rac1 response,EML_expr,G((G(R)+R)),2,5,2,8.666667,34.51231650587501,5.337311100437704,80.0,34.008961808220626
RhoA perturbation; Rac1 response,EML_expr,G((G(R)+R)),2,5,2,9.0,36.739394404125,5.316336836358264,80.0,34.22218694509157
RhoA perturbation; Rac1 response,EML_expr,G((G(R)+R)),2,5,2,9.333333,35.86836106362501,5.531727310296695,80.0,34.44753919443796
RhoA perturbation; Rac1 response,EML_expr,G((G(R)+R)),2,5,2,9.666667,36.407556719374995,5.428268466568994,80.0,34.69355825914203
RhoA perturbation; Rac1 response,EML_expr,G((G(R)+R)),2,5,2,10.0,35.335303085250004,5.434029141654743,80.0,34.96938807993952
RhoA perturbation; Rac1 response,EML_expr,G((G(R)+R)),2,5,2,10.33333,35.160878269624995,5.396729922961505,80.0,35.28424811205656
RhoA perturbation; Rac1 response,EML_expr,G((G(R)+R)),2,5,2,10.66667,36.24939250387503,5.538121957950258,80.0,35.646718423466055
RhoA perturbation; Rac1 response,EML_expr,G((G(R)+R)),2,5,2,11.0,37.37152335212499,5.528340849936087,80.0,36.063807008110835
RhoA perturbation; Rac1 response,EML_expr,G((G(R)+R)),2,5,2,11.33333,38.74832157974999,5.533748750438115,80.0,36.54008446253278
RhoA perturbation; Rac1 response,EML_expr,G((G(R)+R)),2,5,2,11.66667,38.07010675412502,5.543759331789647,80.0,37.07680753813797
RhoA perturbation; Rac1 response,EML_expr,G((G(R)+R)),2,5,2,12.0,39.63976049699998,5.670038938734038,80.0,37.671235053608555
RhoA perturbation; Rac1 response,EML_expr,G((G(R)+R)),2,5,2,12.33333,39.877722357875015,5.6815290829271685,80.0,38.31644004853474
RhoA perturbation; Rac1 response,EML_expr,G((G(R)+R)),2,5,2,12.66667,41.43385763199999,5.604815366791928,80.0,39.00139156488809
RhoA perturbation; Rac1 response,EML_expr,G((G(R)+R)),2,5,2,13.0,41.57483332500002,5.6808779593278755,80.0,39.71141008616936
RhoA perturbation; Rac1 response,EML_expr,G((G(R)+R)),2,5,2,13.33333,42.19735376224999,5.733610998560068,80.0,40.42913968897015
RhoA perturbation; Rac1 response,EML_expr,G((G(R)+R)),2,5,2,13.66667,40.362294325375004,5.723266613190431,80.0,41.135538055683476
RhoA perturbation; Rac1 response,EML_expr,G((G(R)+R)),2,5,2,14.0,39.47222318150003,5.696522983669431,80.0,41.81092820456346
RhoA perturbation; Rac1 response,EML_expr,G((G(R)+R)),2,5,2,14.33333,39.705036106124986,5.583156165948099,80.0,42.43618517750885
RhoA perturbation; Rac1 response,EML_expr,G((G(R)+R)),2,5,2,14.66667,40.851035414875,5.6522790317061204,80.0,42.99357556509181
RhoA perturbation; Rac1 response,EML_expr,G((G(R)+R)),2,5,2,15.0,40.54514006962498,5.6768523043026615,80.0,43.46742196301401
RhoA perturbation; Rac1 response,EML_expr,G((G(R)+R)),2,5,2,15.33333,41.32761998424999,5.630671607329237,80.0,43.84469194387399
RhoA perturbation; Rac1 response,EML_expr,G((G(R)+R)),2,5,2,15.66667,40.73784667475,5.69717178960748,80.0,44.11521156521087
RhoA perturbation; Rac1 response,EML_expr,G((G(R)+R)),2,5,2,16.0,42.584126971625,5.770515788632695,80.0,44.271744829088256
RhoA perturbation; Rac1 response,EML_expr,G((G(R)+R)),2,5,2,16.33333,41.846711594625,5.8275534461558385,80.0,44.30998198476558
RhoA perturbation; Rac1 response,EML_expr,G((G(R)+R)),2,5,2,16.66667,40.94162946050001,5.733888215518726,80.0,44.22832332786839
RhoA perturbation; Rac1 response,EML_expr,G((G(R)+R)),2,5,2,17.0,43.055054836375035,5.754478083690295,80.0,44.027645570461566
RhoA perturbation; Rac1 response,EML_expr,G((G(R)+R)),2,5,2,17.33333,42.855766021125014,5.6963691598033295,80.0,43.71097963874901
RhoA perturbation; Rac1 response,EML_expr,G((G(R)+R)),2,5,2,17.66667,44.7054921885,5.806444494935948,80.0,43.283169447919875
RhoA perturbation; Rac1 response,EML_expr,G((G(R)+R)),2,5,2,18.0,44.263716705749985,5.744471784096954,80.0,42.75058736826509
RhoA perturbation; Rac1 response,EML_expr,G((G(R)+R)),2,5,2,18.33333,42.8251505395,5.801277555080771,80.0,42.12072766847586
RhoA perturbation; Rac1 response,EML_expr,G((G(R)+R)),2,5,2,18.66667,43.388878527625,5.829161035786278,80.0,41.401922713191425
RhoA perturbation; Rac1 response,EML_expr,G((G(R)+R)),2,5,2,19.0,43.666588430625005,5.667702243793217,80.0,40.60313874332127
RhoA perturbation; Rac1 response,EML_expr,G((G(R)+R)),2,5,2,19.33333,45.334017831999994,5.812417520349717,80.0,39.73359548061806
RhoA perturbation; Rac1 response,EML_expr,G((G(R)+R)),2,5,2,19.66667,44.914543018875,5.79099819192254,80.0,38.80260395414304
RhoA perturbation; Rac1 response,EML_expr,G((G(R)+R)),2,5,2,20.0,44.572232559250004,5.817052810245743,80.0,37.819475980567624
RhoA perturbation; Rac1 response,EML_expr,G((G(R)+R)),2,5,2,20.33333,40.51139308287501,5.706678918618629,80.0,36.79320465765613
RhoA perturbation; Rac1 response,EML_expr,G((G(R)+R)),2,5,2,20.66667,37.803339820625,5.442297824147259,80.0,35.73242112110918
RhoA perturbation; Rac1 response,EML_expr,G((G(R)+R)),2,5,2,21.0,36.83530481274999,5.377426535933674,80.0,34.64540239397791
RhoA perturbation; Rac1 response,EML_expr,G((G(R)+R)),2,5,2,21.33333,34.902504401749994,5.086190084460841,80.0,33.53981144413339
RhoA perturbation; Rac1 response,EML_expr,G((G(R)+R)),2,5,2,21.66667,32.358773020124985,4.962234411776436,80.0,32.42274325722261
RhoA perturbation; Rac1 response,EML_expr,G((G(R)+R)),2,5,2,22.0,31.058346401500007,4.718970813896896,80.0,31.30079976300324
RhoA perturbation; Rac1 response,EML_expr,G((G(R)+R)),2,5,2,22.33333,30.659511084875,4.591853455206336,80.0,30.17987614369835
RhoA perturbation; Rac1 response,EML_expr,G((G(R)+R)),2,5,2,22.66667,27.945735520249997,4.519291240834524,80.0,29.065262222605725
RhoA perturbation; Rac1 response,EML_expr,G((G(R)+R)),2,5,2,23.0,29.499232588624988,4.379393433310475,80.0,27.961753965018065
RhoA perturbation; Rac1 response,EML_expr,G((G(R)+R)),2,5,2,23.33333,26.421660202749997,4.194218334282237,80.0,26.873472254669775
RhoA perturbation; Rac1 response,EML_expr,G((G(R)+R)),2,5,2,23.66667,25.22736179324999,4.17689653001624,80.0,25.80399118717048
RhoA perturbation; Rac1 response,EML_expr,G((G(R)+R)),2,5,2,24.0,24.314893736374998,4.061461501574148,80.0,24.756462838303456
RhoA perturbation; Rac1 response,EML_expr,G((G(R)+R)),2,5,2,24.33333,22.240597807375,3.843944873018156,80.0,23.733458309566508
RhoA perturbation; Rac1 response,EML_expr,G((G(R)+R)),2,5,2,24.66667,21.553199025624988,3.6691485795747103,80.0,22.737102861212414
RhoA perturbation; Rac1 response,EML_expr,G((G(R)+R)),2,5,2,25.0,19.863821151125,3.6468348086246767,80.0,21.769198754442677
RhoA perturbation; Rac1 response,EML_expr,G((G(R)+R)),2,5,2,25.33333,16.932267740750003,3.4805307171673125,80.0,20.831082347230648
RhoA perturbation; Rac1 response,EML_expr,G((G(R)+R)),2,5,2,25.66667,18.068718093875006,3.528808249145459,80.0,19.92375367976732
RhoA perturbation; Rac1 response,EML_expr,G((G(R)+R)),2,5,2,26.0,16.248535159249997,3.4082234275501917,80.0,19.047988911847646
RhoA perturbation; Rac1 response,EML_expr,G((G(R)+R)),2,5,2,26.33333,17.563465463875,3.382511521953084,80.0,18.204210261443468
RhoA perturbation; Rac1 response,EML_expr,G((G(R)+R)),2,5,2,26.66667,15.361787431625,3.1845843076809692,80.0,17.39260348532177
RhoA perturbation; Rac1 response,EML_expr,G((G(R)+R)),2,5,2,27.0,14.854973019500008,3.097704325022788,80.0,16.613216169221747
RhoA perturbation; Rac1 response,EML_expr,G((G(R)+R)),2,5,2,27.33333,14.746504492124995,3.089208804848729,80.0,15.865839131498866
RhoA perturbation; Rac1 response,EML_expr,G((G(R)+R)),2,5,2,27.66667,13.389730869875,2.86435067269115,80.0,15.150109158687595
RhoA perturbation; Rac1 response,EML_expr,G((G(R)+R)),2,5,2,28.0,13.047866296875,2.7829199705590355,80.0,14.465592368100204
RhoA perturbation; Rac1 response,EML_expr,G((G(R)+R)),2,5,2,28.33333,12.79419637099999,2.741318158577171,80.0,13.81167658881108
RhoA perturbation; Rac1 response,EML_expr,G((G(R)+R)),2,5,2,28.66667,12.093769360875005,2.5876402780456833,80.0,13.187659084506267
RhoA perturbation; Rac1 response,EML_expr,G((G(R)+R)),2,5,2,29.0,13.066173804999995,2.5590064226511555,80.0,12.592815847060853
RhoA perturbation; Rac1 response,EML_expr,G((G(R)+R)),2,5,2,29.33333,11.962233619500001,2.2764795137535137,80.0,12.02630475325312
RhoA perturbation; Rac1 response,EML_expr,G((G(R)+R)),2,5,2,29.66667,11.778198033,2.3065581426143087,80.0,11.487239287367812
RhoA perturbation; Rac1 response,EML_expr,G((G(R)+R)),2,5,2,30.0,11.931489493625001,2.283206439036089,80.0,10.974745385273646
RhoA perturbation; Rac1 response,EML_expr,G((G(R)+R)),2,5,2,30.33333,11.864284518250006,2.227124211277553,80.0,10.487875130576565
RhoA perturbation; Rac1 response,EML_expr,G((G(R)+R)),2,5,2,30.66667,10.727707190500002,2.1617326843202975,80.0,10.025668066125858
RhoA perturbation; Rac1 response,EML_expr,G((G(R)+R)),2,5,2,31.0,11.321055857875002,2.1133653218609703,80.0,9.587197440279942
RhoA perturbation; Rac1 response,EML_expr,G((G(R)+R)),2,5,2,31.33333,9.681192162124999,2.075053951855054,80.0,9.171494043023522
RhoA perturbation; Rac1 response,EML_expr,G((G(R)+R)),2,5,2,31.66667,9.858793051125001,1.9731991137083271,80.0,8.777596855691323
RhoA perturbation; Rac1 response,EML_expr,G((G(R)+R)),2,5,2,32.0,9.751500392875,1.8185354370605673,80.0,8.404590495842852
RhoA perturbation; Rac1 response,EML_expr,G((G(R)+R)),2,5,2,32.33333,10.423419645,1.8611195091302073,80.0,8.051538613609079
RhoA perturbation; Rac1 response,EML_expr,G((G(R)+R)),2,5,2,32.66667,9.1168839295,1.8294995092749495,80.0,7.717525564512911
RhoA perturbation; Rac1 response,EML_expr,G((G(R)+R)),2,5,2,33.0,7.897097908499991,1.7983095647373577,80.0,7.401686659242854
RhoA perturbation; Rac1 response,EML_expr,G((G(R)+R)),2,5,2,33.33333,7.189429227124994,1.7042641393511773,80.0,7.103150396669678
RhoA perturbation; Rac1 response,EML_expr,G((G(R)+R)),2,5,2,33.66667,7.7557665621249985,1.7977748334996162,80.0,6.8210726748494235
RhoA perturbation; Rac1 response,EML_expr,G((G(R)+R)),2,5,2,34.0,7.001074584124995,1.9620248084976701,80.0,6.554661215827549
RhoA perturbation; Rac1 response,EML_expr,G((G(R)+R)),2,5,2,34.33333,7.552257760375001,1.8208534926932152,80.0,6.303125822294437
RhoA perturbation; Rac1 response,EML_expr,G((G(R)+R)),2,5,2,34.66667,6.673025697000003,1.8516300730445912,80.0,6.065706435732009
RhoA perturbation; Rac1 response,EML_expr,G((G(R)+R)),2,5,2,35.0,7.022828758875003,1.8260248447738565,80.0,5.841692871490199
RhoA perturbation; Rac1 response,EML_expr,G((G(R)+R)),2,5,2,35.33333,5.354098614625,1.727030919005176,80.0,5.630382249713588
RhoA perturbation; Rac1 response,EML_expr,G((G(R)+R)),2,5,2,35.66667,6.334587531499996,1.7152440553908999,80.0,5.431102004013187
RhoA perturbation; Rac1 response,EML_expr,G((G(R)+R)),2,5,2,36.0,4.428455727374998,1.7127589728698311,80.0,5.2432258505487646
RhoA perturbation; Rac1 response,EML_expr,G((G(R)+R)),2,5,2,36.33333,4.410370907000005,1.613681805084379,80.0,5.066137550903841
RhoA perturbation; Rac1 response,EML_expr,G((G(R)+R)),2,5,2,36.66667,4.115654407875,1.625652970086845,80.0,4.899249787265035
RhoA perturbation; Rac1 response,EML_expr,G((G(R)+R)),2,5,2,37.0,4.479636555875,1.7000713535578325,80.0,4.7420171088500105
RhoA perturbation; Rac1 response,EML_expr,G((G(R)+R)),2,5,2,37.33333,2.868887833624999,1.662513012809657,80.0,4.593905222868049
RhoA perturbation; Rac1 response,EML_expr,G((G(R)+R)),2,5,2,37.66667,4.2424165142499985,1.7261812779100496,80.0,4.454406489510431
RhoA perturbation; Rac1 response,EML_expr,G((G(R)+R)),2,5,2,38.0,4.4917785188750035,1.6113699205025556,80.0,4.323050440191155
RhoA perturbation; Rac1 response,EML_expr,G((G(R)+R)),2,5,2,38.33333,3.819373902500002,1.7679290644372516,80.0,4.1993778513446145
RhoA perturbation; Rac1 response,EML_expr,G((G(R)+R)),2,5,2,38.66667,3.0226327430000017,1.804166249213009,80.0,4.082953475371577
RhoA perturbation; Rac1 response,EML_expr,G((G(R)+R)),2,5,2,39.0,3.471399687500001,1.7428258510903027,80.0,3.9733746047534626
RhoA perturbation; Rac1 response,EML_expr,G((G(R)+R)),2,5,2,39.33333,3.5710842597500005,1.6776002402277683,80.0,3.870249253004992
RhoA perturbation; Rac1 response,EML_expr,G((G(R)+R)),2,5,2,39.66667,3.4638432541250013,1.587218421349147,80.0,3.7732066241196613
RhoA perturbation; Rac1 response,EML_expr,G((G(R)+R)),2,5,2,40.0,4.459667909874997,1.7199645389940506,80.0,3.6819041004179227
RhoA perturbation; Rac1 response,EML_expr,G(G((R+R))),2,5,2,0.0,-0.9931512857500001,0.2930358516672621,80.0,-0.5390856818401226
RhoA perturbation; Rac1 response,EML_expr,G(G((R+R))),2,5,2,0.3333333,14.05484543712499,2.7689854655564425,80.0,8.011749238705017
RhoA perturbation; Rac1 response,EML_expr,G(G((R+R))),2,5,2,0.6666667,17.840202627750003,3.2205576531637807,80.0,12.327774606160235
RhoA perturbation; Rac1 response,EML_expr,G(G((R+R))),2,5,2,1.0,19.956233638750003,3.442955807410961,80.0,15.586080018899109
RhoA perturbation; Rac1 response,EML_expr,G(G((R+R))),2,5,2,1.333333,21.843358484374992,3.5875551291744125,80.0,18.235352542535566
RhoA perturbation; Rac1 response,EML_expr,G(G((R+R))),2,5,2,1.666667,20.794324358125007,3.7574895152656023,80.0,20.468525412105322
RhoA perturbation; Rac1 response,EML_expr,G(G((R+R))),2,5,2,2.0,22.349197607374983,3.906772941300473,80.0,22.39233686462832
RhoA perturbation; Rac1 response,EML_expr,G(G((R+R))),2,5,2,2.333333,22.23171431124999,4.062614000548535,80.0,24.07418876600697
RhoA perturbation; Rac1 response,EML_expr,G(G((R+R))),2,5,2,2.666667,24.265378724125007,4.179210356349098,80.0,25.56027936005443
RhoA perturbation; Rac1 response,EML_expr,G(G((R+R))),2,5,2,3.0,25.918459290375004,4.414457016384039,80.0,26.884096105797305
RhoA perturbation; Rac1 response,EML_expr,G(G((R+R))),2,5,2,3.333333,25.84004893499999,4.527815666649435,80.0,28.070947401667716
RhoA perturbation; Rac1 response,EML_expr,G(G((R+R))),2,5,2,3.666667,25.84496122112501,4.766097323169697,80.0,29.140553920628427
RhoA perturbation; Rac1 response,EML_expr,G(G((R+R))),2,5,2,4.0,25.811583304499987,4.749304233032243,80.0,30.108652254302406
RhoA perturbation; Rac1 response,EML_expr,G(G((R+R))),2,5,2,4.333334,29.75857579150001,4.958198392281836,80.0,30.988065726007136
RhoA perturbation; Rac1 response,EML_expr,G(G((R+R))),2,5,2,4.666667,27.878301637000003,5.050262659092711,80.0,31.789393045320402
RhoA perturbation; Rac1 response,EML_expr,G(G((R+R))),2,5,2,5.0,30.594271491749986,5.113990815370671,80.0,32.52152757870176
RhoA perturbation; Rac1 response,EML_expr,G(G((R+R))),2,5,2,5.333334,32.134596649375005,5.15048245258548,80.0,33.19200993021619
RhoA perturbation; Rac1 response,EML_expr,G(G((R+R))),2,5,2,5.666667,31.656008856874998,5.1193289143828835,80.0,33.80729046426942
RhoA perturbation; Rac1 response,EML_expr,G(G((R+R))),2,5,2,6.0,32.08497583187501,5.152554104036383,80.0,34.37294366153586
RhoA perturbation; Rac1 response,EML_expr,G(G((R+R))),2,5,2,6.333334,32.85001744749998,5.187868992485546,80.0,34.89381714398286
RhoA perturbation; Rac1 response,EML_expr,G(G((R+R))),2,5,2,6.666667,33.21562006187501,5.280109422853797,80.0,35.37414943872618
RhoA perturbation; Rac1 response,EML_expr,G(G((R+R))),2,5,2,7.0,34.55065387687502,5.202673773628684,80.0,35.81767589595021
RhoA perturbation; Rac1 response,EML_expr,G(G((R+R))),2,5,2,7.333334,34.70303551737499,5.243391533936802,80.0,36.22770101909738
RhoA perturbation; Rac1 response,EML_expr,G(G((R+R))),2,5,2,7.666667,35.43317001200001,5.359945574131809,80.0,36.60715819007553
RhoA perturbation; Rac1 response,EML_expr,G(G((R+R))),2,5,2,8.0,35.21082664687499,5.293810489019405,80.0,36.95866860864226
RhoA perturbation; Rac1 response,EML_expr,G(G((R+R))),2,5,2,8.333333,34.38095184412499,5.239779563766989,80.0,37.28457892419671
RhoA perturbation; Rac1 response,EML_expr,G(G((R+R))),2,5,2,8.666667,34.51231650587501,5.337311100437704,80.0,37.58699889878101
RhoA perturbation; Rac1 response,EML_expr,G(G((R+R))),2,5,2,9.0,36.739394404125,5.316336836358264,80.0,37.86782754650604
RhoA perturbation; Rac1 response,EML_expr,G(G((R+R))),2,5,2,9.333333,35.86836106362501,5.531727310296695,80.0,38.12878335067684
RhoA perturbation; Rac1 response,EML_expr,G(G((R+R))),2,5,2,9.666667,36.407556719374995,5.428268466568994,80.0,38.37142161074276
RhoA perturbation; Rac1 response,EML_expr,G(G((R+R))),2,5,2,10.0,35.335303085250004,5.434029141654743,80.0,38.5971484101295
RhoA perturbation; Rac1 response,EML_expr,G(G((R+R))),2,5,2,10.33333,35.160878269624995,5.396729922961505,80.0,38.807234020969105
RhoA perturbation; Rac1 response,EML_expr,G(G((R+R))),2,5,2,10.66667,36.24939250387503,5.538121957950258,80.0,39.00282604305903
RhoA perturbation; Rac1 response,EML_expr,G(G((R+R))),2,5,2,11.0,37.37152335212499,5.528340849936087,80.0,39.184918065877966
RhoA perturbation; Rac1 response,EML_expr,G(G((R+R))),2,5,2,11.33333,38.74832157974999,5.533748750438115,80.0,39.354374245727215
RhoA perturbation; Rac1 response,EML_expr,G(G((R+R))),2,5,2,11.66667,38.07010675412502,5.543759331789647,80.0,39.51188603447151
RhoA perturbation; Rac1 response,EML_expr,G(G((R+R))),2,5,2,12.0,39.63976049699998,5.670038938734038,80.0,39.65792366361217
RhoA perturbation; Rac1 response,EML_expr,G(G((R+R))),2,5,2,12.33333,39.877722357875015,5.6815290829271685,80.0,39.79271691579222
RhoA perturbation; Rac1 response,EML_expr,G(G((R+R))),2,5,2,12.66667,41.43385763199999,5.604815366791928,80.0,39.916182837395674
RhoA perturbation; Rac1 response,EML_expr,G(G((R+R))),2,5,2,13.0,41.57483332500002,5.6808779593278755,80.0,40.027855114415516
RhoA perturbation; Rac1 response,EML_expr,G(G((R+R))),2,5,2,13.33333,42.19735376224999,5.733610998560068,80.0,40.12684724109865
RhoA perturbation; Rac1 response,EML_expr,G(G((R+R))),2,5,2,13.66667,40.362294325375004,5.723266613190431,80.0,40.21179023209513
RhoA perturbation; Rac1 response,EML_expr,G(G((R+R))),2,5,2,14.0,39.47222318150003,5.696522983669431,80.0,40.280794849634184
RhoA perturbation; Rac1 response,EML_expr,G(G((R+R))),2,5,2,14.33333,39.705036106124986,5.583156165948099,80.0,40.33145985705883
RhoA perturbation; Rac1 response,EML_expr,G(G((R+R))),2,5,2,14.66667,40.851035414875,5.6522790317061204,80.0,40.36088478243671
RhoA perturbation; Rac1 response,EML_expr,G(G((R+R))),2,5,2,15.0,40.54514006962498,5.6768523043026615,80.0,40.36572530190757
RhoA perturbation; Rac1 response,EML_expr,G(G((R+R))),2,5,2,15.33333,41.32761998424999,5.630671607329237,80.0,40.34228635297251
RhoA perturbation; Rac1 response,EML_expr,G(G((R+R))),2,5,2,15.66667,40.73784667475,5.69717178960748,80.0,40.28663183977279
RhoA perturbation; Rac1 response,EML_expr,G(G((R+R))),2,5,2,16.0,42.584126971625,5.770515788632695,80.0,40.19473183068686
RhoA perturbation; Rac1 response,EML_expr,G(G((R+R))),2,5,2,16.33333,41.846711594625,5.8275534461558385,80.0,40.062604947202736
RhoA perturbation; Rac1 response,EML_expr,G(G((R+R))),2,5,2,16.66667,40.94162946050001,5.733888215518726,80.0,39.88647465388048
RhoA perturbation; Rac1 response,EML_expr,G(G((R+R))),2,5,2,17.0,43.055054836375035,5.754478083690295,80.0,39.66294220415824
RhoA perturbation; Rac1 response,EML_expr,G(G((R+R))),2,5,2,17.33333,42.855766021125014,5.6963691598033295,80.0,39.38909297477
RhoA perturbation; Rac1 response,EML_expr,G(G((R+R))),2,5,2,17.66667,44.7054921885,5.806444494935948,80.0,39.06262234983918
RhoA perturbation; Rac1 response,EML_expr,G(G((R+R))),2,5,2,18.0,44.263716705749985,5.744471784096954,80.0,38.681962209966706
RhoA perturbation; Rac1 response,EML_expr,G(G((R+R))),2,5,2,18.33333,42.8251505395,5.801277555080771,80.0,38.24628286969972
RhoA perturbation; Rac1 response,EML_expr,G(G((R+R))),2,5,2,18.66667,43.388878527625,5.829161035786278,80.0,37.75554487598035
RhoA perturbation; Rac1 response,EML_expr,G(G((R+R))),2,5,2,19.0,43.666588430625005,5.667702243793217,80.0,37.21055040046122
RhoA perturbation; Rac1 response,EML_expr,G(G((R+R))),2,5,2,19.33333,45.334017831999994,5.812417520349717,80.0,36.6128271656124
RhoA perturbation; Rac1 response,EML_expr,G(G((R+R))),2,5,2,19.66667,44.914543018875,5.79099819192254,80.0,35.96461393966753
RhoA perturbation; Rac1 response,EML_expr,G(G((R+R))),2,5,2,20.0,44.572232559250004,5.817052810245743,80.0,35.268854981697714
RhoA perturbation; Rac1 response,EML_expr,G(G((R+R))),2,5,2,20.33333,40.51139308287501,5.706678918618629,80.0,34.528997705548875
RhoA perturbation; Rac1 response,EML_expr,G(G((R+R))),2,5,2,20.66667,37.803339820625,5.442297824147259,80.0,33.74894990261777
RhoA perturbation; Rac1 response,EML_expr,G(G((R+R))),2,5,2,21.0,36.83530481274999,5.377426535933674,80.0,32.93305570192745
RhoA perturbation; Rac1 response,EML_expr,G(G((R+R))),2,5,2,21.33333,34.902504401749994,5.086190084460841,80.0,32.08585398013618
RhoA perturbation; Rac1 response,EML_expr,G(G((R+R))),2,5,2,21.66667,32.358773020124985,4.962234411776436,80.0,31.212046117516614
RhoA perturbation; Rac1 response,EML_expr,G(G((R+R))),2,5,2,22.0,31.058346401500007,4.718970813896896,80.0,30.316486301029215
RhoA perturbation; Rac1 response,EML_expr,G(G((R+R))),2,5,2,22.33333,30.659511084875,4.591853455206336,80.0,29.40393934248346
RhoA perturbation; Rac1 response,EML_expr,G(G((R+R))),2,5,2,22.66667,27.945735520249997,4.519291240834524,80.0,28.479081745392286
RhoA perturbation; Rac1 response,EML_expr,G(G((R+R))),2,5,2,23.0,29.499232588624988,4.379393433310475,80.0,27.546522288429692
RhoA perturbation; Rac1 response,EML_expr,G(G((R+R))),2,5,2,23.33333,26.421660202749997,4.194218334282237,80.0,26.6105811183412
RhoA perturbation; Rac1 response,EML_expr,G(G((R+R))),2,5,2,23.66667,25.22736179324999,4.17689653001624,80.0,25.67532894507677
RhoA perturbation; Rac1 response,EML_expr,G(G((R+R))),2,5,2,24.0,24.314893736374998,4.061461501574148,80.0,24.744638349321157
RhoA perturbation; Rac1 response,EML_expr,G(G((R+R))),2,5,2,24.33333,22.240597807375,3.843944873018156,80.0,23.821991506411656
RhoA perturbation; Rac1 response,EML_expr,G(G((R+R))),2,5,2,24.66667,21.553199025624988,3.6691485795747103,80.0,22.910550371262524
RhoA perturbation; Rac1 response,EML_expr,G(G((R+R))),2,5,2,25.0,19.863821151125,3.6468348086246767,80.0,22.013230297481883
RhoA perturbation; Rac1 response,EML_expr,G(G((R+R))),2,5,2,25.33333,16.932267740750003,3.4805307171673125,80.0,21.132535210004917
RhoA perturbation; Rac1 response,EML_expr,G(G((R+R))),2,5,2,25.66667,18.068718093875006,3.528808249145459,80.0,20.270646876867858
RhoA perturbation; Rac1 response,EML_expr,G(G((R+R))),2,5,2,26.0,16.248535159249997,3.4082234275501917,80.0,19.429509903634134
RhoA perturbation; Rac1 response,EML_expr,G(G((R+R))),2,5,2,26.33333,17.563465463875,3.382511521953084,80.0,18.61068986787256
RhoA perturbation; Rac1 response,EML_expr,G(G((R+R))),2,5,2,26.66667,15.361787431625,3.1845843076809692,80.0,17.81547007420985
RhoA perturbation; Rac1 response,EML_expr,G(G((R+R))),2,5,2,27.0,14.854973019500008,3.097704325022788,80.0,17.0449383511894
RhoA perturbation; Rac1 response,EML_expr,G(G((R+R))),2,5,2,27.33333,14.746504492124995,3.089208804848729,80.0,16.299863457169167
RhoA perturbation; Rac1 response,EML_expr,G(G((R+R))),2,5,2,27.66667,13.389730869875,2.86435067269115,80.0,15.5807904341911
RhoA perturbation; Rac1 response,EML_expr,G(G((R+R))),2,5,2,28.0,13.047866296875,2.7829199705590355,80.0,14.888122520754989
RhoA perturbation; Rac1 response,EML_expr,G(G((R+R))),2,5,2,28.33333,12.79419637099999,2.741318158577171,80.0,14.222012186981264
RhoA perturbation; Rac1 response,EML_expr,G(G((R+R))),2,5,2,28.66667,12.093769360875005,2.5876402780456833,80.0,13.582449436548988
RhoA perturbation; Rac1 response,EML_expr,G(G((R+R))),2,5,2,29.0,13.066173804999995,2.5590064226511555,80.0,12.96933506067988
RhoA perturbation; Rac1 response,EML_expr,G(G((R+R))),2,5,2,29.33333,11.962233619500001,2.2764795137535137,80.0,12.382383869464505
RhoA perturbation; Rac1 response,EML_expr,G(G((R+R))),2,5,2,29.66667,11.778198033,2.3065581426143087,80.0,11.821203055088256
RhoA perturbation; Rac1 response,EML_expr,G(G((R+R))),2,5,2,30.0,11.931489493625001,2.283206439036089,80.0,11.28535528391566
RhoA perturbation; Rac1 response,EML_expr,G(G((R+R))),2,5,2,30.33333,11.864284518250006,2.227124211277553,80.0,10.774272608049193
RhoA perturbation; Rac1 response,EML_expr,G(G((R+R))),2,5,2,30.66667,10.727707190500002,2.1617326843202975,80.0,10.287323979192553
RhoA perturbation; Rac1 response,EML_expr,G(G((R+R))),2,5,2,31.0,11.321055857875002,2.1133653218609703,80.0,9.823868173050176
RhoA perturbation; Rac1 response,EML_expr,G(G((R+R))),2,5,2,31.33333,9.681192162124999,2.075053951855054,80.0,9.383177411279226
RhoA perturbation; Rac1 response,EML_expr,G(G((R+R))),2,5,2,31.66667,9.858793051125001,1.9731991137083271,80.0,8.964494342512811
RhoA perturbation; Rac1 response,EML_expr,G(G((R+R))),2,5,2,32.0,9.751500392875,1.8185354370605673,80.0,8.567075633581219
RhoA perturbation; Rac1 response,EML_expr,G(G((R+R))),2,5,2,32.33333,10.423419645,1.8611195091302073,80.0,8.190124586343643
RhoA perturbation; Rac1 response,EML_expr,G(G((R+R))),2,5,2,32.66667,9.1168839295,1.8294995092749495,80.0,7.8328385546203005
RhoA perturbation; Rac1 response,EML_expr,G(G((R+R))),2,5,2,33.0,7.897097908499991,1.7983095647373577,80.0,7.494444410385757
RhoA perturbation; Rac1 response,EML_expr,G(G((R+R))),2,5,2,33.33333,7.189429227124994,1.7042641393511773,80.0,7.174139515749772
RhoA perturbation; Rac1 response,EML_expr,G(G((R+R))),2,5,2,33.66667,7.7557665621249985,1.7977748334996162,80.0,6.87113081095398
RhoA perturbation; Rac1 response,EML_expr,G(G((R+R))),2,5,2,34.0,7.001074584124995,1.9620248084976701,80.0,6.584663446303771
RhoA perturbation; Rac1 response,EML_expr,G(G((R+R))),2,5,2,34.33333,7.552257760375001,1.8208534926932152,80.0,6.313969460949441
RhoA perturbation; Rac1 response,EML_expr,G(G((R+R))),2,5,2,34.66667,6.673025697000003,1.8516300730445912,80.0,6.058299811746053
RhoA perturbation; Rac1 response,EML_expr,G(G((R+R))),2,5,2,35.0,7.022828758875003,1.8260248447738565,80.0,5.816947385407639
RhoA perturbation; Rac1 response,EML_expr,G(G((R+R))),2,5,2,35.33333,5.354098614625,1.727030919005176,80.0,5.589202703550629
RhoA perturbation; Rac1 response,EML_expr,G(G((R+R))),2,5,2,35.66667,6.334587531499996,1.7152440553908999,80.0,5.3743800740151855
RhoA perturbation; Rac1 response,EML_expr,G(G((R+R))),2,5,2,36.0,4.428455727374998,1.7127589728698311,80.0,5.171836049325457
RhoA perturbation; Rac1 response,EML_expr,G(G((R+R))),2,5,2,36.33333,4.410370907000005,1.613681805084379,80.0,4.9809314541854235
RhoA perturbation; Rac1 response,EML_expr,G(G((R+R))),2,5,2,36.66667,4.115654407875,1.625652970086845,80.0,4.801052698875561
RhoA perturbation; Rac1 response,EML_expr,G(G((R+R))),2,5,2,37.0,4.479636555875,1.7000713535578325,80.0,4.631626581198629
RhoA perturbation; Rac1 response,EML_expr,G(G((R+R))),2,5,2,37.33333,2.868887833624999,1.662513012809657,80.0,4.472087930910553
RhoA perturbation; Rac1 response,EML_expr,G(G((R+R))),2,5,2,37.66667,4.2424165142499985,1.7261812779100496,80.0,4.321896968999054
RhoA perturbation; Rac1 response,EML_expr,G(G((R+R))),2,5,2,38.0,4.4917785188750035,1.6113699205025556,80.0,4.180551188485613
RhoA perturbation; Rac1 response,EML_expr,G(G((R+R))),2,5,2,38.33333,3.819373902500002,1.7679290644372516,80.0,4.047557930992277
RhoA perturbation; Rac1 response,EML_expr,G(G((R+R))),2,5,2,38.66667,3.0226327430000017,1.804166249213009,80.0,3.922448527452463
RhoA perturbation; Rac1 response,EML_expr,G(G((R+R))),2,5,2,39.0,3.471399687500001,1.7428258510903027,80.0,3.804787850342442
RhoA perturbation; Rac1 response,EML_expr,G(G((R+R))),2,5,2,39.33333,3.5710842597500005,1.6776002402277683,80.0,3.694151176818485
RhoA perturbation; Rac1 response,EML_expr,G(G((R+R))),2,5,2,39.66667,3.4638432541250013,1.587218421349147,80.0,3.5901357148026456
RhoA perturbation; Rac1 response,EML_expr,G(G((R+R))),2,5,2,40.0,4.459667909874997,1.7199645389940506,80.0,3.492368299331158
RhoA perturbation; Rac1 response,EML_expr,G(G(G(R))),3,4,3,0.0,-0.9931512857500001,0.2930358516672621,80.0,-0.36360273652416414
RhoA perturbation; Rac1 response,EML_expr,G(G(G(R))),3,4,3,0.3333333,14.05484543712499,2.7689854655564425,80.0,7.461621972983554
RhoA perturbation; Rac1 response,EML_expr,G(G(G(R))),3,4,3,0.6666667,17.840202627750003,3.2205576531637807,80.0,12.104577342486968
RhoA perturbation; Rac1 response,EML_expr,G(G(G(R))),3,4,3,1.0,19.956233638750003,3.442955807410961,80.0,15.480072940260378
RhoA perturbation; Rac1 response,EML_expr,G(G(G(R))),3,4,3,1.333333,21.843358484374992,3.5875551291744125,80.0,18.047290062293403
RhoA perturbation; Rac1 response,EML_expr,G(G(G(R))),3,4,3,1.666667,20.794324358125007,3.7574895152656023,80.0,20.03406503746884
RhoA perturbation; Rac1 response,EML_expr,G(G(G(R))),3,4,3,2.0,22.349197607374983,3.906772941300473,80.0,21.574269151104055
RhoA perturbation; Rac1 response,EML_expr,G(G(G(R))),3,4,3,2.333333,22.23171431124999,4.062614000548535,80.0,22.750683960463565
RhoA perturbation; Rac1 response,EML_expr,G(G(G(R))),3,4,3,2.666667,24.265378724125007,4.179210356349098,80.0,23.6105027371354
RhoA perturbation; Rac1 response,EML_expr,G(G(G(R))),3,4,3,3.0,25.918459290375004,4.414457016384039,80.0,24.164751534530588
RhoA perturbation; Rac1 response,EML_expr,G(G(G(R))),3,4,3,3.333333,25.84004893499999,4.527815666649435,80.0,24.352296396231367
RhoA perturbation; Rac1 response,EML_expr,G(G(G(R))),3,4,3,3.666667,25.84496122112501,4.766097323169697,80.0,24.187871990595568
RhoA perturbation; Rac1 response,EML_expr,G(G(G(R))),3,4,3,4.0,25.811583304499987,4.749304233032243,80.0,26.544119313313022
RhoA perturbation; Rac1 response,EML_expr,G(G(G(R))),3,4,3,4.333334,29.75857579150001,4.958198392281836,80.0,28.491428056134964
RhoA perturbation; Rac1 response,EML_expr,G(G(G(R))),3,4,3,4.666667,27.878301637000003,5.050262659092711,80.0,30.119348973177935
RhoA perturbation; Rac1 response,EML_expr,G(G(G(R))),3,4,3,5.0,30.594271491749986,5.113990815370671,80.0,31.49278724372698
RhoA perturbation; Rac1 response,EML_expr,G(G(G(R))),3,4,3,5.333334,32.134596649375005,5.15048245258548,80.0,32.660340338985385
RhoA perturbation; Rac1 response,EML_expr,G(G(G(R))),3,4,3,5.666667,31.656008856874998,5.1193289143828835,80.0,33.65928144054203
RhoA perturbation; Rac1 response,EML_expr,G(G(G(R))),3,4,3,6.0,32.08497583187501,5.152554104036383,80.0,34.518756113595494
RhoA perturbation; Rac1 response,EML_expr,G(G(G(R))),3,4,3,6.333334,32.85001744749998,5.187868992485546,80.0,35.261890694684844
RhoA perturbation; Rac1 response,EML_expr,G(G(G(R))),3,4,3,6.666667,33.21562006187501,5.280109422853797,80.0,35.907257767459505
RhoA perturbation; Rac1 response,EML_expr,G(G(G(R))),3,4,3,7.0,34.55065387687502,5.202673773628684,80.0,36.46993948383402
RhoA perturbation; Rac1 response,EML_expr,G(G(G(R))),3,4,3,7.333334,34.70303551737499,5.243391533936802,80.0,36.9622879395453
RhoA perturbation; Rac1 response,EML_expr,G(G(G(R))),3,4,3,7.666667,35.43317001200001,5.359945574131809,80.0,37.39449512002904
RhoA perturbation; Rac1 response,EML_expr,G(G(G(R))),3,4,3,8.0,35.21082664687499,5.293810489019405,80.0,37.775036636315484
RhoA perturbation; Rac1 response,EML_expr,G(G(G(R))),3,4,3,8.333333,34.38095184412499,5.239779563766989,80.0,38.111000269902725
RhoA perturbation; Rac1 response,EML_expr,G(G(G(R))),3,4,3,8.666667,34.51231650587501,5.337311100437704,80.0,38.40834895662234
RhoA perturbation; Rac1 response,EML_expr,G(G(G(R))),3,4,3,9.0,36.739394404125,5.316336836358264,80.0,38.67212235760662
RhoA perturbation; Rac1 response,EML_expr,G(G(G(R))),3,4,3,9.333333,35.86836106362501,5.531727310296695,80.0,38.90660498480292
RhoA perturbation; Rac1 response,EML_expr,G(G(G(R))),3,4,3,9.666667,36.407556719374995,5.428268466568994,80.0,39.115453441894694
RhoA perturbation; Rac1 response,EML_expr,G(G(G(R))),3,4,3,10.0,35.335303085250004,5.434029141654743,80.0,39.301800013608705
RhoA perturbation; Rac1 response,EML_expr,G(G(G(R))),3,4,3,10.33333,35.160878269624995,5.396729922961505,80.0,39.46834026677306
RhoA perturbation; Rac1 response,EML_expr,G(G(G(R))),3,4,3,10.66667,36.24939250387503,5.538121957950258,80.0,39.61740887554949
RhoA perturbation; Rac1 response,EML_expr,G(G(G(R))),3,4,3,11.0,37.37152335212499,5.528340849936087,80.0,39.75101518508472
RhoA perturbation; Rac1 response,EML_expr,G(G(G(R))),3,4,3,11.33333,38.74832157974999,5.533748750438115,80.0,39.87091888321184
RhoA perturbation; Rac1 response,EML_expr,G(G(G(R))),3,4,3,11.66667,38.07010675412502,5.543759331789647,80.0,39.978653823221975
RhoA perturbation; Rac1 response,EML_expr,G(G(G(R))),3,4,3,12.0,39.63976049699998,5.670038938734038,80.0,40.07555274533262
RhoA perturbation; Rac1 response,EML_expr,G(G(G(R))),3,4,3,12.33333,39.877722357875015,5.6815290829271685,80.0,40.162793829878915
RhoA perturbation; Rac1 response,EML_expr,G(G(G(R))),3,4,3,12.66667,41.43385763199999,5.604815366791928,80.0,40.24141250073579
RhoA perturbation; Rac1 response,EML_expr,G(G(G(R))),3,4,3,13.0,41.57483332500002,5.6808779593278755,80.0,40.3123146538973
RhoA perturbation; Rac1 response,EML_expr,G(G(G(R))),3,4,3,13.33333,42.19735376224999,5.733610998560068,80.0,40.37630597789178
RhoA perturbation; Rac1 response,EML_expr,G(G(G(R))),3,4,3,13.66667,40.362294325375004,5.723266613190431,80.0,40.43409420287887
RhoA perturbation; Rac1 response,EML_expr,G(G(G(R))),3,4,3,14.0,39.47222318150003,5.696522983669431,80.0,40.48628668615091
RhoA perturbation; Rac1 response,EML_expr,G(G(G(R))),3,4,3,14.33333,39.705036106124986,5.583156165948099,80.0,40.533387143896114
RhoA perturbation; Rac1 response,EML_expr,G(G(G(R))),3,4,3,14.66667,40.851035414875,5.6522790317061204,80.0,40.575749289145264
RhoA perturbation; Rac1 response,EML_expr,G(G(G(R))),3,4,3,15.0,40.54514006962498,5.6768523043026615,80.0,40.613492293149214
RhoA perturbation; Rac1 response,EML_expr,G(G(G(R))),3,4,3,15.33333,41.32761998424999,5.630671607329237,80.0,40.64637370253316
RhoA perturbation; Rac1 response,EML_expr,G(G(G(R))),3,4,3,15.66667,40.73784667475,5.69717178960748,80.0,40.67359350680854
RhoA perturbation; Rac1 response,EML_expr,G(G(G(R))),3,4,3,16.0,42.584126971625,5.770515788632695,80.0,40.69355631802489
RhoA perturbation; Rac1 response,EML_expr,G(G(G(R))),3,4,3,16.33333,41.846711594625,5.8275534461558385,80.0,40.703625469449904
RhoA perturbation; Rac1 response,EML_expr,G(G(G(R))),3,4,3,16.66667,40.94162946050001,5.733888215518726,80.0,40.69989519416307
RhoA perturbation; Rac1 response,EML_expr,G(G(G(R))),3,4,3,17.0,43.055054836375035,5.754478083690295,80.0,40.6770360679245
RhoA perturbation; Rac1 response,EML_expr,G(G(G(R))),3,4,3,17.33333,42.855766021125014,5.6963691598033295,80.0,40.628231036988524
RhoA perturbation; Rac1 response,EML_expr,G(G(G(R))),3,4,3,17.66667,44.7054921885,5.806444494935948,80.0,40.54520096121804
RhoA perturbation; Rac1 response,EML_expr,G(G(G(R))),3,4,3,18.0,44.263716705749985,5.744471784096954,80.0,40.418311854185454
RhoA perturbation; Rac1 response,EML_expr,G(G(G(R))),3,4,3,18.33333,42.8251505395,5.801277555080771,80.0,40.23668642306283
RhoA perturbation; Rac1 response,EML_expr,G(G(G(R))),3,4,3,18.66667,43.388878527625,5.829161035786278,80.0,39.98832639741453
RhoA perturbation; Rac1 response,EML_expr,G(G(G(R))),3,4,3,19.0,43.666588430625005,5.667702243793217,80.0,39.660244872228674
RhoA perturbation; Rac1 response,EML_expr,G(G(G(R))),3,4,3,19.33333,45.334017831999994,5.812417520349717,80.0,39.238511193909325
RhoA perturbation; Rac1 response,EML_expr,G(G(G(R))),3,4,3,19.66667,44.914543018875,5.79099819192254,80.0,38.708358530327125
RhoA perturbation; Rac1 response,EML_expr,G(G(G(R))),3,4,3,20.0,44.572232559250004,5.817052810245743,80.0,38.05437704581983
RhoA perturbation; Rac1 response,EML_expr,G(G(G(R))),3,4,3,20.33333,40.51139308287501,5.706678918618629,80.0,37.26060265895591
RhoA perturbation; Rac1 response,EML_expr,G(G(G(R))),3,4,3,20.66667,37.803339820625,5.442297824147259,80.0,36.310775748834544
RhoA perturbation; Rac1 response,EML_expr,G(G(G(R))),3,4,3,21.0,36.83530481274999,5.377426535933674,80.0,35.18869345846149
RhoA perturbation; Rac1 response,EML_expr,G(G(G(R))),3,4,3,21.33333,34.902504401749994,5.086190084460841,80.0,33.87825448761379
RhoA perturbation; Rac1 response,EML_expr,G(G(G(R))),3,4,3,21.66667,32.358773020124985,4.962234411776436,80.0,32.363631149637705
RhoA perturbation; Rac1 response,EML_expr,G(G(G(R))),3,4,3,22.0,31.058346401500007,4.718970813896896,80.0,30.62935186169626
RhoA perturbation; Rac1 response,EML_expr,G(G(G(R))),3,4,3,22.33333,30.659511084875,4.591853455206336,80.0,28.659645311130394
RhoA perturbation; Rac1 response,EML_expr,G(G(G(R))),3,4,3,22.66667,27.945735520249997,4.519291240834524,80.0,26.437692643600524
RhoA perturbation; Rac1 response,EML_expr,G(G(G(R))),3,4,3,23.0,29.499232588624988,4.379393433310475,80.0,23.94426096259797
RhoA perturbation; Rac1 response,EML_expr,G(G(G(R))),3,4,3,23.33333,26.421660202749997,4.194218334282237,80.0,24.354520725223413
RhoA perturbation; Rac1 response,EML_expr,G(G(G(R))),3,4,3,23.66667,25.22736179324999,4.17689653001624,80.0,24.19936667692173
RhoA perturbation; Rac1 response,EML_expr,G(G(G(R))),3,4,3,24.0,24.314893736374998,4.061461501574148,80.0,23.81248027651485
RhoA perturbation; Rac1 response,EML_expr,G(G(G(R))),3,4,3,24.33333,22.240597807375,3.843944873018156,80.0,23.292918858085695
RhoA perturbation; Rac1 response,EML_expr,G(G(G(R))),3,4,3,24.66667,21.553199025624988,3.6691485795747103,80.0,22.68482285262466
RhoA perturbation; Rac1 response,EML_expr,G(G(G(R))),3,4,3,25.0,19.863821151125,3.6468348086246767,80.0,22.014442028569018
RhoA perturbation; Rac1 response,EML_expr,G(G(G(R))),3,4,3,25.33333,16.932267740750003,3.4805307171673125,80.0,21.29988048855084
RhoA perturbation; Rac1 response,EML_expr,G(G(G(R))),3,4,3,25.66667,18.068718093875006,3.528808249145459,80.0,20.554831164701717
RhoA perturbation; Rac1 response,EML_expr,G(G(G(R))),3,4,3,26.0,16.248535159249997,3.4082234275501917,80.0,19.790302812606104
RhoA perturbation; Rac1 response,EML_expr,G(G(G(R))),3,4,3,26.33333,17.563465463875,3.382511521953084,80.0,19.015321554026894
RhoA perturbation; Rac1 response,EML_expr,G(G(G(R))),3,4,3,26.66667,15.361787431625,3.1845843076809692,80.0,18.237459646648933
RhoA perturbation; Rac1 response,EML_expr,G(G(G(R))),3,4,3,27.0,14.854973019500008,3.097704325022788,80.0,17.463185310283873
RhoA perturbation; Rac1 response,EML_expr,G(G(G(R))),3,4,3,27.33333,14.746504492124995,3.089208804848729,80.0,16.697903932472876
RhoA perturbation; Rac1 response,EML_expr,G(G(G(R))),3,4,3,27.66667,13.389730869875,2.86435067269115,80.0,15.946158021354051
RhoA perturbation; Rac1 response,EML_expr,G(G(G(R))),3,4,3,28.0,13.047866296875,2.7829199705590355,80.0,15.211792831467529
RhoA perturbation; Rac1 response,EML_expr,G(G(G(R))),3,4,3,28.33333,12.79419637099999,2.741318158577171,80.0,14.497902864914984
RhoA perturbation; Rac1 response,EML_expr,G(G(G(R))),3,4,3,28.66667,12.093769360875005,2.5876402780456833,80.0,13.806973830499144
RhoA perturbation; Rac1 response,EML_expr,G(G(G(R))),3,4,3,29.0,13.066173804999995,2.5590064226511555,80.0,13.141006831151927
RhoA perturbation; Rac1 response,EML_expr,G(G(G(R))),3,4,3,29.33333,11.962233619500001,2.2764795137535137,80.0,12.5014537030558
RhoA perturbation; Rac1 response,EML_expr,G(G(G(R))),3,4,3,29.66667,11.778198033,2.3065581426143087,80.0,11.88933848681544
RhoA perturbation; Rac1 response,EML_expr,G(G(G(R))),3,4,3,30.0,11.931489493625001,2.283206439036089,80.0,11.305361033998906
RhoA perturbation; Rac1 response,EML_expr,G(G(G(R))),3,4,3,30.33333,11.864284518250006,2.227124211277553,80.0,10.749835318141297
RhoA perturbation; Rac1 response,EML_expr,G(G(G(R))),3,4,3,30.66667,10.727707190500002,2.1617326843202975,80.0,10.222793345216552
RhoA perturbation; Rac1 response,EML_expr,G(G(G(R))),3,4,3,31.0,11.321055857875002,2.1133653218609703,80.0,9.724070208969767
RhoA perturbation; Rac1 response,EML_expr,G(G(G(R))),3,4,3,31.33333,9.681192162124999,2.075053951855054,80.0,9.253247157517606
RhoA perturbation; Rac1 response,EML_expr,G(G(G(R))),3,4,3,31.66667,9.858793051125001,1.9731991137083271,80.0,8.809737227788462
RhoA perturbation; Rac1 response,EML_expr,G(G(G(R))),3,4,3,32.0,9.751500392875,1.8185354370605673,80.0,8.39285244761815
RhoA perturbation; Rac1 response,EML_expr,G(G(G(R))),3,4,3,32.33333,10.423419645,1.8611195091302073,80.0,8.001751817681095
RhoA perturbation; Rac1 response,EML_expr,G(G(G(R))),3,4,3,32.66667,9.1168839295,1.8294995092749495,80.0,7.63550937904145
RhoA perturbation; Rac1 response,EML_expr,G(G(G(R))),3,4,3,33.0,7.897097908499991,1.7983095647373577,80.0,7.293165451848826
RhoA perturbation; Rac1 response,EML_expr,G(G(G(R))),3,4,3,33.33333,7.189429227124994,1.7042641393511773,80.0,6.973679794665581
RhoA perturbation; Rac1 response,EML_expr,G(G(G(R))),3,4,3,33.66667,7.7557665621249985,1.7977748334996162,80.0,6.675984182906072
RhoA perturbation; Rac1 response,EML_expr,G(G(G(R))),3,4,3,34.0,7.001074584124995,1.9620248084976701,80.0,6.399020357240527
RhoA perturbation; Rac1 response,EML_expr,G(G(G(R))),3,4,3,34.33333,7.552257760375001,1.8208534926932152,80.0,6.1416986488441365
RhoA perturbation; Rac1 response,EML_expr,G(G(G(R))),3,4,3,34.66667,6.673025697000003,1.8516300730445912,80.0,5.902937709086193
RhoA perturbation; Rac1 response,EML_expr,G(G(G(R))),3,4,3,35.0,7.022828758875003,1.8260248447738565,80.0,5.68169195024111
RhoA perturbation; Rac1 response,EML_expr,G(G(G(R))),3,4,3,35.33333,5.354098614625,1.727030919005176,80.0,5.476915723048009
RhoA perturbation; Rac1 response,EML_expr,G(G(G(R))),3,4,3,35.66667,6.334587531499996,1.7152440553908999,80.0,5.287592806331465
RhoA perturbation; Rac1 response,EML_expr,G(G(G(R))),3,4,3,36.0,4.428455727374998,1.7127589728698311,80.0,5.112755825564436
RhoA perturbation; Rac1 response,EML_expr,G(G(G(R))),3,4,3,36.33333,4.410370907000005,1.613681805084379,80.0,4.951455793411205
RhoA perturbation; Rac1 response,EML_expr,G(G(G(R))),3,4,3,36.66667,4.115654407875,1.625652970086845,80.0,4.80278365088828
RhoA perturbation; Rac1 response,EML_expr,G(G(G(R))),3,4,3,37.0,4.479636555875,1.7000713535578325,80.0,4.6658837090607195
RhoA perturbation; Rac1 response,EML_expr,G(G(G(R))),3,4,3,37.33333,2.868887833624999,1.662513012809657,80.0,4.539928140743442
RhoA perturbation; Rac1 response,EML_expr,G(G(G(R))),3,4,3,37.66667,4.2424165142499985,1.7261812779100496,80.0,4.424132471563697
RhoA perturbation; Rac1 response,EML_expr,G(G(G(R))),3,4,3,38.0,4.4917785188750035,1.6113699205025556,80.0,4.3177646580843305
RhoA perturbation; Rac1 response,EML_expr,G(G(G(R))),3,4,3,38.33333,3.819373902500002,1.7679290644372516,80.0,4.220123995461591
RhoA perturbation; Rac1 response,EML_expr,G(G(G(R))),3,4,3,38.66667,3.0226327430000017,1.804166249213009,80.0,4.130552085892684
RhoA perturbation; Rac1 response,EML_expr,G(G(G(R))),3,4,3,39.0,3.471399687500001,1.7428258510903027,80.0,4.048438799479383
RhoA perturbation; Rac1 response,EML_expr,G(G(G(R))),3,4,3,39.33333,3.5710842597500005,1.6776002402277683,80.0,3.9732050255394826
RhoA perturbation; Rac1 response,EML_expr,G(G(G(R))),3,4,3,39.66667,3.4638432541250013,1.587218421349147,80.0,3.904310325950278
RhoA perturbation; Rac1 response,EML_expr,G(G(G(R))),3,4,3,40.0,4.459667909874997,1.7199645389940506,80.0,3.8412567262131754
Rac1 perturbation; RhoA response,linear_R,R,0,1,0,0.0,-1.3762895822549015,0.50411235386505,102.0,-1.3762924144682136
Rac1 perturbation; RhoA response,linear_R,R,0,1,0,0.3333333,21.80185077156863,3.422024980475965,102.0,20.267896212340435
Rac1 perturbation; RhoA response,linear_R,R,0,1,0,0.6666667,30.611781803333344,4.267726477815583,102.0,20.270804313157157
Rac1 perturbation; RhoA response,linear_R,R,0,1,0,1.0,36.53921146166665,4.7264010770576395,102.0,20.270804703886878
Rac1 perturbation; RhoA response,linear_R,R,0,1,0,1.333333,40.477224400588234,4.96975511730596,102.0,20.270804703939376
Rac1 perturbation; RhoA response,linear_R,R,0,1,0,1.666667,43.672935604509775,5.187860435813586,102.0,20.270804703939383
Rac1 perturbation; RhoA response,linear_R,R,0,1,0,2.0,45.44188075156865,5.219705333024379,102.0,20.270804703939383
Rac1 perturbation; RhoA response,linear_R,R,0,1,0,2.333333,47.868677996862765,5.318296797389352,102.0,20.270804703939383
Rac1 perturbation; RhoA response,linear_R,R,0,1,0,2.666667,49.029414602647094,5.380577874091345,102.0,20.270804703939383
Rac1 perturbation; RhoA response,linear_R,R,0,1,0,3.0,48.87878536852945,5.4279260084635395,102.0,20.270804703939383
Rac1 perturbation; RhoA response,linear_R,R,0,1,0,3.333333,49.545590385490236,5.424570471400211,102.0,20.270804703939383
Rac1 perturbation; RhoA response,linear_R,R,0,1,0,3.666667,50.60425583872549,5.496107309152899,102.0,20.270804703939383
Rac1 perturbation; RhoA response,linear_R,R,0,1,0,4.0,51.097094013823536,5.375149351545362,102.0,20.270804703939383
Rac1 perturbation; RhoA response,linear_R,R,0,1,0,4.333334,51.92032161539212,5.5017946234984585,102.0,20.270804703939383
Rac1 perturbation; RhoA response,linear_R,R,0,1,0,4.666667,53.32254371009807,5.471471875035747,102.0,20.270804703939383
Rac1 perturbation; RhoA response,linear_R,R,0,1,0,5.0,53.65529186735294,5.5488078085022225,102.0,20.270804703939383
Rac1 perturbation; RhoA response,linear_R,R,0,1,0,5.333334,53.23606688637256,5.6422528946411745,102.0,20.270804703939383
Rac1 perturbation; RhoA response,linear_R,R,0,1,0,5.666667,54.337714760000026,5.627293786005503,102.0,20.270804703939383
Rac1 perturbation; RhoA response,linear_R,R,0,1,0,6.0,55.12635692107845,5.643440842444053,102.0,20.270804703939383
Rac1 perturbation; RhoA response,linear_R,R,0,1,0,6.333334,55.17007110450979,5.701209437509858,102.0,20.270804703939383
Rac1 perturbation; RhoA response,linear_R,R,0,1,0,6.666667,56.69644097803922,5.717524859993219,102.0,20.270804703939383
Rac1 perturbation; RhoA response,linear_R,R,0,1,0,7.0,56.69522668107843,5.77149142849537,102.0,20.270804703939383
Rac1 perturbation; RhoA response,linear_R,R,0,1,0,7.333334,58.28530611843136,5.761652468322007,102.0,20.270804703939383
Rac1 perturbation; RhoA response,linear_R,R,0,1,0,7.666667,56.961419657647085,5.735573448742369,102.0,20.270804703939383
Rac1 perturbation; RhoA response,linear_R,R,0,1,0,8.0,57.82338275784312,5.783570548698452,102.0,20.270804703939383
Rac1 perturbation; RhoA response,linear_R,R,0,1,0,8.333333,57.75019856147062,5.826416212905212,102.0,20.270804703939383
Rac1 perturbation; RhoA response,linear_R,R,0,1,0,8.666667,57.203753222352915,5.852569095038439,102.0,20.270804703939383
Rac1 perturbation; RhoA response,linear_R,R,0,1,0,9.0,59.05442461176468,5.764011948896135,102.0,20.270804703939383
Rac1 perturbation; RhoA response,linear_R,R,0,1,0,9.333333,59.10767345686274,5.811593078418382,102.0,20.270804703939383
Rac1 perturbation; RhoA response,linear_R,R,0,1,0,9.666667,59.51643125921565,5.796861784424392,102.0,20.270804703939383
Rac1 perturbation; RhoA response,linear_R,R,0,1,0,10.0,58.97425116039215,5.880594663651929,102.0,20.270804703939383
Rac1 perturbation; RhoA response,linear_R,R,0,1,0,10.33333,59.97277649754901,5.925760585001861,102.0,20.270804703939383
Rac1 perturbation; RhoA response,linear_R,R,0,1,0,10.66667,59.67217276107842,5.911423324421129,102.0,20.270804703939383
Rac1 perturbation; RhoA response,linear_R,R,0,1,0,11.0,59.94570601833335,5.938615244252045,102.0,20.270804703939383
Rac1 perturbation; RhoA response,linear_R,R,0,1,0,11.33333,60.26858066990196,5.969688831347074,102.0,20.270804703939383
Rac1 perturbation; RhoA response,linear_R,R,0,1,0,11.66667,60.39380383892158,6.000789739288233,102.0,20.270804703939383
Rac1 perturbation; RhoA response,linear_R,R,0,1,0,12.0,60.59690535833334,6.002558505598481,102.0,20.270804703939383
Rac1 perturbation; RhoA response,linear_R,R,0,1,0,12.33333,61.123595551960754,6.037858062722709,102.0,20.270804703939383
Rac1 perturbation; RhoA response,linear_R,R,0,1,0,12.66667,59.86330000117649,6.008450062217623,102.0,20.270804703939383
Rac1 perturbation; RhoA response,linear_R,R,0,1,0,13.0,60.16060124039215,6.045579739948293,102.0,20.270804703939383
Rac1 perturbation; RhoA response,linear_R,R,0,1,0,13.33333,60.81838072127449,6.051579153459915,102.0,20.270804703939383
Rac1 perturbation; RhoA response,linear_R,R,0,1,0,13.66667,59.48289247960783,6.053387283634875,102.0,20.270804703939383
Rac1 perturbation; RhoA response,linear_R,R,0,1,0,14.0,60.599503611764675,6.119341040924408,102.0,20.270804703939383
Rac1 perturbation; RhoA response,linear_R,R,0,1,0,14.33333,60.19987780362744,6.0850591297034455,102.0,20.270804703939383
Rac1 perturbation; RhoA response,linear_R,R,0,1,0,14.66667,59.93194524715691,6.106322483011755,102.0,20.270804703939383
Rac1 perturbation; RhoA response,linear_R,R,0,1,0,15.0,60.337562376274484,6.078237746506857,102.0,20.270804703939383
Rac1 perturbation; RhoA response,linear_R,R,0,1,0,15.33333,59.58158538578434,6.207874054728857,102.0,20.270804703939383
Rac1 perturbation; RhoA response,linear_R,R,0,1,0,15.66667,60.71967915656863,6.093759525579715,102.0,20.270804703939383
Rac1 perturbation; RhoA response,linear_R,R,0,1,0,16.0,59.92963646921569,6.152597945396288,102.0,20.270804703939383
Rac1 perturbation; RhoA response,linear_R,R,0,1,0,16.33333,60.424480239313745,6.1628092434583905,102.0,20.270804703939383
Rac1 perturbation; RhoA response,linear_R,R,0,1,0,16.66667,60.825864639607836,6.093484097308075,102.0,20.270804703939383
Rac1 perturbation; RhoA response,linear_R,R,0,1,0,17.0,59.230446043823555,6.1847919298934935,102.0,20.270804703939383
Rac1 perturbation; RhoA response,linear_R,R,0,1,0,17.33333,59.53360226147061,6.144033862175193,102.0,20.270804703939383
Rac1 perturbation; RhoA response,linear_R,R,0,1,0,17.66667,60.603943836372565,6.146058064480174,102.0,20.270804703939383
Rac1 perturbation; RhoA response,linear_R,R,0,1,0,18.0,60.08698748911767,6.153517102502953,102.0,20.270804703939383
Rac1 perturbation; RhoA response,linear_R,R,0,1,0,18.33333,58.60493436343134,6.284901944529139,102.0,20.270804703939383
Rac1 perturbation; RhoA response,linear_R,R,0,1,0,18.66667,58.18239181794117,6.2687536088556275,102.0,20.270804703939383
Rac1 perturbation; RhoA response,linear_R,R,0,1,0,19.0,59.209288051666626,6.187989336239144,102.0,20.270804703939383
Rac1 perturbation; RhoA response,linear_R,R,0,1,0,19.33333,58.852119528431395,6.2289736432097715,102.0,20.270804703939383
Rac1 perturbation; RhoA response,linear_R,R,0,1,0,19.66667,58.169122079019594,6.2673284333163135,102.0,20.270804703939383
Rac1 perturbation; RhoA response,linear_R,R,0,1,0,20.0,60.252442538823544,6.211282861614537,102.0,20.270804703939383
Rac1 perturbation; RhoA response,linear_R,R,0,1,0,20.33333,54.93775363313726,5.937689612009537,102.0,20.270804703939383
Rac1 perturbation; RhoA response,linear_R,R,0,1,0,20.66667,53.41221635401958,5.695227244367421,102.0,20.270804703939383
Rac1 perturbation; RhoA response,linear_R,R,0,1,0,21.0,51.74590877382354,5.497075961536212,102.0,20.270804703939383
Rac1 perturbation; RhoA response,linear_R,R,0,1,0,21.33333,49.811513076666664,5.335278746646896,102.0,20.270804703939383
Rac1 perturbation; RhoA response,linear_R,R,0,1,0,21.66667,48.297746493235316,5.129799521430641,102.0,20.270804703939383
Rac1 perturbation; RhoA response,linear_R,R,0,1,0,22.0,45.60092938411764,4.995006420064211,102.0,20.270804703939383
Rac1 perturbation; RhoA response,linear_R,R,0,1,0,22.33333,44.4127340992157,4.8266340646873305,102.0,20.270804703939383
Rac1 perturbation; RhoA response,linear_R,R,0,1,0,22.66667,42.491818248921575,4.625541088577205,102.0,20.270804703939383
Rac1 perturbation; RhoA response,linear_R,R,0,1,0,23.0,41.659108101274484,4.515479641560975,102.0,20.270804703939383
Rac1 perturbation; RhoA response,linear_R,R,0,1,0,23.33333,38.6730312614706,4.488783836612278,102.0,20.270804703939383
Rac1 perturbation; RhoA response,linear_R,R,0,1,0,23.66667,38.53872666362746,4.129225207279518,102.0,20.270804703939383
Rac1 perturbation; RhoA response,linear_R,R,0,1,0,24.0,37.54951162980392,4.102495634891386,102.0,20.270804703939383
Rac1 perturbation; RhoA response,linear_R,R,0,1,0,24.33333,35.11277371294116,3.9638793036179685,102.0,20.270804703939383
Rac1 perturbation; RhoA response,linear_R,R,0,1,0,24.66667,35.0134794919608,3.7620191021991634,102.0,20.270804703939383
Rac1 perturbation; RhoA response,linear_R,R,0,1,0,25.0,32.11807277588238,3.9196736044049127,102.0,20.270804703939383
Rac1 perturbation; RhoA response,linear_R,R,0,1,0,25.33333,31.736724898627468,3.5403495985543985,102.0,20.270804703939383
Rac1 perturbation; RhoA response,linear_R,R,0,1,0,25.66667,30.718837153627458,3.397342988096774,102.0,20.270804703939383
Rac1 perturbation; RhoA response,linear_R,R,0,1,0,26.0,27.908241541372547,3.431207266681927,102.0,20.270804703939383
Rac1 perturbation; RhoA response,linear_R,R,0,1,0,26.33333,28.56984123049018,3.217931216224954,102.0,20.270804703939383
Rac1 perturbation; RhoA response,linear_R,R,0,1,0,26.66667,26.37594937568628,3.1554019459006484,102.0,20.270804703939383
Rac1 perturbation; RhoA response,linear_R,R,0,1,0,27.0,25.747825074019605,3.0542962188404728,102.0,20.270804703939383
Rac1 perturbation; RhoA response,linear_R,R,0,1,0,27.33333,24.73268942078432,2.9243926581318958,102.0,20.270804703939383
Rac1 perturbation; RhoA response,linear_R,R,0,1,0,27.66667,24.258557118431348,2.896928675563027,102.0,20.270804703939383
Rac1 perturbation; RhoA response,linear_R,R,0,1,0,28.0,23.011840799215722,2.7702758563838996,102.0,20.270804703939383
Rac1 perturbation; RhoA response,linear_R,R,0,1,0,28.33333,21.77760988117646,2.700625819371455,102.0,20.270804703939383
Rac1 perturbation; RhoA response,linear_R,R,0,1,0,28.66667,21.54180312882353,2.6256973587996195,102.0,20.270804703939383
Rac1 perturbation; RhoA response,linear_R,R,0,1,0,29.0,20.32287866245098,2.66995211310369,102.0,20.270804703939383
Rac1 perturbation; RhoA response,linear_R,R,0,1,0,29.33333,20.363870878333348,2.4945211722808143,102.0,20.270804703939383
Rac1 perturbation; RhoA response,linear_R,R,0,1,0,29.66667,19.97427564813725,2.4175255153915023,102.0,20.270804703939383
Rac1 perturbation; RhoA response,linear_R,R,0,1,0,30.0,17.7973158992157,2.5306698777694208,102.0,20.270804703939383
Rac1 perturbation; RhoA response,linear_R,R,0,1,0,30.33333,17.458103272352947,2.3291121650380746,102.0,20.270804703939383
Rac1 perturbation; RhoA response,linear_R,R,0,1,0,30.66667,16.752543151568634,2.262527913054402,102.0,20.270804703939383
Rac1 perturbation; RhoA response,linear_R,R,0,1,0,31.0,14.37553241666668,2.4586861511019147,102.0,20.270804703939383
Rac1 perturbation; RhoA response,linear_R,R,0,1,0,31.33333,13.515102849705887,2.4533890918269075,102.0,20.270804703939383
Rac1 perturbation; RhoA response,linear_R,R,0,1,0,31.66667,16.101014468627447,2.038048694449689,102.0,20.270804703939383
Rac1 perturbation; RhoA response,linear_R,R,0,1,0,32.0,14.126859001274509,1.9854514656714357,102.0,20.270804703939383
Rac1 perturbation; RhoA response,linear_R,R,0,1,0,32.33333,13.246295078725488,2.0531502378823445,102.0,20.270804703939383
Rac1 perturbation; RhoA response,linear_R,R,0,1,0,32.66667,12.516971541568626,2.040471503019399,102.0,20.270804703939383
Rac1 perturbation; RhoA response,linear_R,R,0,1,0,33.0,12.442076037156873,2.0134486287433977,102.0,20.270804703939383
Rac1 perturbation; RhoA response,linear_R,R,0,1,0,33.33333,12.216547963823531,1.8727446195322992,102.0,20.270804703939383
Rac1 perturbation; RhoA response,linear_R,R,0,1,0,33.66667,11.682215155196088,1.8560369327016877,102.0,20.270804703939383
Rac1 perturbation; RhoA response,linear_R,R,0,1,0,34.0,10.906749343823531,1.8787041449193262,102.0,20.270804703939383
Rac1 perturbation; RhoA response,linear_R,R,0,1,0,34.33333,11.297668761078432,1.8448578953953105,102.0,20.270804703939383
Rac1 perturbation; RhoA response,linear_R,R,0,1,0,34.66667,12.379576779705877,1.8287141006657635,102.0,20.270804703939383
Rac1 perturbation; RhoA response,linear_R,R,0,1,0,35.0,10.84845148784313,1.8385037400772086,102.0,20.270804703939383
Rac1 perturbation; RhoA response,linear_R,R,0,1,0,35.33333,11.238808759313724,1.7713856536652122,102.0,20.270804703939383
Rac1 perturbation; RhoA response,linear_R,R,0,1,0,35.66667,11.247143731274516,1.718822062362493,102.0,20.270804703939383
Rac1 perturbation; RhoA response,linear_R,R,0,1,0,36.0,10.426152883627456,1.7539688826656712,102.0,20.270804703939383
Rac1 perturbation; RhoA response,linear_R,R,0,1,0,36.33333,11.260318706862732,1.6868161769351129,102.0,20.270804703939383
Rac1 perturbation; RhoA response,linear_R,R,0,1,0,36.66667,9.972245372254905,1.7253956850272392,102.0,20.270804703939383
Rac1 perturbation; RhoA response,linear_R,R,0,1,0,37.0,10.654978836470594,1.7021852829646875,102.0,20.270804703939383
Rac1 perturbation; RhoA response,linear_R,R,0,1,0,37.33333,9.74520202176471,1.696097020042852,102.0,20.270804703939383
Rac1 perturbation; RhoA response,linear_R,R,0,1,0,37.66667,9.260330918921571,1.701754690667574,102.0,20.270804703939383
Rac1 perturbation; RhoA response,linear_R,R,0,1,0,38.0,9.296067204705885,1.7005456129781193,102.0,20.270804703939383
Rac1 perturbation; RhoA response,linear_R,R,0,1,0,38.33333,10.309174082549015,1.704818568689371,102.0,20.270804703939383
Rac1 perturbation; RhoA response,linear_R,R,0,1,0,38.66667,8.86877129264706,1.6918583576513293,102.0,20.270804703939383
Rac1 perturbation; RhoA response,linear_R,R,0,1,0,39.0,8.963871901960788,1.6809574639558549,102.0,20.270804703939383
Rac1 perturbation; RhoA response,linear_R,R,0,1,0,39.33333,9.20126891764706,1.6523584950996888,102.0,20.270804703939383
Rac1 perturbation; RhoA response,linear_R,R,0,1,0,39.66667,7.3494802596078435,1.833555564668603,102.0,20.270804703939383
Rac1 perturbation; RhoA response,linear_R,R,0,1,0,40.0,8.58402001862745,1.5668875650562373,102.0,20.270804703939383
Rac1 perturbation; RhoA response,hill,R^h/(K^h+R^h),0,1,0,0.0,-1.3762895822549015,0.50411235386505,102.0,-1.376285696018606
Rac1 perturbation; RhoA response,hill,R^h/(K^h+R^h),0,1,0,0.3333333,21.80185077156863,3.422024980475965,102.0,20.270804437820182
Rac1 perturbation; RhoA response,hill,R^h/(K^h+R^h),0,1,0,0.6666667,30.611781803333344,4.267726477815583,102.0,20.27080470965738
Rac1 perturbation; RhoA response,hill,R^h/(K^h+R^h),0,1,0,1.0,36.53921146166665,4.7264010770576395,102.0,20.270804709657387
Rac1 perturbation; RhoA response,hill,R^h/(K^h+R^h),0,1,0,1.333333,40.477224400588234,4.96975511730596,102.0,20.270804709657387
Rac1 perturbation; RhoA response,hill,R^h/(K^h+R^h),0,1,0,1.666667,43.672935604509775,5.187860435813586,102.0,20.270804709657387
Rac1 perturbation; RhoA response,hill,R^h/(K^h+R^h),0,1,0,2.0,45.44188075156865,5.219705333024379,102.0,20.270804709657387
Rac1 perturbation; RhoA response,hill,R^h/(K^h+R^h),0,1,0,2.333333,47.868677996862765,5.318296797389352,102.0,20.270804709657387
Rac1 perturbation; RhoA response,hill,R^h/(K^h+R^h),0,1,0,2.666667,49.029414602647094,5.380577874091345,102.0,20.270804709657387
Rac1 perturbation; RhoA response,hill,R^h/(K^h+R^h),0,1,0,3.0,48.87878536852945,5.4279260084635395,102.0,20.270804709657387
Rac1 perturbation; RhoA response,hill,R^h/(K^h+R^h),0,1,0,3.333333,49.545590385490236,5.424570471400211,102.0,20.270804709657387
Rac1 perturbation; RhoA response,hill,R^h/(K^h+R^h),0,1,0,3.666667,50.60425583872549,5.496107309152899,102.0,20.270804709657387
Rac1 perturbation; RhoA response,hill,R^h/(K^h+R^h),0,1,0,4.0,51.097094013823536,5.375149351545362,102.0,20.270804709657387
Rac1 perturbation; RhoA response,hill,R^h/(K^h+R^h),0,1,0,4.333334,51.92032161539212,5.5017946234984585,102.0,20.270804709657387
Rac1 perturbation; RhoA response,hill,R^h/(K^h+R^h),0,1,0,4.666667,53.32254371009807,5.471471875035747,102.0,20.270804709657387
Rac1 perturbation; RhoA response,hill,R^h/(K^h+R^h),0,1,0,5.0,53.65529186735294,5.5488078085022225,102.0,20.270804709657387
Rac1 perturbation; RhoA response,hill,R^h/(K^h+R^h),0,1,0,5.333334,53.23606688637256,5.6422528946411745,102.0,20.270804709657387
Rac1 perturbation; RhoA response,hill,R^h/(K^h+R^h),0,1,0,5.666667,54.337714760000026,5.627293786005503,102.0,20.270804709657387
Rac1 perturbation; RhoA response,hill,R^h/(K^h+R^h),0,1,0,6.0,55.12635692107845,5.643440842444053,102.0,20.270804709657387
Rac1 perturbation; RhoA response,hill,R^h/(K^h+R^h),0,1,0,6.333334,55.17007110450979,5.701209437509858,102.0,20.270804709657387
Rac1 perturbation; RhoA response,hill,R^h/(K^h+R^h),0,1,0,6.666667,56.69644097803922,5.717524859993219,102.0,20.270804709657387
Rac1 perturbation; RhoA response,hill,R^h/(K^h+R^h),0,1,0,7.0,56.69522668107843,5.77149142849537,102.0,20.270804709657387
Rac1 perturbation; RhoA response,hill,R^h/(K^h+R^h),0,1,0,7.333334,58.28530611843136,5.761652468322007,102.0,20.270804709657387
Rac1 perturbation; RhoA response,hill,R^h/(K^h+R^h),0,1,0,7.666667,56.961419657647085,5.735573448742369,102.0,20.270804709657387
Rac1 perturbation; RhoA response,hill,R^h/(K^h+R^h),0,1,0,8.0,57.82338275784312,5.783570548698452,102.0,20.270804709657387
Rac1 perturbation; RhoA response,hill,R^h/(K^h+R^h),0,1,0,8.333333,57.75019856147062,5.826416212905212,102.0,20.270804709657387
Rac1 perturbation; RhoA response,hill,R^h/(K^h+R^h),0,1,0,8.666667,57.203753222352915,5.852569095038439,102.0,20.270804709657387
Rac1 perturbation; RhoA response,hill,R^h/(K^h+R^h),0,1,0,9.0,59.05442461176468,5.764011948896135,102.0,20.270804709657387
Rac1 perturbation; RhoA response,hill,R^h/(K^h+R^h),0,1,0,9.333333,59.10767345686274,5.811593078418382,102.0,20.270804709657387
Rac1 perturbation; RhoA response,hill,R^h/(K^h+R^h),0,1,0,9.666667,59.51643125921565,5.796861784424392,102.0,20.270804709657387
Rac1 perturbation; RhoA response,hill,R^h/(K^h+R^h),0,1,0,10.0,58.97425116039215,5.880594663651929,102.0,20.270804709657387
Rac1 perturbation; RhoA response,hill,R^h/(K^h+R^h),0,1,0,10.33333,59.97277649754901,5.925760585001861,102.0,20.270804709657387
Rac1 perturbation; RhoA response,hill,R^h/(K^h+R^h),0,1,0,10.66667,59.67217276107842,5.911423324421129,102.0,20.270804709657387
Rac1 perturbation; RhoA response,hill,R^h/(K^h+R^h),0,1,0,11.0,59.94570601833335,5.938615244252045,102.0,20.270804709657387
Rac1 perturbation; RhoA response,hill,R^h/(K^h+R^h),0,1,0,11.33333,60.26858066990196,5.969688831347074,102.0,20.270804709657387
Rac1 perturbation; RhoA response,hill,R^h/(K^h+R^h),0,1,0,11.66667,60.39380383892158,6.000789739288233,102.0,20.270804709657387
Rac1 perturbation; RhoA response,hill,R^h/(K^h+R^h),0,1,0,12.0,60.59690535833334,6.002558505598481,102.0,20.270804709657387
Rac1 perturbation; RhoA response,hill,R^h/(K^h+R^h),0,1,0,12.33333,61.123595551960754,6.037858062722709,102.0,20.270804709657387
Rac1 perturbation; RhoA response,hill,R^h/(K^h+R^h),0,1,0,12.66667,59.86330000117649,6.008450062217623,102.0,20.270804709657387
Rac1 perturbation; RhoA response,hill,R^h/(K^h+R^h),0,1,0,13.0,60.16060124039215,6.045579739948293,102.0,20.270804709657387
Rac1 perturbation; RhoA response,hill,R^h/(K^h+R^h),0,1,0,13.33333,60.81838072127449,6.051579153459915,102.0,20.270804709657387
Rac1 perturbation; RhoA response,hill,R^h/(K^h+R^h),0,1,0,13.66667,59.48289247960783,6.053387283634875,102.0,20.270804709657387
Rac1 perturbation; RhoA response,hill,R^h/(K^h+R^h),0,1,0,14.0,60.599503611764675,6.119341040924408,102.0,20.270804709657387
Rac1 perturbation; RhoA response,hill,R^h/(K^h+R^h),0,1,0,14.33333,60.19987780362744,6.0850591297034455,102.0,20.270804709657387
Rac1 perturbation; RhoA response,hill,R^h/(K^h+R^h),0,1,0,14.66667,59.93194524715691,6.106322483011755,102.0,20.270804709657387
Rac1 perturbation; RhoA response,hill,R^h/(K^h+R^h),0,1,0,15.0,60.337562376274484,6.078237746506857,102.0,20.270804709657387
Rac1 perturbation; RhoA response,hill,R^h/(K^h+R^h),0,1,0,15.33333,59.58158538578434,6.207874054728857,102.0,20.270804709657387
Rac1 perturbation; RhoA response,hill,R^h/(K^h+R^h),0,1,0,15.66667,60.71967915656863,6.093759525579715,102.0,20.270804709657387
Rac1 perturbation; RhoA response,hill,R^h/(K^h+R^h),0,1,0,16.0,59.92963646921569,6.152597945396288,102.0,20.270804709657387
Rac1 perturbation; RhoA response,hill,R^h/(K^h+R^h),0,1,0,16.33333,60.424480239313745,6.1628092434583905,102.0,20.270804709657387
Rac1 perturbation; RhoA response,hill,R^h/(K^h+R^h),0,1,0,16.66667,60.825864639607836,6.093484097308075,102.0,20.270804709657387
Rac1 perturbation; RhoA response,hill,R^h/(K^h+R^h),0,1,0,17.0,59.230446043823555,6.1847919298934935,102.0,20.270804709657387
Rac1 perturbation; RhoA response,hill,R^h/(K^h+R^h),0,1,0,17.33333,59.53360226147061,6.144033862175193,102.0,20.270804709657387
Rac1 perturbation; RhoA response,hill,R^h/(K^h+R^h),0,1,0,17.66667,60.603943836372565,6.146058064480174,102.0,20.270804709657387
Rac1 perturbation; RhoA response,hill,R^h/(K^h+R^h),0,1,0,18.0,60.08698748911767,6.153517102502953,102.0,20.270804709657387
Rac1 perturbation; RhoA response,hill,R^h/(K^h+R^h),0,1,0,18.33333,58.60493436343134,6.284901944529139,102.0,20.270804709657387
Rac1 perturbation; RhoA response,hill,R^h/(K^h+R^h),0,1,0,18.66667,58.18239181794117,6.2687536088556275,102.0,20.270804709657387
Rac1 perturbation; RhoA response,hill,R^h/(K^h+R^h),0,1,0,19.0,59.209288051666626,6.187989336239144,102.0,20.270804709657387
Rac1 perturbation; RhoA response,hill,R^h/(K^h+R^h),0,1,0,19.33333,58.852119528431395,6.2289736432097715,102.0,20.270804709657387
Rac1 perturbation; RhoA response,hill,R^h/(K^h+R^h),0,1,0,19.66667,58.169122079019594,6.2673284333163135,102.0,20.270804709657387
Rac1 perturbation; RhoA response,hill,R^h/(K^h+R^h),0,1,0,20.0,60.252442538823544,6.211282861614537,102.0,20.270804709657387
Rac1 perturbation; RhoA response,hill,R^h/(K^h+R^h),0,1,0,20.33333,54.93775363313726,5.937689612009537,102.0,20.270804709657387
Rac1 perturbation; RhoA response,hill,R^h/(K^h+R^h),0,1,0,20.66667,53.41221635401958,5.695227244367421,102.0,20.270804709657387
Rac1 perturbation; RhoA response,hill,R^h/(K^h+R^h),0,1,0,21.0,51.74590877382354,5.497075961536212,102.0,20.270804709657387
Rac1 perturbation; RhoA response,hill,R^h/(K^h+R^h),0,1,0,21.33333,49.811513076666664,5.335278746646896,102.0,20.270804709657387
Rac1 perturbation; RhoA response,hill,R^h/(K^h+R^h),0,1,0,21.66667,48.297746493235316,5.129799521430641,102.0,20.270804709657387
Rac1 perturbation; RhoA response,hill,R^h/(K^h+R^h),0,1,0,22.0,45.60092938411764,4.995006420064211,102.0,20.270804709657387
Rac1 perturbation; RhoA response,hill,R^h/(K^h+R^h),0,1,0,22.33333,44.4127340992157,4.8266340646873305,102.0,20.270804709657387
Rac1 perturbation; RhoA response,hill,R^h/(K^h+R^h),0,1,0,22.66667,42.491818248921575,4.625541088577205,102.0,20.270804709657387
Rac1 perturbation; RhoA response,hill,R^h/(K^h+R^h),0,1,0,23.0,41.659108101274484,4.515479641560975,102.0,20.270804709657387
Rac1 perturbation; RhoA response,hill,R^h/(K^h+R^h),0,1,0,23.33333,38.6730312614706,4.488783836612278,102.0,20.270804709657387
Rac1 perturbation; RhoA response,hill,R^h/(K^h+R^h),0,1,0,23.66667,38.53872666362746,4.129225207279518,102.0,20.270804709657387
Rac1 perturbation; RhoA response,hill,R^h/(K^h+R^h),0,1,0,24.0,37.54951162980392,4.102495634891386,102.0,20.270804709657387
Rac1 perturbation; RhoA response,hill,R^h/(K^h+R^h),0,1,0,24.33333,35.11277371294116,3.9638793036179685,102.0,20.270804709657387
Rac1 perturbation; RhoA response,hill,R^h/(K^h+R^h),0,1,0,24.66667,35.0134794919608,3.7620191021991634,102.0,20.270804709657387
Rac1 perturbation; RhoA response,hill,R^h/(K^h+R^h),0,1,0,25.0,32.11807277588238,3.9196736044049127,102.0,20.270804709657387
Rac1 perturbation; RhoA response,hill,R^h/(K^h+R^h),0,1,0,25.33333,31.736724898627468,3.5403495985543985,102.0,20.270804709657387
Rac1 perturbation; RhoA response,hill,R^h/(K^h+R^h),0,1,0,25.66667,30.718837153627458,3.397342988096774,102.0,20.270804709657387
Rac1 perturbation; RhoA response,hill,R^h/(K^h+R^h),0,1,0,26.0,27.908241541372547,3.431207266681927,102.0,20.270804709657387
Rac1 perturbation; RhoA response,hill,R^h/(K^h+R^h),0,1,0,26.33333,28.56984123049018,3.217931216224954,102.0,20.270804709657387
Rac1 perturbation; RhoA response,hill,R^h/(K^h+R^h),0,1,0,26.66667,26.37594937568628,3.1554019459006484,102.0,20.270804709657387
Rac1 perturbation; RhoA response,hill,R^h/(K^h+R^h),0,1,0,27.0,25.747825074019605,3.0542962188404728,102.0,20.270804709657387
Rac1 perturbation; RhoA response,hill,R^h/(K^h+R^h),0,1,0,27.33333,24.73268942078432,2.9243926581318958,102.0,20.270804709657387
Rac1 perturbation; RhoA response,hill,R^h/(K^h+R^h),0,1,0,27.66667,24.258557118431348,2.896928675563027,102.0,20.270804709657387
Rac1 perturbation; RhoA response,hill,R^h/(K^h+R^h),0,1,0,28.0,23.011840799215722,2.7702758563838996,102.0,20.270804709657387
Rac1 perturbation; RhoA response,hill,R^h/(K^h+R^h),0,1,0,28.33333,21.77760988117646,2.700625819371455,102.0,20.270804709657387
Rac1 perturbation; RhoA response,hill,R^h/(K^h+R^h),0,1,0,28.66667,21.54180312882353,2.6256973587996195,102.0,20.270804709657387
Rac1 perturbation; RhoA response,hill,R^h/(K^h+R^h),0,1,0,29.0,20.32287866245098,2.66995211310369,102.0,20.270804709657387
Rac1 perturbation; RhoA response,hill,R^h/(K^h+R^h),0,1,0,29.33333,20.363870878333348,2.4945211722808143,102.0,20.270804709657387
Rac1 perturbation; RhoA response,hill,R^h/(K^h+R^h),0,1,0,29.66667,19.97427564813725,2.4175255153915023,102.0,20.270804709657387
Rac1 perturbation; RhoA response,hill,R^h/(K^h+R^h),0,1,0,30.0,17.7973158992157,2.5306698777694208,102.0,20.270804709657387
Rac1 perturbation; RhoA response,hill,R^h/(K^h+R^h),0,1,0,30.33333,17.458103272352947,2.3291121650380746,102.0,20.270804709657387
Rac1 perturbation; RhoA response,hill,R^h/(K^h+R^h),0,1,0,30.66667,16.752543151568634,2.262527913054402,102.0,20.270804709657387
Rac1 perturbation; RhoA response,hill,R^h/(K^h+R^h),0,1,0,31.0,14.37553241666668,2.4586861511019147,102.0,20.270804709657387
Rac1 perturbation; RhoA response,hill,R^h/(K^h+R^h),0,1,0,31.33333,13.515102849705887,2.4533890918269075,102.0,20.270804709657387
Rac1 perturbation; RhoA response,hill,R^h/(K^h+R^h),0,1,0,31.66667,16.101014468627447,2.038048694449689,102.0,20.270804709657387
Rac1 perturbation; RhoA response,hill,R^h/(K^h+R^h),0,1,0,32.0,14.126859001274509,1.9854514656714357,102.0,20.270804709657387
Rac1 perturbation; RhoA response,hill,R^h/(K^h+R^h),0,1,0,32.33333,13.246295078725488,2.0531502378823445,102.0,20.270804709657387
Rac1 perturbation; RhoA response,hill,R^h/(K^h+R^h),0,1,0,32.66667,12.516971541568626,2.040471503019399,102.0,20.270804709657387
Rac1 perturbation; RhoA response,hill,R^h/(K^h+R^h),0,1,0,33.0,12.442076037156873,2.0134486287433977,102.0,20.270804709657387
Rac1 perturbation; RhoA response,hill,R^h/(K^h+R^h),0,1,0,33.33333,12.216547963823531,1.8727446195322992,102.0,20.270804709657387
Rac1 perturbation; RhoA response,hill,R^h/(K^h+R^h),0,1,0,33.66667,11.682215155196088,1.8560369327016877,102.0,20.270804709657387
Rac1 perturbation; RhoA response,hill,R^h/(K^h+R^h),0,1,0,34.0,10.906749343823531,1.8787041449193262,102.0,20.270804709657387
Rac1 perturbation; RhoA response,hill,R^h/(K^h+R^h),0,1,0,34.33333,11.297668761078432,1.8448578953953105,102.0,20.270804709657387
Rac1 perturbation; RhoA response,hill,R^h/(K^h+R^h),0,1,0,34.66667,12.379576779705877,1.8287141006657635,102.0,20.270804709657387
Rac1 perturbation; RhoA response,hill,R^h/(K^h+R^h),0,1,0,35.0,10.84845148784313,1.8385037400772086,102.0,20.270804709657387
Rac1 perturbation; RhoA response,hill,R^h/(K^h+R^h),0,1,0,35.33333,11.238808759313724,1.7713856536652122,102.0,20.270804709657387
Rac1 perturbation; RhoA response,hill,R^h/(K^h+R^h),0,1,0,35.66667,11.247143731274516,1.718822062362493,102.0,20.270804709657387
Rac1 perturbation; RhoA response,hill,R^h/(K^h+R^h),0,1,0,36.0,10.426152883627456,1.7539688826656712,102.0,20.270804709657387
Rac1 perturbation; RhoA response,hill,R^h/(K^h+R^h),0,1,0,36.33333,11.260318706862732,1.6868161769351129,102.0,20.270804709657387
Rac1 perturbation; RhoA response,hill,R^h/(K^h+R^h),0,1,0,36.66667,9.972245372254905,1.7253956850272392,102.0,20.270804709657387
Rac1 perturbation; RhoA response,hill,R^h/(K^h+R^h),0,1,0,37.0,10.654978836470594,1.7021852829646875,102.0,20.270804709657387
Rac1 perturbation; RhoA response,hill,R^h/(K^h+R^h),0,1,0,37.33333,9.74520202176471,1.696097020042852,102.0,20.270804709657387
Rac1 perturbation; RhoA response,hill,R^h/(K^h+R^h),0,1,0,37.66667,9.260330918921571,1.701754690667574,102.0,20.270804709657387
Rac1 perturbation; RhoA response,hill,R^h/(K^h+R^h),0,1,0,38.0,9.296067204705885,1.7005456129781193,102.0,20.270804709657387
Rac1 perturbation; RhoA response,hill,R^h/(K^h+R^h),0,1,0,38.33333,10.309174082549015,1.704818568689371,102.0,20.270804709657387
Rac1 perturbation; RhoA response,hill,R^h/(K^h+R^h),0,1,0,38.66667,8.86877129264706,1.6918583576513293,102.0,20.270804709657387
Rac1 perturbation; RhoA response,hill,R^h/(K^h+R^h),0,1,0,39.0,8.963871901960788,1.6809574639558549,102.0,20.270804709657387
Rac1 perturbation; RhoA response,hill,R^h/(K^h+R^h),0,1,0,39.33333,9.20126891764706,1.6523584950996888,102.0,20.270804709657387
Rac1 perturbation; RhoA response,hill,R^h/(K^h+R^h),0,1,0,39.66667,7.3494802596078435,1.833555564668603,102.0,20.270804709657387
Rac1 perturbation; RhoA response,hill,R^h/(K^h+R^h),0,1,0,40.0,8.58402001862745,1.5668875650562373,102.0,20.270804709657387
Rac1 perturbation; RhoA response,double_hill,(H(R)+H(R)),1,3,0,0.0,-1.3762895822549015,0.50411235386505,102.0,-1.3794265598922284
Rac1 perturbation; RhoA response,double_hill,(H(R)+H(R)),1,3,0,0.3333333,21.80185077156863,3.422024980475965,102.0,23.4647649015419
Rac1 perturbation; RhoA response,double_hill,(H(R)+H(R)),1,3,0,0.6666667,30.611781803333344,4.267726477815583,102.0,31.418763557426846
Rac1 perturbation; RhoA response,double_hill,(H(R)+H(R)),1,3,0,1.0,36.53921146166665,4.7264010770576395,102.0,36.351535863534366
Rac1 perturbation; RhoA response,double_hill,(H(R)+H(R)),1,3,0,1.333333,40.477224400588234,4.96975511730596,102.0,39.857628979195155
Rac1 perturbation; RhoA response,double_hill,(H(R)+H(R)),1,3,0,1.666667,43.672935604509775,5.187860435813586,102.0,42.53110340099241
Rac1 perturbation; RhoA response,double_hill,(H(R)+H(R)),1,3,0,2.0,45.44188075156865,5.219705333024379,102.0,44.661413828903946
Rac1 perturbation; RhoA response,double_hill,(H(R)+H(R)),1,3,0,2.333333,47.868677996862765,5.318296797389352,102.0,46.41152420673613
Rac1 perturbation; RhoA response,double_hill,(H(R)+H(R)),1,3,0,2.666667,49.029414602647094,5.380577874091345,102.0,47.88208024789786
Rac1 perturbation; RhoA response,double_hill,(H(R)+H(R)),1,3,0,3.0,48.87878536852945,5.4279260084635395,102.0,49.139425015864035
Rac1 perturbation; RhoA response,double_hill,(H(R)+H(R)),1,3,0,3.333333,49.545590385490236,5.424570471400211,102.0,50.22949703266911
Rac1 perturbation; RhoA response,double_hill,(H(R)+H(R)),1,3,0,3.666667,50.60425583872549,5.496107309152899,102.0,51.18533068603383
Rac1 perturbation; RhoA response,double_hill,(H(R)+H(R)),1,3,0,4.0,51.097094013823536,5.375149351545362,102.0,52.03141083358343
Rac1 perturbation; RhoA response,double_hill,(H(R)+H(R)),1,3,0,4.333334,51.92032161539212,5.5017946234984585,102.0,52.78636259897194
Rac1 perturbation; RhoA response,double_hill,(H(R)+H(R)),1,3,0,4.666667,53.32254371009807,5.471471875035747,102.0,53.46463933973596
Rac1 perturbation; RhoA response,double_hill,(H(R)+H(R)),1,3,0,5.0,53.65529186735294,5.5488078085022225,102.0,54.077672620386686
Rac1 perturbation; RhoA response,double_hill,(H(R)+H(R)),1,3,0,5.333334,53.23606688637256,5.6422528946411745,102.0,54.634639727996635
Rac1 perturbation; RhoA response,double_hill,(H(R)+H(R)),1,3,0,5.666667,54.337714760000026,5.627293786005503,102.0,55.143003803470656
Rac1 perturbation; RhoA response,double_hill,(H(R)+H(R)),1,3,0,6.0,55.12635692107845,5.643440842444053,102.0,55.60891469765071
Rac1 perturbation; RhoA response,double_hill,(H(R)+H(R)),1,3,0,6.333334,55.17007110450979,5.701209437509858,102.0,56.03748970394329
Rac1 perturbation; RhoA response,double_hill,(H(R)+H(R)),1,3,0,6.666667,56.69644097803922,5.717524859993219,102.0,56.43302371381053
Rac1 perturbation; RhoA response,double_hill,(H(R)+H(R)),1,3,0,7.0,56.69522668107843,5.77149142849537,102.0,56.79915849320199
Rac1 perturbation; RhoA response,double_hill,(H(R)+H(R)),1,3,0,7.333334,58.28530611843136,5.761652468322007,102.0,57.13900243440385
Rac1 perturbation; RhoA response,double_hill,(H(R)+H(R)),1,3,0,7.666667,56.961419657647085,5.735573448742369,102.0,57.455224205606044
Rac1 perturbation; RhoA response,double_hill,(H(R)+H(R)),1,3,0,8.0,57.82338275784312,5.783570548698452,102.0,57.7501343968302
Rac1 perturbation; RhoA response,double_hill,(H(R)+H(R)),1,3,0,8.333333,57.75019856147062,5.826416212905212,102.0,58.025741057757216
Rac1 perturbation; RhoA response,double_hill,(H(R)+H(R)),1,3,0,8.666667,57.203753222352915,5.852569095038439,102.0,58.283798827180405
Rac1 perturbation; RhoA response,double_hill,(H(R)+H(R)),1,3,0,9.0,59.05442461176468,5.764011948896135,102.0,58.52584331893084
Rac1 perturbation; RhoA response,double_hill,(H(R)+H(R)),1,3,0,9.333333,59.10767345686274,5.811593078418382,102.0,58.753225005663204
Rac1 perturbation; RhoA response,double_hill,(H(R)+H(R)),1,3,0,9.666667,59.51643125921565,5.796861784424392,102.0,58.96712889004813
Rac1 perturbation; RhoA response,double_hill,(H(R)+H(R)),1,3,0,10.0,58.97425116039215,5.880594663651929,102.0,59.16858860025174
Rac1 perturbation; RhoA response,double_hill,(H(R)+H(R)),1,3,0,10.33333,59.97277649754901,5.925760585001861,102.0,59.35849836463562
Rac1 perturbation; RhoA response,double_hill,(H(R)+H(R)),1,3,0,10.66667,59.67217276107842,5.911423324421129,102.0,59.53762462489423
Rac1 perturbation; RhoA response,double_hill,(H(R)+H(R)),1,3,0,11.0,59.94570601833335,5.938615244252045,102.0,59.70657792252596
Rac1 perturbation; RhoA response,double_hill,(H(R)+H(R)),1,3,0,11.33333,60.26858066990196,5.969688831347074,102.0,59.86583846815729
Rac1 perturbation; RhoA response,double_hill,(H(R)+H(R)),1,3,0,11.66667,60.39380383892158,6.000789739288233,102.0,60.01572367356644
Rac1 perturbation; RhoA response,double_hill,(H(R)+H(R)),1,3,0,12.0,60.59690535833334,6.002558505598481,102.0,60.156354237676794
Rac1 perturbation; RhoA response,double_hill,(H(R)+H(R)),1,3,0,12.33333,61.123595551960754,6.037858062722709,102.0,60.28765262407471
Rac1 perturbation; RhoA response,double_hill,(H(R)+H(R)),1,3,0,12.66667,59.86330000117649,6.008450062217623,102.0,60.40929322142553
Rac1 perturbation; RhoA response,double_hill,(H(R)+H(R)),1,3,0,13.0,60.16060124039215,6.045579739948293,102.0,60.5206514766604
Rac1 perturbation; RhoA response,double_hill,(H(R)+H(R)),1,3,0,13.33333,60.81838072127449,6.051579153459915,102.0,60.620779387937525
Rac1 perturbation; RhoA response,double_hill,(H(R)+H(R)),1,3,0,13.66667,59.48289247960783,6.053387283634875,102.0,60.70834268505567
Rac1 perturbation; RhoA response,double_hill,(H(R)+H(R)),1,3,0,14.0,60.599503611764675,6.119341040924408,102.0,60.78156209633804
Rac1 perturbation; RhoA response,double_hill,(H(R)+H(R)),1,3,0,14.33333,60.19987780362744,6.0850591297034455,102.0,60.83817723636018
Rac1 perturbation; RhoA response,double_hill,(H(R)+H(R)),1,3,0,14.66667,59.93194524715691,6.106322483011755,102.0,60.875388057189426
Rac1 perturbation; RhoA response,double_hill,(H(R)+H(R)),1,3,0,15.0,60.337562376274484,6.078237746506857,102.0,60.889812693076635
Rac1 perturbation; RhoA response,double_hill,(H(R)+H(R)),1,3,0,15.33333,59.58158538578434,6.207874054728857,102.0,60.87746502741088
Rac1 perturbation; RhoA response,double_hill,(H(R)+H(R)),1,3,0,15.66667,60.71967915656863,6.093759525579715,102.0,60.833735236541294
Rac1 perturbation; RhoA response,double_hill,(H(R)+H(R)),1,3,0,16.0,59.92963646921569,6.152597945396288,102.0,60.75340716540547
Rac1 perturbation; RhoA response,double_hill,(H(R)+H(R)),1,3,0,16.33333,60.424480239313745,6.1628092434583905,102.0,60.630688391912834
Rac1 perturbation; RhoA response,double_hill,(H(R)+H(R)),1,3,0,16.66667,60.825864639607836,6.093484097308075,102.0,60.45927942729148
Rac1 perturbation; RhoA response,double_hill,(H(R)+H(R)),1,3,0,17.0,59.230446043823555,6.1847919298934935,102.0,60.232503846387644
Rac1 perturbation; RhoA response,double_hill,(H(R)+H(R)),1,3,0,17.33333,59.53360226147061,6.144033862175193,102.0,59.94342787346959
Rac1 perturbation; RhoA response,double_hill,(H(R)+H(R)),1,3,0,17.66667,60.603943836372565,6.146058064480174,102.0,59.58505973334538
Rac1 perturbation; RhoA response,double_hill,(H(R)+H(R)),1,3,0,18.0,60.08698748911767,6.153517102502953,102.0,59.150622849273475
Rac1 perturbation; RhoA response,double_hill,(H(R)+H(R)),1,3,0,18.33333,58.60493436343134,6.284901944529139,102.0,58.633758617923874
Rac1 perturbation; RhoA response,double_hill,(H(R)+H(R)),1,3,0,18.66667,58.18239181794117,6.2687536088556275,102.0,58.02883899449821
Rac1 perturbation; RhoA response,double_hill,(H(R)+H(R)),1,3,0,19.0,59.209288051666626,6.187989336239144,102.0,57.33133359230463
Rac1 perturbation; RhoA response,double_hill,(H(R)+H(R)),1,3,0,19.33333,58.852119528431395,6.2289736432097715,102.0,56.53799449608747
Rac1 perturbation; RhoA response,double_hill,(H(R)+H(R)),1,3,0,19.66667,58.169122079019594,6.2673284333163135,102.0,55.64716236523961
Rac1 perturbation; RhoA response,double_hill,(H(R)+H(R)),1,3,0,20.0,60.252442538823544,6.211282861614537,102.0,54.65907326631802
Rac1 perturbation; RhoA response,double_hill,(H(R)+H(R)),1,3,0,20.33333,54.93775363313726,5.937689612009537,102.0,53.575840965531626
Rac1 perturbation; RhoA response,double_hill,(H(R)+H(R)),1,3,0,20.66667,53.41221635401958,5.695227244367421,102.0,52.40157945887159
Rac1 perturbation; RhoA response,double_hill,(H(R)+H(R)),1,3,0,21.0,51.74590877382354,5.497075961536212,102.0,51.14247898290788
Rac1 perturbation; RhoA response,double_hill,(H(R)+H(R)),1,3,0,21.33333,49.811513076666664,5.335278746646896,102.0,49.80645242880935
Rac1 perturbation; RhoA response,double_hill,(H(R)+H(R)),1,3,0,21.66667,48.297746493235316,5.129799521430641,102.0,48.40299612713141
Rac1 perturbation; RhoA response,double_hill,(H(R)+H(R)),1,3,0,22.0,45.60092938411764,4.995006420064211,102.0,46.94301454325788
Rac1 perturbation; RhoA response,double_hill,(H(R)+H(R)),1,3,0,22.33333,44.4127340992157,4.8266340646873305,102.0,45.43819983177784
Rac1 perturbation; RhoA response,double_hill,(H(R)+H(R)),1,3,0,22.66667,42.491818248921575,4.625541088577205,102.0,43.90075543670583
Rac1 perturbation; RhoA response,double_hill,(H(R)+H(R)),1,3,0,23.0,41.659108101274484,4.515479641560975,102.0,42.343141662398786
Rac1 perturbation; RhoA response,double_hill,(H(R)+H(R)),1,3,0,23.33333,38.6730312614706,4.488783836612278,102.0,40.77742267829725
Rac1 perturbation; RhoA response,double_hill,(H(R)+H(R)),1,3,0,23.66667,38.53872666362746,4.129225207279518,102.0,39.21507208812459
Rac1 perturbation; RhoA response,double_hill,(H(R)+H(R)),1,3,0,24.0,37.54951162980392,4.102495634891386,102.0,37.66684194734814
Rac1 perturbation; RhoA response,double_hill,(H(R)+H(R)),1,3,0,24.33333,35.11277371294116,3.9638793036179685,102.0,36.14227567216121
Rac1 perturbation; RhoA response,double_hill,(H(R)+H(R)),1,3,0,24.66667,35.0134794919608,3.7620191021991634,102.0,34.649715699032726
Rac1 perturbation; RhoA response,double_hill,(H(R)+H(R)),1,3,0,25.0,32.11807277588238,3.9196736044049127,102.0,33.19636446382122
Rac1 perturbation; RhoA response,double_hill,(H(R)+H(R)),1,3,0,25.33333,31.736724898627468,3.5403495985543985,102.0,31.788003705294596
Rac1 perturbation; RhoA response,double_hill,(H(R)+H(R)),1,3,0,25.66667,30.718837153627458,3.397342988096774,102.0,30.42917163462601
Rac1 perturbation; RhoA response,double_hill,(H(R)+H(R)),1,3,0,26.0,27.908241541372547,3.431207266681927,102.0,29.123353498842405
Rac1 perturbation; RhoA response,double_hill,(H(R)+H(R)),1,3,0,26.33333,28.56984123049018,3.217931216224954,102.0,27.87283762315719
Rac1 perturbation; RhoA response,double_hill,(H(R)+H(R)),1,3,0,26.66667,26.37594937568628,3.1554019459006484,102.0,26.678962306167115
Rac1 perturbation; RhoA response,double_hill,(H(R)+H(R)),1,3,0,27.0,25.747825074019605,3.0542962188404728,102.0,25.54234073893577
Rac1 perturbation; RhoA response,double_hill,(H(R)+H(R)),1,3,0,27.33333,24.73268942078432,2.9243926581318958,102.0,24.462771737936983
Rac1 perturbation; RhoA response,double_hill,(H(R)+H(R)),1,3,0,27.66667,24.258557118431348,2.896928675563027,102.0,23.439476005538715
Rac1 perturbation; RhoA response,double_hill,(H(R)+H(R)),1,3,0,28.0,23.011840799215722,2.7702758563838996,102.0,22.47129347248073
Rac1 perturbation; RhoA response,double_hill,(H(R)+H(R)),1,3,0,28.33333,21.77760988117646,2.700625819371455,102.0,21.556601568067464
Rac1 perturbation; RhoA response,double_hill,(H(R)+H(R)),1,3,0,28.66667,21.54180312882353,2.6256973587996195,102.0,20.693505213432232
Rac1 perturbation; RhoA response,double_hill,(H(R)+H(R)),1,3,0,29.0,20.32287866245098,2.66995211310369,102.0,19.879985918986897
Rac1 perturbation; RhoA response,double_hill,(H(R)+H(R)),1,3,0,29.33333,20.363870878333348,2.4945211722808143,102.0,19.11381338551943
Rac1 perturbation; RhoA response,double_hill,(H(R)+H(R)),1,3,0,29.66667,19.97427564813725,2.4175255153915023,102.0,18.392685378464463
Rac1 perturbation; RhoA response,double_hill,(H(R)+H(R)),1,3,0,30.0,17.7973158992157,2.5306698777694208,102.0,17.71433196316945
Rac1 perturbation; RhoA response,double_hill,(H(R)+H(R)),1,3,0,30.33333,17.458103272352947,2.3291121650380746,102.0,17.076422551143075
Rac1 perturbation; RhoA response,double_hill,(H(R)+H(R)),1,3,0,30.66667,16.752543151568634,2.262527913054402,102.0,16.47666516629227
Rac1 perturbation; RhoA response,double_hill,(H(R)+H(R)),1,3,0,31.0,14.37553241666668,2.4586861511019147,102.0,15.912877142344172
Rac1 perturbation; RhoA response,double_hill,(H(R)+H(R)),1,3,0,31.33333,13.515102849705887,2.4533890918269075,102.0,15.38289377361216
Rac1 perturbation; RhoA response,double_hill,(H(R)+H(R)),1,3,0,31.66667,16.101014468627447,2.038048694449689,102.0,14.884638641737709
Rac1 perturbation; RhoA response,double_hill,(H(R)+H(R)),1,3,0,32.0,14.126859001274509,1.9854514656714357,102.0,14.416171799453103
Rac1 perturbation; RhoA response,double_hill,(H(R)+H(R)),1,3,0,32.33333,13.246295078725488,2.0531502378823445,102.0,13.975604949964897
Rac1 perturbation; RhoA response,double_hill,(H(R)+H(R)),1,3,0,32.66667,12.516971541568626,2.040471503019399,102.0,13.561152336951253
Rac1 perturbation; RhoA response,double_hill,(H(R)+H(R)),1,3,0,33.0,12.442076037156873,2.0134486287433977,102.0,13.171164593643262
Rac1 perturbation; RhoA response,double_hill,(H(R)+H(R)),1,3,0,33.33333,12.216547963823531,1.8727446195322992,102.0,12.804053030336966
Rac1 perturbation; RhoA response,double_hill,(H(R)+H(R)),1,3,0,33.66667,11.682215155196088,1.8560369327016877,102.0,12.45832770428246
Rac1 perturbation; RhoA response,double_hill,(H(R)+H(R)),1,3,0,34.0,10.906749343823531,1.8787041449193262,102.0,12.132622291472835
Rac1 perturbation; RhoA response,double_hill,(H(R)+H(R)),1,3,0,34.33333,11.297668761078432,1.8448578953953105,102.0,11.825628187103746
Rac1 perturbation; RhoA response,double_hill,(H(R)+H(R)),1,3,0,34.66667,12.379576779705877,1.8287141006657635,102.0,11.536124032822755
Rac1 perturbation; RhoA response,double_hill,(H(R)+H(R)),1,3,0,35.0,10.84845148784313,1.8385037400772086,102.0,11.262994898294835
Rac1 perturbation; RhoA response,double_hill,(H(R)+H(R)),1,3,0,35.33333,11.238808759313724,1.7713856536652122,102.0,11.005175773472104
Rac1 perturbation; RhoA response,double_hill,(H(R)+H(R)),1,3,0,35.66667,11.247143731274516,1.718822062362493,102.0,10.76167523307214
Rac1 perturbation; RhoA response,double_hill,(H(R)+H(R)),1,3,0,36.0,10.426152883627456,1.7539688826656712,102.0,10.53159088197446
Rac1 perturbation; RhoA response,double_hill,(H(R)+H(R)),1,3,0,36.33333,11.260318706862732,1.6868161769351129,102.0,10.314061280645198
Rac1 perturbation; RhoA response,double_hill,(H(R)+H(R)),1,3,0,36.66667,9.972245372254905,1.7253956850272392,102.0,10.10828542081292
Rac1 perturbation; RhoA response,double_hill,(H(R)+H(R)),1,3,0,37.0,10.654978836470594,1.7021852829646875,102.0,9.913535588251293
Rac1 perturbation; RhoA response,double_hill,(H(R)+H(R)),1,3,0,37.33333,9.74520202176471,1.696097020042852,102.0,9.72911659076427
Rac1 perturbation; RhoA response,double_hill,(H(R)+H(R)),1,3,0,37.66667,9.260330918921571,1.701754690667574,102.0,9.554382109972124
Rac1 perturbation; RhoA response,double_hill,(H(R)+H(R)),1,3,0,38.0,9.296067204705885,1.7005456129781193,102.0,9.388745672506367
Rac1 perturbation; RhoA response,double_hill,(H(R)+H(R)),1,3,0,38.33333,10.309174082549015,1.704818568689371,102.0,9.231646072701785
Rac1 perturbation; RhoA response,double_hill,(H(R)+H(R)),1,3,0,38.66667,8.86877129264706,1.6918583576513293,102.0,9.08256130139717
Rac1 perturbation; RhoA response,double_hill,(H(R)+H(R)),1,3,0,39.0,8.963871901960788,1.6809574639558549,102.0,8.941018054203063
Rac1 perturbation; RhoA response,double_hill,(H(R)+H(R)),1,3,0,39.33333,9.20126891764706,1.6523584950996888,102.0,8.806562351495586
Rac1 perturbation; RhoA response,double_hill,(H(R)+H(R)),1,3,0,39.66667,7.3494802596078435,1.833555564668603,102.0,8.678771526167374
Rac1 perturbation; RhoA response,double_hill,(H(R)+H(R)),1,3,0,40.0,8.58402001862745,1.5668875650562373,102.0,8.557262549130463
Rac1 perturbation; RhoA response,EML_expr,R,0,1,0,0.0,-1.3762895822549015,0.50411235386505,102.0,-1.3762900253892238
Rac1 perturbation; RhoA response,EML_expr,R,0,1,0,0.3333333,21.80185077156863,3.422024980475965,102.0,20.27077299253826
Rac1 perturbation; RhoA response,EML_expr,R,0,1,0,0.6666667,30.611781803333344,4.267726477815583,102.0,20.270804704138786
Rac1 perturbation; RhoA response,EML_expr,R,0,1,0,1.0,36.53921146166665,4.7264010770576395,102.0,20.27080470418524
Rac1 perturbation; RhoA response,EML_expr,R,0,1,0,1.333333,40.477224400588234,4.96975511730596,102.0,20.27080470418524
Rac1 perturbation; RhoA response,EML_expr,R,0,1,0,1.666667,43.672935604509775,5.187860435813586,102.0,20.27080470418524
Rac1 perturbation; RhoA response,EML_expr,R,0,1,0,2.0,45.44188075156865,5.219705333024379,102.0,20.27080470418524
Rac1 perturbation; RhoA response,EML_expr,R,0,1,0,2.333333,47.868677996862765,5.318296797389352,102.0,20.27080470418524
Rac1 perturbation; RhoA response,EML_expr,R,0,1,0,2.666667,49.029414602647094,5.380577874091345,102.0,20.27080470418524
Rac1 perturbation; RhoA response,EML_expr,R,0,1,0,3.0,48.87878536852945,5.4279260084635395,102.0,20.27080470418524
Rac1 perturbation; RhoA response,EML_expr,R,0,1,0,3.333333,49.545590385490236,5.424570471400211,102.0,20.27080470418524
Rac1 perturbation; RhoA response,EML_expr,R,0,1,0,3.666667,50.60425583872549,5.496107309152899,102.0,20.27080470418524
Rac1 perturbation; RhoA response,EML_expr,R,0,1,0,4.0,51.097094013823536,5.375149351545362,102.0,20.27080470418524
Rac1 perturbation; RhoA response,EML_expr,R,0,1,0,4.333334,51.92032161539212,5.5017946234984585,102.0,20.27080470418524
Rac1 perturbation; RhoA response,EML_expr,R,0,1,0,4.666667,53.32254371009807,5.471471875035747,102.0,20.27080470418524
Rac1 perturbation; RhoA response,EML_expr,R,0,1,0,5.0,53.65529186735294,5.5488078085022225,102.0,20.27080470418524
Rac1 perturbation; RhoA response,EML_expr,R,0,1,0,5.333334,53.23606688637256,5.6422528946411745,102.0,20.27080470418524
Rac1 perturbation; RhoA response,EML_expr,R,0,1,0,5.666667,54.337714760000026,5.627293786005503,102.0,20.27080470418524
Rac1 perturbation; RhoA response,EML_expr,R,0,1,0,6.0,55.12635692107845,5.643440842444053,102.0,20.27080470418524
Rac1 perturbation; RhoA response,EML_expr,R,0,1,0,6.333334,55.17007110450979,5.701209437509858,102.0,20.27080470418524
Rac1 perturbation; RhoA response,EML_expr,R,0,1,0,6.666667,56.69644097803922,5.717524859993219,102.0,20.27080470418524
Rac1 perturbation; RhoA response,EML_expr,R,0,1,0,7.0,56.69522668107843,5.77149142849537,102.0,20.27080470418524
Rac1 perturbation; RhoA response,EML_expr,R,0,1,0,7.333334,58.28530611843136,5.761652468322007,102.0,20.27080470418524
Rac1 perturbation; RhoA response,EML_expr,R,0,1,0,7.666667,56.961419657647085,5.735573448742369,102.0,20.27080470418524
Rac1 perturbation; RhoA response,EML_expr,R,0,1,0,8.0,57.82338275784312,5.783570548698452,102.0,20.27080470418524
Rac1 perturbation; RhoA response,EML_expr,R,0,1,0,8.333333,57.75019856147062,5.826416212905212,102.0,20.27080470418524
Rac1 perturbation; RhoA response,EML_expr,R,0,1,0,8.666667,57.203753222352915,5.852569095038439,102.0,20.27080470418524
Rac1 perturbation; RhoA response,EML_expr,R,0,1,0,9.0,59.05442461176468,5.764011948896135,102.0,20.27080470418524
Rac1 perturbation; RhoA response,EML_expr,R,0,1,0,9.333333,59.10767345686274,5.811593078418382,102.0,20.27080470418524
Rac1 perturbation; RhoA response,EML_expr,R,0,1,0,9.666667,59.51643125921565,5.796861784424392,102.0,20.27080470418524
Rac1 perturbation; RhoA response,EML_expr,R,0,1,0,10.0,58.97425116039215,5.880594663651929,102.0,20.27080470418524
Rac1 perturbation; RhoA response,EML_expr,R,0,1,0,10.33333,59.97277649754901,5.925760585001861,102.0,20.27080470418524
Rac1 perturbation; RhoA response,EML_expr,R,0,1,0,10.66667,59.67217276107842,5.911423324421129,102.0,20.27080470418524
Rac1 perturbation; RhoA response,EML_expr,R,0,1,0,11.0,59.94570601833335,5.938615244252045,102.0,20.27080470418524
Rac1 perturbation; RhoA response,EML_expr,R,0,1,0,11.33333,60.26858066990196,5.969688831347074,102.0,20.27080470418524
Rac1 perturbation; RhoA response,EML_expr,R,0,1,0,11.66667,60.39380383892158,6.000789739288233,102.0,20.27080470418524
Rac1 perturbation; RhoA response,EML_expr,R,0,1,0,12.0,60.59690535833334,6.002558505598481,102.0,20.27080470418524
Rac1 perturbation; RhoA response,EML_expr,R,0,1,0,12.33333,61.123595551960754,6.037858062722709,102.0,20.27080470418524
Rac1 perturbation; RhoA response,EML_expr,R,0,1,0,12.66667,59.86330000117649,6.008450062217623,102.0,20.27080470418524
Rac1 perturbation; RhoA response,EML_expr,R,0,1,0,13.0,60.16060124039215,6.045579739948293,102.0,20.27080470418524
Rac1 perturbation; RhoA response,EML_expr,R,0,1,0,13.33333,60.81838072127449,6.051579153459915,102.0,20.27080470418524
Rac1 perturbation; RhoA response,EML_expr,R,0,1,0,13.66667,59.48289247960783,6.053387283634875,102.0,20.27080470418524
Rac1 perturbation; RhoA response,EML_expr,R,0,1,0,14.0,60.599503611764675,6.119341040924408,102.0,20.27080470418524
Rac1 perturbation; RhoA response,EML_expr,R,0,1,0,14.33333,60.19987780362744,6.0850591297034455,102.0,20.27080470418524
Rac1 perturbation; RhoA response,EML_expr,R,0,1,0,14.66667,59.93194524715691,6.106322483011755,102.0,20.27080470418524
Rac1 perturbation; RhoA response,EML_expr,R,0,1,0,15.0,60.337562376274484,6.078237746506857,102.0,20.27080470418524
Rac1 perturbation; RhoA response,EML_expr,R,0,1,0,15.33333,59.58158538578434,6.207874054728857,102.0,20.27080470418524
Rac1 perturbation; RhoA response,EML_expr,R,0,1,0,15.66667,60.71967915656863,6.093759525579715,102.0,20.27080470418524
Rac1 perturbation; RhoA response,EML_expr,R,0,1,0,16.0,59.92963646921569,6.152597945396288,102.0,20.27080470418524
Rac1 perturbation; RhoA response,EML_expr,R,0,1,0,16.33333,60.424480239313745,6.1628092434583905,102.0,20.27080470418524
Rac1 perturbation; RhoA response,EML_expr,R,0,1,0,16.66667,60.825864639607836,6.093484097308075,102.0,20.27080470418524
Rac1 perturbation; RhoA response,EML_expr,R,0,1,0,17.0,59.230446043823555,6.1847919298934935,102.0,20.27080470418524
Rac1 perturbation; RhoA response,EML_expr,R,0,1,0,17.33333,59.53360226147061,6.144033862175193,102.0,20.27080470418524
Rac1 perturbation; RhoA response,EML_expr,R,0,1,0,17.66667,60.603943836372565,6.146058064480174,102.0,20.27080470418524
Rac1 perturbation; RhoA response,EML_expr,R,0,1,0,18.0,60.08698748911767,6.153517102502953,102.0,20.27080470418524
Rac1 perturbation; RhoA response,EML_expr,R,0,1,0,18.33333,58.60493436343134,6.284901944529139,102.0,20.27080470418524
Rac1 perturbation; RhoA response,EML_expr,R,0,1,0,18.66667,58.18239181794117,6.2687536088556275,102.0,20.27080470418524
Rac1 perturbation; RhoA response,EML_expr,R,0,1,0,19.0,59.209288051666626,6.187989336239144,102.0,20.27080470418524
Rac1 perturbation; RhoA response,EML_expr,R,0,1,0,19.33333,58.852119528431395,6.2289736432097715,102.0,20.27080470418524
Rac1 perturbation; RhoA response,EML_expr,R,0,1,0,19.66667,58.169122079019594,6.2673284333163135,102.0,20.27080470418524
Rac1 perturbation; RhoA response,EML_expr,R,0,1,0,20.0,60.252442538823544,6.211282861614537,102.0,20.27080470418524
Rac1 perturbation; RhoA response,EML_expr,R,0,1,0,20.33333,54.93775363313726,5.937689612009537,102.0,20.27080470418524
Rac1 perturbation; RhoA response,EML_expr,R,0,1,0,20.66667,53.41221635401958,5.695227244367421,102.0,20.27080470418524
Rac1 perturbation; RhoA response,EML_expr,R,0,1,0,21.0,51.74590877382354,5.497075961536212,102.0,20.27080470418524
Rac1 perturbation; RhoA response,EML_expr,R,0,1,0,21.33333,49.811513076666664,5.335278746646896,102.0,20.27080470418524
Rac1 perturbation; RhoA response,EML_expr,R,0,1,0,21.66667,48.297746493235316,5.129799521430641,102.0,20.27080470418524
Rac1 perturbation; RhoA response,EML_expr,R,0,1,0,22.0,45.60092938411764,4.995006420064211,102.0,20.27080470418524
Rac1 perturbation; RhoA response,EML_expr,R,0,1,0,22.33333,44.4127340992157,4.8266340646873305,102.0,20.27080470418524
Rac1 perturbation; RhoA response,EML_expr,R,0,1,0,22.66667,42.491818248921575,4.625541088577205,102.0,20.27080470418524
Rac1 perturbation; RhoA response,EML_expr,R,0,1,0,23.0,41.659108101274484,4.515479641560975,102.0,20.27080470418524
Rac1 perturbation; RhoA response,EML_expr,R,0,1,0,23.33333,38.6730312614706,4.488783836612278,102.0,20.27080470418524
Rac1 perturbation; RhoA response,EML_expr,R,0,1,0,23.66667,38.53872666362746,4.129225207279518,102.0,20.27080470418524
Rac1 perturbation; RhoA response,EML_expr,R,0,1,0,24.0,37.54951162980392,4.102495634891386,102.0,20.27080470418524
Rac1 perturbation; RhoA response,EML_expr,R,0,1,0,24.33333,35.11277371294116,3.9638793036179685,102.0,20.27080470418524
Rac1 perturbation; RhoA response,EML_expr,R,0,1,0,24.66667,35.0134794919608,3.7620191021991634,102.0,20.27080470418524
Rac1 perturbation; RhoA response,EML_expr,R,0,1,0,25.0,32.11807277588238,3.9196736044049127,102.0,20.27080470418524
Rac1 perturbation; RhoA response,EML_expr,R,0,1,0,25.33333,31.736724898627468,3.5403495985543985,102.0,20.27080470418524
Rac1 perturbation; RhoA response,EML_expr,R,0,1,0,25.66667,30.718837153627458,3.397342988096774,102.0,20.27080470418524
Rac1 perturbation; RhoA response,EML_expr,R,0,1,0,26.0,27.908241541372547,3.431207266681927,102.0,20.27080470418524
Rac1 perturbation; RhoA response,EML_expr,R,0,1,0,26.33333,28.56984123049018,3.217931216224954,102.0,20.27080470418524
Rac1 perturbation; RhoA response,EML_expr,R,0,1,0,26.66667,26.37594937568628,3.1554019459006484,102.0,20.27080470418524
Rac1 perturbation; RhoA response,EML_expr,R,0,1,0,27.0,25.747825074019605,3.0542962188404728,102.0,20.27080470418524
Rac1 perturbation; RhoA response,EML_expr,R,0,1,0,27.33333,24.73268942078432,2.9243926581318958,102.0,20.27080470418524
Rac1 perturbation; RhoA response,EML_expr,R,0,1,0,27.66667,24.258557118431348,2.896928675563027,102.0,20.27080470418524
Rac1 perturbation; RhoA response,EML_expr,R,0,1,0,28.0,23.011840799215722,2.7702758563838996,102.0,20.27080470418524
Rac1 perturbation; RhoA response,EML_expr,R,0,1,0,28.33333,21.77760988117646,2.700625819371455,102.0,20.27080470418524
Rac1 perturbation; RhoA response,EML_expr,R,0,1,0,28.66667,21.54180312882353,2.6256973587996195,102.0,20.27080470418524
Rac1 perturbation; RhoA response,EML_expr,R,0,1,0,29.0,20.32287866245098,2.66995211310369,102.0,20.27080470418524
Rac1 perturbation; RhoA response,EML_expr,R,0,1,0,29.33333,20.363870878333348,2.4945211722808143,102.0,20.27080470418524
Rac1 perturbation; RhoA response,EML_expr,R,0,1,0,29.66667,19.97427564813725,2.4175255153915023,102.0,20.27080470418524
Rac1 perturbation; RhoA response,EML_expr,R,0,1,0,30.0,17.7973158992157,2.5306698777694208,102.0,20.27080470418524
Rac1 perturbation; RhoA response,EML_expr,R,0,1,0,30.33333,17.458103272352947,2.3291121650380746,102.0,20.27080470418524
Rac1 perturbation; RhoA response,EML_expr,R,0,1,0,30.66667,16.752543151568634,2.262527913054402,102.0,20.27080470418524
Rac1 perturbation; RhoA response,EML_expr,R,0,1,0,31.0,14.37553241666668,2.4586861511019147,102.0,20.27080470418524
Rac1 perturbation; RhoA response,EML_expr,R,0,1,0,31.33333,13.515102849705887,2.4533890918269075,102.0,20.27080470418524
Rac1 perturbation; RhoA response,EML_expr,R,0,1,0,31.66667,16.101014468627447,2.038048694449689,102.0,20.27080470418524
Rac1 perturbation; RhoA response,EML_expr,R,0,1,0,32.0,14.126859001274509,1.9854514656714357,102.0,20.27080470418524
Rac1 perturbation; RhoA response,EML_expr,R,0,1,0,32.33333,13.246295078725488,2.0531502378823445,102.0,20.27080470418524
Rac1 perturbation; RhoA response,EML_expr,R,0,1,0,32.66667,12.516971541568626,2.040471503019399,102.0,20.27080470418524
Rac1 perturbation; RhoA response,EML_expr,R,0,1,0,33.0,12.442076037156873,2.0134486287433977,102.0,20.27080470418524
Rac1 perturbation; RhoA response,EML_expr,R,0,1,0,33.33333,12.216547963823531,1.8727446195322992,102.0,20.27080470418524
Rac1 perturbation; RhoA response,EML_expr,R,0,1,0,33.66667,11.682215155196088,1.8560369327016877,102.0,20.27080470418524
Rac1 perturbation; RhoA response,EML_expr,R,0,1,0,34.0,10.906749343823531,1.8787041449193262,102.0,20.27080470418524
Rac1 perturbation; RhoA response,EML_expr,R,0,1,0,34.33333,11.297668761078432,1.8448578953953105,102.0,20.27080470418524
Rac1 perturbation; RhoA response,EML_expr,R,0,1,0,34.66667,12.379576779705877,1.8287141006657635,102.0,20.27080470418524
Rac1 perturbation; RhoA response,EML_expr,R,0,1,0,35.0,10.84845148784313,1.8385037400772086,102.0,20.27080470418524
Rac1 perturbation; RhoA response,EML_expr,R,0,1,0,35.33333,11.238808759313724,1.7713856536652122,102.0,20.27080470418524
Rac1 perturbation; RhoA response,EML_expr,R,0,1,0,35.66667,11.247143731274516,1.718822062362493,102.0,20.27080470418524
Rac1 perturbation; RhoA response,EML_expr,R,0,1,0,36.0,10.426152883627456,1.7539688826656712,102.0,20.27080470418524
Rac1 perturbation; RhoA response,EML_expr,R,0,1,0,36.33333,11.260318706862732,1.6868161769351129,102.0,20.27080470418524
Rac1 perturbation; RhoA response,EML_expr,R,0,1,0,36.66667,9.972245372254905,1.7253956850272392,102.0,20.27080470418524
Rac1 perturbation; RhoA response,EML_expr,R,0,1,0,37.0,10.654978836470594,1.7021852829646875,102.0,20.27080470418524
Rac1 perturbation; RhoA response,EML_expr,R,0,1,0,37.33333,9.74520202176471,1.696097020042852,102.0,20.27080470418524
Rac1 perturbation; RhoA response,EML_expr,R,0,1,0,37.66667,9.260330918921571,1.701754690667574,102.0,20.27080470418524
Rac1 perturbation; RhoA response,EML_expr,R,0,1,0,38.0,9.296067204705885,1.7005456129781193,102.0,20.27080470418524
Rac1 perturbation; RhoA response,EML_expr,R,0,1,0,38.33333,10.309174082549015,1.704818568689371,102.0,20.27080470418524
Rac1 perturbation; RhoA response,EML_expr,R,0,1,0,38.66667,8.86877129264706,1.6918583576513293,102.0,20.27080470418524
Rac1 perturbation; RhoA response,EML_expr,R,0,1,0,39.0,8.963871901960788,1.6809574639558549,102.0,20.27080470418524
Rac1 perturbation; RhoA response,EML_expr,R,0,1,0,39.33333,9.20126891764706,1.6523584950996888,102.0,20.27080470418524
Rac1 perturbation; RhoA response,EML_expr,R,0,1,0,39.66667,7.3494802596078435,1.833555564668603,102.0,20.27080470418524
Rac1 perturbation; RhoA response,EML_expr,R,0,1,0,40.0,8.58402001862745,1.5668875650562373,102.0,20.27080470418524
Rac1 perturbation; RhoA response,EML_expr,(R+R),0,3,0,0.0,-1.3762895822549015,0.50411235386505,102.0,-1.3762846265154043
Rac1 perturbation; RhoA response,EML_expr,(R+R),0,3,0,0.3333333,21.80185077156863,3.422024980475965,102.0,20.270393569898545
Rac1 perturbation; RhoA response,EML_expr,(R+R),0,3,0,0.6666667,30.611781803333344,4.267726477815583,102.0,20.270804683958893
Rac1 perturbation; RhoA response,EML_expr,(R+R),0,3,0,1.0,36.53921146166665,4.7264010770576395,102.0,20.270804691766752
Rac1 perturbation; RhoA response,EML_expr,(R+R),0,3,0,1.333333,40.477224400588234,4.96975511730596,102.0,20.2708046917669
Rac1 perturbation; RhoA response,EML_expr,(R+R),0,3,0,1.666667,43.672935604509775,5.187860435813586,102.0,20.2708046917669
Rac1 perturbation; RhoA response,EML_expr,(R+R),0,3,0,2.0,45.44188075156865,5.219705333024379,102.0,20.2708046917669
Rac1 perturbation; RhoA response,EML_expr,(R+R),0,3,0,2.333333,47.868677996862765,5.318296797389352,102.0,20.2708046917669
Rac1 perturbation; RhoA response,EML_expr,(R+R),0,3,0,2.666667,49.029414602647094,5.380577874091345,102.0,20.2708046917669
Rac1 perturbation; RhoA response,EML_expr,(R+R),0,3,0,3.0,48.87878536852945,5.4279260084635395,102.0,20.2708046917669
Rac1 perturbation; RhoA response,EML_expr,(R+R),0,3,0,3.333333,49.545590385490236,5.424570471400211,102.0,20.2708046917669
Rac1 perturbation; RhoA response,EML_expr,(R+R),0,3,0,3.666667,50.60425583872549,5.496107309152899,102.0,20.2708046917669
Rac1 perturbation; RhoA response,EML_expr,(R+R),0,3,0,4.0,51.097094013823536,5.375149351545362,102.0,20.2708046917669
Rac1 perturbation; RhoA response,EML_expr,(R+R),0,3,0,4.333334,51.92032161539212,5.5017946234984585,102.0,20.2708046917669
Rac1 perturbation; RhoA response,EML_expr,(R+R),0,3,0,4.666667,53.32254371009807,5.471471875035747,102.0,20.2708046917669
Rac1 perturbation; RhoA response,EML_expr,(R+R),0,3,0,5.0,53.65529186735294,5.5488078085022225,102.0,20.2708046917669
Rac1 perturbation; RhoA response,EML_expr,(R+R),0,3,0,5.333334,53.23606688637256,5.6422528946411745,102.0,20.2708046917669
Rac1 perturbation; RhoA response,EML_expr,(R+R),0,3,0,5.666667,54.337714760000026,5.627293786005503,102.0,20.2708046917669
Rac1 perturbation; RhoA response,EML_expr,(R+R),0,3,0,6.0,55.12635692107845,5.643440842444053,102.0,20.2708046917669
Rac1 perturbation; RhoA response,EML_expr,(R+R),0,3,0,6.333334,55.17007110450979,5.701209437509858,102.0,20.2708046917669
Rac1 perturbation; RhoA response,EML_expr,(R+R),0,3,0,6.666667,56.69644097803922,5.717524859993219,102.0,20.2708046917669
Rac1 perturbation; RhoA response,EML_expr,(R+R),0,3,0,7.0,56.69522668107843,5.77149142849537,102.0,20.2708046917669
Rac1 perturbation; RhoA response,EML_expr,(R+R),0,3,0,7.333334,58.28530611843136,5.761652468322007,102.0,20.2708046917669
Rac1 perturbation; RhoA response,EML_expr,(R+R),0,3,0,7.666667,56.961419657647085,5.735573448742369,102.0,20.2708046917669
Rac1 perturbation; RhoA response,EML_expr,(R+R),0,3,0,8.0,57.82338275784312,5.783570548698452,102.0,20.2708046917669
Rac1 perturbation; RhoA response,EML_expr,(R+R),0,3,0,8.333333,57.75019856147062,5.826416212905212,102.0,20.2708046917669
Rac1 perturbation; RhoA response,EML_expr,(R+R),0,3,0,8.666667,57.203753222352915,5.852569095038439,102.0,20.2708046917669
Rac1 perturbation; RhoA response,EML_expr,(R+R),0,3,0,9.0,59.05442461176468,5.764011948896135,102.0,20.2708046917669
Rac1 perturbation; RhoA response,EML_expr,(R+R),0,3,0,9.333333,59.10767345686274,5.811593078418382,102.0,20.2708046917669
Rac1 perturbation; RhoA response,EML_expr,(R+R),0,3,0,9.666667,59.51643125921565,5.796861784424392,102.0,20.2708046917669
Rac1 perturbation; RhoA response,EML_expr,(R+R),0,3,0,10.0,58.97425116039215,5.880594663651929,102.0,20.2708046917669
Rac1 perturbation; RhoA response,EML_expr,(R+R),0,3,0,10.33333,59.97277649754901,5.925760585001861,102.0,20.2708046917669
Rac1 perturbation; RhoA response,EML_expr,(R+R),0,3,0,10.66667,59.67217276107842,5.911423324421129,102.0,20.2708046917669
Rac1 perturbation; RhoA response,EML_expr,(R+R),0,3,0,11.0,59.94570601833335,5.938615244252045,102.0,20.2708046917669
Rac1 perturbation; RhoA response,EML_expr,(R+R),0,3,0,11.33333,60.26858066990196,5.969688831347074,102.0,20.2708046917669
Rac1 perturbation; RhoA response,EML_expr,(R+R),0,3,0,11.66667,60.39380383892158,6.000789739288233,102.0,20.2708046917669
Rac1 perturbation; RhoA response,EML_expr,(R+R),0,3,0,12.0,60.59690535833334,6.002558505598481,102.0,20.2708046917669
Rac1 perturbation; RhoA response,EML_expr,(R+R),0,3,0,12.33333,61.123595551960754,6.037858062722709,102.0,20.2708046917669
Rac1 perturbation; RhoA response,EML_expr,(R+R),0,3,0,12.66667,59.86330000117649,6.008450062217623,102.0,20.2708046917669
Rac1 perturbation; RhoA response,EML_expr,(R+R),0,3,0,13.0,60.16060124039215,6.045579739948293,102.0,20.2708046917669
Rac1 perturbation; RhoA response,EML_expr,(R+R),0,3,0,13.33333,60.81838072127449,6.051579153459915,102.0,20.2708046917669
Rac1 perturbation; RhoA response,EML_expr,(R+R),0,3,0,13.66667,59.48289247960783,6.053387283634875,102.0,20.2708046917669
Rac1 perturbation; RhoA response,EML_expr,(R+R),0,3,0,14.0,60.599503611764675,6.119341040924408,102.0,20.2708046917669
Rac1 perturbation; RhoA response,EML_expr,(R+R),0,3,0,14.33333,60.19987780362744,6.0850591297034455,102.0,20.2708046917669
Rac1 perturbation; RhoA response,EML_expr,(R+R),0,3,0,14.66667,59.93194524715691,6.106322483011755,102.0,20.2708046917669
Rac1 perturbation; RhoA response,EML_expr,(R+R),0,3,0,15.0,60.337562376274484,6.078237746506857,102.0,20.2708046917669
Rac1 perturbation; RhoA response,EML_expr,(R+R),0,3,0,15.33333,59.58158538578434,6.207874054728857,102.0,20.2708046917669
Rac1 perturbation; RhoA response,EML_expr,(R+R),0,3,0,15.66667,60.71967915656863,6.093759525579715,102.0,20.2708046917669
Rac1 perturbation; RhoA response,EML_expr,(R+R),0,3,0,16.0,59.92963646921569,6.152597945396288,102.0,20.2708046917669
Rac1 perturbation; RhoA response,EML_expr,(R+R),0,3,0,16.33333,60.424480239313745,6.1628092434583905,102.0,20.2708046917669
Rac1 perturbation; RhoA response,EML_expr,(R+R),0,3,0,16.66667,60.825864639607836,6.093484097308075,102.0,20.2708046917669
Rac1 perturbation; RhoA response,EML_expr,(R+R),0,3,0,17.0,59.230446043823555,6.1847919298934935,102.0,20.2708046917669
Rac1 perturbation; RhoA response,EML_expr,(R+R),0,3,0,17.33333,59.53360226147061,6.144033862175193,102.0,20.2708046917669
Rac1 perturbation; RhoA response,EML_expr,(R+R),0,3,0,17.66667,60.603943836372565,6.146058064480174,102.0,20.2708046917669
Rac1 perturbation; RhoA response,EML_expr,(R+R),0,3,0,18.0,60.08698748911767,6.153517102502953,102.0,20.2708046917669
Rac1 perturbation; RhoA response,EML_expr,(R+R),0,3,0,18.33333,58.60493436343134,6.284901944529139,102.0,20.2708046917669
Rac1 perturbation; RhoA response,EML_expr,(R+R),0,3,0,18.66667,58.18239181794117,6.2687536088556275,102.0,20.2708046917669
Rac1 perturbation; RhoA response,EML_expr,(R+R),0,3,0,19.0,59.209288051666626,6.187989336239144,102.0,20.2708046917669
Rac1 perturbation; RhoA response,EML_expr,(R+R),0,3,0,19.33333,58.852119528431395,6.2289736432097715,102.0,20.2708046917669
Rac1 perturbation; RhoA response,EML_expr,(R+R),0,3,0,19.66667,58.169122079019594,6.2673284333163135,102.0,20.2708046917669
Rac1 perturbation; RhoA response,EML_expr,(R+R),0,3,0,20.0,60.252442538823544,6.211282861614537,102.0,20.2708046917669
Rac1 perturbation; RhoA response,EML_expr,(R+R),0,3,0,20.33333,54.93775363313726,5.937689612009537,102.0,20.2708046917669
Rac1 perturbation; RhoA response,EML_expr,(R+R),0,3,0,20.66667,53.41221635401958,5.695227244367421,102.0,20.2708046917669
Rac1 perturbation; RhoA response,EML_expr,(R+R),0,3,0,21.0,51.74590877382354,5.497075961536212,102.0,20.2708046917669
Rac1 perturbation; RhoA response,EML_expr,(R+R),0,3,0,21.33333,49.811513076666664,5.335278746646896,102.0,20.2708046917669
Rac1 perturbation; RhoA response,EML_expr,(R+R),0,3,0,21.66667,48.297746493235316,5.129799521430641,102.0,20.2708046917669
Rac1 perturbation; RhoA response,EML_expr,(R+R),0,3,0,22.0,45.60092938411764,4.995006420064211,102.0,20.2708046917669
Rac1 perturbation; RhoA response,EML_expr,(R+R),0,3,0,22.33333,44.4127340992157,4.8266340646873305,102.0,20.2708046917669
Rac1 perturbation; RhoA response,EML_expr,(R+R),0,3,0,22.66667,42.491818248921575,4.625541088577205,102.0,20.2708046917669
Rac1 perturbation; RhoA response,EML_expr,(R+R),0,3,0,23.0,41.659108101274484,4.515479641560975,102.0,20.2708046917669
Rac1 perturbation; RhoA response,EML_expr,(R+R),0,3,0,23.33333,38.6730312614706,4.488783836612278,102.0,20.2708046917669
Rac1 perturbation; RhoA response,EML_expr,(R+R),0,3,0,23.66667,38.53872666362746,4.129225207279518,102.0,20.2708046917669
Rac1 perturbation; RhoA response,EML_expr,(R+R),0,3,0,24.0,37.54951162980392,4.102495634891386,102.0,20.2708046917669
Rac1 perturbation; RhoA response,EML_expr,(R+R),0,3,0,24.33333,35.11277371294116,3.9638793036179685,102.0,20.2708046917669
Rac1 perturbation; RhoA response,EML_expr,(R+R),0,3,0,24.66667,35.0134794919608,3.7620191021991634,102.0,20.2708046917669
Rac1 perturbation; RhoA response,EML_expr,(R+R),0,3,0,25.0,32.11807277588238,3.9196736044049127,102.0,20.2708046917669
Rac1 perturbation; RhoA response,EML_expr,(R+R),0,3,0,25.33333,31.736724898627468,3.5403495985543985,102.0,20.2708046917669
Rac1 perturbation; RhoA response,EML_expr,(R+R),0,3,0,25.66667,30.718837153627458,3.397342988096774,102.0,20.2708046917669
Rac1 perturbation; RhoA response,EML_expr,(R+R),0,3,0,26.0,27.908241541372547,3.431207266681927,102.0,20.2708046917669
Rac1 perturbation; RhoA response,EML_expr,(R+R),0,3,0,26.33333,28.56984123049018,3.217931216224954,102.0,20.2708046917669
Rac1 perturbation; RhoA response,EML_expr,(R+R),0,3,0,26.66667,26.37594937568628,3.1554019459006484,102.0,20.2708046917669
Rac1 perturbation; RhoA response,EML_expr,(R+R),0,3,0,27.0,25.747825074019605,3.0542962188404728,102.0,20.2708046917669
Rac1 perturbation; RhoA response,EML_expr,(R+R),0,3,0,27.33333,24.73268942078432,2.9243926581318958,102.0,20.2708046917669
Rac1 perturbation; RhoA response,EML_expr,(R+R),0,3,0,27.66667,24.258557118431348,2.896928675563027,102.0,20.2708046917669
Rac1 perturbation; RhoA response,EML_expr,(R+R),0,3,0,28.0,23.011840799215722,2.7702758563838996,102.0,20.2708046917669
Rac1 perturbation; RhoA response,EML_expr,(R+R),0,3,0,28.33333,21.77760988117646,2.700625819371455,102.0,20.2708046917669
Rac1 perturbation; RhoA response,EML_expr,(R+R),0,3,0,28.66667,21.54180312882353,2.6256973587996195,102.0,20.2708046917669
Rac1 perturbation; RhoA response,EML_expr,(R+R),0,3,0,29.0,20.32287866245098,2.66995211310369,102.0,20.2708046917669
Rac1 perturbation; RhoA response,EML_expr,(R+R),0,3,0,29.33333,20.363870878333348,2.4945211722808143,102.0,20.2708046917669
Rac1 perturbation; RhoA response,EML_expr,(R+R),0,3,0,29.66667,19.97427564813725,2.4175255153915023,102.0,20.2708046917669
Rac1 perturbation; RhoA response,EML_expr,(R+R),0,3,0,30.0,17.7973158992157,2.5306698777694208,102.0,20.2708046917669
Rac1 perturbation; RhoA response,EML_expr,(R+R),0,3,0,30.33333,17.458103272352947,2.3291121650380746,102.0,20.2708046917669
Rac1 perturbation; RhoA response,EML_expr,(R+R),0,3,0,30.66667,16.752543151568634,2.262527913054402,102.0,20.2708046917669
Rac1 perturbation; RhoA response,EML_expr,(R+R),0,3,0,31.0,14.37553241666668,2.4586861511019147,102.0,20.2708046917669
Rac1 perturbation; RhoA response,EML_expr,(R+R),0,3,0,31.33333,13.515102849705887,2.4533890918269075,102.0,20.2708046917669
Rac1 perturbation; RhoA response,EML_expr,(R+R),0,3,0,31.66667,16.101014468627447,2.038048694449689,102.0,20.2708046917669
Rac1 perturbation; RhoA response,EML_expr,(R+R),0,3,0,32.0,14.126859001274509,1.9854514656714357,102.0,20.2708046917669
Rac1 perturbation; RhoA response,EML_expr,(R+R),0,3,0,32.33333,13.246295078725488,2.0531502378823445,102.0,20.2708046917669
Rac1 perturbation; RhoA response,EML_expr,(R+R),0,3,0,32.66667,12.516971541568626,2.040471503019399,102.0,20.2708046917669
Rac1 perturbation; RhoA response,EML_expr,(R+R),0,3,0,33.0,12.442076037156873,2.0134486287433977,102.0,20.2708046917669
Rac1 perturbation; RhoA response,EML_expr,(R+R),0,3,0,33.33333,12.216547963823531,1.8727446195322992,102.0,20.2708046917669
Rac1 perturbation; RhoA response,EML_expr,(R+R),0,3,0,33.66667,11.682215155196088,1.8560369327016877,102.0,20.2708046917669
Rac1 perturbation; RhoA response,EML_expr,(R+R),0,3,0,34.0,10.906749343823531,1.8787041449193262,102.0,20.2708046917669
Rac1 perturbation; RhoA response,EML_expr,(R+R),0,3,0,34.33333,11.297668761078432,1.8448578953953105,102.0,20.2708046917669
Rac1 perturbation; RhoA response,EML_expr,(R+R),0,3,0,34.66667,12.379576779705877,1.8287141006657635,102.0,20.2708046917669
Rac1 perturbation; RhoA response,EML_expr,(R+R),0,3,0,35.0,10.84845148784313,1.8385037400772086,102.0,20.2708046917669
Rac1 perturbation; RhoA response,EML_expr,(R+R),0,3,0,35.33333,11.238808759313724,1.7713856536652122,102.0,20.2708046917669
Rac1 perturbation; RhoA response,EML_expr,(R+R),0,3,0,35.66667,11.247143731274516,1.718822062362493,102.0,20.2708046917669
Rac1 perturbation; RhoA response,EML_expr,(R+R),0,3,0,36.0,10.426152883627456,1.7539688826656712,102.0,20.2708046917669
Rac1 perturbation; RhoA response,EML_expr,(R+R),0,3,0,36.33333,11.260318706862732,1.6868161769351129,102.0,20.2708046917669
Rac1 perturbation; RhoA response,EML_expr,(R+R),0,3,0,36.66667,9.972245372254905,1.7253956850272392,102.0,20.2708046917669
Rac1 perturbation; RhoA response,EML_expr,(R+R),0,3,0,37.0,10.654978836470594,1.7021852829646875,102.0,20.2708046917669
Rac1 perturbation; RhoA response,EML_expr,(R+R),0,3,0,37.33333,9.74520202176471,1.696097020042852,102.0,20.2708046917669
Rac1 perturbation; RhoA response,EML_expr,(R+R),0,3,0,37.66667,9.260330918921571,1.701754690667574,102.0,20.2708046917669
Rac1 perturbation; RhoA response,EML_expr,(R+R),0,3,0,38.0,9.296067204705885,1.7005456129781193,102.0,20.2708046917669
Rac1 perturbation; RhoA response,EML_expr,(R+R),0,3,0,38.33333,10.309174082549015,1.704818568689371,102.0,20.2708046917669
Rac1 perturbation; RhoA response,EML_expr,(R+R),0,3,0,38.66667,8.86877129264706,1.6918583576513293,102.0,20.2708046917669
Rac1 perturbation; RhoA response,EML_expr,(R+R),0,3,0,39.0,8.963871901960788,1.6809574639558549,102.0,20.2708046917669
Rac1 perturbation; RhoA response,EML_expr,(R+R),0,3,0,39.33333,9.20126891764706,1.6523584950996888,102.0,20.2708046917669
Rac1 perturbation; RhoA response,EML_expr,(R+R),0,3,0,39.66667,7.3494802596078435,1.833555564668603,102.0,20.2708046917669
Rac1 perturbation; RhoA response,EML_expr,(R+R),0,3,0,40.0,8.58402001862745,1.5668875650562373,102.0,20.2708046917669
Rac1 perturbation; RhoA response,EML_expr,((R+R)+R),0,5,0,0.0,-1.3762895822549015,0.50411235386505,102.0,-1.376280354133859
Rac1 perturbation; RhoA response,EML_expr,((R+R)+R),0,5,0,0.3333333,21.80185077156863,3.422024980475965,102.0,20.270341844889916
Rac1 perturbation; RhoA response,EML_expr,((R+R)+R),0,5,0,0.6666667,30.611781803333344,4.267726477815583,102.0,20.270804648538206
Rac1 perturbation; RhoA response,EML_expr,((R+R)+R),0,5,0,1.0,36.53921146166665,4.7264010770576395,102.0,20.270804658432894
Rac1 perturbation; RhoA response,EML_expr,((R+R)+R),0,5,0,1.333333,40.477224400588234,4.96975511730596,102.0,20.270804658433107
Rac1 perturbation; RhoA response,EML_expr,((R+R)+R),0,5,0,1.666667,43.672935604509775,5.187860435813586,102.0,20.270804658433107
Rac1 perturbation; RhoA response,EML_expr,((R+R)+R),0,5,0,2.0,45.44188075156865,5.219705333024379,102.0,20.270804658433107
Rac1 perturbation; RhoA response,EML_expr,((R+R)+R),0,5,0,2.333333,47.868677996862765,5.318296797389352,102.0,20.270804658433107
Rac1 perturbation; RhoA response,EML_expr,((R+R)+R),0,5,0,2.666667,49.029414602647094,5.380577874091345,102.0,20.270804658433107
Rac1 perturbation; RhoA response,EML_expr,((R+R)+R),0,5,0,3.0,48.87878536852945,5.4279260084635395,102.0,20.270804658433107
Rac1 perturbation; RhoA response,EML_expr,((R+R)+R),0,5,0,3.333333,49.545590385490236,5.424570471400211,102.0,20.270804658433107
Rac1 perturbation; RhoA response,EML_expr,((R+R)+R),0,5,0,3.666667,50.60425583872549,5.496107309152899,102.0,20.270804658433107
Rac1 perturbation; RhoA response,EML_expr,((R+R)+R),0,5,0,4.0,51.097094013823536,5.375149351545362,102.0,20.270804658433107
Rac1 perturbation; RhoA response,EML_expr,((R+R)+R),0,5,0,4.333334,51.92032161539212,5.5017946234984585,102.0,20.270804658433107
Rac1 perturbation; RhoA response,EML_expr,((R+R)+R),0,5,0,4.666667,53.32254371009807,5.471471875035747,102.0,20.270804658433107
Rac1 perturbation; RhoA response,EML_expr,((R+R)+R),0,5,0,5.0,53.65529186735294,5.5488078085022225,102.0,20.270804658433107
Rac1 perturbation; RhoA response,EML_expr,((R+R)+R),0,5,0,5.333334,53.23606688637256,5.6422528946411745,102.0,20.270804658433107
Rac1 perturbation; RhoA response,EML_expr,((R+R)+R),0,5,0,5.666667,54.337714760000026,5.627293786005503,102.0,20.270804658433107
Rac1 perturbation; RhoA response,EML_expr,((R+R)+R),0,5,0,6.0,55.12635692107845,5.643440842444053,102.0,20.270804658433107
Rac1 perturbation; RhoA response,EML_expr,((R+R)+R),0,5,0,6.333334,55.17007110450979,5.701209437509858,102.0,20.270804658433107
Rac1 perturbation; RhoA response,EML_expr,((R+R)+R),0,5,0,6.666667,56.69644097803922,5.717524859993219,102.0,20.270804658433107
Rac1 perturbation; RhoA response,EML_expr,((R+R)+R),0,5,0,7.0,56.69522668107843,5.77149142849537,102.0,20.270804658433107
Rac1 perturbation; RhoA response,EML_expr,((R+R)+R),0,5,0,7.333334,58.28530611843136,5.761652468322007,102.0,20.270804658433107
Rac1 perturbation; RhoA response,EML_expr,((R+R)+R),0,5,0,7.666667,56.961419657647085,5.735573448742369,102.0,20.270804658433107
Rac1 perturbation; RhoA response,EML_expr,((R+R)+R),0,5,0,8.0,57.82338275784312,5.783570548698452,102.0,20.270804658433107
Rac1 perturbation; RhoA response,EML_expr,((R+R)+R),0,5,0,8.333333,57.75019856147062,5.826416212905212,102.0,20.270804658433107
Rac1 perturbation; RhoA response,EML_expr,((R+R)+R),0,5,0,8.666667,57.203753222352915,5.852569095038439,102.0,20.270804658433107
Rac1 perturbation; RhoA response,EML_expr,((R+R)+R),0,5,0,9.0,59.05442461176468,5.764011948896135,102.0,20.270804658433107
Rac1 perturbation; RhoA response,EML_expr,((R+R)+R),0,5,0,9.333333,59.10767345686274,5.811593078418382,102.0,20.270804658433107
Rac1 perturbation; RhoA response,EML_expr,((R+R)+R),0,5,0,9.666667,59.51643125921565,5.796861784424392,102.0,20.270804658433107
Rac1 perturbation; RhoA response,EML_expr,((R+R)+R),0,5,0,10.0,58.97425116039215,5.880594663651929,102.0,20.270804658433107
Rac1 perturbation; RhoA response,EML_expr,((R+R)+R),0,5,0,10.33333,59.97277649754901,5.925760585001861,102.0,20.270804658433107
Rac1 perturbation; RhoA response,EML_expr,((R+R)+R),0,5,0,10.66667,59.67217276107842,5.911423324421129,102.0,20.270804658433107
Rac1 perturbation; RhoA response,EML_expr,((R+R)+R),0,5,0,11.0,59.94570601833335,5.938615244252045,102.0,20.270804658433107
Rac1 perturbation; RhoA response,EML_expr,((R+R)+R),0,5,0,11.33333,60.26858066990196,5.969688831347074,102.0,20.270804658433107
Rac1 perturbation; RhoA response,EML_expr,((R+R)+R),0,5,0,11.66667,60.39380383892158,6.000789739288233,102.0,20.270804658433107
Rac1 perturbation; RhoA response,EML_expr,((R+R)+R),0,5,0,12.0,60.59690535833334,6.002558505598481,102.0,20.270804658433107
Rac1 perturbation; RhoA response,EML_expr,((R+R)+R),0,5,0,12.33333,61.123595551960754,6.037858062722709,102.0,20.270804658433107
Rac1 perturbation; RhoA response,EML_expr,((R+R)+R),0,5,0,12.66667,59.86330000117649,6.008450062217623,102.0,20.270804658433107
Rac1 perturbation; RhoA response,EML_expr,((R+R)+R),0,5,0,13.0,60.16060124039215,6.045579739948293,102.0,20.270804658433107
Rac1 perturbation; RhoA response,EML_expr,((R+R)+R),0,5,0,13.33333,60.81838072127449,6.051579153459915,102.0,20.270804658433107
Rac1 perturbation; RhoA response,EML_expr,((R+R)+R),0,5,0,13.66667,59.48289247960783,6.053387283634875,102.0,20.270804658433107
Rac1 perturbation; RhoA response,EML_expr,((R+R)+R),0,5,0,14.0,60.599503611764675,6.119341040924408,102.0,20.270804658433107
Rac1 perturbation; RhoA response,EML_expr,((R+R)+R),0,5,0,14.33333,60.19987780362744,6.0850591297034455,102.0,20.270804658433107
Rac1 perturbation; RhoA response,EML_expr,((R+R)+R),0,5,0,14.66667,59.93194524715691,6.106322483011755,102.0,20.270804658433107
Rac1 perturbation; RhoA response,EML_expr,((R+R)+R),0,5,0,15.0,60.337562376274484,6.078237746506857,102.0,20.270804658433107
Rac1 perturbation; RhoA response,EML_expr,((R+R)+R),0,5,0,15.33333,59.58158538578434,6.207874054728857,102.0,20.270804658433107
Rac1 perturbation; RhoA response,EML_expr,((R+R)+R),0,5,0,15.66667,60.71967915656863,6.093759525579715,102.0,20.270804658433107
Rac1 perturbation; RhoA response,EML_expr,((R+R)+R),0,5,0,16.0,59.92963646921569,6.152597945396288,102.0,20.270804658433107
Rac1 perturbation; RhoA response,EML_expr,((R+R)+R),0,5,0,16.33333,60.424480239313745,6.1628092434583905,102.0,20.270804658433107
Rac1 perturbation; RhoA response,EML_expr,((R+R)+R),0,5,0,16.66667,60.825864639607836,6.093484097308075,102.0,20.270804658433107
Rac1 perturbation; RhoA response,EML_expr,((R+R)+R),0,5,0,17.0,59.230446043823555,6.1847919298934935,102.0,20.270804658433107
Rac1 perturbation; RhoA response,EML_expr,((R+R)+R),0,5,0,17.33333,59.53360226147061,6.144033862175193,102.0,20.270804658433107
Rac1 perturbation; RhoA response,EML_expr,((R+R)+R),0,5,0,17.66667,60.603943836372565,6.146058064480174,102.0,20.270804658433107
Rac1 perturbation; RhoA response,EML_expr,((R+R)+R),0,5,0,18.0,60.08698748911767,6.153517102502953,102.0,20.270804658433107
Rac1 perturbation; RhoA response,EML_expr,((R+R)+R),0,5,0,18.33333,58.60493436343134,6.284901944529139,102.0,20.270804658433107
Rac1 perturbation; RhoA response,EML_expr,((R+R)+R),0,5,0,18.66667,58.18239181794117,6.2687536088556275,102.0,20.270804658433107
Rac1 perturbation; RhoA response,EML_expr,((R+R)+R),0,5,0,19.0,59.209288051666626,6.187989336239144,102.0,20.270804658433107
Rac1 perturbation; RhoA response,EML_expr,((R+R)+R),0,5,0,19.33333,58.852119528431395,6.2289736432097715,102.0,20.270804658433107
Rac1 perturbation; RhoA response,EML_expr,((R+R)+R),0,5,0,19.66667,58.169122079019594,6.2673284333163135,102.0,20.270804658433107
Rac1 perturbation; RhoA response,EML_expr,((R+R)+R),0,5,0,20.0,60.252442538823544,6.211282861614537,102.0,20.270804658433107
Rac1 perturbation; RhoA response,EML_expr,((R+R)+R),0,5,0,20.33333,54.93775363313726,5.937689612009537,102.0,20.270804658433107
Rac1 perturbation; RhoA response,EML_expr,((R+R)+R),0,5,0,20.66667,53.41221635401958,5.695227244367421,102.0,20.270804658433107
Rac1 perturbation; RhoA response,EML_expr,((R+R)+R),0,5,0,21.0,51.74590877382354,5.497075961536212,102.0,20.270804658433107
Rac1 perturbation; RhoA response,EML_expr,((R+R)+R),0,5,0,21.33333,49.811513076666664,5.335278746646896,102.0,20.270804658433107
Rac1 perturbation; RhoA response,EML_expr,((R+R)+R),0,5,0,21.66667,48.297746493235316,5.129799521430641,102.0,20.270804658433107
Rac1 perturbation; RhoA response,EML_expr,((R+R)+R),0,5,0,22.0,45.60092938411764,4.995006420064211,102.0,20.270804658433107
Rac1 perturbation; RhoA response,EML_expr,((R+R)+R),0,5,0,22.33333,44.4127340992157,4.8266340646873305,102.0,20.270804658433107
Rac1 perturbation; RhoA response,EML_expr,((R+R)+R),0,5,0,22.66667,42.491818248921575,4.625541088577205,102.0,20.270804658433107
Rac1 perturbation; RhoA response,EML_expr,((R+R)+R),0,5,0,23.0,41.659108101274484,4.515479641560975,102.0,20.270804658433107
Rac1 perturbation; RhoA response,EML_expr,((R+R)+R),0,5,0,23.33333,38.6730312614706,4.488783836612278,102.0,20.270804658433107
Rac1 perturbation; RhoA response,EML_expr,((R+R)+R),0,5,0,23.66667,38.53872666362746,4.129225207279518,102.0,20.270804658433107
Rac1 perturbation; RhoA response,EML_expr,((R+R)+R),0,5,0,24.0,37.54951162980392,4.102495634891386,102.0,20.270804658433107
Rac1 perturbation; RhoA response,EML_expr,((R+R)+R),0,5,0,24.33333,35.11277371294116,3.9638793036179685,102.0,20.270804658433107
Rac1 perturbation; RhoA response,EML_expr,((R+R)+R),0,5,0,24.66667,35.0134794919608,3.7620191021991634,102.0,20.270804658433107
Rac1 perturbation; RhoA response,EML_expr,((R+R)+R),0,5,0,25.0,32.11807277588238,3.9196736044049127,102.0,20.270804658433107
Rac1 perturbation; RhoA response,EML_expr,((R+R)+R),0,5,0,25.33333,31.736724898627468,3.5403495985543985,102.0,20.270804658433107
Rac1 perturbation; RhoA response,EML_expr,((R+R)+R),0,5,0,25.66667,30.718837153627458,3.397342988096774,102.0,20.270804658433107
Rac1 perturbation; RhoA response,EML_expr,((R+R)+R),0,5,0,26.0,27.908241541372547,3.431207266681927,102.0,20.270804658433107
Rac1 perturbation; RhoA response,EML_expr,((R+R)+R),0,5,0,26.33333,28.56984123049018,3.217931216224954,102.0,20.270804658433107
Rac1 perturbation; RhoA response,EML_expr,((R+R)+R),0,5,0,26.66667,26.37594937568628,3.1554019459006484,102.0,20.270804658433107
Rac1 perturbation; RhoA response,EML_expr,((R+R)+R),0,5,0,27.0,25.747825074019605,3.0542962188404728,102.0,20.270804658433107
Rac1 perturbation; RhoA response,EML_expr,((R+R)+R),0,5,0,27.33333,24.73268942078432,2.9243926581318958,102.0,20.270804658433107
Rac1 perturbation; RhoA response,EML_expr,((R+R)+R),0,5,0,27.66667,24.258557118431348,2.896928675563027,102.0,20.270804658433107
Rac1 perturbation; RhoA response,EML_expr,((R+R)+R),0,5,0,28.0,23.011840799215722,2.7702758563838996,102.0,20.270804658433107
Rac1 perturbation; RhoA response,EML_expr,((R+R)+R),0,5,0,28.33333,21.77760988117646,2.700625819371455,102.0,20.270804658433107
Rac1 perturbation; RhoA response,EML_expr,((R+R)+R),0,5,0,28.66667,21.54180312882353,2.6256973587996195,102.0,20.270804658433107
Rac1 perturbation; RhoA response,EML_expr,((R+R)+R),0,5,0,29.0,20.32287866245098,2.66995211310369,102.0,20.270804658433107
Rac1 perturbation; RhoA response,EML_expr,((R+R)+R),0,5,0,29.33333,20.363870878333348,2.4945211722808143,102.0,20.270804658433107
Rac1 perturbation; RhoA response,EML_expr,((R+R)+R),0,5,0,29.66667,19.97427564813725,2.4175255153915023,102.0,20.270804658433107
Rac1 perturbation; RhoA response,EML_expr,((R+R)+R),0,5,0,30.0,17.7973158992157,2.5306698777694208,102.0,20.270804658433107
Rac1 perturbation; RhoA response,EML_expr,((R+R)+R),0,5,0,30.33333,17.458103272352947,2.3291121650380746,102.0,20.270804658433107
Rac1 perturbation; RhoA response,EML_expr,((R+R)+R),0,5,0,30.66667,16.752543151568634,2.262527913054402,102.0,20.270804658433107
Rac1 perturbation; RhoA response,EML_expr,((R+R)+R),0,5,0,31.0,14.37553241666668,2.4586861511019147,102.0,20.270804658433107
Rac1 perturbation; RhoA response,EML_expr,((R+R)+R),0,5,0,31.33333,13.515102849705887,2.4533890918269075,102.0,20.270804658433107
Rac1 perturbation; RhoA response,EML_expr,((R+R)+R),0,5,0,31.66667,16.101014468627447,2.038048694449689,102.0,20.270804658433107
Rac1 perturbation; RhoA response,EML_expr,((R+R)+R),0,5,0,32.0,14.126859001274509,1.9854514656714357,102.0,20.270804658433107
Rac1 perturbation; RhoA response,EML_expr,((R+R)+R),0,5,0,32.33333,13.246295078725488,2.0531502378823445,102.0,20.270804658433107
Rac1 perturbation; RhoA response,EML_expr,((R+R)+R),0,5,0,32.66667,12.516971541568626,2.040471503019399,102.0,20.270804658433107
Rac1 perturbation; RhoA response,EML_expr,((R+R)+R),0,5,0,33.0,12.442076037156873,2.0134486287433977,102.0,20.270804658433107
Rac1 perturbation; RhoA response,EML_expr,((R+R)+R),0,5,0,33.33333,12.216547963823531,1.8727446195322992,102.0,20.270804658433107
Rac1 perturbation; RhoA response,EML_expr,((R+R)+R),0,5,0,33.66667,11.682215155196088,1.8560369327016877,102.0,20.270804658433107
Rac1 perturbation; RhoA response,EML_expr,((R+R)+R),0,5,0,34.0,10.906749343823531,1.8787041449193262,102.0,20.270804658433107
Rac1 perturbation; RhoA response,EML_expr,((R+R)+R),0,5,0,34.33333,11.297668761078432,1.8448578953953105,102.0,20.270804658433107
Rac1 perturbation; RhoA response,EML_expr,((R+R)+R),0,5,0,34.66667,12.379576779705877,1.8287141006657635,102.0,20.270804658433107
Rac1 perturbation; RhoA response,EML_expr,((R+R)+R),0,5,0,35.0,10.84845148784313,1.8385037400772086,102.0,20.270804658433107
Rac1 perturbation; RhoA response,EML_expr,((R+R)+R),0,5,0,35.33333,11.238808759313724,1.7713856536652122,102.0,20.270804658433107
Rac1 perturbation; RhoA response,EML_expr,((R+R)+R),0,5,0,35.66667,11.247143731274516,1.718822062362493,102.0,20.270804658433107
Rac1 perturbation; RhoA response,EML_expr,((R+R)+R),0,5,0,36.0,10.426152883627456,1.7539688826656712,102.0,20.270804658433107
Rac1 perturbation; RhoA response,EML_expr,((R+R)+R),0,5,0,36.33333,11.260318706862732,1.6868161769351129,102.0,20.270804658433107
Rac1 perturbation; RhoA response,EML_expr,((R+R)+R),0,5,0,36.66667,9.972245372254905,1.7253956850272392,102.0,20.270804658433107
Rac1 perturbation; RhoA response,EML_expr,((R+R)+R),0,5,0,37.0,10.654978836470594,1.7021852829646875,102.0,20.270804658433107
Rac1 perturbation; RhoA response,EML_expr,((R+R)+R),0,5,0,37.33333,9.74520202176471,1.696097020042852,102.0,20.270804658433107
Rac1 perturbation; RhoA response,EML_expr,((R+R)+R),0,5,0,37.66667,9.260330918921571,1.701754690667574,102.0,20.270804658433107
Rac1 perturbation; RhoA response,EML_expr,((R+R)+R),0,5,0,38.0,9.296067204705885,1.7005456129781193,102.0,20.270804658433107
Rac1 perturbation; RhoA response,EML_expr,((R+R)+R),0,5,0,38.33333,10.309174082549015,1.704818568689371,102.0,20.270804658433107
Rac1 perturbation; RhoA response,EML_expr,((R+R)+R),0,5,0,38.66667,8.86877129264706,1.6918583576513293,102.0,20.270804658433107
Rac1 perturbation; RhoA response,EML_expr,((R+R)+R),0,5,0,39.0,8.963871901960788,1.6809574639558549,102.0,20.270804658433107
Rac1 perturbation; RhoA response,EML_expr,((R+R)+R),0,5,0,39.33333,9.20126891764706,1.6523584950996888,102.0,20.270804658433107
Rac1 perturbation; RhoA response,EML_expr,((R+R)+R),0,5,0,39.66667,7.3494802596078435,1.833555564668603,102.0,20.270804658433107
Rac1 perturbation; RhoA response,EML_expr,((R+R)+R),0,5,0,40.0,8.58402001862745,1.5668875650562373,102.0,20.270804658433107
Rac1 perturbation; RhoA response,EML_expr,G(R),1,2,1,0.0,-1.3762895822549015,0.50411235386505,102.0,3.2278700132880744
Rac1 perturbation; RhoA response,EML_expr,G(R),1,2,1,0.3333333,21.80185077156863,3.422024980475965,102.0,9.007312923591368
Rac1 perturbation; RhoA response,EML_expr,G(R),1,2,1,0.6666667,30.611781803333344,4.267726477815583,102.0,14.237214028689785
Rac1 perturbation; RhoA response,EML_expr,G(R),1,2,1,1.0,36.53921146166665,4.7264010770576395,102.0,18.969823999727687
Rac1 perturbation; RhoA response,EML_expr,G(R),1,2,1,1.333333,40.477224400588234,4.96975511730596,102.0,23.25242601855075
Rac1 perturbation; RhoA response,EML_expr,G(R),1,2,1,1.666667,43.672935604509775,5.187860435813586,102.0,27.12782454663369
Rac1 perturbation; RhoA response,EML_expr,G(R),1,2,1,2.0,45.44188075156865,5.219705333024379,102.0,30.63471673473254
Rac1 perturbation; RhoA response,EML_expr,G(R),1,2,1,2.333333,47.868677996862765,5.318296797389352,102.0,33.808153349991315
Rac1 perturbation; RhoA response,EML_expr,G(R),1,2,1,2.666667,49.029414602647094,5.380577874091345,102.0,36.679849466904415
Rac1 perturbation; RhoA response,EML_expr,G(R),1,2,1,3.0,48.87878536852945,5.4279260084635395,102.0,39.2784799318796
Rac1 perturbation; RhoA response,EML_expr,G(R),1,2,1,3.333333,49.545590385490236,5.424570471400211,102.0,41.63001759678565
Rac1 perturbation; RhoA response,EML_expr,G(R),1,2,1,3.666667,50.60425583872549,5.496107309152899,102.0,43.7579635430244
Rac1 perturbation; RhoA response,EML_expr,G(R),1,2,1,4.0,51.097094013823536,5.375149351545362,102.0,45.68356602273965
Rac1 perturbation; RhoA response,EML_expr,G(R),1,2,1,4.333334,51.92032161539212,5.5017946234984585,102.0,47.426076062841894
Rac1 perturbation; RhoA response,EML_expr,G(R),1,2,1,4.666667,53.32254371009807,5.471471875035747,102.0,49.00289320901066
Rac1 perturbation; RhoA response,EML_expr,G(R),1,2,1,5.0,53.65529186735294,5.5488078085022225,102.0,50.429777469724854
Rac1 perturbation; RhoA response,EML_expr,G(R),1,2,1,5.333334,53.23606688637256,5.6422528946411745,102.0,51.72098901341066
Rac1 perturbation; RhoA response,EML_expr,G(R),1,2,1,5.666667,54.337714760000026,5.627293786005503,102.0,52.88942101928614
Rac1 perturbation; RhoA response,EML_expr,G(R),1,2,1,6.0,55.12635692107845,5.643440842444053,102.0,53.94675175858544
Rac1 perturbation; RhoA response,EML_expr,G(R),1,2,1,6.333334,55.17007110450979,5.701209437509858,102.0,54.90354811107571
Rac1 perturbation; RhoA response,EML_expr,G(R),1,2,1,6.666667,56.69644097803922,5.717524859993219,102.0,55.769364008417604
Rac1 perturbation; RhoA response,EML_expr,G(R),1,2,1,7.0,56.69522668107843,5.77149142849537,102.0,56.55285312736524
Rac1 perturbation; RhoA response,EML_expr,G(R),1,2,1,7.333334,58.28530611843136,5.761652468322007,102.0,57.26184559619452
Rac1 perturbation; RhoA response,EML_expr,G(R),1,2,1,7.666667,56.961419657647085,5.735573448742369,102.0,57.90342094188891
Rac1 perturbation; RhoA response,EML_expr,G(R),1,2,1,8.0,57.82338275784312,5.783570548698452,102.0,58.483991596551
Rac1 perturbation; RhoA response,EML_expr,G(R),1,2,1,8.333333,57.75019856147062,5.826416212905212,102.0,59.00935823870266
Rac1 perturbation; RhoA response,EML_expr,G(R),1,2,1,8.666667,57.203753222352915,5.852569095038439,102.0,59.4847713410058
Rac1 perturbation; RhoA response,EML_expr,G(R),1,2,1,9.0,59.05442461176468,5.764011948896135,102.0,59.91497806232887
Rac1 perturbation; RhoA response,EML_expr,G(R),1,2,1,9.333333,59.10767345686274,5.811593078418382,102.0,60.30427824275934
Rac1 perturbation; RhoA response,EML_expr,G(R),1,2,1,9.666667,59.51643125921565,5.796861784424392,102.0,60.65656251750434
Rac1 perturbation; RhoA response,EML_expr,G(R),1,2,1,10.0,58.97425116039215,5.880594663651929,102.0,60.97534856289836
Rac1 perturbation; RhoA response,EML_expr,G(R),1,2,1,10.33333,59.97277649754901,5.925760585001861,102.0,61.26382012035411
Rac1 perturbation; RhoA response,EML_expr,G(R),1,2,1,10.66667,59.67217276107842,5.911423324421129,102.0,61.52486981663056
Rac1 perturbation; RhoA response,EML_expr,G(R),1,2,1,11.0,59.94570601833335,5.938615244252045,102.0,61.76109016519001
Rac1 perturbation; RhoA response,EML_expr,G(R),1,2,1,11.33333,60.26858066990196,5.969688831347074,102.0,61.97484951029536
Rac1 perturbation; RhoA response,EML_expr,G(R),1,2,1,11.66667,60.39380383892158,6.000789739288233,102.0,62.16828907365308
Rac1 perturbation; RhoA response,EML_expr,G(R),1,2,1,12.0,60.59690535833334,6.002558505598481,102.0,62.34332992496376
Rac1 perturbation; RhoA response,EML_expr,G(R),1,2,1,12.33333,61.123595551960754,6.037858062722709,102.0,62.50172702255714
Rac1 perturbation; RhoA response,EML_expr,G(R),1,2,1,12.66667,59.86330000117649,6.008450062217623,102.0,62.645067020330806
Rac1 perturbation; RhoA response,EML_expr,G(R),1,2,1,13.0,60.16060124039215,6.045579739948293,102.0,62.77477339772751
Rac1 perturbation; RhoA response,EML_expr,G(R),1,2,1,13.33333,60.81838072127449,6.051579153459915,102.0,62.892146291495564
Rac1 perturbation; RhoA response,EML_expr,G(R),1,2,1,13.66667,59.48289247960783,6.053387283634875,102.0,62.99835983942716
Rac1 perturbation; RhoA response,EML_expr,G(R),1,2,1,14.0,60.599503611764675,6.119341040924408,102.0,63.094461900513316
Rac1 perturbation; RhoA response,EML_expr,G(R),1,2,1,14.33333,60.19987780362744,6.0850591297034455,102.0,63.18139018685006
Rac1 perturbation; RhoA response,EML_expr,G(R),1,2,1,14.66667,59.93194524715691,6.106322483011755,102.0,63.25993349422176
Rac1 perturbation; RhoA response,EML_expr,G(R),1,2,1,15.0,60.337562376274484,6.078237746506857,102.0,63.330645912983655
Rac1 perturbation; RhoA response,EML_expr,G(R),1,2,1,15.33333,59.58158538578434,6.207874054728857,102.0,63.3936891863631
Rac1 perturbation; RhoA response,EML_expr,G(R),1,2,1,15.66667,60.71967915656863,6.093759525579715,102.0,63.448517323292144
Rac1 perturbation; RhoA response,EML_expr,G(R),1,2,1,16.0,59.92963646921569,6.152597945396288,102.0,63.49340288220899
Rac1 perturbation; RhoA response,EML_expr,G(R),1,2,1,16.33333,60.424480239313745,6.1628092434583905,102.0,63.524831004481534
Rac1 perturbation; RhoA response,EML_expr,G(R),1,2,1,16.66667,60.825864639607836,6.093484097308075,102.0,63.53681109191736
Rac1 perturbation; RhoA response,EML_expr,G(R),1,2,1,17.0,59.230446043823555,6.1847919298934935,102.0,63.52027443223153
Rac1 perturbation; RhoA response,EML_expr,G(R),1,2,1,17.33333,59.53360226147061,6.144033862175193,102.0,63.46273024227076
Rac1 perturbation; RhoA response,EML_expr,G(R),1,2,1,17.66667,60.603943836372565,6.146058064480174,102.0,63.34833218729741
Rac1 perturbation; RhoA response,EML_expr,G(R),1,2,1,18.0,60.08698748911767,6.153517102502953,102.0,63.1584823849742
Rac1 perturbation; RhoA response,EML_expr,G(R),1,2,1,18.33333,58.60493436343134,6.284901944529139,102.0,62.87290617931952
Rac1 perturbation; RhoA response,EML_expr,G(R),1,2,1,18.66667,58.18239181794117,6.2687536088556275,102.0,62.47113446466828
Rac1 perturbation; RhoA response,EML_expr,G(R),1,2,1,19.0,59.209288051666626,6.187989336239144,102.0,61.934230616767096
Rac1 perturbation; RhoA response,EML_expr,G(R),1,2,1,19.33333,58.852119528431395,6.2289736432097715,102.0,61.24635716573015
Rac1 perturbation; RhoA response,EML_expr,G(R),1,2,1,19.66667,58.169122079019594,6.2673284333163135,102.0,60.39617308441857
Rac1 perturbation; RhoA response,EML_expr,G(R),1,2,1,20.0,60.252442538823544,6.211282861614537,102.0,59.37789343518153
Rac1 perturbation; RhoA response,EML_expr,G(R),1,2,1,20.33333,54.93775363313726,5.937689612009537,102.0,58.19159676645638
Rac1 perturbation; RhoA response,EML_expr,G(R),1,2,1,20.66667,53.41221635401958,5.695227244367421,102.0,56.84323160051329
Rac1 perturbation; RhoA response,EML_expr,G(R),1,2,1,21.0,51.74590877382354,5.497075961536212,102.0,55.34426590215626
Rac1 perturbation; RhoA response,EML_expr,G(R),1,2,1,21.33333,49.811513076666664,5.335278746646896,102.0,53.71060761563969
Rac1 perturbation; RhoA response,EML_expr,G(R),1,2,1,21.66667,48.297746493235316,5.129799521430641,102.0,51.96165449269229
Rac1 perturbation; RhoA response,EML_expr,G(R),1,2,1,22.0,45.60092938411764,4.995006420064211,102.0,50.11932250482509
Rac1 perturbation; RhoA response,EML_expr,G(R),1,2,1,22.33333,44.4127340992157,4.8266340646873305,102.0,48.20659688576623
Rac1 perturbation; RhoA response,EML_expr,G(R),1,2,1,22.66667,42.491818248921575,4.625541088577205,102.0,46.246643329359514
Rac1 perturbation; RhoA response,EML_expr,G(R),1,2,1,23.0,41.659108101274484,4.515479641560975,102.0,44.26210874679381
Rac1 perturbation; RhoA response,EML_expr,G(R),1,2,1,23.33333,38.6730312614706,4.488783836612278,102.0,42.27406303465607
Rac1 perturbation; RhoA response,EML_expr,G(R),1,2,1,23.66667,38.53872666362746,4.129225207279518,102.0,40.301658496419456
Rac1 perturbation; RhoA response,EML_expr,G(R),1,2,1,24.0,37.54951162980392,4.102495634891386,102.0,38.36197048147604
Rac1 perturbation; RhoA response,EML_expr,G(R),1,2,1,24.33333,35.11277371294116,3.9638793036179685,102.0,36.46946329582745
Rac1 perturbation; RhoA response,EML_expr,G(R),1,2,1,24.66667,35.0134794919608,3.7620191021991634,102.0,34.63612890727295
Rac1 perturbation; RhoA response,EML_expr,G(R),1,2,1,25.0,32.11807277588238,3.9196736044049127,102.0,32.87170579214404
Rac1 perturbation; RhoA response,EML_expr,G(R),1,2,1,25.33333,31.736724898627468,3.5403495985543985,102.0,31.183486545624284
Rac1 perturbation; RhoA response,EML_expr,G(R),1,2,1,25.66667,30.718837153627458,3.397342988096774,102.0,29.576684293143074
Rac1 perturbation; RhoA response,EML_expr,G(R),1,2,1,26.0,27.908241541372547,3.431207266681927,102.0,28.054790273069777
Rac1 perturbation; RhoA response,EML_expr,G(R),1,2,1,26.33333,28.56984123049018,3.217931216224954,102.0,26.61952237710084
Rac1 perturbation; RhoA response,EML_expr,G(R),1,2,1,26.66667,26.37594937568628,3.1554019459006484,102.0,25.27122069730645
Rac1 perturbation; RhoA response,EML_expr,G(R),1,2,1,27.0,25.747825074019605,3.0542962188404728,102.0,24.009188100442202
Rac1 perturbation; RhoA response,EML_expr,G(R),1,2,1,27.33333,24.73268942078432,2.9243926581318958,102.0,22.831663289658366
Rac1 perturbation; RhoA response,EML_expr,G(R),1,2,1,27.66667,24.258557118431348,2.896928675563027,102.0,21.736149904884574
Rac1 perturbation; RhoA response,EML_expr,G(R),1,2,1,28.0,23.011840799215722,2.7702758563838996,102.0,20.719678574805396
Rac1 perturbation; RhoA response,EML_expr,G(R),1,2,1,28.33333,21.77760988117646,2.700625819371455,102.0,19.778762491647548
Rac1 perturbation; RhoA response,EML_expr,G(R),1,2,1,28.66667,21.54180312882353,2.6256973587996195,102.0,18.909637041167663
Rac1 perturbation; RhoA response,EML_expr,G(R),1,2,1,29.0,20.32287866245098,2.66995211310369,102.0,18.108438069926148
Rac1 perturbation; RhoA response,EML_expr,G(R),1,2,1,29.33333,20.363870878333348,2.4945211722808143,102.0,17.371136891962564
Rac1 perturbation; RhoA response,EML_expr,G(R),1,2,1,29.66667,19.97427564813725,2.4175255153915023,102.0,16.693701341627218
Rac1 perturbation; RhoA response,EML_expr,G(R),1,2,1,30.0,17.7973158992157,2.5306698777694208,102.0,16.072207255700512
Rac1 perturbation; RhoA response,EML_expr,G(R),1,2,1,30.33333,17.458103272352947,2.3291121650380746,102.0,15.502762769540492
Rac1 perturbation; RhoA response,EML_expr,G(R),1,2,1,30.66667,16.752543151568634,2.262527913054402,102.0,14.981611175097523
Rac1 perturbation; RhoA response,EML_expr,G(R),1,2,1,31.0,14.37553241666668,2.4586861511019147,102.0,14.505196203579358
Rac1 perturbation; RhoA response,EML_expr,G(R),1,2,1,31.33333,13.515102849705887,2.4533890918269075,102.0,14.070085928804044
Rac1 perturbation; RhoA response,EML_expr,G(R),1,2,1,31.66667,16.101014468627447,2.038048694449689,102.0,13.67303634292601
Rac1 perturbation; RhoA response,EML_expr,G(R),1,2,1,32.0,14.126859001274509,1.9854514656714357,102.0,13.311027368622728
Rac1 perturbation; RhoA response,EML_expr,G(R),1,2,1,32.33333,13.246295078725488,2.0531502378823445,102.0,12.981193222026413
Rac1 perturbation; RhoA response,EML_expr,G(R),1,2,1,32.66667,12.516971541568626,2.040471503019399,102.0,12.68086092589083
Rac1 perturbation; RhoA response,EML_expr,G(R),1,2,1,33.0,12.442076037156873,2.0134486287433977,102.0,12.40756891293164
Rac1 perturbation; RhoA response,EML_expr,G(R),1,2,1,33.33333,12.216547963823531,1.8727446195322992,102.0,12.15900713351225
Rac1 perturbation; RhoA response,EML_expr,G(R),1,2,1,33.66667,11.682215155196088,1.8560369327016877,102.0,11.933040137326229
Rac1 perturbation; RhoA response,EML_expr,G(R),1,2,1,34.0,10.906749343823531,1.8787041449193262,102.0,11.72771585093788
Rac1 perturbation; RhoA response,EML_expr,G(R),1,2,1,34.33333,11.297668761078432,1.8448578953953105,102.0,11.5412162014178
Rac1 perturbation; RhoA response,EML_expr,G(R),1,2,1,34.66667,12.379576779705877,1.8287141006657635,102.0,11.371870903976049
Rac1 perturbation; RhoA response,EML_expr,G(R),1,2,1,35.0,10.84845148784313,1.8385037400772086,102.0,11.218160970730613
Rac1 perturbation; RhoA response,EML_expr,G(R),1,2,1,35.33333,11.238808759313724,1.7713856536652122,102.0,11.078679189566518
Rac1 perturbation; RhoA response,EML_expr,G(R),1,2,1,35.66667,11.247143731274516,1.718822062362493,102.0,10.952138383530142
Rac1 perturbation; RhoA response,EML_expr,G(R),1,2,1,36.0,10.426152883627456,1.7539688826656712,102.0,10.837372261805788
Rac1 perturbation; RhoA response,EML_expr,G(R),1,2,1,36.33333,11.260318706862732,1.6868161769351129,102.0,10.733304443573088
Rac1 perturbation; RhoA response,EML_expr,G(R),1,2,1,36.66667,9.972245372254905,1.7253956850272392,102.0,10.638953446093044
Rac1 perturbation; RhoA response,EML_expr,G(R),1,2,1,37.0,10.654978836470594,1.7021852829646875,102.0,10.55343231103383
Rac1 perturbation; RhoA response,EML_expr,G(R),1,2,1,37.33333,9.74520202176471,1.696097020042852,102.0,10.475924689112507
Rac1 perturbation; RhoA response,EML_expr,G(R),1,2,1,37.66667,9.260330918921571,1.701754690667574,102.0,10.405687890551127
Rac1 perturbation; RhoA response,EML_expr,G(R),1,2,1,38.0,9.296067204705885,1.7005456129781193,102.0,10.342052038594236
Rac1 perturbation; RhoA response,EML_expr,G(R),1,2,1,38.33333,10.309174082549015,1.704818568689371,102.0,10.284401805942762
Rac1 perturbation; RhoA response,EML_expr,G(R),1,2,1,38.66667,8.86877129264706,1.6918583576513293,102.0,10.232178310682638
Rac1 perturbation; RhoA response,EML_expr,G(R),1,2,1,39.0,8.963871901960788,1.6809574639558549,102.0,10.184878168691695
Rac1 perturbation; RhoA response,EML_expr,G(R),1,2,1,39.33333,9.20126891764706,1.6523584950996888,102.0,10.142039656811853
Rac1 perturbation; RhoA response,EML_expr,G(R),1,2,1,39.66667,7.3494802596078435,1.833555564668603,102.0,10.103243913502343
Rac1 perturbation; RhoA response,EML_expr,G(R),1,2,1,40.0,8.58402001862745,1.5668875650562373,102.0,10.068114057660507
Rac1 perturbation; RhoA response,EML_expr,(G(R)+R),1,4,1,0.0,-1.3762895822549015,0.50411235386505,102.0,3.2278700868540855
Rac1 perturbation; RhoA response,EML_expr,(G(R)+R),1,4,1,0.3333333,21.80185077156863,3.422024980475965,102.0,9.007313005169976
Rac1 perturbation; RhoA response,EML_expr,(G(R)+R),1,4,1,0.6666667,30.611781803333344,4.267726477815583,102.0,14.237214116877983
Rac1 perturbation; RhoA response,EML_expr,(G(R)+R),1,4,1,1.0,36.53921146166665,4.7264010770576395,102.0,18.9698240933168
Rac1 perturbation; RhoA response,EML_expr,(G(R)+R),1,4,1,1.333333,40.477224400588234,4.96975511730596,102.0,23.252426116502225
Rac1 perturbation; RhoA response,EML_expr,(G(R)+R),1,4,1,1.666667,43.672935604509775,5.187860435813586,102.0,27.127824648057658
Rac1 perturbation; RhoA response,EML_expr,(G(R)+R),1,4,1,2.0,45.44188075156865,5.219705333024379,102.0,30.63471683886889
Rac1 perturbation; RhoA response,EML_expr,(G(R)+R),1,4,1,2.333333,47.868677996862765,5.318296797389352,102.0,33.8081534561931
Rac1 perturbation; RhoA response,EML_expr,(G(R)+R),1,4,1,2.666667,49.029414602647094,5.380577874091345,102.0,36.67984957462319
Rac1 perturbation; RhoA response,EML_expr,(G(R)+R),1,4,1,3.0,48.87878536852945,5.4279260084635395,102.0,39.27848004065257
Rac1 perturbation; RhoA response,EML_expr,(G(R)+R),1,4,1,3.333333,49.545590385490236,5.424570471400211,102.0,41.63001770622428
Rac1 perturbation; RhoA response,EML_expr,(G(R)+R),1,4,1,3.666667,50.60425583872549,5.496107309152899,102.0,43.757963652804555
Rac1 perturbation; RhoA response,EML_expr,(G(R)+R),1,4,1,4.0,51.097094013823536,5.375149351545362,102.0,45.683566132592766
Rac1 perturbation; RhoA response,EML_expr,(G(R)+R),1,4,1,4.333334,51.92032161539212,5.5017946234984585,102.0,47.42607617254744
Rac1 perturbation; RhoA response,EML_expr,(G(R)+R),1,4,1,4.666667,53.32254371009807,5.471471875035747,102.0,49.002893318389354
Rac1 perturbation; RhoA response,EML_expr,(G(R)+R),1,4,1,5.0,53.65529186735294,5.5488078085022225,102.0,50.429777578632844
Rac1 perturbation; RhoA response,EML_expr,(G(R)+R),1,4,1,5.333334,53.23606688637256,5.6422528946411745,102.0,51.720989121734426
Rac1 perturbation; RhoA response,EML_expr,(G(R)+R),1,4,1,5.666667,54.337714760000026,5.627293786005503,102.0,52.889421126938
Rac1 perturbation; RhoA response,EML_expr,(G(R)+R),1,4,1,6.0,55.12635692107845,5.643440842444053,102.0,53.94675186549964
Rac1 perturbation; RhoA response,EML_expr,(G(R)+R),1,4,1,6.333334,55.17007110450979,5.701209437509858,102.0,54.90354821720512
Rac1 perturbation; RhoA response,EML_expr,(G(R)+R),1,4,1,6.666667,56.69644097803922,5.717524859993219,102.0,55.76936411373069
Rac1 perturbation; RhoA response,EML_expr,(G(R)+R),1,4,1,7.0,56.69522668107843,5.77149142849537,102.0,56.55285323184357
Rac1 perturbation; RhoA response,EML_expr,(G(R)+R),1,4,1,7.333334,58.28530611843136,5.761652468322007,102.0,57.26184569983057
Rac1 perturbation; RhoA response,EML_expr,(G(R)+R),1,4,1,7.666667,56.961419657647085,5.735573448742369,102.0,57.903421044684116
Rac1 perturbation; RhoA response,EML_expr,(G(R)+R),1,4,1,8.0,57.82338275784312,5.783570548698452,102.0,58.48399169851412
Rac1 perturbation; RhoA response,EML_expr,(G(R)+R),1,4,1,8.333333,57.75019856147062,5.826416212905212,102.0,59.009358339848426
Rac1 perturbation; RhoA response,EML_expr,(G(R)+R),1,4,1,8.666667,57.203753222352915,5.852569095038439,102.0,59.484771441353665
Rac1 perturbation; RhoA response,EML_expr,(G(R)+R),1,4,1,9.0,59.05442461176468,5.764011948896135,102.0,59.91497816190194
Rac1 perturbation; RhoA response,EML_expr,(G(R)+R),1,4,1,9.333333,59.10767345686274,5.811593078418382,102.0,60.30427834158356
Rac1 perturbation; RhoA response,EML_expr,(G(R)+R),1,4,1,9.666667,59.51643125921565,5.796861784424392,102.0,60.656562615607726
Rac1 perturbation; RhoA response,EML_expr,(G(R)+R),1,4,1,10.0,58.97425116039215,5.880594663651929,102.0,60.9753486603104
Rac1 perturbation; RhoA response,EML_expr,(G(R)+R),1,4,1,10.33333,59.97277649754901,5.925760585001861,102.0,61.263820217105156
Rac1 perturbation; RhoA response,EML_expr,(G(R)+R),1,4,1,10.66667,59.67217276107842,5.911423324421129,102.0,61.52486991275146
Rac1 perturbation; RhoA response,EML_expr,(G(R)+R),1,4,1,11.0,59.94570601833335,5.938615244252045,102.0,61.76109026071173
Rac1 perturbation; RhoA response,EML_expr,(G(R)+R),1,4,1,11.33333,60.26858066990196,5.969688831347074,102.0,61.97484960524866
Rac1 perturbation; RhoA response,EML_expr,(G(R)+R),1,4,1,11.66667,60.39380383892158,6.000789739288233,102.0,62.168289168068306
Rac1 perturbation; RhoA response,EML_expr,(G(R)+R),1,4,1,12.0,60.59690535833334,6.002558505598481,102.0,62.34333001887063
Rac1 perturbation; RhoA response,EML_expr,(G(R)+R),1,4,1,12.33333,61.123595551960754,6.037858062722709,102.0,62.50172711598454
Rac1 perturbation; RhoA response,EML_expr,(G(R)+R),1,4,1,12.66667,59.86330000117649,6.008450062217623,102.0,62.64506711330678
Rac1 perturbation; RhoA response,EML_expr,(G(R)+R),1,4,1,13.0,60.16060124039215,6.045579739948293,102.0,62.774773490279074
Rac1 perturbation; RhoA response,EML_expr,(G(R)+R),1,4,1,13.33333,60.81838072127449,6.051579153459915,102.0,62.892146383648566
Rac1 perturbation; RhoA response,EML_expr,(G(R)+R),1,4,1,13.66667,59.48289247960783,6.053387283634875,102.0,62.998359931206174
Rac1 perturbation; RhoA response,EML_expr,(G(R)+R),1,4,1,14.0,60.599503611764675,6.119341040924408,102.0,63.094461991940655
Rac1 perturbation; RhoA response,EML_expr,(G(R)+R),1,4,1,14.33333,60.19987780362744,6.0850591297034455,102.0,63.18139027794336
Rac1 perturbation; RhoA response,EML_expr,(G(R)+R),1,4,1,14.66667,59.93194524715691,6.106322483011755,102.0,63.259933584987266
Rac1 perturbation; RhoA response,EML_expr,(G(R)+R),1,4,1,15.0,60.337562376274484,6.078237746506857,102.0,63.33064600340162
Rac1 perturbation; RhoA response,EML_expr,(G(R)+R),1,4,1,15.33333,59.58158538578434,6.207874054728857,102.0,63.39368927635907
Rac1 perturbation; RhoA response,EML_expr,(G(R)+R),1,4,1,15.66667,60.71967915656863,6.093759525579715,102.0,63.44851741268905
Rac1 perturbation; RhoA response,EML_expr,(G(R)+R),1,4,1,16.0,59.92963646921569,6.152597945396288,102.0,63.493402970657705
Rac1 perturbation; RhoA response,EML_expr,(G(R)+R),1,4,1,16.33333,60.424480239313745,6.1628092434583905,102.0,63.524831091373535
Rac1 perturbation; RhoA response,EML_expr,(G(R)+R),1,4,1,16.66667,60.825864639607836,6.093484097308075,102.0,63.536811176292794
Rac1 perturbation; RhoA response,EML_expr,(G(R)+R),1,4,1,17.0,59.230446043823555,6.1847919298934935,102.0,63.520274512702734
Rac1 perturbation; RhoA response,EML_expr,(G(R)+R),1,4,1,17.33333,59.53360226147061,6.144033862175193,102.0,63.462730316983965
Rac1 perturbation; RhoA response,EML_expr,(G(R)+R),1,4,1,17.66667,60.603943836372565,6.146058064480174,102.0,63.34833225395262
Rac1 perturbation; RhoA response,EML_expr,(G(R)+R),1,4,1,18.0,60.08698748911767,6.153517102502953,102.0,63.158482440913666
Rac1 perturbation; RhoA response,EML_expr,(G(R)+R),1,4,1,18.33333,58.60493436343134,6.284901944529139,102.0,62.872906221679
Rac1 perturbation; RhoA response,EML_expr,(G(R)+R),1,4,1,18.66667,58.18239181794117,6.2687536088556275,102.0,62.471134490575785
Rac1 perturbation; RhoA response,EML_expr,(G(R)+R),1,4,1,19.0,59.209288051666626,6.187989336239144,102.0,61.93423062356428
Rac1 perturbation; RhoA response,EML_expr,(G(R)+R),1,4,1,19.33333,58.852119528431395,6.2289736432097715,102.0,61.24635715118244
Rac1 perturbation; RhoA response,EML_expr,(G(R)+R),1,4,1,19.66667,58.169122079019594,6.2673284333163135,102.0,60.396173046892635
Rac1 perturbation; RhoA response,EML_expr,(G(R)+R),1,4,1,20.0,60.252442538823544,6.211282861614537,102.0,59.37789337376788
Rac1 perturbation; RhoA response,EML_expr,(G(R)+R),1,4,1,20.33333,54.93775363313726,5.937689612009537,102.0,58.191596681029026
Rac1 perturbation; RhoA response,EML_expr,(G(R)+R),1,4,1,20.66667,53.41221635401958,5.695227244367421,102.0,56.84323149172179
Rac1 perturbation; RhoA response,EML_expr,(G(R)+R),1,4,1,21.0,51.74590877382354,5.497075961536212,102.0,55.34426577137032
Rac1 perturbation; RhoA response,EML_expr,(G(R)+R),1,4,1,21.33333,49.811513076666664,5.335278746646896,102.0,53.7106074648414
Rac1 perturbation; RhoA response,EML_expr,(G(R)+R),1,4,1,21.66667,48.297746493235316,5.129799521430641,102.0,51.96165432434558
Rac1 perturbation; RhoA response,EML_expr,(G(R)+R),1,4,1,22.0,45.60092938411764,4.995006420064211,102.0,50.119322321732035
Rac1 perturbation; RhoA response,EML_expr,(G(R)+R),1,4,1,22.33333,44.4127340992157,4.8266340646873305,102.0,48.206596690925295
Rac1 perturbation; RhoA response,EML_expr,(G(R)+R),1,4,1,22.66667,42.491818248921575,4.625541088577205,102.0,46.246643125828506
Rac1 perturbation; RhoA response,EML_expr,(G(R)+R),1,4,1,23.0,41.659108101274484,4.515479641560975,102.0,44.262108537581334
Rac1 perturbation; RhoA response,EML_expr,(G(R)+R),1,4,1,23.33333,38.6730312614706,4.488783836612278,102.0,42.274062822618596
Rac1 perturbation; RhoA response,EML_expr,(G(R)+R),1,4,1,23.66667,38.53872666362746,4.129225207279518,102.0,40.301658284202354
Rac1 perturbation; RhoA response,EML_expr,(G(R)+R),1,4,1,24.0,37.54951162980392,4.102495634891386,102.0,38.36197027145465
Rac1 perturbation; RhoA response,EML_expr,(G(R)+R),1,4,1,24.33333,35.11277371294116,3.9638793036179685,102.0,36.46946309007749
Rac1 perturbation; RhoA response,EML_expr,(G(R)+R),1,4,1,24.66667,35.0134794919608,3.7620191021991634,102.0,34.63612870756975
Rac1 perturbation; RhoA response,EML_expr,(G(R)+R),1,4,1,25.0,32.11807277588238,3.9196736044049127,102.0,32.87170559995482
Rac1 perturbation; RhoA response,EML_expr,(G(R)+R),1,4,1,25.33333,31.736724898627468,3.5403495985543985,102.0,31.18348636211633
Rac1 perturbation; RhoA response,EML_expr,(G(R)+R),1,4,1,25.66667,30.718837153627458,3.397342988096774,102.0,29.576684119218257
Rac1 perturbation; RhoA response,EML_expr,(G(R)+R),1,4,1,26.0,27.908241541372547,3.431207266681927,102.0,28.054790109379276
Rac1 perturbation; RhoA response,EML_expr,(G(R)+R),1,4,1,26.33333,28.56984123049018,3.217931216224954,102.0,26.619522224067133
Rac1 perturbation; RhoA response,EML_expr,(G(R)+R),1,4,1,26.66667,26.37594937568628,3.1554019459006484,102.0,25.271220555166813
Rac1 perturbation; RhoA response,EML_expr,(G(R)+R),1,4,1,27.0,25.747825074019605,3.0542962188404728,102.0,24.009187969262957
Rac1 perturbation; RhoA response,EML_expr,(G(R)+R),1,4,1,27.33333,24.73268942078432,2.9243926581318958,102.0,22.83166316937232
Rac1 perturbation; RhoA response,EML_expr,(G(R)+R),1,4,1,27.66667,24.258557118431348,2.896928675563027,102.0,21.73614979530892
Rac1 perturbation; RhoA response,EML_expr,(G(R)+R),1,4,1,28.0,23.011840799215722,2.7702758563838996,102.0,20.719678475665454
Rac1 perturbation; RhoA response,EML_expr,(G(R)+R),1,4,1,28.33333,21.77760988117646,2.700625819371455,102.0,19.778762402597803
Rac1 perturbation; RhoA response,EML_expr,(G(R)+R),1,4,1,28.66667,21.54180312882353,2.6256973587996195,102.0,18.90963696180995
Rac1 perturbation; RhoA response,EML_expr,(G(R)+R),1,4,1,29.0,20.32287866245098,2.66995211310369,102.0,18.1084379998249
Rac1 perturbation; RhoA response,EML_expr,(G(R)+R),1,4,1,29.33333,20.363870878333348,2.4945211722808143,102.0,17.371136830662717
Rac1 perturbation; RhoA response,EML_expr,(G(R)+R),1,4,1,29.66667,19.97427564813725,2.4175255153915023,102.0,16.693701288648885
Rac1 perturbation; RhoA response,EML_expr,(G(R)+R),1,4,1,30.0,17.7973158992157,2.5306698777694208,102.0,16.07220721056738
Rac1 perturbation; RhoA response,EML_expr,(G(R)+R),1,4,1,30.33333,17.458103272352947,2.3291121650380746,102.0,15.502762731775467
Rac1 perturbation; RhoA response,EML_expr,(G(R)+R),1,4,1,30.66667,16.752543151568634,2.262527913054402,102.0,14.98161114423203
Rac1 perturbation; RhoA response,EML_expr,(G(R)+R),1,4,1,31.0,14.37553241666668,2.4586861511019147,102.0,14.5051961791556
Rac1 perturbation; RhoA response,EML_expr,(G(R)+R),1,4,1,31.33333,13.515102849705887,2.4533890918269075,102.0,14.070085910376173
Rac1 perturbation; RhoA response,EML_expr,(G(R)+R),1,4,1,31.66667,16.101014468627447,2.038048694449689,102.0,13.673036330071058
Rac1 perturbation; RhoA response,EML_expr,(G(R)+R),1,4,1,32.0,14.126859001274509,1.9854514656714357,102.0,13.311027360945044
Rac1 perturbation; RhoA response,EML_expr,(G(R)+R),1,4,1,32.33333,13.246295078725488,2.0531502378823445,102.0,12.981193219139
Rac1 perturbation; RhoA response,EML_expr,(G(R)+R),1,4,1,32.66667,12.516971541568626,2.040471503019399,102.0,12.680860927429324
Rac1 perturbation; RhoA response,EML_expr,(G(R)+R),1,4,1,33.0,12.442076037156873,2.0134486287433977,102.0,12.407568918562388
Rac1 perturbation; RhoA response,EML_expr,(G(R)+R),1,4,1,33.33333,12.216547963823531,1.8727446195322992,102.0,12.159007142911339
Rac1 perturbation; RhoA response,EML_expr,(G(R)+R),1,4,1,33.66667,11.682215155196088,1.8560369327016877,102.0,11.933040150203936
Rac1 perturbation; RhoA response,EML_expr,(G(R)+R),1,4,1,34.0,10.906749343823531,1.8787041449193262,102.0,11.727715867005086
Rac1 perturbation; RhoA response,EML_expr,(G(R)+R),1,4,1,34.33333,11.297668761078432,1.8448578953953105,102.0,11.54121622042735
Rac1 perturbation; RhoA response,EML_expr,(G(R)+R),1,4,1,34.66667,12.379576779705877,1.8287141006657635,102.0,11.371870925677072
Rac1 perturbation; RhoA response,EML_expr,(G(R)+R),1,4,1,35.0,10.84845148784313,1.8385037400772086,102.0,11.218160994909471
Rac1 perturbation; RhoA response,EML_expr,(G(R)+R),1,4,1,35.33333,11.238808759313724,1.7713856536652122,102.0,11.078679216012352
Rac1 perturbation; RhoA response,EML_expr,(G(R)+R),1,4,1,35.66667,11.247143731274516,1.718822062362493,102.0,10.9521384120583
Rac1 perturbation; RhoA response,EML_expr,(G(R)+R),1,4,1,36.0,10.426152883627456,1.7539688826656712,102.0,10.837372292240426
Rac1 perturbation; RhoA response,EML_expr,(G(R)+R),1,4,1,36.33333,11.260318706862732,1.6868161769351129,102.0,10.733304475752957
Rac1 perturbation; RhoA response,EML_expr,(G(R)+R),1,4,1,36.66667,9.972245372254905,1.7253956850272392,102.0,10.638953479865732
Rac1 perturbation; RhoA response,EML_expr,(G(R)+R),1,4,1,37.0,10.654978836470594,1.7021852829646875,102.0,10.553432346267384
Rac1 perturbation; RhoA response,EML_expr,(G(R)+R),1,4,1,37.33333,9.74520202176471,1.696097020042852,102.0,10.475924725677684
Rac1 perturbation; RhoA response,EML_expr,(G(R)+R),1,4,1,37.66667,9.260330918921571,1.701754690667574,102.0,10.40568792833903
Rac1 perturbation; RhoA response,EML_expr,(G(R)+R),1,4,1,38.0,9.296067204705885,1.7005456129781193,102.0,10.342052077498382
Rac1 perturbation; RhoA response,EML_expr,(G(R)+R),1,4,1,38.33333,10.309174082549015,1.704818568689371,102.0,10.284401845864899
Rac1 perturbation; RhoA response,EML_expr,(G(R)+R),1,4,1,38.66667,8.86877129264706,1.6918583576513293,102.0,10.232178351532655
Rac1 perturbation; RhoA response,EML_expr,(G(R)+R),1,4,1,39.0,8.963871901960788,1.6809574639558549,102.0,10.184878210387367
Rac1 perturbation; RhoA response,EML_expr,(G(R)+R),1,4,1,39.33333,9.20126891764706,1.6523584950996888,102.0,10.142039699284801
Rac1 perturbation; RhoA response,EML_expr,(G(R)+R),1,4,1,39.66667,7.3494802596078435,1.833555564668603,102.0,10.103243956685965
Rac1 perturbation; RhoA response,EML_expr,(G(R)+R),1,4,1,40.0,8.58402001862745,1.5668875650562373,102.0,10.068114101483731
Rac1 perturbation; RhoA response,EML_expr,G((R+R)),1,4,1,0.0,-1.3762895822549015,0.50411235386505,102.0,-0.5756154664376824
Rac1 perturbation; RhoA response,EML_expr,G((R+R)),1,4,1,0.3333333,21.80185077156863,3.422024980475965,102.0,12.72036698639304
Rac1 perturbation; RhoA response,EML_expr,G((R+R)),1,4,1,0.6666667,30.611781803333344,4.267726477815583,102.0,21.056566073107327
Rac1 perturbation; RhoA response,EML_expr,G((R+R)),1,4,1,1.0,36.53921146166665,4.7264010770576395,102.0,27.590313057182293
Rac1 perturbation; RhoA response,EML_expr,G((R+R)),1,4,1,1.333333,40.477224400588234,4.96975511730596,102.0,32.97760358270902
Rac1 perturbation; RhoA response,EML_expr,G((R+R)),1,4,1,1.666667,43.672935604509775,5.187860435813586,102.0,37.53003990810252
Rac1 perturbation; RhoA response,EML_expr,G((R+R)),1,4,1,2.0,45.44188075156865,5.219705333024379,102.0,41.431615641615245
Rac1 perturbation; RhoA response,EML_expr,G((R+R)),1,4,1,2.333333,47.868677996862765,5.318296797389352,102.0,44.80437083813196
Rac1 perturbation; RhoA response,EML_expr,G((R+R)),1,4,1,2.666667,49.029414602647094,5.380577874091345,102.0,47.73535716502351
Rac1 perturbation; RhoA response,EML_expr,G((R+R)),1,4,1,3.0,48.87878536852945,5.4279260084635395,102.0,50.28985866915722
Rac1 perturbation; RhoA response,EML_expr,G((R+R)),1,4,1,3.333333,49.545590385490236,5.424570471400211,102.0,52.518718733709925
Rac1 perturbation; RhoA response,EML_expr,G((R+R)),1,4,1,3.666667,50.60425583872549,5.496107309152899,102.0,54.46264662092593
Rac1 perturbation; RhoA response,EML_expr,G((R+R)),1,4,1,4.0,51.097094013823536,5.375149351545362,102.0,56.15495514898562
Rac1 perturbation; RhoA response,EML_expr,G((R+R)),1,4,1,4.333334,51.92032161539212,5.5017946234984585,102.0,57.62343062240067
Rac1 perturbation; RhoA response,EML_expr,G((R+R)),1,4,1,4.666667,53.32254371009807,5.471471875035747,102.0,58.89155912048949
Rac1 perturbation; RhoA response,EML_expr,G((R+R)),1,4,1,5.0,53.65529186735294,5.5488078085022225,102.0,59.979464880642816
Rac1 perturbation; RhoA response,EML_expr,G((R+R)),1,4,1,5.333334,53.23606688637256,5.6422528946411745,102.0,60.90455981238649
Rac1 perturbation; RhoA response,EML_expr,G((R+R)),1,4,1,5.666667,54.337714760000026,5.627293786005503,102.0,61.682037441327644
Rac1 perturbation; RhoA response,EML_expr,G((R+R)),1,4,1,6.0,55.12635692107845,5.643440842444053,102.0,62.325272596040904
Rac1 perturbation; RhoA response,EML_expr,G((R+R)),1,4,1,6.333334,55.17007110450979,5.701209437509858,102.0,62.84611002184783
Rac1 perturbation; RhoA response,EML_expr,G((R+R)),1,4,1,6.666667,56.69644097803922,5.717524859993219,102.0,63.255098058302174
Rac1 perturbation; RhoA response,EML_expr,G((R+R)),1,4,1,7.0,56.69522668107843,5.77149142849537,102.0,63.56168779437691
Rac1 perturbation; RhoA response,EML_expr,G((R+R)),1,4,1,7.333334,58.28530611843136,5.761652468322007,102.0,63.77438117098288
Rac1 perturbation; RhoA response,EML_expr,G((R+R)),1,4,1,7.666667,56.961419657647085,5.735573448742369,102.0,63.90085702894571
Rac1 perturbation; RhoA response,EML_expr,G((R+R)),1,4,1,8.0,57.82338275784312,5.783570548698452,102.0,63.948079835239255
Rac1 perturbation; RhoA response,EML_expr,G((R+R)),1,4,1,8.333333,57.75019856147062,5.826416212905212,102.0,63.922384637007966
Rac1 perturbation; RhoA response,EML_expr,G((R+R)),1,4,1,8.666667,57.203753222352915,5.852569095038439,102.0,63.82955145171009
Rac1 perturbation; RhoA response,EML_expr,G((R+R)),1,4,1,9.0,59.05442461176468,5.764011948896135,102.0,63.67486942308213
Rac1 perturbation; RhoA response,EML_expr,G((R+R)),1,4,1,9.333333,59.10767345686274,5.811593078418382,102.0,63.463188856038045
Rac1 perturbation; RhoA response,EML_expr,G((R+R)),1,4,1,9.666667,59.51643125921565,5.796861784424392,102.0,63.198967507921104
Rac1 perturbation; RhoA response,EML_expr,G((R+R)),1,4,1,10.0,58.97425116039215,5.880594663651929,102.0,62.886313737122755
Rac1 perturbation; RhoA response,EML_expr,G((R+R)),1,4,1,10.33333,59.97277649754901,5.925760585001861,102.0,62.52901992978608
Rac1 perturbation; RhoA response,EML_expr,G((R+R)),1,4,1,10.66667,59.67217276107842,5.911423324421129,102.0,62.130573900994314
Rac1 perturbation; RhoA response,EML_expr,G((R+R)),1,4,1,11.0,59.94570601833335,5.938615244252045,102.0,61.69424266115199
Rac1 perturbation; RhoA response,EML_expr,G((R+R)),1,4,1,11.33333,60.26858066990196,5.969688831347074,102.0,61.22302150742922
Rac1 perturbation; RhoA response,EML_expr,G((R+R)),1,4,1,11.66667,60.39380383892158,6.000789739288233,102.0,60.71968602516838
Rac1 perturbation; RhoA response,EML_expr,G((R+R)),1,4,1,12.0,60.59690535833334,6.002558505598481,102.0,60.18686064551807
Rac1 perturbation; RhoA response,EML_expr,G((R+R)),1,4,1,12.33333,61.123595551960754,6.037858062722709,102.0,59.626944465358
Rac1 perturbation; RhoA response,EML_expr,G((R+R)),1,4,1,12.66667,59.86330000117649,6.008450062217623,102.0,59.04216767938287
Rac1 perturbation; RhoA response,EML_expr,G((R+R)),1,4,1,13.0,60.16060124039215,6.045579739948293,102.0,58.43466115342727
Rac1 perturbation; RhoA response,EML_expr,G((R+R)),1,4,1,13.33333,60.81838072127449,6.051579153459915,102.0,57.80636302763466
Rac1 perturbation; RhoA response,EML_expr,G((R+R)),1,4,1,13.66667,59.48289247960783,6.053387283634875,102.0,57.15907932531812
Rac1 perturbation; RhoA response,EML_expr,G((R+R)),1,4,1,14.0,60.599503611764675,6.119341040924408,102.0,56.494554785708694
Rac1 perturbation; RhoA response,EML_expr,G((R+R)),1,4,1,14.33333,60.19987780362744,6.0850591297034455,102.0,55.81436513873129
Rac1 perturbation; RhoA response,EML_expr,G((R+R)),1,4,1,14.66667,59.93194524715691,6.106322483011755,102.0,55.11998129769526
Rac1 perturbation; RhoA response,EML_expr,G((R+R)),1,4,1,15.0,60.337562376274484,6.078237746506857,102.0,54.41284131375499
Rac1 perturbation; RhoA response,EML_expr,G((R+R)),1,4,1,15.33333,59.58158538578434,6.207874054728857,102.0,53.694232031568625
Rac1 perturbation; RhoA response,EML_expr,G((R+R)),1,4,1,15.66667,60.71967915656863,6.093759525579715,102.0,52.96535616648322
Rac1 perturbation; RhoA response,EML_expr,G((R+R)),1,4,1,16.0,59.92963646921569,6.152597945396288,102.0,52.227405077990205
Rac1 perturbation; RhoA response,EML_expr,G((R+R)),1,4,1,16.33333,60.424480239313745,6.1628092434583905,102.0,51.48143268820604
Rac1 perturbation; RhoA response,EML_expr,G((R+R)),1,4,1,16.66667,60.825864639607836,6.093484097308075,102.0,50.72842474558231
Rac1 perturbation; RhoA response,EML_expr,G((R+R)),1,4,1,17.0,59.230446043823555,6.1847919298934935,102.0,49.969372057779324
Rac1 perturbation; RhoA response,EML_expr,G((R+R)),1,4,1,17.33333,59.53360226147061,6.144033862175193,102.0,49.20513895048093
Rac1 perturbation; RhoA response,EML_expr,G((R+R)),1,4,1,17.66667,60.603943836372565,6.146058064480174,102.0,48.43653406907787
Rac1 perturbation; RhoA response,EML_expr,G((R+R)),1,4,1,18.0,60.08698748911767,6.153517102502953,102.0,47.66438370855871
Rac1 perturbation; RhoA response,EML_expr,G((R+R)),1,4,1,18.33333,58.60493436343134,6.284901944529139,102.0,46.889396634290854
Rac1 perturbation; RhoA response,EML_expr,G((R+R)),1,4,1,18.66667,58.18239181794117,6.2687536088556275,102.0,46.112235841457384
Rac1 perturbation; RhoA response,EML_expr,G((R+R)),1,4,1,19.0,59.209288051666626,6.187989336239144,102.0,45.33359164286771
Rac1 perturbation; RhoA response,EML_expr,G((R+R)),1,4,1,19.33333,58.852119528431395,6.2289736432097715,102.0,44.55404432081332
Rac1 perturbation; RhoA response,EML_expr,G((R+R)),1,4,1,19.66667,58.169122079019594,6.2673284333163135,102.0,43.774136336941915
Rac1 perturbation; RhoA response,EML_expr,G((R+R)),1,4,1,20.0,60.252442538823544,6.211282861614537,102.0,42.99444487370442
Rac1 perturbation; RhoA response,EML_expr,G((R+R)),1,4,1,20.33333,54.93775363313726,5.937689612009537,102.0,42.21544350839544
Rac1 perturbation; RhoA response,EML_expr,G((R+R)),1,4,1,20.66667,53.41221635401958,5.695227244367421,102.0,41.4375744366983
Rac1 perturbation; RhoA response,EML_expr,G((R+R)),1,4,1,21.0,51.74590877382354,5.497075961536212,102.0,40.66132020218258
Rac1 perturbation; RhoA response,EML_expr,G((R+R)),1,4,1,21.33333,49.811513076666664,5.335278746646896,102.0,39.88706536087104
Rac1 perturbation; RhoA response,EML_expr,G((R+R)),1,4,1,21.66667,48.297746493235316,5.129799521430641,102.0,39.11516834689742
Rac1 perturbation; RhoA response,EML_expr,G((R+R)),1,4,1,22.0,45.60092938411764,4.995006420064211,102.0,38.3460321629451
Rac1 perturbation; RhoA response,EML_expr,G((R+R)),1,4,1,22.33333,44.4127340992157,4.8266340646873305,102.0,37.57996682302273
Rac1 perturbation; RhoA response,EML_expr,G((R+R)),1,4,1,22.66667,42.491818248921575,4.625541088577205,102.0,36.81726054729699
Rac1 perturbation; RhoA response,EML_expr,G((R+R)),1,4,1,23.0,41.659108101274484,4.515479641560975,102.0,36.058249222670526
Rac1 perturbation; RhoA response,EML_expr,G((R+R)),1,4,1,23.33333,38.6730312614706,4.488783836612278,102.0,35.30318026344193
Rac1 perturbation; RhoA response,EML_expr,G((R+R)),1,4,1,23.66667,38.53872666362746,4.129225207279518,102.0,34.552282874311565
Rac1 perturbation; RhoA response,EML_expr,G((R+R)),1,4,1,24.0,37.54951162980392,4.102495634891386,102.0,33.80583612345481
Rac1 perturbation; RhoA response,EML_expr,G((R+R)),1,4,1,24.33333,35.11277371294116,3.9638793036179685,102.0,33.064034738588504
Rac1 perturbation; RhoA response,EML_expr,G((R+R)),1,4,1,24.66667,35.0134794919608,3.7620191021991634,102.0,32.32705822264138
Rac1 perturbation; RhoA response,EML_expr,G((R+R)),1,4,1,25.0,32.11807277588238,3.9196736044049127,102.0,31.595137411441858
Rac1 perturbation; RhoA response,EML_expr,G((R+R)),1,4,1,25.33333,31.736724898627468,3.5403495985543985,102.0,30.868422621227474
Rac1 perturbation; RhoA response,EML_expr,G((R+R)),1,4,1,25.66667,30.718837153627458,3.397342988096774,102.0,30.147051441088355
Rac1 perturbation; RhoA response,EML_expr,G((R+R)),1,4,1,26.0,27.908241541372547,3.431207266681927,102.0,29.431213673737446
Rac1 perturbation; RhoA response,EML_expr,G((R+R)),1,4,1,26.33333,28.56984123049018,3.217931216224954,102.0,28.721022165792668
Rac1 perturbation; RhoA response,EML_expr,G((R+R)),1,4,1,26.66667,26.37594937568628,3.1554019459006484,102.0,28.016579135436718
Rac1 perturbation; RhoA response,EML_expr,G((R+R)),1,4,1,27.0,25.747825074019605,3.0542962188404728,102.0,27.318039417838527
Rac1 perturbation; RhoA response,EML_expr,G((R+R)),1,4,1,27.33333,24.73268942078432,2.9243926581318958,102.0,26.625484238587724
Rac1 perturbation; RhoA response,EML_expr,G((R+R)),1,4,1,27.66667,24.258557118431348,2.896928675563027,102.0,25.938985964653728
Rac1 perturbation; RhoA response,EML_expr,G((R+R)),1,4,1,28.0,23.011840799215722,2.7702758563838996,102.0,25.258669596151563
Rac1 perturbation; RhoA response,EML_expr,G((R+R)),1,4,1,28.33333,21.77760988117646,2.700625819371455,102.0,24.584589683706774
Rac1 perturbation; RhoA response,EML_expr,G((R+R)),1,4,1,28.66667,21.54180312882353,2.6256973587996195,102.0,23.916793416326737
Rac1 perturbation; RhoA response,EML_expr,G((R+R)),1,4,1,29.0,20.32287866245098,2.66995211310369,102.0,23.25538031861647
Rac1 perturbation; RhoA response,EML_expr,G((R+R)),1,4,1,29.33333,20.363870878333348,2.4945211722808143,102.0,22.600382462720454
Rac1 perturbation; RhoA response,EML_expr,G((R+R)),1,4,1,29.66667,19.97427564813725,2.4175255153915023,102.0,21.95182582861372
Rac1 perturbation; RhoA response,EML_expr,G((R+R)),1,4,1,30.0,17.7973158992157,2.5306698777694208,102.0,21.309788180905585
Rac1 perturbation; RhoA response,EML_expr,G((R+R)),1,4,1,30.33333,17.458103272352947,2.3291121650380746,102.0,20.67428268376276
Rac1 perturbation; RhoA response,EML_expr,G((R+R)),1,4,1,30.66667,16.752543151568634,2.262527913054402,102.0,20.045317487886678
Rac1 perturbation; RhoA response,EML_expr,G((R+R)),1,4,1,31.0,14.37553241666668,2.4586861511019147,102.0,19.422951773938607
Rac1 perturbation; RhoA response,EML_expr,G((R+R)),1,4,1,31.33333,13.515102849705887,2.4533890918269075,102.0,18.80718284324564
Rac1 perturbation; RhoA response,EML_expr,G((R+R)),1,4,1,31.66667,16.101014468627447,2.038048694449689,102.0,18.19800390179943
Rac1 perturbation; RhoA response,EML_expr,G((R+R)),1,4,1,32.0,14.126859001274509,1.9854514656714357,102.0,17.59545826827696
Rac1 perturbation; RhoA response,EML_expr,G((R+R)),1,4,1,32.33333,13.246295078725488,2.0531502378823445,102.0,16.99952998342785
Rac1 perturbation; RhoA response,EML_expr,G((R+R)),1,4,1,32.66667,12.516971541568626,2.040471503019399,102.0,16.410199775049332
Rac1 perturbation; RhoA response,EML_expr,G((R+R)),1,4,1,33.0,12.442076037156873,2.0134486287433977,102.0,15.827497437930463
Rac1 perturbation; RhoA response,EML_expr,G((R+R)),1,4,1,33.33333,12.216547963823531,1.8727446195322992,102.0,15.251395979631901
Rac1 perturbation; RhoA response,EML_expr,G((R+R)),1,4,1,33.66667,11.682215155196088,1.8560369327016877,102.0,14.681865761987856
Rac1 perturbation; RhoA response,EML_expr,G((R+R)),1,4,1,34.0,10.906749343823531,1.8787041449193262,102.0,14.118925068168766
Rac1 perturbation; RhoA response,EML_expr,G((R+R)),1,4,1,34.33333,11.297668761078432,1.8448578953953105,102.0,13.56253778146969
Rac1 perturbation; RhoA response,EML_expr,G((R+R)),1,4,1,34.66667,12.379576779705877,1.8287141006657635,102.0,13.012665708671404
Rac1 perturbation; RhoA response,EML_expr,G((R+R)),1,4,1,35.0,10.84845148784313,1.8385037400772086,102.0,12.46931735604332
Rac1 perturbation; RhoA response,EML_expr,G((R+R)),1,4,1,35.33333,11.238808759313724,1.7713856536652122,102.0,11.932449120088048
Rac1 perturbation; RhoA response,EML_expr,G((R+R)),1,4,1,35.66667,11.247143731274516,1.718822062362493,102.0,11.40201580636554
Rac1 perturbation; RhoA response,EML_expr,G((R+R)),1,4,1,36.0,10.426152883627456,1.7539688826656712,102.0,10.878017641726734
Rac1 perturbation; RhoA response,EML_expr,G((R+R)),1,4,1,36.33333,11.260318706862732,1.6868161769351129,102.0,10.360404941309008
Rac1 perturbation; RhoA response,EML_expr,G((R+R)),1,4,1,36.66667,9.972245372254905,1.7253956850272392,102.0,9.849126843304694
Rac1 perturbation; RhoA response,EML_expr,G((R+R)),1,4,1,37.0,10.654978836470594,1.7021852829646875,102.0,9.344176589264997
Rac1 perturbation; RhoA response,EML_expr,G((R+R)),1,4,1,37.33333,9.74520202176471,1.696097020042852,102.0,8.845499619486574
Rac1 perturbation; RhoA response,EML_expr,G((R+R)),1,4,1,37.66667,9.260330918921571,1.701754690667574,102.0,8.353040549946236
Rac1 perturbation; RhoA response,EML_expr,G((R+R)),1,4,1,38.0,9.296067204705885,1.7005456129781193,102.0,7.866786756194651
Rac1 perturbation; RhoA response,EML_expr,G((R+R)),1,4,1,38.33333,10.309174082549015,1.704818568689371,102.0,7.386679839322128
Rac1 perturbation; RhoA response,EML_expr,G((R+R)),1,4,1,38.66667,8.86877129264706,1.6918583576513293,102.0,6.9126608759879185
Rac1 perturbation; RhoA response,EML_expr,G((R+R)),1,4,1,39.0,8.963871901960788,1.6809574639558549,102.0,6.4447123443981855
Rac1 perturbation; RhoA response,EML_expr,G((R+R)),1,4,1,39.33333,9.20126891764706,1.6523584950996888,102.0,5.982772894933435
Rac1 perturbation; RhoA response,EML_expr,G((R+R)),1,4,1,39.66667,7.3494802596078435,1.833555564668603,102.0,5.526780908050818
Rac1 perturbation; RhoA response,EML_expr,G((R+R)),1,4,1,40.0,8.58402001862745,1.5668875650562373,102.0,5.076714803158692
Rac1 perturbation; RhoA response,EML_expr,(G(R)+G(R)),1,5,2,0.0,-1.3762895822549015,0.50411235386505,102.0,-1.5064059316559515
Rac1 perturbation; RhoA response,EML_expr,(G(R)+G(R)),1,5,2,0.3333333,21.80185077156863,3.422024980475965,102.0,19.00629959507123
Rac1 perturbation; RhoA response,EML_expr,(G(R)+G(R)),1,5,2,0.6666667,30.611781803333344,4.267726477815583,102.0,31.44597668723463
Rac1 perturbation; RhoA response,EML_expr,(G(R)+G(R)),1,5,2,1.0,36.53921146166665,4.7264010770576395,102.0,38.808678919452134
Rac1 perturbation; RhoA response,EML_expr,(G(R)+G(R)),1,5,2,1.333333,40.477224400588234,4.96975511730596,102.0,43.01204164218325
Rac1 perturbation; RhoA response,EML_expr,(G(R)+G(R)),1,5,2,1.666667,43.672935604509775,5.187860435813586,102.0,45.29434285134279
Rac1 perturbation; RhoA response,EML_expr,(G(R)+G(R)),1,5,2,2.0,45.44188075156865,5.219705333024379,102.0,46.456651088327504
Rac1 perturbation; RhoA response,EML_expr,(G(R)+G(R)),1,5,2,2.333333,47.868677996862765,5.318296797389352,102.0,47.01439536065914
Rac1 perturbation; RhoA response,EML_expr,(G(R)+G(R)),1,5,2,2.666667,49.029414602647094,5.380577874091345,102.0,47.29443859542569
Rac1 perturbation; RhoA response,EML_expr,(G(R)+G(R)),1,5,2,3.0,48.87878536852945,5.4279260084635395,102.0,47.49849677023782
Rac1 perturbation; RhoA response,EML_expr,(G(R)+G(R)),1,5,2,3.333333,49.545590385490236,5.424570471400211,102.0,47.74516787803003
Rac1 perturbation; RhoA response,EML_expr,(G(R)+G(R)),1,5,2,3.666667,50.60425583872549,5.496107309152899,102.0,48.09809195101171
Rac1 perturbation; RhoA response,EML_expr,(G(R)+G(R)),1,5,2,4.0,51.097094013823536,5.375149351545362,102.0,48.58496885555799
Rac1 perturbation; RhoA response,EML_expr,(G(R)+G(R)),1,5,2,4.333334,51.92032161539212,5.5017946234984585,102.0,49.21047479629151
Rac1 perturbation; RhoA response,EML_expr,(G(R)+G(R)),1,5,2,4.666667,53.32254371009807,5.471471875035747,102.0,49.965023229563855
Rac1 perturbation; RhoA response,EML_expr,(G(R)+G(R)),1,5,2,5.0,53.65529186735294,5.5488078085022225,102.0,50.83072629784266
Rac1 perturbation; RhoA response,EML_expr,(G(R)+G(R)),1,5,2,5.333334,53.23606688637256,5.6422528946411745,102.0,51.78539906556753
Rac1 perturbation; RhoA response,EML_expr,(G(R)+G(R)),1,5,2,5.666667,54.337714760000026,5.627293786005503,102.0,52.805217316735394
Rac1 perturbation; RhoA response,EML_expr,(G(R)+G(R)),1,5,2,6.0,55.12635692107845,5.643440842444053,102.0,53.86647462019299
Rac1 perturbation; RhoA response,EML_expr,(G(R)+G(R)),1,5,2,6.333334,55.17007110450979,5.701209437509858,102.0,54.94667154461892
Rac1 perturbation; RhoA response,EML_expr,(G(R)+G(R)),1,5,2,6.666667,56.69644097803922,5.717524859993219,102.0,56.02515907572007
Rac1 perturbation; RhoA response,EML_expr,(G(R)+G(R)),1,5,2,7.0,56.69522668107843,5.77149142849537,102.0,57.0835076510066
Rac1 perturbation; RhoA response,EML_expr,(G(R)+G(R)),1,5,2,7.333334,58.28530611843136,5.761652468322007,102.0,58.105640342756146
Rac1 perturbation; RhoA response,EML_expr,(G(R)+G(R)),1,5,2,7.666667,56.961419657647085,5.735573448742369,102.0,59.07782960675473
Rac1 perturbation; RhoA response,EML_expr,(G(R)+G(R)),1,5,2,8.0,57.82338275784312,5.783570548698452,102.0,59.98863235005709
Rac1 perturbation; RhoA response,EML_expr,(G(R)+G(R)),1,5,2,8.333333,57.75019856147062,5.826416212905212,102.0,60.82873897384604
Rac1 perturbation; RhoA response,EML_expr,(G(R)+G(R)),1,5,2,8.666667,57.203753222352915,5.852569095038439,102.0,61.5908086612275
Rac1 perturbation; RhoA response,EML_expr,(G(R)+G(R)),1,5,2,9.0,59.05442461176468,5.764011948896135,102.0,62.26927533776998
Rac1 perturbation; RhoA response,EML_expr,(G(R)+G(R)),1,5,2,9.333333,59.10767345686274,5.811593078418382,102.0,62.86017229280118
Rac1 perturbation; RhoA response,EML_expr,(G(R)+G(R)),1,5,2,9.666667,59.51643125921565,5.796861784424392,102.0,63.360938450606284
Rac1 perturbation; RhoA response,EML_expr,(G(R)+G(R)),1,5,2,10.0,58.97425116039215,5.880594663651929,102.0,63.77023755427298
Rac1 perturbation; RhoA response,EML_expr,(G(R)+G(R)),1,5,2,10.33333,59.97277649754901,5.925760585001861,102.0,64.08779837181534
Rac1 perturbation; RhoA response,EML_expr,(G(R)+G(R)),1,5,2,10.66667,59.67217276107842,5.911423324421129,102.0,64.31426916847485
Rac1 perturbation; RhoA response,EML_expr,(G(R)+G(R)),1,5,2,11.0,59.94570601833335,5.938615244252045,102.0,64.45104403169351
Rac1 perturbation; RhoA response,EML_expr,(G(R)+G(R)),1,5,2,11.33333,60.26858066990196,5.969688831347074,102.0,64.5001808918798
Rac1 perturbation; RhoA response,EML_expr,(G(R)+G(R)),1,5,2,11.66667,60.39380383892158,6.000789739288233,102.0,64.4642556653382
Rac1 perturbation; RhoA response,EML_expr,(G(R)+G(R)),1,5,2,12.0,60.59690535833334,6.002558505598481,102.0,64.34627613084297
Rac1 perturbation; RhoA response,EML_expr,(G(R)+G(R)),1,5,2,12.33333,61.123595551960754,6.037858062722709,102.0,64.14958587694716
Rac1 perturbation; RhoA response,EML_expr,(G(R)+G(R)),1,5,2,12.66667,59.86330000117649,6.008450062217623,102.0,63.87777831492154
Rac1 perturbation; RhoA response,EML_expr,(G(R)+G(R)),1,5,2,13.0,60.16060124039215,6.045579739948293,102.0,63.534663102783796
Rac1 perturbation; RhoA response,EML_expr,(G(R)+G(R)),1,5,2,13.33333,60.81838072127449,6.051579153459915,102.0,63.124157448055115
Rac1 perturbation; RhoA response,EML_expr,(G(R)+G(R)),1,5,2,13.66667,59.48289247960783,6.053387283634875,102.0,62.65025005224028
Rac1 perturbation; RhoA response,EML_expr,(G(R)+G(R)),1,5,2,14.0,60.599503611764675,6.119341040924408,102.0,62.117008784148695
Rac1 perturbation; RhoA response,EML_expr,(G(R)+G(R)),1,5,2,14.33333,60.19987780362744,6.0850591297034455,102.0,61.52845769747499
Rac1 perturbation; RhoA response,EML_expr,(G(R)+G(R)),1,5,2,14.66667,59.93194524715691,6.106322483011755,102.0,60.88858056346905
Rac1 perturbation; RhoA response,EML_expr,(G(R)+G(R)),1,5,2,15.0,60.337562376274484,6.078237746506857,102.0,60.20135946171902
Rac1 perturbation; RhoA response,EML_expr,(G(R)+G(R)),1,5,2,15.33333,59.58158538578434,6.207874054728857,102.0,59.47063754135998
Rac1 perturbation; RhoA response,EML_expr,(G(R)+G(R)),1,5,2,15.66667,60.71967915656863,6.093759525579715,102.0,58.70015287129395
Rac1 perturbation; RhoA response,EML_expr,(G(R)+G(R)),1,5,2,16.0,59.92963646921569,6.152597945396288,102.0,57.8935993273645
Rac1 perturbation; RhoA response,EML_expr,(G(R)+G(R)),1,5,2,16.33333,60.424480239313745,6.1628092434583905,102.0,57.05447649087175
Rac1 perturbation; RhoA response,EML_expr,(G(R)+G(R)),1,5,2,16.66667,60.825864639607836,6.093484097308075,102.0,56.1861460142521
Rac1 perturbation; RhoA response,EML_expr,(G(R)+G(R)),1,5,2,17.0,59.230446043823555,6.1847919298934935,102.0,55.29190791400207
Rac1 perturbation; RhoA response,EML_expr,(G(R)+G(R)),1,5,2,17.33333,59.53360226147061,6.144033862175193,102.0,54.3748398702364
Rac1 perturbation; RhoA response,EML_expr,(G(R)+G(R)),1,5,2,17.66667,60.603943836372565,6.146058064480174,102.0,53.437869741772715
Rac1 perturbation; RhoA response,EML_expr,(G(R)+G(R)),1,5,2,18.0,60.08698748911767,6.153517102502953,102.0,52.48386189706494
Rac1 perturbation; RhoA response,EML_expr,(G(R)+G(R)),1,5,2,18.33333,58.60493436343134,6.284901944529139,102.0,51.5154485923117
Rac1 perturbation; RhoA response,EML_expr,(G(R)+G(R)),1,5,2,18.66667,58.18239181794117,6.2687536088556275,102.0,50.535113545888294
Rac1 perturbation; RhoA response,EML_expr,(G(R)+G(R)),1,5,2,19.0,59.209288051666626,6.187989336239144,102.0,49.54528418626859
Rac1 perturbation; RhoA response,EML_expr,(G(R)+G(R)),1,5,2,19.33333,58.852119528431395,6.2289736432097715,102.0,48.548157876627954
Rac1 perturbation; RhoA response,EML_expr,(G(R)+G(R)),1,5,2,19.66667,58.169122079019594,6.2673284333163135,102.0,47.54579252689642
Rac1 perturbation; RhoA response,EML_expr,(G(R)+G(R)),1,5,2,20.0,60.252442538823544,6.211282861614537,102.0,46.54020164071716
Rac1 perturbation; RhoA response,EML_expr,(G(R)+G(R)),1,5,2,20.33333,54.93775363313726,5.937689612009537,102.0,45.53317801985901
Rac1 perturbation; RhoA response,EML_expr,(G(R)+G(R)),1,5,2,20.66667,53.41221635401958,5.695227244367421,102.0,44.526388275993085
Rac1 perturbation; RhoA response,EML_expr,(G(R)+G(R)),1,5,2,21.0,51.74590877382354,5.497075961536212,102.0,43.5214683438023
Rac1 perturbation; RhoA response,EML_expr,(G(R)+G(R)),1,5,2,21.33333,49.811513076666664,5.335278746646896,102.0,42.51984704054536
Rac1 perturbation; RhoA response,EML_expr,(G(R)+G(R)),1,5,2,21.66667,48.297746493235316,5.129799521430641,102.0,41.52284205273527
Rac1 perturbation; RhoA response,EML_expr,(G(R)+G(R)),1,5,2,22.0,45.60092938411764,4.995006420064211,102.0,40.53175420024111
Rac1 perturbation; RhoA response,EML_expr,(G(R)+G(R)),1,5,2,22.33333,44.4127340992157,4.8266340646873305,102.0,39.54769289884827
Rac1 perturbation; RhoA response,EML_expr,(G(R)+G(R)),1,5,2,22.66667,42.491818248921575,4.625541088577205,102.0,38.57167177625328
Rac1 perturbation; RhoA response,EML_expr,(G(R)+G(R)),1,5,2,23.0,41.659108101274484,4.515479641560975,102.0,37.604700447344015
Rac1 perturbation; RhoA response,EML_expr,(G(R)+G(R)),1,5,2,23.33333,38.6730312614706,4.488783836612278,102.0,36.64761358508957
Rac1 perturbation; RhoA response,EML_expr,(G(R)+G(R)),1,5,2,23.66667,38.53872666362746,4.129225207279518,102.0,35.70116478118918
Rac1 perturbation; RhoA response,EML_expr,(G(R)+G(R)),1,5,2,24.0,37.54951162980392,4.102495634891386,102.0,34.76611496306465
Rac1 perturbation; RhoA response,EML_expr,(G(R)+G(R)),1,5,2,24.33333,35.11277371294116,3.9638793036179685,102.0,33.84306644085497
Rac1 perturbation; RhoA response,EML_expr,(G(R)+G(R)),1,5,2,24.66667,35.0134794919608,3.7620191021991634,102.0,32.93255399820727
Rac1 perturbation; RhoA response,EML_expr,(G(R)+G(R)),1,5,2,25.0,32.11807277588238,3.9196736044049127,102.0,32.035129364939166
Rac1 perturbation; RhoA response,EML_expr,(G(R)+G(R)),1,5,2,25.33333,31.736724898627468,3.5403495985543985,102.0,31.15120129694802
Rac1 perturbation; RhoA response,EML_expr,(G(R)+G(R)),1,5,2,25.66667,30.718837153627458,3.397342988096774,102.0,30.281123175407103
Rac1 perturbation; RhoA response,EML_expr,(G(R)+G(R)),1,5,2,26.0,27.908241541372547,3.431207266681927,102.0,29.425273167294637
Rac1 perturbation; RhoA response,EML_expr,(G(R)+G(R)),1,5,2,26.33333,28.56984123049018,3.217931216224954,102.0,28.58390111702993
Rac1 perturbation; RhoA response,EML_expr,(G(R)+G(R)),1,5,2,26.66667,26.37594937568628,3.1554019459006484,102.0,27.757212162414586
Rac1 perturbation; RhoA response,EML_expr,(G(R)+G(R)),1,5,2,27.0,25.747825074019605,3.0542962188404728,102.0,26.945442384083407
Rac1 perturbation; RhoA response,EML_expr,(G(R)+G(R)),1,5,2,27.33333,24.73268942078432,2.9243926581318958,102.0,26.148713042727522
Rac1 perturbation; RhoA response,EML_expr,(G(R)+G(R)),1,5,2,27.66667,24.258557118431348,2.896928675563027,102.0,25.36710990561008
Rac1 perturbation; RhoA response,EML_expr,(G(R)+G(R)),1,5,2,28.0,23.011840799215722,2.7702758563838996,102.0,24.600754307582584
Rac1 perturbation; RhoA response,EML_expr,(G(R)+G(R)),1,5,2,28.33333,21.77760988117646,2.700625819371455,102.0,23.84966506760692
Rac1 perturbation; RhoA response,EML_expr,(G(R)+G(R)),1,5,2,28.66667,21.54180312882353,2.6256973587996195,102.0,23.113833356079528
Rac1 perturbation; RhoA response,EML_expr,(G(R)+G(R)),1,5,2,29.0,20.32287866245098,2.66995211310369,102.0,22.393289189608105
Rac1 perturbation; RhoA response,EML_expr,(G(R)+G(R)),1,5,2,29.33333,20.363870878333348,2.4945211722808143,102.0,21.687971184188978
Rac1 perturbation; RhoA response,EML_expr,(G(R)+G(R)),1,5,2,29.66667,19.97427564813725,2.4175255153915023,102.0,20.99779690892794
Rac1 perturbation; RhoA response,EML_expr,(G(R)+G(R)),1,5,2,30.0,17.7973158992157,2.5306698777694208,102.0,20.322724900634068
Rac1 perturbation; RhoA response,EML_expr,(G(R)+G(R)),1,5,2,30.33333,17.458103272352947,2.3291121650380746,102.0,19.66263227707054
Rac1 perturbation; RhoA response,EML_expr,(G(R)+G(R)),1,5,2,30.66667,16.752543151568634,2.262527913054402,102.0,19.017380602364344
Rac1 perturbation; RhoA response,EML_expr,(G(R)+G(R)),1,5,2,31.0,14.37553241666668,2.4586861511019147,102.0,18.38687355920285
Rac1 perturbation; RhoA response,EML_expr,(G(R)+G(R)),1,5,2,31.33333,13.515102849705887,2.4533890918269075,102.0,17.770942334325646
Rac1 perturbation; RhoA response,EML_expr,(G(R)+G(R)),1,5,2,31.66667,16.101014468627447,2.038048694449689,102.0,17.169407082863682
Rac1 perturbation; RhoA response,EML_expr,(G(R)+G(R)),1,5,2,32.0,14.126859001274509,1.9854514656714357,102.0,16.582130432816978
Rac1 perturbation; RhoA response,EML_expr,(G(R)+G(R)),1,5,2,32.33333,13.246295078725488,2.0531502378823445,102.0,16.008910465702165
Rac1 perturbation; RhoA response,EML_expr,(G(R)+G(R)),1,5,2,32.66667,12.516971541568626,2.040471503019399,102.0,15.44953791571276
Rac1 perturbation; RhoA response,EML_expr,(G(R)+G(R)),1,5,2,33.0,12.442076037156873,2.0134486287433977,102.0,14.90384570139804
Rac1 perturbation; RhoA response,EML_expr,(G(R)+G(R)),1,5,2,33.33333,12.216547963823531,1.8727446195322992,102.0,14.371609261387158
Rac1 perturbation; RhoA response,EML_expr,(G(R)+G(R)),1,5,2,33.66667,11.682215155196088,1.8560369327016877,102.0,13.852599655492728
Rac1 perturbation; RhoA response,EML_expr,(G(R)+G(R)),1,5,2,34.0,10.906749343823531,1.8787041449193262,102.0,13.346629332913023
Rac1 perturbation; RhoA response,EML_expr,(G(R)+G(R)),1,5,2,34.33333,11.297668761078432,1.8448578953953105,102.0,12.85345953517036
Rac1 perturbation; RhoA response,EML_expr,(G(R)+G(R)),1,5,2,34.66667,12.379576779705877,1.8287141006657635,102.0,12.372849487094165
Rac1 perturbation; RhoA response,EML_expr,(G(R)+G(R)),1,5,2,35.0,10.84845148784313,1.8385037400772086,102.0,11.904598620160748
Rac1 perturbation; RhoA response,EML_expr,(G(R)+G(R)),1,5,2,35.33333,11.238808759313724,1.7713856536652122,102.0,11.448460719074719
Rac1 perturbation; RhoA response,EML_expr,(G(R)+G(R)),1,5,2,35.66667,11.247143731274516,1.718822062362493,102.0,11.00418940646897
Rac1 perturbation; RhoA response,EML_expr,(G(R)+G(R)),1,5,2,36.0,10.426152883627456,1.7539688826656712,102.0,10.57157703944399
Rac1 perturbation; RhoA response,EML_expr,(G(R)+G(R)),1,5,2,36.33333,11.260318706862732,1.6868161769351129,102.0,10.15037525720246
Rac1 perturbation; RhoA response,EML_expr,(G(R)+G(R)),1,5,2,36.66667,9.972245372254905,1.7253956850272392,102.0,9.740336968689622
Rac1 perturbation; RhoA response,EML_expr,(G(R)+G(R)),1,5,2,37.0,10.654978836470594,1.7021852829646875,102.0,9.34125213926947
Rac1 perturbation; RhoA response,EML_expr,(G(R)+G(R)),1,5,2,37.33333,9.74520202176471,1.696097020042852,102.0,8.952874384729018
Rac1 perturbation; RhoA response,EML_expr,(G(R)+G(R)),1,5,2,37.66667,9.260330918921571,1.701754690667574,102.0,8.57495967327238
Rac1 perturbation; RhoA response,EML_expr,(G(R)+G(R)),1,5,2,38.0,9.296067204705885,1.7005456129781193,102.0,8.207299214851949
Rac1 perturbation; RhoA response,EML_expr,(G(R)+G(R)),1,5,2,38.33333,10.309174082549015,1.704818568689371,102.0,7.8496517409994
Rac1 perturbation; RhoA response,EML_expr,(G(R)+G(R)),1,5,2,38.66667,8.86877129264706,1.6918583576513293,102.0,7.501779133711297
Rac1 perturbation; RhoA response,EML_expr,(G(R)+G(R)),1,5,2,39.0,8.963871901960788,1.6809574639558549,102.0,7.163476620345536
Rac1 perturbation; RhoA response,EML_expr,(G(R)+G(R)),1,5,2,39.33333,9.20126891764706,1.6523584950996888,102.0,6.834510383056674
Rac1 perturbation; RhoA response,EML_expr,(G(R)+G(R)),1,5,2,39.66667,7.3494802596078435,1.833555564668603,102.0,6.51465031975213
Rac1 perturbation; RhoA response,EML_expr,(G(R)+G(R)),1,5,2,40.0,8.58402001862745,1.5668875650562373,102.0,6.203697741624379
Rac1 perturbation; RhoA response,EML_expr,G(G(R)),2,3,2,0.0,-1.3762895822549015,0.50411235386505,102.0,-1.3793151808154374
Rac1 perturbation; RhoA response,EML_expr,G(G(R)),2,3,2,0.3333333,21.80185077156863,3.422024980475965,102.0,25.252161099331563
Rac1 perturbation; RhoA response,EML_expr,G(G(R)),2,3,2,0.6666667,30.611781803333344,4.267726477815583,102.0,31.869648996646315
Rac1 perturbation; RhoA response,EML_expr,G(G(R)),2,3,2,1.0,36.53921146166665,4.7264010770576395,102.0,36.237990955917404
Rac1 perturbation; RhoA response,EML_expr,G(G(R)),2,3,2,1.333333,40.477224400588234,4.96975511730596,102.0,39.51183409267499
Rac1 perturbation; RhoA response,EML_expr,G(G(R)),2,3,2,1.666667,43.672935604509775,5.187860435813586,102.0,42.11552645132956
Rac1 perturbation; RhoA response,EML_expr,G(G(R)),2,3,2,2.0,45.44188075156865,5.219705333024379,102.0,44.259685653040606
Rac1 perturbation; RhoA response,EML_expr,G(G(R)),2,3,2,2.333333,47.868677996862765,5.318296797389352,102.0,46.066524302210546
Rac1 perturbation; RhoA response,EML_expr,G(G(R)),2,3,2,2.666667,49.029414602647094,5.380577874091345,102.0,47.61420486380945
Rac1 perturbation; RhoA response,EML_expr,G(G(R)),2,3,2,3.0,48.87878536852945,5.4279260084635395,102.0,48.95617359829132
Rac1 perturbation; RhoA response,EML_expr,G(G(R)),2,3,2,3.333333,49.545590385490236,5.424570471400211,102.0,50.13083386001694
Rac1 perturbation; RhoA response,EML_expr,G(G(R)),2,3,2,3.666667,50.60425583872549,5.496107309152899,102.0,51.166823137121604
Rac1 perturbation; RhoA response,EML_expr,G(G(R)),2,3,2,4.0,51.097094013823536,5.375149351545362,102.0,52.086127593765006
Rac1 perturbation; RhoA response,EML_expr,G(G(R)),2,3,2,4.333334,51.92032161539212,5.5017946234984585,102.0,52.90605034209193
Rac1 perturbation; RhoA response,EML_expr,G(G(R)),2,3,2,4.666667,53.32254371009807,5.471471875035747,102.0,53.640460283180005
Rac1 perturbation; RhoA response,EML_expr,G(G(R)),2,3,2,5.0,53.65529186735294,5.5488078085022225,102.0,54.30067131547709
Rac1 perturbation; RhoA response,EML_expr,G(G(R)),2,3,2,5.333334,53.23606688637256,5.6422528946411745,102.0,54.896035915613744
Rac1 perturbation; RhoA response,EML_expr,G(G(R)),2,3,2,5.666667,54.337714760000026,5.627293786005503,102.0,55.43437286627317
Rac1 perturbation; RhoA response,EML_expr,G(G(R)),2,3,2,6.0,55.12635692107845,5.643440842444053,102.0,55.92229523555409
Rac1 perturbation; RhoA response,EML_expr,G(G(R)),2,3,2,6.333334,55.17007110450979,5.701209437509858,102.0,56.365442022444576
Rac1 perturbation; RhoA response,EML_expr,G(G(R)),2,3,2,6.666667,56.69644097803922,5.717524859993219,102.0,56.76865603963014
Rac1 perturbation; RhoA response,EML_expr,G(G(R)),2,3,2,7.0,56.69522668107843,5.77149142849537,102.0,57.1361321355789
Rac1 perturbation; RhoA response,EML_expr,G(G(R)),2,3,2,7.333334,58.28530611843136,5.761652468322007,102.0,57.47152281770739
Rac1 perturbation; RhoA response,EML_expr,G(G(R)),2,3,2,7.666667,56.961419657647085,5.735573448742369,102.0,57.77802320761371
Rac1 perturbation; RhoA response,EML_expr,G(G(R)),2,3,2,8.0,57.82338275784312,5.783570548698452,102.0,58.05844736801614
Rac1 perturbation; RhoA response,EML_expr,G(G(R)),2,3,2,8.333333,57.75019856147062,5.826416212905212,102.0,58.31528126324754
Rac1 perturbation; RhoA response,EML_expr,G(G(R)),2,3,2,8.666667,57.203753222352915,5.852569095038439,102.0,58.55073124327321
Rac1 perturbation; RhoA response,EML_expr,G(G(R)),2,3,2,9.0,59.05442461176468,5.764011948896135,102.0,58.76675991239894
Rac1 perturbation; RhoA response,EML_expr,G(G(R)),2,3,2,9.333333,59.10767345686274,5.811593078418382,102.0,58.96512252245792
Rac1 perturbation; RhoA response,EML_expr,G(G(R)),2,3,2,9.666667,59.51643125921565,5.796861784424392,102.0,59.14739158605796
Rac1 perturbation; RhoA response,EML_expr,G(G(R)),2,3,2,10.0,58.97425116039215,5.880594663651929,102.0,59.314978237559
Rac1 perturbation; RhoA response,EML_expr,G(G(R)),2,3,2,10.33333,59.97277649754901,5.925760585001861,102.0,59.46915348446339
Rac1 perturbation; RhoA response,EML_expr,G(G(R)),2,3,2,10.66667,59.67217276107842,5.911423324421129,102.0,59.61107066292905
Rac1 perturbation; RhoA response,EML_expr,G(G(R)),2,3,2,11.0,59.94570601833335,5.938615244252045,102.0,59.74175868351015
Rac1 perturbation; RhoA response,EML_expr,G(G(R)),2,3,2,11.33333,60.26858066990196,5.969688831347074,102.0,59.86216011965362
Rac1 perturbation; RhoA response,EML_expr,G(G(R)),2,3,2,11.66667,60.39380383892158,6.000789739288233,102.0,59.973124429429745
Rac1 perturbation; RhoA response,EML_expr,G(G(R)),2,3,2,12.0,60.59690535833334,6.002558505598481,102.0,60.07540101966257
Rac1 perturbation; RhoA response,EML_expr,G(G(R)),2,3,2,12.33333,61.123595551960754,6.037858062722709,102.0,60.16965128547976
Rac1 perturbation; RhoA response,EML_expr,G(G(R)),2,3,2,12.66667,59.86330000117649,6.008450062217623,102.0,60.25641424123023
Rac1 perturbation; RhoA response,EML_expr,G(G(R)),2,3,2,13.0,60.16060124039215,6.045579739948293,102.0,60.336053643794585
Rac1 perturbation; RhoA response,EML_expr,G(G(R)),2,3,2,13.33333,60.81838072127449,6.051579153459915,102.0,60.40869684290909
Rac1 perturbation; RhoA response,EML_expr,G(G(R)),2,3,2,13.66667,59.48289247960783,6.053387283634875,102.0,60.47411307413985
Rac1 perturbation; RhoA response,EML_expr,G(G(R)),2,3,2,14.0,60.599503611764675,6.119341040924408,102.0,60.53155896641853
Rac1 perturbation; RhoA response,EML_expr,G(G(R)),2,3,2,14.33333,60.19987780362744,6.0850591297034455,102.0,60.579611641627444
Rac1 perturbation; RhoA response,EML_expr,G(G(R)),2,3,2,14.66667,59.93194524715691,6.106322483011755,102.0,60.61597043920854
Rac1 perturbation; RhoA response,EML_expr,G(G(R)),2,3,2,15.0,60.337562376274484,6.078237746506857,102.0,60.63727674972589
Rac1 perturbation; RhoA response,EML_expr,G(G(R)),2,3,2,15.33333,59.58158538578434,6.207874054728857,102.0,60.638985925284146
Rac1 perturbation; RhoA response,EML_expr,G(G(R)),2,3,2,15.66667,60.71967915656863,6.093759525579715,102.0,60.61530055910142
Rac1 perturbation; RhoA response,EML_expr,G(G(R)),2,3,2,16.0,59.92963646921569,6.152597945396288,102.0,60.559213460178526
Rac1 perturbation; RhoA response,EML_expr,G(G(R)),2,3,2,16.33333,60.424480239313745,6.1628092434583905,102.0,60.462654729190135
Rac1 perturbation; RhoA response,EML_expr,G(G(R)),2,3,2,16.66667,60.825864639607836,6.093484097308075,102.0,60.316752155391974
Rac1 perturbation; RhoA response,EML_expr,G(G(R)),2,3,2,17.0,59.230446043823555,6.1847919298934935,102.0,60.11221149242767
Rac1 perturbation; RhoA response,EML_expr,G(G(R)),2,3,2,17.33333,59.53360226147061,6.144033862175193,102.0,59.839722670371614
Rac1 perturbation; RhoA response,EML_expr,G(G(R)),2,3,2,17.66667,60.603943836372565,6.146058064480174,102.0,59.4904302252087
Rac1 perturbation; RhoA response,EML_expr,G(G(R)),2,3,2,18.0,60.08698748911767,6.153517102502953,102.0,59.05643533682639
Rac1 perturbation; RhoA response,EML_expr,G(G(R)),2,3,2,18.33333,58.60493436343134,6.284901944529139,102.0,58.53115217141396
Rac1 perturbation; RhoA response,EML_expr,G(G(R)),2,3,2,18.66667,58.18239181794117,6.2687536088556275,102.0,57.9096719463678
Rac1 perturbation; RhoA response,EML_expr,G(G(R)),2,3,2,19.0,59.209288051666626,6.187989336239144,102.0,57.189079760532465
Rac1 perturbation; RhoA response,EML_expr,G(G(R)),2,3,2,19.33333,58.852119528431395,6.2289736432097715,102.0,56.36848341794709
Rac1 perturbation; RhoA response,EML_expr,G(G(R)),2,3,2,19.66667,58.169122079019594,6.2673284333163135,102.0,55.449086870183734
Rac1 perturbation; RhoA response,EML_expr,G(G(R)),2,3,2,20.0,60.252442538823544,6.211282861614537,102.0,54.43421507403252
Rac1 perturbation; RhoA response,EML_expr,G(G(R)),2,3,2,20.33333,54.93775363313726,5.937689612009537,102.0,53.32898903339399
Rac1 perturbation; RhoA response,EML_expr,G(G(R)),2,3,2,20.66667,53.41221635401958,5.695227244367421,102.0,52.140167703773486
Rac1 perturbation; RhoA response,EML_expr,G(G(R)),2,3,2,21.0,51.74590877382354,5.497075961536212,102.0,50.87598972743575
Rac1 perturbation; RhoA response,EML_expr,G(G(R)),2,3,2,21.33333,49.811513076666664,5.335278746646896,102.0,49.545653674619835
Rac1 perturbation; RhoA response,EML_expr,G(G(R)),2,3,2,21.66667,48.297746493235316,5.129799521430641,102.0,48.15910173741977
Rac1 perturbation; RhoA response,EML_expr,G(G(R)),2,3,2,22.0,45.60092938411764,4.995006420064211,102.0,46.726846362201925
Rac1 perturbation; RhoA response,EML_expr,G(G(R)),2,3,2,22.33333,44.4127340992157,4.8266340646873305,102.0,45.25943347724672
Rac1 perturbation; RhoA response,EML_expr,G(G(R)),2,3,2,22.66667,42.491818248921575,4.625541088577205,102.0,43.76730558816496
Rac1 perturbation; RhoA response,EML_expr,G(G(R)),2,3,2,23.0,41.659108101274484,4.515479641560975,102.0,42.26071975761887
Rac1 perturbation; RhoA response,EML_expr,G(G(R)),2,3,2,23.33333,38.6730312614706,4.488783836612278,102.0,40.74929646705515
Rac1 perturbation; RhoA response,EML_expr,G(G(R)),2,3,2,23.66667,38.53872666362746,4.129225207279518,102.0,39.24201061465221
Rac1 perturbation; RhoA response,EML_expr,G(G(R)),2,3,2,24.0,37.54951162980392,4.102495634891386,102.0,37.747223281740766
Rac1 perturbation; RhoA response,EML_expr,G(G(R)),2,3,2,24.33333,35.11277371294116,3.9638793036179685,102.0,36.27234065319481
Rac1 perturbation; RhoA response,EML_expr,G(G(R)),2,3,2,24.66667,35.0134794919608,3.7620191021991634,102.0,34.823914242966744
Rac1 perturbation; RhoA response,EML_expr,G(G(R)),2,3,2,25.0,32.11807277588238,3.9196736044049127,102.0,33.4077574652328
Rac1 perturbation; RhoA response,EML_expr,G(G(R)),2,3,2,25.33333,31.736724898627468,3.5403495985543985,102.0,32.028695938798535
Rac1 perturbation; RhoA response,EML_expr,G(G(R)),2,3,2,25.66667,30.718837153627458,3.397342988096774,102.0,30.690732030438664
Rac1 perturbation; RhoA response,EML_expr,G(G(R)),2,3,2,26.0,27.908241541372547,3.431207266681927,102.0,29.39720324527326
Rac1 perturbation; RhoA response,EML_expr,G(G(R)),2,3,2,26.33333,28.56984123049018,3.217931216224954,102.0,28.150594147801108
Rac1 perturbation; RhoA response,EML_expr,G(G(R)),2,3,2,26.66667,26.37594937568628,3.1554019459006484,102.0,26.952722596224532
Rac1 perturbation; RhoA response,EML_expr,G(G(R)),2,3,2,27.0,25.747825074019605,3.0542962188404728,102.0,25.804904527608045
Rac1 perturbation; RhoA response,EML_expr,G(G(R)),2,3,2,27.33333,24.73268942078432,2.9243926581318958,102.0,24.707803006689712
Rac1 perturbation; RhoA response,EML_expr,G(G(R)),2,3,2,27.66667,24.258557118431348,2.896928675563027,102.0,23.661607128354287
Rac1 perturbation; RhoA response,EML_expr,G(G(R)),2,3,2,28.0,23.011840799215722,2.7702758563838996,102.0,22.66618170123612
Rac1 perturbation; RhoA response,EML_expr,G(G(R)),2,3,2,28.33333,21.77760988117646,2.700625819371455,102.0,21.72093830527904
Rac1 perturbation; RhoA response,EML_expr,G(G(R)),2,3,2,28.66667,21.54180312882353,2.6256973587996195,102.0,20.824991814293497
Rac1 perturbation; RhoA response,EML_expr,G(G(R)),2,3,2,29.0,20.32287866245098,2.66995211310369,102.0,19.977285620105967
Rac1 perturbation; RhoA response,EML_expr,G(G(R)),2,3,2,29.33333,20.363870878333348,2.4945211722808143,102.0,19.176477248544828
Rac1 perturbation; RhoA response,EML_expr,G(G(R)),2,3,2,29.66667,19.97427564813725,2.4175255153915023,102.0,18.4210675398174
Rac1 perturbation; RhoA response,EML_expr,G(G(R)),2,3,2,30.0,17.7973158992157,2.5306698777694208,102.0,17.70949996196943
Rac1 perturbation; RhoA response,EML_expr,G(G(R)),2,3,2,30.33333,17.458103272352947,2.3291121650380746,102.0,17.040057943556096
Rac1 perturbation; RhoA response,EML_expr,G(G(R)),2,3,2,30.66667,16.752543151568634,2.262527913054402,102.0,16.410967576757667
Rac1 perturbation; RhoA response,EML_expr,G(G(R)),2,3,2,31.0,14.37553241666668,2.4586861511019147,102.0,15.820473654512313
Rac1 perturbation; RhoA response,EML_expr,G(G(R)),2,3,2,31.33333,13.515102849705887,2.4533890918269075,102.0,15.26674799566014
Rac1 perturbation; RhoA response,EML_expr,G(G(R)),2,3,2,31.66667,16.101014468627447,2.038048694449689,102.0,14.74796919580615
Rac1 perturbation; RhoA response,EML_expr,G(G(R)),2,3,2,32.0,14.126859001274509,1.9854514656714357,102.0,14.262379533976121
Rac1 perturbation; RhoA response,EML_expr,G(G(R)),2,3,2,32.33333,13.246295078725488,2.0531502378823445,102.0,13.808204181713927
Rac1 perturbation; RhoA response,EML_expr,G(G(R)),2,3,2,32.66667,12.516971541568626,2.040471503019399,102.0,13.383712269951447
Rac1 perturbation; RhoA response,EML_expr,G(G(R)),2,3,2,33.0,12.442076037156873,2.0134486287433977,102.0,12.987258898573844
Rac1 perturbation; RhoA response,EML_expr,G(G(R)),2,3,2,33.33333,12.216547963823531,1.8727446195322992,102.0,12.617215032023932
Rac1 perturbation; RhoA response,EML_expr,G(G(R)),2,3,2,33.66667,11.682215155196088,1.8560369327016877,102.0,12.272013921459166
Rac1 perturbation; RhoA response,EML_expr,G(G(R)),2,3,2,34.0,10.906749343823531,1.8787041449193262,102.0,11.950181901742301
Rac1 perturbation; RhoA response,EML_expr,G(G(R)),2,3,2,34.33333,11.297668761078432,1.8448578953953105,102.0,11.650278467560222
Rac1 perturbation; RhoA response,EML_expr,G(G(R)),2,3,2,34.66667,12.379576779705877,1.8287141006657635,102.0,11.370931474003395
Rac1 perturbation; RhoA response,EML_expr,G(G(R)),2,3,2,35.0,10.84845148784313,1.8385037400772086,102.0,11.110859670541588
Rac1 perturbation; RhoA response,EML_expr,G(G(R)),2,3,2,35.33333,11.238808759313724,1.7713856536652122,102.0,10.868822160669119
Rac1 perturbation; RhoA response,EML_expr,G(G(R)),2,3,2,35.66667,11.247143731274516,1.718822062362493,102.0,10.643645112156712
Rac1 perturbation; RhoA response,EML_expr,G(G(R)),2,3,2,36.0,10.426152883627456,1.7539688826656712,102.0,10.434238274935218
Rac1 perturbation; RhoA response,EML_expr,G(G(R)),2,3,2,36.33333,11.260318706862732,1.6868161769351129,102.0,10.239552838912331
Rac1 perturbation; RhoA response,EML_expr,G(G(R)),2,3,2,36.66667,9.972245372254905,1.7253956850272392,102.0,10.05860175789658
Rac1 perturbation; RhoA response,EML_expr,G(G(R)),2,3,2,37.0,10.654978836470594,1.7021852829646875,102.0,9.890471911441574
Rac1 perturbation; RhoA response,EML_expr,G(G(R)),2,3,2,37.33333,9.74520202176471,1.696097020042852,102.0,9.734289297555442
Rac1 perturbation; RhoA response,EML_expr,G(G(R)),2,3,2,37.66667,9.260330918921571,1.701754690667574,102.0,9.58923455851471
Rac1 perturbation; RhoA response,EML_expr,G(G(R)),2,3,2,38.0,9.296067204705885,1.7005456129781193,102.0,9.45455199082126
Rac1 perturbation; RhoA response,EML_expr,G(G(R)),2,3,2,38.33333,10.309174082549015,1.704818568689371,102.0,9.329521019013223
Rac1 perturbation; RhoA response,EML_expr,G(G(R)),2,3,2,38.66667,8.86877129264706,1.6918583576513293,102.0,9.213468109536258
Rac1 perturbation; RhoA response,EML_expr,G(G(R)),2,3,2,39.0,8.963871901960788,1.6809574639558549,102.0,9.10577349364856
Rac1 perturbation; RhoA response,EML_expr,G(G(R)),2,3,2,39.33333,9.20126891764706,1.6523584950996888,102.0,9.005847935849511
Rac1 perturbation; RhoA response,EML_expr,G(G(R)),2,3,2,39.66667,7.3494802596078435,1.833555564668603,102.0,8.913141918401974
Rac1 perturbation; RhoA response,EML_expr,G(G(R)),2,3,2,40.0,8.58402001862745,1.5668875650562373,102.0,8.827150695386079
Rac1 perturbation; RhoA response,EML_expr,(G(G(R))+R),2,5,2,0.0,-1.3762895822549015,0.50411235386505,102.0,1.5985731841885933
Rac1 perturbation; RhoA response,EML_expr,(G(G(R))+R),2,5,2,0.3333333,21.80185077156863,3.422024980475965,102.0,9.496894013346076
Rac1 perturbation; RhoA response,EML_expr,(G(G(R))+R),2,5,2,0.6666667,30.611781803333344,4.267726477815583,102.0,16.602917685858145
Rac1 perturbation; RhoA response,EML_expr,(G(G(R))+R),2,5,2,1.0,36.53921146166665,4.7264010770576395,102.0,22.97848646753389
Rac1 perturbation; RhoA response,EML_expr,(G(G(R))+R),2,5,2,1.333333,40.477224400588234,4.96975511730596,102.0,28.679252775146622
Rac1 perturbation; RhoA response,EML_expr,(G(G(R))+R),2,5,2,1.666667,43.672935604509775,5.187860435813586,102.0,33.7549320293359
Rac1 perturbation; RhoA response,EML_expr,(G(G(R))+R),2,5,2,2.0,45.44188075156865,5.219705333024379,102.0,38.24933132428913
Rac1 perturbation; RhoA response,EML_expr,(G(G(R))+R),2,5,2,2.333333,47.868677996862765,5.318296797389352,102.0,42.20037160252335
Rac1 perturbation; RhoA response,EML_expr,(G(G(R))+R),2,5,2,2.666667,49.029414602647094,5.380577874091345,102.0,45.639697400976985
Rac1 perturbation; RhoA response,EML_expr,(G(G(R))+R),2,5,2,3.0,48.87878536852945,5.4279260084635395,102.0,48.59189800266642
Rac1 perturbation; RhoA response,EML_expr,(G(G(R))+R),2,5,2,3.333333,49.545590385490236,5.424570471400211,102.0,51.07309438346363
Rac1 perturbation; RhoA response,EML_expr,(G(G(R))+R),2,5,2,3.666667,50.60425583872549,5.496107309152899,102.0,53.08808202205265
Rac1 perturbation; RhoA response,EML_expr,(G(G(R))+R),2,5,2,4.0,51.097094013823536,5.375149351545362,102.0,54.62473293203782
Rac1 perturbation; RhoA response,EML_expr,(G(G(R))+R),2,5,2,4.333334,51.92032161539212,5.5017946234984585,102.0,55.64202616988481
Rac1 perturbation; RhoA response,EML_expr,(G(G(R))+R),2,5,2,4.666667,53.32254371009807,5.471471875035747,102.0,56.04038228525664
Rac1 perturbation; RhoA response,EML_expr,(G(G(R))+R),2,5,2,5.0,53.65529186735294,5.5488078085022225,102.0,55.5693387912802
Rac1 perturbation; RhoA response,EML_expr,(G(G(R))+R),2,5,2,5.333334,53.23606688637256,5.6422528946411745,102.0,53.36351312125462
Rac1 perturbation; RhoA response,EML_expr,(G(G(R))+R),2,5,2,5.666667,54.337714760000026,5.627293786005503,102.0,42.21885291194708
Rac1 perturbation; RhoA response,EML_expr,(G(G(R))+R),2,5,2,6.0,55.12635692107845,5.643440842444053,102.0,44.4944650194278
Rac1 perturbation; RhoA response,EML_expr,(G(G(R))+R),2,5,2,6.333334,55.17007110450979,5.701209437509858,102.0,46.582519493129254
Rac1 perturbation; RhoA response,EML_expr,(G(G(R))+R),2,5,2,6.666667,56.69644097803922,5.717524859993219,102.0,48.49846346923405
Rac1 perturbation; RhoA response,EML_expr,(G(G(R))+R),2,5,2,7.0,56.69522668107843,5.77149142849537,102.0,50.256488874592776
Rac1 perturbation; RhoA response,EML_expr,(G(G(R))+R),2,5,2,7.333334,58.28530611843136,5.761652468322007,102.0,51.86961652513469
Rac1 perturbation; RhoA response,EML_expr,(G(G(R))+R),2,5,2,7.666667,56.961419657647085,5.735573448742369,102.0,53.349780114268185
Rac1 perturbation; RhoA response,EML_expr,(G(G(R))+R),2,5,2,8.0,57.82338275784312,5.783570548698452,102.0,54.70794362029024
Rac1 perturbation; RhoA response,EML_expr,(G(G(R))+R),2,5,2,8.333333,57.75019856147062,5.826416212905212,102.0,55.95416268080139
Rac1 perturbation; RhoA response,EML_expr,(G(G(R))+R),2,5,2,8.666667,57.203753222352915,5.852569095038439,102.0,57.09766728814443
Rac1 perturbation; RhoA response,EML_expr,(G(G(R))+R),2,5,2,9.0,59.05442461176468,5.764011948896135,102.0,58.14691626192632
Rac1 perturbation; RhoA response,EML_expr,(G(G(R))+R),2,5,2,9.333333,59.10767345686274,5.811593078418382,102.0,59.10967877674378
Rac1 perturbation; RhoA response,EML_expr,(G(G(R))+R),2,5,2,9.666667,59.51643125921565,5.796861784424392,102.0,59.99307473449049
Rac1 perturbation; RhoA response,EML_expr,(G(G(R))+R),2,5,2,10.0,58.97425116039215,5.880594663651929,102.0,60.803604481246644
Rac1 perturbation; RhoA response,EML_expr,(G(G(R))+R),2,5,2,10.33333,59.97277649754901,5.925760585001861,102.0,61.5471662659716
Rac1 perturbation; RhoA response,EML_expr,(G(G(R))+R),2,5,2,10.66667,59.67217276107842,5.911423324421129,102.0,62.22904179232522
Rac1 perturbation; RhoA response,EML_expr,(G(G(R))+R),2,5,2,11.0,59.94570601833335,5.938615244252045,102.0,62.85366951167601
Rac1 perturbation; RhoA response,EML_expr,(G(G(R))+R),2,5,2,11.33333,60.26858066990196,5.969688831347074,102.0,63.42452438961076
Rac1 perturbation; RhoA response,EML_expr,(G(G(R))+R),2,5,2,11.66667,60.39380383892158,6.000789739288233,102.0,63.94364625651325
Rac1 perturbation; RhoA response,EML_expr,(G(G(R))+R),2,5,2,12.0,60.59690535833334,6.002558505598481,102.0,64.41103962193759
Rac1 perturbation; RhoA response,EML_expr,(G(G(R))+R),2,5,2,12.33333,61.123595551960754,6.037858062722709,102.0,64.82408498845561
Rac1 perturbation; RhoA response,EML_expr,(G(G(R))+R),2,5,2,12.66667,59.86330000117649,6.008450062217623,102.0,65.17676730253889
Rac1 perturbation; RhoA response,EML_expr,(G(G(R))+R),2,5,2,13.0,60.16060124039215,6.045579739948293,102.0,65.45902810196482
Rac1 perturbation; RhoA response,EML_expr,(G(G(R))+R),2,5,2,13.33333,60.81838072127449,6.051579153459915,102.0,65.65644897418252
Rac1 perturbation; RhoA response,EML_expr,(G(G(R))+R),2,5,2,13.66667,59.48289247960783,6.053387283634875,102.0,65.75020733229091
Rac1 perturbation; RhoA response,EML_expr,(G(G(R))+R),2,5,2,14.0,60.599503611764675,6.119341040924408,102.0,65.71754823968053
Rac1 perturbation; RhoA response,EML_expr,(G(G(R))+R),2,5,2,14.33333,60.19987780362744,6.0850591297034455,102.0,65.53275929356202
Rac1 perturbation; RhoA response,EML_expr,(G(G(R))+R),2,5,2,14.66667,59.93194524715691,6.106322483011755,102.0,65.16852672501932
Rac1 perturbation; RhoA response,EML_expr,(G(G(R))+R),2,5,2,15.0,60.337562376274484,6.078237746506857,102.0,64.59767257676668
Rac1 perturbation; RhoA response,EML_expr,(G(G(R))+R),2,5,2,15.33333,59.58158538578434,6.207874054728857,102.0,63.79489805210975
Rac1 perturbation; RhoA response,EML_expr,(G(G(R))+R),2,5,2,15.66667,60.71967915656863,6.093759525579715,102.0,62.73852780108996
Rac1 perturbation; RhoA response,EML_expr,(G(G(R))+R),2,5,2,16.0,59.92963646921569,6.152597945396288,102.0,61.412141033749506
Rac1 perturbation; RhoA response,EML_expr,(G(G(R))+R),2,5,2,16.33333,60.424480239313745,6.1628092434583905,102.0,59.80551625100748
Rac1 perturbation; RhoA response,EML_expr,(G(G(R))+R),2,5,2,16.66667,60.825864639607836,6.093484097308075,102.0,57.91537266360493
Rac1 perturbation; RhoA response,EML_expr,(G(G(R))+R),2,5,2,17.0,59.230446043823555,6.1847919298934935,102.0,55.74578831777751
Rac1 perturbation; RhoA response,EML_expr,(G(G(R))+R),2,5,2,17.33333,59.53360226147061,6.144033862175193,102.0,53.30762378702788
Rac1 perturbation; RhoA response,EML_expr,(G(G(R))+R),2,5,2,17.66667,60.603943836372565,6.146058064480174,102.0,50.61803966678887
Rac1 perturbation; RhoA response,EML_expr,(G(G(R))+R),2,5,2,18.0,60.08698748911767,6.153517102502953,102.0,56.7421534524504
Rac1 perturbation; RhoA response,EML_expr,(G(G(R))+R),2,5,2,18.33333,58.60493436343134,6.284901944529139,102.0,63.341430087687115
Rac1 perturbation; RhoA response,EML_expr,(G(G(R))+R),2,5,2,18.66667,58.18239181794117,6.2687536088556275,102.0,64.71374434095566
Rac1 perturbation; RhoA response,EML_expr,(G(G(R))+R),2,5,2,19.0,59.209288051666626,6.187989336239144,102.0,64.72668184954131
Rac1 perturbation; RhoA response,EML_expr,(G(G(R))+R),2,5,2,19.33333,58.852119528431395,6.2289736432097715,102.0,64.00720032468783
Rac1 perturbation; RhoA response,EML_expr,(G(G(R))+R),2,5,2,19.66667,58.169122079019594,6.2673284333163135,102.0,62.81165359725987
Rac1 perturbation; RhoA response,EML_expr,(G(G(R))+R),2,5,2,20.0,60.252442538823544,6.211282861614537,102.0,61.28274951659525
Rac1 perturbation; RhoA response,EML_expr,(G(G(R))+R),2,5,2,20.33333,54.93775363313726,5.937689612009537,102.0,59.51447744530241
Rac1 perturbation; RhoA response,EML_expr,(G(G(R))+R),2,5,2,20.66667,53.41221635401958,5.695227244367421,102.0,57.575388914090986
Rac1 perturbation; RhoA response,EML_expr,(G(G(R))+R),2,5,2,21.0,51.74590877382354,5.497075961536212,102.0,55.518808265978805
Rac1 perturbation; RhoA response,EML_expr,(G(G(R))+R),2,5,2,21.33333,49.811513076666664,5.335278746646896,102.0,53.38739624185158
Rac1 perturbation; RhoA response,EML_expr,(G(G(R))+R),2,5,2,21.66667,48.297746493235316,5.129799521430641,102.0,51.21599902512214
Rac1 perturbation; RhoA response,EML_expr,(G(G(R))+R),2,5,2,22.0,45.60092938411764,4.995006420064211,102.0,49.03347110340323
Rac1 perturbation; RhoA response,EML_expr,(G(G(R))+R),2,5,2,22.33333,44.4127340992157,4.8266340646873305,102.0,46.86335423087612
Rac1 perturbation; RhoA response,EML_expr,(G(G(R))+R),2,5,2,22.66667,42.491818248921575,4.625541088577205,102.0,44.72485048920074
Rac1 perturbation; RhoA response,EML_expr,(G(G(R))+R),2,5,2,23.0,41.659108101274484,4.515479641560975,102.0,42.63362061471426
Rac1 perturbation; RhoA response,EML_expr,(G(G(R))+R),2,5,2,23.33333,38.6730312614706,4.488783836612278,102.0,40.601902342273334
Rac1 perturbation; RhoA response,EML_expr,(G(G(R))+R),2,5,2,23.66667,38.53872666362746,4.129225207279518,102.0,38.63914574217493
Rac1 perturbation; RhoA response,EML_expr,(G(G(R))+R),2,5,2,24.0,37.54951162980392,4.102495634891386,102.0,36.75256610753735
Rac1 perturbation; RhoA response,EML_expr,(G(G(R))+R),2,5,2,24.33333,35.11277371294116,3.9638793036179685,102.0,34.947133563996466
Rac1 perturbation; RhoA response,EML_expr,(G(G(R))+R),2,5,2,24.66667,35.0134794919608,3.7620191021991634,102.0,33.226068359632926
Rac1 perturbation; RhoA response,EML_expr,(G(G(R))+R),2,5,2,25.0,32.11807277588238,3.9196736044049127,102.0,31.591260473025216
Rac1 perturbation; RhoA response,EML_expr,(G(G(R))+R),2,5,2,25.33333,31.736724898627468,3.5403495985543985,102.0,30.04320551738885
Rac1 perturbation; RhoA response,EML_expr,(G(G(R))+R),2,5,2,25.66667,30.718837153627458,3.397342988096774,102.0,28.581389184440745
Rac1 perturbation; RhoA response,EML_expr,(G(G(R))+R),2,5,2,26.0,27.908241541372547,3.431207266681927,102.0,27.2045989422042
Rac1 perturbation; RhoA response,EML_expr,(G(G(R))+R),2,5,2,26.33333,28.56984123049018,3.217931216224954,102.0,25.910828562259645
Rac1 perturbation; RhoA response,EML_expr,(G(G(R))+R),2,5,2,26.66667,26.37594937568628,3.1554019459006484,102.0,24.697566146307118
Rac1 perturbation; RhoA response,EML_expr,(G(G(R))+R),2,5,2,27.0,25.747825074019605,3.0542962188404728,102.0,23.562017024622413
Rac1 perturbation; RhoA response,EML_expr,(G(G(R))+R),2,5,2,27.33333,24.73268942078432,2.9243926581318958,102.0,22.500991951489638
Rac1 perturbation; RhoA response,EML_expr,(G(G(R))+R),2,5,2,27.66667,24.258557118431348,2.896928675563027,102.0,21.51111626114217
Rac1 perturbation; RhoA response,EML_expr,(G(G(R))+R),2,5,2,28.0,23.011840799215722,2.7702758563838996,102.0,20.588984106956985
Rac1 perturbation; RhoA response,EML_expr,(G(G(R))+R),2,5,2,28.33333,21.77760988117646,2.700625819371455,102.0,19.731042683397035
Rac1 perturbation; RhoA response,EML_expr,(G(G(R))+R),2,5,2,28.66667,21.54180312882353,2.6256973587996195,102.0,18.93374088176126
Rac1 perturbation; RhoA response,EML_expr,(G(G(R))+R),2,5,2,29.0,20.32287866245098,2.66995211310369,102.0,18.193633443866936
Rac1 perturbation; RhoA response,EML_expr,(G(G(R))+R),2,5,2,29.33333,20.363870878333348,2.4945211722808143,102.0,17.507270196784606
Rac1 perturbation; RhoA response,EML_expr,(G(G(R))+R),2,5,2,29.66667,19.97427564813725,2.4175255153915023,102.0,16.87130041424622
Rac1 perturbation; RhoA response,EML_expr,(G(G(R))+R),2,5,2,30.0,17.7973158992157,2.5306698777694208,102.0,16.282541996223927
Rac1 perturbation; RhoA response,EML_expr,(G(G(R))+R),2,5,2,30.33333,17.458103272352947,2.3291121650380746,102.0,15.737881172648237
Rac1 perturbation; RhoA response,EML_expr,(G(G(R))+R),2,5,2,30.66667,16.752543151568634,2.262527913054402,102.0,15.234345412505233
Rac1 perturbation; RhoA response,EML_expr,(G(G(R))+R),2,5,2,31.0,14.37553241666668,2.4586861511019147,102.0,14.769148925533674
Rac1 perturbation; RhoA response,EML_expr,(G(G(R))+R),2,5,2,31.33333,13.515102849705887,2.4533890918269075,102.0,14.339605370110872
Rac1 perturbation; RhoA response,EML_expr,(G(G(R))+R),2,5,2,31.66667,16.101014468627447,2.038048694449689,102.0,13.94317883291503
Rac1 perturbation; RhoA response,EML_expr,(G(G(R))+R),2,5,2,32.0,14.126859001274509,1.9854514656714357,102.0,13.577513633386202
Rac1 perturbation; RhoA response,EML_expr,(G(G(R))+R),2,5,2,32.33333,13.246295078725488,2.0531502378823445,102.0,13.240360525371903
Rac1 perturbation; RhoA response,EML_expr,(G(G(R))+R),2,5,2,32.66667,12.516971541568626,2.040471503019399,102.0,12.929612523128435
Rac1 perturbation; RhoA response,EML_expr,(G(G(R))+R),2,5,2,33.0,12.442076037156873,2.0134486287433977,102.0,12.643324436368058
Rac1 perturbation; RhoA response,EML_expr,(G(G(R))+R),2,5,2,33.33333,12.216547963823531,1.8727446195322992,102.0,12.379651813704681
Rac1 perturbation; RhoA response,EML_expr,(G(G(R))+R),2,5,2,33.66667,11.682215155196088,1.8560369327016877,102.0,12.136876317411751
Rac1 perturbation; RhoA response,EML_expr,(G(G(R))+R),2,5,2,34.0,10.906749343823531,1.8787041449193262,102.0,11.91341858750348
Rac1 perturbation; RhoA response,EML_expr,(G(G(R))+R),2,5,2,34.33333,11.297668761078432,1.8448578953953105,102.0,11.707788540149004
Rac1 perturbation; RhoA response,EML_expr,(G(G(R))+R),2,5,2,34.66667,12.379576779705877,1.8287141006657635,102.0,11.518603510705027
Rac1 perturbation; RhoA response,EML_expr,(G(G(R))+R),2,5,2,35.0,10.84845148784313,1.8385037400772086,102.0,11.34459679315063
Rac1 perturbation; RhoA response,EML_expr,(G(G(R))+R),2,5,2,35.33333,11.238808759313724,1.7713856536652122,102.0,11.1845776750817
Rac1 perturbation; RhoA response,EML_expr,(G(G(R))+R),2,5,2,35.66667,11.247143731274516,1.718822062362493,102.0,11.037444541682715
Rac1 perturbation; RhoA response,EML_expr,(G(G(R))+R),2,5,2,36.0,10.426152883627456,1.7539688826656712,102.0,10.902190605316335
Rac1 perturbation; RhoA response,EML_expr,(G(G(R))+R),2,5,2,36.33333,11.260318706862732,1.6868161769351129,102.0,10.777872067876595
Rac1 perturbation; RhoA response,EML_expr,(G(G(R))+R),2,5,2,36.66667,9.972245372254905,1.7253956850272392,102.0,10.66361768040815
Rac1 perturbation; RhoA response,EML_expr,(G(G(R))+R),2,5,2,37.0,10.654978836470594,1.7021852829646875,102.0,10.558632636265068
Rac1 perturbation; RhoA response,EML_expr,(G(G(R))+R),2,5,2,37.33333,9.74520202176471,1.696097020042852,102.0,10.462173387780803
Rac1 perturbation; RhoA response,EML_expr,(G(G(R))+R),2,5,2,37.66667,9.260330918921571,1.701754690667574,102.0,10.373554685972245
Rac1 perturbation; RhoA response,EML_expr,(G(G(R))+R),2,5,2,38.0,9.296067204705885,1.7005456129781193,102.0,10.292152262694888
Rac1 perturbation; RhoA response,EML_expr,(G(G(R))+R),2,5,2,38.33333,10.309174082549015,1.704818568689371,102.0,10.217383018938602
Rac1 perturbation; RhoA response,EML_expr,(G(G(R))+R),2,5,2,38.66667,8.86877129264706,1.6918583576513293,102.0,10.148710252860191
Rac1 perturbation; RhoA response,EML_expr,(G(G(R))+R),2,5,2,39.0,8.963871901960788,1.6809574639558549,102.0,10.085645534225002
Rac1 perturbation; RhoA response,EML_expr,(G(G(R))+R),2,5,2,39.33333,9.20126891764706,1.6523584950996888,102.0,10.027733183469348
Rac1 perturbation; RhoA response,EML_expr,(G(G(R))+R),2,5,2,39.66667,7.3494802596078435,1.833555564668603,102.0,9.974554183001006
Rac1 perturbation; RhoA response,EML_expr,(G(G(R))+R),2,5,2,40.0,8.58402001862745,1.5668875650562373,102.0,9.925727505765762
Rac1 perturbation; RhoA response,EML_expr,G((G(R)+R)),2,5,2,0.0,-1.3762895822549015,0.50411235386505,102.0,-1.372037542090184
Rac1 perturbation; RhoA response,EML_expr,G((G(R)+R)),2,5,2,0.3333333,21.80185077156863,3.422024980475965,102.0,22.837997846199134
Rac1 perturbation; RhoA response,EML_expr,G((G(R)+R)),2,5,2,0.6666667,30.611781803333344,4.267726477815583,102.0,30.765993952910037
Rac1 perturbation; RhoA response,EML_expr,G((G(R)+R)),2,5,2,1.0,36.53921146166665,4.7264010770576395,102.0,35.96294896887331
Rac1 perturbation; RhoA response,EML_expr,G((G(R)+R)),2,5,2,1.333333,40.477224400588234,4.96975511730596,102.0,39.76902489472593
Rac1 perturbation; RhoA response,EML_expr,G((G(R)+R)),2,5,2,1.666667,43.672935604509775,5.187860435813586,102.0,42.710214052416
Rac1 perturbation; RhoA response,EML_expr,G((G(R)+R)),2,5,2,2.0,45.44188075156865,5.219705333024379,102.0,45.05808840854509
Rac1 perturbation; RhoA response,EML_expr,G((G(R)+R)),2,5,2,2.333333,47.868677996862765,5.318296797389352,102.0,46.97422911361321
Rac1 perturbation; RhoA response,EML_expr,G((G(R)+R)),2,5,2,2.666667,49.029414602647094,5.380577874091345,102.0,48.56356324133167
Rac1 perturbation; RhoA response,EML_expr,G((G(R)+R)),2,5,2,3.0,48.87878536852945,5.4279260084635395,102.0,49.89840252095997
Rac1 perturbation; RhoA response,EML_expr,G((G(R)+R)),2,5,2,3.333333,49.545590385490236,5.424570471400211,102.0,51.03079723750571
Rac1 perturbation; RhoA response,EML_expr,G((G(R)+R)),2,5,2,3.666667,50.60425583872549,5.496107309152899,102.0,51.999442492096314
Rac1 perturbation; RhoA response,EML_expr,G((G(R)+R)),2,5,2,4.0,51.097094013823536,5.375149351545362,102.0,52.833837435707196
Rac1 perturbation; RhoA response,EML_expr,G((G(R)+R)),2,5,2,4.333334,51.92032161539212,5.5017946234984585,102.0,53.55694792944734
Rac1 perturbation; RhoA response,EML_expr,G((G(R)+R)),2,5,2,4.666667,53.32254371009807,5.471471875035747,102.0,54.186937015384345
Rac1 perturbation; RhoA response,EML_expr,G((G(R)+R)),2,5,2,5.0,53.65529186735294,5.5488078085022225,102.0,54.73838186810174
Rac1 perturbation; RhoA response,EML_expr,G((G(R)+R)),2,5,2,5.333334,53.23606688637256,5.6422528946411745,102.0,55.22311417076522
Rac1 perturbation; RhoA response,EML_expr,G((G(R)+R)),2,5,2,5.666667,54.337714760000026,5.627293786005503,102.0,55.65083039916678
Rac1 perturbation; RhoA response,EML_expr,G((G(R)+R)),2,5,2,6.0,55.12635692107845,5.643440842444053,102.0,56.029553836820256
Rac1 perturbation; RhoA response,EML_expr,G((G(R)+R)),2,5,2,6.333334,55.17007110450979,5.701209437509858,102.0,56.365970554664905
Rac1 perturbation; RhoA response,EML_expr,G((G(R)+R)),2,5,2,6.666667,56.69644097803922,5.717524859993219,102.0,56.66568760650479
Rac1 perturbation; RhoA response,EML_expr,G((G(R)+R)),2,5,2,7.0,56.69522668107843,5.77149142849537,102.0,56.93344093534736
Rac1 perturbation; RhoA response,EML_expr,G((G(R)+R)),2,5,2,7.333334,58.28530611843136,5.761652468322007,102.0,57.17325039872604
Rac1 perturbation; RhoA response,EML_expr,G((G(R)+R)),2,5,2,7.666667,56.961419657647085,5.735573448742369,102.0,57.38854428773773
Rac1 perturbation; RhoA response,EML_expr,G((G(R)+R)),2,5,2,8.0,57.82338275784312,5.783570548698452,102.0,57.582266240699525
Rac1 perturbation; RhoA response,EML_expr,G((G(R)+R)),2,5,2,8.333333,57.75019856147062,5.826416212905212,102.0,57.756958538329705
Rac1 perturbation; RhoA response,EML_expr,G((G(R)+R)),2,5,2,8.666667,57.203753222352915,5.852569095038439,102.0,57.91483992495399
Rac1 perturbation; RhoA response,EML_expr,G((G(R)+R)),2,5,2,9.0,59.05442461176468,5.764011948896135,102.0,58.057877368777646
Rac1 perturbation; RhoA response,EML_expr,G((G(R)+R)),2,5,2,9.333333,59.10767345686274,5.811593078418382,102.0,58.18786588659172
Rac1 perturbation; RhoA response,EML_expr,G((G(R)+R)),2,5,2,9.666667,59.51643125921565,5.796861784424392,102.0,58.306512772645455
Rac1 perturbation; RhoA response,EML_expr,G((G(R)+R)),2,5,2,10.0,58.97425116039215,5.880594663651929,102.0,58.41553462375784
Rac1 perturbation; RhoA response,EML_expr,G((G(R)+R)),2,5,2,10.33333,59.97277649754901,5.925760585001861,102.0,58.516768133058825
Rac1 perturbation; RhoA response,EML_expr,G((G(R)+R)),2,5,2,10.66667,59.67217276107842,5.911423324421129,102.0,58.61228971835492
Rac1 perturbation; RhoA response,EML_expr,G((G(R)+R)),2,5,2,11.0,59.94570601833335,5.938615244252045,102.0,58.70451144265631
Rac1 perturbation; RhoA response,EML_expr,G((G(R)+R)),2,5,2,11.33333,60.26858066990196,5.969688831347074,102.0,58.7962845567984
Rac1 perturbation; RhoA response,EML_expr,G((G(R)+R)),2,5,2,11.66667,60.39380383892158,6.000789739288233,102.0,58.89092768169641
Rac1 perturbation; RhoA response,EML_expr,G((G(R)+R)),2,5,2,12.0,60.59690535833334,6.002558505598481,102.0,58.992178208967715
Rac1 perturbation; RhoA response,EML_expr,G((G(R)+R)),2,5,2,12.33333,61.123595551960754,6.037858062722709,102.0,59.10406355090788
Rac1 perturbation; RhoA response,EML_expr,G((G(R)+R)),2,5,2,12.66667,59.86330000117649,6.008450062217623,102.0,59.230620110165816
Rac1 perturbation; RhoA response,EML_expr,G((G(R)+R)),2,5,2,13.0,60.16060124039215,6.045579739948293,102.0,59.37546897963534
Rac1 perturbation; RhoA response,EML_expr,G((G(R)+R)),2,5,2,13.33333,60.81838072127449,6.051579153459915,102.0,59.54130263218606
Rac1 perturbation; RhoA response,EML_expr,G((G(R)+R)),2,5,2,13.66667,59.48289247960783,6.053387283634875,102.0,59.7292579217453
Rac1 perturbation; RhoA response,EML_expr,G((G(R)+R)),2,5,2,14.0,60.599503611764675,6.119341040924408,102.0,59.938267814037566
Rac1 perturbation; RhoA response,EML_expr,G((G(R)+R)),2,5,2,14.33333,60.19987780362744,6.0850591297034455,102.0,60.164551837957895
Rac1 perturbation; RhoA response,EML_expr,G((G(R)+R)),2,5,2,14.66667,59.93194524715691,6.106322483011755,102.0,60.401245269997
Rac1 perturbation; RhoA response,EML_expr,G((G(R)+R)),2,5,2,15.0,60.337562376274484,6.078237746506857,102.0,60.63829351236405
Rac1 perturbation; RhoA response,EML_expr,G((G(R)+R)),2,5,2,15.33333,59.58158538578434,6.207874054728857,102.0,60.862736181054416
Rac1 perturbation; RhoA response,EML_expr,G((G(R)+R)),2,5,2,15.66667,60.71967915656863,6.093759525579715,102.0,61.059245414265
Rac1 perturbation; RhoA response,EML_expr,G((G(R)+R)),2,5,2,16.0,59.92963646921569,6.152597945396288,102.0,61.21093567029479
Rac1 perturbation; RhoA response,EML_expr,G((G(R)+R)),2,5,2,16.33333,60.424480239313745,6.1628092434583905,102.0,61.30039253190305
Rac1 perturbation; RhoA response,EML_expr,G((G(R)+R)),2,5,2,16.66667,60.825864639607836,6.093484097308075,102.0,61.310689010749265
Rac1 perturbation; RhoA response,EML_expr,G((G(R)+R)),2,5,2,17.0,59.230446043823555,6.1847919298934935,102.0,61.226370984795615
Rac1 perturbation; RhoA response,EML_expr,G((G(R)+R)),2,5,2,17.33333,59.53360226147061,6.144033862175193,102.0,61.034281359678225
Rac1 perturbation; RhoA response,EML_expr,G((G(R)+R)),2,5,2,17.66667,60.603943836372565,6.146058064480174,102.0,60.72415079630019
Rac1 perturbation; RhoA response,EML_expr,G((G(R)+R)),2,5,2,18.0,60.08698748911767,6.153517102502953,102.0,60.28900625265238
Rac1 perturbation; RhoA response,EML_expr,G((G(R)+R)),2,5,2,18.33333,58.60493436343134,6.284901944529139,102.0,59.72524762286513
Rac1 perturbation; RhoA response,EML_expr,G((G(R)+R)),2,5,2,18.66667,58.18239181794117,6.2687536088556275,102.0,59.03258441487935
Rac1 perturbation; RhoA response,EML_expr,G((G(R)+R)),2,5,2,19.0,59.209288051666626,6.187989336239144,102.0,58.21387604680383
Rac1 perturbation; RhoA response,EML_expr,G((G(R)+R)),2,5,2,19.33333,58.852119528431395,6.2289736432097715,102.0,57.27464826836866
Rac1 perturbation; RhoA response,EML_expr,G((G(R)+R)),2,5,2,19.66667,58.169122079019594,6.2673284333163135,102.0,56.22270566269578
Rac1 perturbation; RhoA response,EML_expr,G((G(R)+R)),2,5,2,20.0,60.252442538823544,6.211282861614537,102.0,55.06777353011814
Rac1 perturbation; RhoA response,EML_expr,G((G(R)+R)),2,5,2,20.33333,54.93775363313726,5.937689612009537,102.0,53.82083623912388
Rac1 perturbation; RhoA response,EML_expr,G((G(R)+R)),2,5,2,20.66667,53.41221635401958,5.695227244367421,102.0,52.49376939349689
Rac1 perturbation; RhoA response,EML_expr,G((G(R)+R)),2,5,2,21.0,51.74590877382354,5.497075961536212,102.0,51.099060543417906
Rac1 perturbation; RhoA response,EML_expr,G((G(R)+R)),2,5,2,21.33333,49.811513076666664,5.335278746646896,102.0,49.64920839531025
Rac1 perturbation; RhoA response,EML_expr,G((G(R)+R)),2,5,2,21.66667,48.297746493235316,5.129799521430641,102.0,48.15652851360807
Rac1 perturbation; RhoA response,EML_expr,G((G(R)+R)),2,5,2,22.0,45.60092938411764,4.995006420064211,102.0,46.63304509523266
Rac1 perturbation; RhoA response,EML_expr,G((G(R)+R)),2,5,2,22.33333,44.4127340992157,4.8266340646873305,102.0,45.09002612217979
Rac1 perturbation; RhoA response,EML_expr,G((G(R)+R)),2,5,2,22.66667,42.491818248921575,4.625541088577205,102.0,43.53796979694177
Rac1 perturbation; RhoA response,EML_expr,G((G(R)+R)),2,5,2,23.0,41.659108101274484,4.515479641560975,102.0,41.986646791188384
Rac1 perturbation; RhoA response,EML_expr,G((G(R)+R)),2,5,2,23.33333,38.6730312614706,4.488783836612278,102.0,40.4447595673876
Rac1 perturbation; RhoA response,EML_expr,G((G(R)+R)),2,5,2,23.66667,38.53872666362746,4.129225207279518,102.0,38.92005554412143
Rac1 perturbation; RhoA response,EML_expr,G((G(R)+R)),2,5,2,24.0,37.54951162980392,4.102495634891386,102.0,37.419462514842415
Rac1 perturbation; RhoA response,EML_expr,G((G(R)+R)),2,5,2,24.33333,35.11277371294116,3.9638793036179685,102.0,35.94883498237858
Rac1 perturbation; RhoA response,EML_expr,G((G(R)+R)),2,5,2,24.66667,35.0134794919608,3.7620191021991634,102.0,34.513133108885064
Rac1 perturbation; RhoA response,EML_expr,G((G(R)+R)),2,5,2,25.0,32.11807277588238,3.9196736044049127,102.0,33.116597853145024
Rac1 perturbation; RhoA response,EML_expr,G((G(R)+R)),2,5,2,25.33333,31.736724898627468,3.5403495985543985,102.0,31.7625507297952
Rac1 perturbation; RhoA response,EML_expr,G((G(R)+R)),2,5,2,25.66667,30.718837153627458,3.397342988096774,102.0,30.453592344893476
Rac1 perturbation; RhoA response,EML_expr,G((G(R)+R)),2,5,2,26.0,27.908241541372547,3.431207266681927,102.0,29.191780743258537
Rac1 perturbation; RhoA response,EML_expr,G((G(R)+R)),2,5,2,26.33333,28.56984123049018,3.217931216224954,102.0,27.978462506038976
Rac1 perturbation; RhoA response,EML_expr,G((G(R)+R)),2,5,2,26.66667,26.37594937568628,3.1554019459006484,102.0,26.81446278913308
Rac1 perturbation; RhoA response,EML_expr,G((G(R)+R)),2,5,2,27.0,25.747825074019605,3.0542962188404728,102.0,25.70024694091186
Rac1 perturbation; RhoA response,EML_expr,G((G(R)+R)),2,5,2,27.33333,24.73268942078432,2.9243926581318958,102.0,24.635771140411673
Rac1 perturbation; RhoA response,EML_expr,G((G(R)+R)),2,5,2,27.66667,24.258557118431348,2.896928675563027,102.0,23.620650206698187
Rac1 perturbation; RhoA response,EML_expr,G((G(R)+R)),2,5,2,28.0,23.011840799215722,2.7702758563838996,102.0,22.654294404032136
Rac1 perturbation; RhoA response,EML_expr,G((G(R)+R)),2,5,2,28.33333,21.77760988117646,2.700625819371455,102.0,21.73577450696837
Rac1 perturbation; RhoA response,EML_expr,G((G(R)+R)),2,5,2,28.66667,21.54180312882353,2.6256973587996195,102.0,20.863962925916095
Rac1 perturbation; RhoA response,EML_expr,G((G(R)+R)),2,5,2,29.0,20.32287866245098,2.66995211310369,102.0,20.03764466216989
Rac1 perturbation; RhoA response,EML_expr,G((G(R)+R)),2,5,2,29.33333,20.363870878333348,2.4945211722808143,102.0,19.25539516236893
Rac1 perturbation; RhoA response,EML_expr,G((G(R)+R)),2,5,2,29.66667,19.97427564813725,2.4175255153915023,102.0,18.515695432841753
Rac1 perturbation; RhoA response,EML_expr,G((G(R)+R)),2,5,2,30.0,17.7973158992157,2.5306698777694208,102.0,17.817019607626907
Rac1 perturbation; RhoA response,EML_expr,G((G(R)+R)),2,5,2,30.33333,17.458103272352947,2.3291121650380746,102.0,17.157725325014834
Rac1 perturbation; RhoA response,EML_expr,G((G(R)+R)),2,5,2,30.66667,16.752543151568634,2.262527913054402,102.0,16.53614585667106
Rac1 perturbation; RhoA response,EML_expr,G((G(R)+R)),2,5,2,31.0,14.37553241666668,2.4586861511019147,102.0,15.95065805445515
Rac1 perturbation; RhoA response,EML_expr,G((G(R)+R)),2,5,2,31.33333,13.515102849705887,2.4533890918269075,102.0,15.39958522552499
Rac1 perturbation; RhoA response,EML_expr,G((G(R)+R)),2,5,2,31.66667,16.101014468627447,2.038048694449689,102.0,14.881270036329187
Rac1 perturbation; RhoA response,EML_expr,G((G(R)+R)),2,5,2,32.0,14.126859001274509,1.9854514656714357,102.0,14.394126721510844
Rac1 perturbation; RhoA response,EML_expr,G((G(R)+R)),2,5,2,32.33333,13.246295078725488,2.0531502378823445,102.0,13.936556203784637
Rac1 perturbation; RhoA response,EML_expr,G((G(R)+R)),2,5,2,32.66667,12.516971541568626,2.040471503019399,102.0,13.507003436066142
Rac1 perturbation; RhoA response,EML_expr,G((G(R)+R)),2,5,2,33.0,12.442076037156873,2.0134486287433977,102.0,13.103997332366372
Rac1 perturbation; RhoA response,EML_expr,G((G(R)+R)),2,5,2,33.33333,12.216547963823531,1.8727446195322992,102.0,12.726077536162734
Rac1 perturbation; RhoA response,EML_expr,G((G(R)+R)),2,5,2,33.66667,11.682215155196088,1.8560369327016877,102.0,12.371839410657284
Rac1 perturbation; RhoA response,EML_expr,G((G(R)+R)),2,5,2,34.0,10.906749343823531,1.8787041449193262,102.0,12.039964550177608
Rac1 perturbation; RhoA response,EML_expr,G((G(R)+R)),2,5,2,34.33333,11.297668761078432,1.8448578953953105,102.0,11.729158311775386
Rac1 perturbation; RhoA response,EML_expr,G((G(R)+R)),2,5,2,34.66667,12.379576779705877,1.8287141006657635,102.0,11.438185110715114
Rac1 perturbation; RhoA response,EML_expr,G((G(R)+R)),2,5,2,35.0,10.84845148784313,1.8385037400772086,102.0,11.165891772360578
Rac1 perturbation; RhoA response,EML_expr,G((G(R)+R)),2,5,2,35.33333,11.238808759313724,1.7713856536652122,102.0,10.911154759695798
Rac1 perturbation; RhoA response,EML_expr,G((G(R)+R)),2,5,2,35.66667,11.247143731274516,1.718822062362493,102.0,10.672907902205502
Rac1 perturbation; RhoA response,EML_expr,G((G(R)+R)),2,5,2,36.0,10.426152883627456,1.7539688826656712,102.0,10.450160327967499
Rac1 perturbation; RhoA response,EML_expr,G((G(R)+R)),2,5,2,36.33333,11.260318706862732,1.6868161769351129,102.0,10.241952243446413
Rac1 perturbation; RhoA response,EML_expr,G((G(R)+R)),2,5,2,36.66667,9.972245372254905,1.7253956850272392,102.0,10.04737676784034
Rac1 perturbation; RhoA response,EML_expr,G((G(R)+R)),2,5,2,37.0,10.654978836470594,1.7021852829646875,102.0,9.86559376360865
Rac1 perturbation; RhoA response,EML_expr,G((G(R)+R)),2,5,2,37.33333,9.74520202176471,1.696097020042852,102.0,9.695793031544273
Rac1 perturbation; RhoA response,EML_expr,G((G(R)+R)),2,5,2,37.66667,9.260330918921571,1.701754690667574,102.0,9.537211550518474
Rac1 perturbation; RhoA response,EML_expr,G((G(R)+R)),2,5,2,38.0,9.296067204705885,1.7005456129781193,102.0,9.389144196858506
Rac1 perturbation; RhoA response,EML_expr,G((G(R)+R)),2,5,2,38.33333,10.309174082549015,1.704818568689371,102.0,9.250913280597501
Rac1 perturbation; RhoA response,EML_expr,G((G(R)+R)),2,5,2,38.66667,8.86877129264706,1.6918583576513293,102.0,9.121882196307524
Rac1 perturbation; RhoA response,EML_expr,G((G(R)+R)),2,5,2,39.0,8.963871901960788,1.6809574639558549,102.0,9.001463772973953
Rac1 perturbation; RhoA response,EML_expr,G((G(R)+R)),2,5,2,39.33333,9.20126891764706,1.6523584950996888,102.0,8.889095173023694
Rac1 perturbation; RhoA response,EML_expr,G((G(R)+R)),2,5,2,39.66667,7.3494802596078435,1.833555564668603,102.0,8.784248731426832
Rac1 perturbation; RhoA response,EML_expr,G((G(R)+R)),2,5,2,40.0,8.58402001862745,1.5668875650562373,102.0,8.686438491662173
Rac1 perturbation; RhoA response,EML_expr,G(G((R+R))),2,5,2,0.0,-1.3762895822549015,0.50411235386505,102.0,-0.03717977288577405
Rac1 perturbation; RhoA response,EML_expr,G(G((R+R))),2,5,2,0.3333333,21.80185077156863,3.422024980475965,102.0,16.687933789760717
Rac1 perturbation; RhoA response,EML_expr,G(G((R+R))),2,5,2,0.6666667,30.611781803333344,4.267726477815583,102.0,23.710178001273068
Rac1 perturbation; RhoA response,EML_expr,G(G((R+R))),2,5,2,1.0,36.53921146166665,4.7264010770576395,102.0,28.8209240639068
Rac1 perturbation; RhoA response,EML_expr,G(G((R+R))),2,5,2,1.333333,40.477224400588234,4.96975511730596,102.0,32.90080674790069
Rac1 perturbation; RhoA response,EML_expr,G(G((R+R))),2,5,2,1.666667,43.672935604509775,5.187860435813586,102.0,36.30593290105876
Rac1 perturbation; RhoA response,EML_expr,G(G((R+R))),2,5,2,2.0,45.44188075156865,5.219705333024379,102.0,39.22472521484607
Rac1 perturbation; RhoA response,EML_expr,G(G((R+R))),2,5,2,2.333333,47.868677996862765,5.318296797389352,102.0,41.77199193444049
Rac1 perturbation; RhoA response,EML_expr,G(G((R+R))),2,5,2,2.666667,49.029414602647094,5.380577874091345,102.0,44.02411902592227
Rac1 perturbation; RhoA response,EML_expr,G(G((R+R))),2,5,2,3.0,48.87878536852945,5.4279260084635395,102.0,46.03509173595756
Rac1 perturbation; RhoA response,EML_expr,G(G((R+R))),2,5,2,3.333333,49.545590385490236,5.424570471400211,102.0,47.84482262541617
Rac1 perturbation; RhoA response,EML_expr,G(G((R+R))),2,5,2,3.666667,50.60425583872549,5.496107309152899,102.0,49.48381452850832
Rac1 perturbation; RhoA response,EML_expr,G(G((R+R))),2,5,2,4.0,51.097094013823536,5.375149351545362,102.0,50.975980540505
Rac1 perturbation; RhoA response,EML_expr,G(G((R+R))),2,5,2,4.333334,51.92032161539212,5.5017946234984585,102.0,52.34047711378076
Rac1 perturbation; RhoA response,EML_expr,G(G((R+R))),2,5,2,4.666667,53.32254371009807,5.471471875035747,102.0,53.59285603769798
Rac1 perturbation; RhoA response,EML_expr,G(G((R+R))),2,5,2,5.0,53.65529186735294,5.5488078085022225,102.0,54.74590100135443
Rac1 perturbation; RhoA response,EML_expr,G(G((R+R))),2,5,2,5.333334,53.23606688637256,5.6422528946411745,102.0,55.810174091207884
Rac1 perturbation; RhoA response,EML_expr,G(G((R+R))),2,5,2,5.666667,54.337714760000026,5.627293786005503,102.0,56.79440366497882
Rac1 perturbation; RhoA response,EML_expr,G(G((R+R))),2,5,2,6.0,55.12635692107845,5.643440842444053,102.0,57.705789179761545
Rac1 perturbation; RhoA response,EML_expr,G(G((R+R))),2,5,2,6.333334,55.17007110450979,5.701209437509858,102.0,58.55020222731567
Rac1 perturbation; RhoA response,EML_expr,G(G((R+R))),2,5,2,6.666667,56.69644097803922,5.717524859993219,102.0,59.33234272504315
Rac1 perturbation; RhoA response,EML_expr,G(G((R+R))),2,5,2,7.0,56.69522668107843,5.77149142849537,102.0,60.05588599627196
Rac1 perturbation; RhoA response,EML_expr,G(G((R+R))),2,5,2,7.333334,58.28530611843136,5.761652468322007,102.0,60.72358795428897
Rac1 perturbation; RhoA response,EML_expr,G(G((R+R))),2,5,2,7.666667,56.961419657647085,5.735573448742369,102.0,61.33738370516456
Rac1 perturbation; RhoA response,EML_expr,G(G((R+R))),2,5,2,8.0,57.82338275784312,5.783570548698452,102.0,61.89849907575085
Rac1 perturbation; RhoA response,EML_expr,G(G((R+R))),2,5,2,8.333333,57.75019856147062,5.826416212905212,102.0,62.40754072029834
Rac1 perturbation; RhoA response,EML_expr,G(G((R+R))),2,5,2,8.666667,57.203753222352915,5.852569095038439,102.0,62.86459777763728
Rac1 perturbation; RhoA response,EML_expr,G(G((R+R))),2,5,2,9.0,59.05442461176468,5.764011948896135,102.0,63.26933474281594
Rac1 perturbation; RhoA response,EML_expr,G(G((R+R))),2,5,2,9.333333,59.10767345686274,5.811593078418382,102.0,63.621096858274576
Rac1 perturbation; RhoA response,EML_expr,G(G((R+R))),2,5,2,9.666667,59.51643125921565,5.796861784424392,102.0,63.91899992979296
Rac1 perturbation; RhoA response,EML_expr,G(G((R+R))),2,5,2,10.0,58.97425116039215,5.880594663651929,102.0,64.1620187923477
Rac1 perturbation; RhoA response,EML_expr,G(G((R+R))),2,5,2,10.33333,59.97277649754901,5.925760585001861,102.0,64.34907577999536
Rac1 perturbation; RhoA response,EML_expr,G(G((R+R))),2,5,2,10.66667,59.67217276107842,5.911423324421129,102.0,64.479122469415
Rac1 perturbation; RhoA response,EML_expr,G(G((R+R))),2,5,2,11.0,59.94570601833335,5.938615244252045,102.0,64.55118892937723
Rac1 perturbation; RhoA response,EML_expr,G(G((R+R))),2,5,2,11.33333,60.26858066990196,5.969688831347074,102.0,64.56446861550796
Rac1 perturbation; RhoA response,EML_expr,G(G((R+R))),2,5,2,11.66667,60.39380383892158,6.000789739288233,102.0,64.51834774653375
Rac1 perturbation; RhoA response,EML_expr,G(G((R+R))),2,5,2,12.0,60.59690535833334,6.002558505598481,102.0,64.41245624136066
Rac1 perturbation; RhoA response,EML_expr,G(G((R+R))),2,5,2,12.33333,61.123595551960754,6.037858062722709,102.0,64.2466883084846
Rac1 perturbation; RhoA response,EML_expr,G(G((R+R))),2,5,2,12.66667,59.86330000117649,6.008450062217623,102.0,64.02121785917883
Rac1 perturbation; RhoA response,EML_expr,G(G((R+R))),2,5,2,13.0,60.16060124039215,6.045579739948293,102.0,63.73653733023833
Rac1 perturbation; RhoA response,EML_expr,G(G((R+R))),2,5,2,13.33333,60.81838072127449,6.051579153459915,102.0,63.393419486636944
Rac1 perturbation; RhoA response,EML_expr,G(G((R+R))),2,5,2,13.66667,59.48289247960783,6.053387283634875,102.0,62.99292513107134
Rac1 perturbation; RhoA response,EML_expr,G(G((R+R))),2,5,2,14.0,60.599503611764675,6.119341040924408,102.0,62.53643620839035
Rac1 perturbation; RhoA response,EML_expr,G(G((R+R))),2,5,2,14.33333,60.19987780362744,6.0850591297034455,102.0,62.02556774504848
Rac1 perturbation; RhoA response,EML_expr,G(G((R+R))),2,5,2,14.66667,59.93194524715691,6.106322483011755,102.0,61.46217655589187
Rac1 perturbation; RhoA response,EML_expr,G(G((R+R))),2,5,2,15.0,60.337562376274484,6.078237746506857,102.0,60.84839614041217
Rac1 perturbation; RhoA response,EML_expr,G(G((R+R))),2,5,2,15.33333,59.58158538578434,6.207874054728857,102.0,60.186509797468545
Rac1 perturbation; RhoA response,EML_expr,G(G((R+R))),2,5,2,15.66667,60.71967915656863,6.093759525579715,102.0,59.478968027484925
Rac1 perturbation; RhoA response,EML_expr,G(G((R+R))),2,5,2,16.0,59.92963646921569,6.152597945396288,102.0,58.72843117506563
Rac1 perturbation; RhoA response,EML_expr,G(G((R+R))),2,5,2,16.33333,60.424480239313745,6.1628092434583905,102.0,57.93761435393528
Rac1 perturbation; RhoA response,EML_expr,G(G((R+R))),2,5,2,16.66667,60.825864639607836,6.093484097308075,102.0,57.109318541410104
Rac1 perturbation; RhoA response,EML_expr,G(G((R+R))),2,5,2,17.0,59.230446043823555,6.1847919298934935,102.0,56.24648430653239
Rac1 perturbation; RhoA response,EML_expr,G(G((R+R))),2,5,2,17.33333,59.53360226147061,6.144033862175193,102.0,55.35201759167003
Rac1 perturbation; RhoA response,EML_expr,G(G((R+R))),2,5,2,17.66667,60.603943836372565,6.146058064480174,102.0,54.4288365176
Rac1 perturbation; RhoA response,EML_expr,G(G((R+R))),2,5,2,18.0,60.08698748911767,6.153517102502953,102.0,53.479936998740925
Rac1 perturbation; RhoA response,EML_expr,G(G((R+R))),2,5,2,18.33333,58.60493436343134,6.284901944529139,102.0,52.508206571343926
Rac1 perturbation; RhoA response,EML_expr,G(G((R+R))),2,5,2,18.66667,58.18239181794117,6.2687536088556275,102.0,51.51648647330095
Rac1 perturbation; RhoA response,EML_expr,G(G((R+R))),2,5,2,19.0,59.209288051666626,6.187989336239144,102.0,50.507648042231786
Rac1 perturbation; RhoA response,EML_expr,G(G((R+R))),2,5,2,19.33333,58.852119528431395,6.2289736432097715,102.0,49.484400118308244
Rac1 perturbation; RhoA response,EML_expr,G(G((R+R))),2,5,2,19.66667,58.169122079019594,6.2673284333163135,102.0,48.449364316002075
Rac1 perturbation; RhoA response,EML_expr,G(G((R+R))),2,5,2,20.0,60.252442538823544,6.211282861614537,102.0,47.405159954738714
Rac1 perturbation; RhoA response,EML_expr,G(G((R+R))),2,5,2,20.33333,54.93775363313726,5.937689612009537,102.0,46.35420924616405
Rac1 perturbation; RhoA response,EML_expr,G(G((R+R))),2,5,2,20.66667,53.41221635401958,5.695227244367421,102.0,45.298822804663004
Rac1 perturbation; RhoA response,EML_expr,G(G((R+R))),2,5,2,21.0,51.74590877382354,5.497075961536212,102.0,44.24129037272155
Rac1 perturbation; RhoA response,EML_expr,G(G((R+R))),2,5,2,21.33333,49.811513076666664,5.335278746646896,102.0,43.183687013519645
Rac1 perturbation; RhoA response,EML_expr,G(G((R+R))),2,5,2,21.66667,48.297746493235316,5.129799521430641,102.0,42.127965643025696
Rac1 perturbation; RhoA response,EML_expr,G(G((R+R))),2,5,2,22.0,45.60092938411764,4.995006420064211,102.0,41.07605079881823
Rac1 perturbation; RhoA response,EML_expr,G(G((R+R))),2,5,2,22.33333,44.4127340992157,4.8266340646873305,102.0,40.029648325237645
Rac1 perturbation; RhoA response,EML_expr,G(G((R+R))),2,5,2,22.66667,42.491818248921575,4.625541088577205,102.0,38.99034185275713
Rac1 perturbation; RhoA response,EML_expr,G(G((R+R))),2,5,2,23.0,41.659108101274484,4.515479641560975,102.0,37.95968713614192
Rac1 perturbation; RhoA response,EML_expr,G(G((R+R))),2,5,2,23.33333,38.6730312614706,4.488783836612278,102.0,36.93902716244978
Rac1 perturbation; RhoA response,EML_expr,G(G((R+R))),2,5,2,23.66667,38.53872666362746,4.129225207279518,102.0,35.92958987912324
Rac1 perturbation; RhoA response,EML_expr,G(G((R+R))),2,5,2,24.0,37.54951162980392,4.102495634891386,102.0,34.93258104807572
Rac1 perturbation; RhoA response,EML_expr,G(G((R+R))),2,5,2,24.33333,35.11277371294116,3.9638793036179685,102.0,33.949006265360936
Rac1 perturbation; RhoA response,EML_expr,G(G((R+R))),2,5,2,24.66667,35.0134794919608,3.7620191021991634,102.0,32.979767717985105
Rac1 perturbation; RhoA response,EML_expr,G(G((R+R))),2,5,2,25.0,32.11807277588238,3.9196736044049127,102.0,32.0257539626131
Rac1 perturbation; RhoA response,EML_expr,G(G((R+R))),2,5,2,25.33333,31.736724898627468,3.5403495985543985,102.0,31.087669979630395
Rac1 perturbation; RhoA response,EML_expr,G(G((R+R))),2,5,2,25.66667,30.718837153627458,3.397342988096774,102.0,30.16613123355613
Rac1 perturbation; RhoA response,EML_expr,G(G((R+R))),2,5,2,26.0,27.908241541372547,3.431207266681927,102.0,29.261749225945948
Rac1 perturbation; RhoA response,EML_expr,G(G((R+R))),2,5,2,26.33333,28.56984123049018,3.217931216224954,102.0,28.37497039286597
Rac1 perturbation; RhoA response,EML_expr,G(G((R+R))),2,5,2,26.66667,26.37594937568628,3.1554019459006484,102.0,27.506166204014452
Rac1 perturbation; RhoA response,EML_expr,G(G((R+R))),2,5,2,27.0,25.747825074019605,3.0542962188404728,102.0,26.655713726078698
Rac1 perturbation; RhoA response,EML_expr,G(G((R+R))),2,5,2,27.33333,24.73268942078432,2.9243926581318958,102.0,25.82384389996836
Rac1 perturbation; RhoA response,EML_expr,G(G((R+R))),2,5,2,27.66667,24.258557118431348,2.896928675563027,102.0,25.01072681375241
Rac1 perturbation; RhoA response,EML_expr,G(G((R+R))),2,5,2,28.0,23.011840799215722,2.7702758563838996,102.0,24.216546832398993
Rac1 perturbation; RhoA response,EML_expr,G(G((R+R))),2,5,2,28.33333,21.77760988117646,2.700625819371455,102.0,23.441360554512816
Rac1 perturbation; RhoA response,EML_expr,G(G((R+R))),2,5,2,28.66667,21.54180312882353,2.6256973587996195,102.0,22.685176725183364
Rac1 perturbation; RhoA response,EML_expr,G(G((R+R))),2,5,2,29.0,20.32287866245098,2.66995211310369,102.0,21.948025740130763
Rac1 perturbation; RhoA response,EML_expr,G(G((R+R))),2,5,2,29.33333,20.363870878333348,2.4945211722808143,102.0,21.22982737914805
Rac1 perturbation; RhoA response,EML_expr,G(G((R+R))),2,5,2,29.66667,19.97427564813725,2.4175255153915023,102.0,20.530465088225274
Rac1 perturbation; RhoA response,EML_expr,G(G((R+R))),2,5,2,30.0,17.7973158992157,2.5306698777694208,102.0,19.849849856627106
Rac1 perturbation; RhoA response,EML_expr,G(G((R+R))),2,5,2,30.33333,17.458103272352947,2.3291121650380746,102.0,19.18779765466902
Rac1 perturbation; RhoA response,EML_expr,G(G((R+R))),2,5,2,30.66667,16.752543151568634,2.262527913054402,102.0,18.54409801648479
Rac1 perturbation; RhoA response,EML_expr,G(G((R+R))),2,5,2,31.0,14.37553241666668,2.4586861511019147,102.0,17.918572426557528
Rac1 perturbation; RhoA response,EML_expr,G(G((R+R))),2,5,2,31.33333,13.515102849705887,2.4533890918269075,102.0,17.31096125135384
Rac1 perturbation; RhoA response,EML_expr,G(G((R+R))),2,5,2,31.66667,16.101014468627447,2.038048694449689,102.0,16.720986703770695
Rac1 perturbation; RhoA response,EML_expr,G(G((R+R))),2,5,2,32.0,14.126859001274509,1.9854514656714357,102.0,16.14840597067784
Rac1 perturbation; RhoA response,EML_expr,G(G((R+R))),2,5,2,32.33333,13.246295078725488,2.0531502378823445,102.0,15.59290731936898
Rac1 perturbation; RhoA response,EML_expr,G(G((R+R))),2,5,2,32.66667,12.516971541568626,2.040471503019399,102.0,15.054167631226063
Rac1 perturbation; RhoA response,EML_expr,G(G((R+R))),2,5,2,33.0,12.442076037156873,2.0134486287433977,102.0,14.531900563056627
Rac1 perturbation; RhoA response,EML_expr,G(G((R+R))),2,5,2,33.33333,12.216547963823531,1.8727446195322992,102.0,14.025761427627996
Rac1 perturbation; RhoA response,EML_expr,G(G((R+R))),2,5,2,33.66667,11.682215155196088,1.8560369327016877,102.0,13.535399556102272
Rac1 perturbation; RhoA response,EML_expr,G(G((R+R))),2,5,2,34.0,10.906749343823531,1.8787041449193262,102.0,13.06050182135286
Rac1 perturbation; RhoA response,EML_expr,G(G((R+R))),2,5,2,34.33333,11.297668761078432,1.8448578953953105,102.0,12.600705833886295
Rac1 perturbation; RhoA response,EML_expr,G(G((R+R))),2,5,2,34.66667,12.379576779705877,1.8287141006657635,102.0,12.155647437821397
Rac1 perturbation; RhoA response,EML_expr,G(G((R+R))),2,5,2,35.0,10.84845148784313,1.8385037400772086,102.0,11.724999940489491
Rac1 perturbation; RhoA response,EML_expr,G(G((R+R))),2,5,2,35.33333,11.238808759313724,1.7713856536652122,102.0,11.308395127612496
Rac1 perturbation; RhoA response,EML_expr,G(G((R+R))),2,5,2,35.66667,11.247143731274516,1.718822062362493,102.0,10.905466222343927
Rac1 perturbation; RhoA response,EML_expr,G(G((R+R))),2,5,2,36.0,10.426152883627456,1.7539688826656712,102.0,10.515883167744356
Rac1 perturbation; RhoA response,EML_expr,G(G((R+R))),2,5,2,36.33333,11.260318706862732,1.6868161769351129,102.0,10.139280944748968
Rac1 perturbation; RhoA response,EML_expr,G(G((R+R))),2,5,2,36.66667,9.972245372254905,1.7253956850272392,102.0,9.775298333391387
Rac1 perturbation; RhoA response,EML_expr,G(G((R+R))),2,5,2,37.0,10.654978836470594,1.7021852829646875,102.0,9.423609587314507
Rac1 perturbation; RhoA response,EML_expr,G(G((R+R))),2,5,2,37.33333,9.74520202176471,1.696097020042852,102.0,9.083859531713742
Rac1 perturbation; RhoA response,EML_expr,G(G((R+R))),2,5,2,37.66667,9.260330918921571,1.701754690667574,102.0,8.75569846447371
Rac1 perturbation; RhoA response,EML_expr,G(G((R+R))),2,5,2,38.0,9.296067204705885,1.7005456129781193,102.0,8.438810547937546
Rac1 perturbation; RhoA response,EML_expr,G(G((R+R))),2,5,2,38.33333,10.309174082549015,1.704818568689371,102.0,8.132855168753325
Rac1 perturbation; RhoA response,EML_expr,G(G((R+R))),2,5,2,38.66667,8.86877129264706,1.6918583576513293,102.0,7.837498307545333
Rac1 perturbation; RhoA response,EML_expr,G(G((R+R))),2,5,2,39.0,8.963871901960788,1.6809574639558549,102.0,7.552437955138352
Rac1 perturbation; RhoA response,EML_expr,G(G((R+R))),2,5,2,39.33333,9.20126891764706,1.6523584950996888,102.0,7.277351229472277
Rac1 perturbation; RhoA response,EML_expr,G(G((R+R))),2,5,2,39.66667,7.3494802596078435,1.833555564668603,102.0,7.011922528107135
Rac1 perturbation; RhoA response,EML_expr,G(G((R+R))),2,5,2,40.0,8.58402001862745,1.5668875650562373,102.0,6.755866255792014
Rac1 perturbation; RhoA response,EML_expr,G(G(G(R))),3,4,3,0.0,-1.3762895822549015,0.50411235386505,102.0,-1.3010028611065152
Rac1 perturbation; RhoA response,EML_expr,G(G(G(R))),3,4,3,0.3333333,21.80185077156863,3.422024980475965,102.0,18.072158129787525
Rac1 perturbation; RhoA response,EML_expr,G(G(G(R))),3,4,3,0.6666667,30.611781803333344,4.267726477815583,102.0,26.91428116795526
Rac1 perturbation; RhoA response,EML_expr,G(G(G(R))),3,4,3,1.0,36.53921146166665,4.7264010770576395,102.0,33.66403355433035
Rac1 perturbation; RhoA response,EML_expr,G(G(G(R))),3,4,3,1.333333,40.477224400588234,4.96975511730596,102.0,39.06130841449246
Rac1 perturbation; RhoA response,EML_expr,G(G(G(R))),3,4,3,1.666667,43.672935604509775,5.187860435813586,102.0,43.391205222120185
Rac1 perturbation; RhoA response,EML_expr,G(G(G(R))),3,4,3,2.0,45.44188075156865,5.219705333024379,102.0,46.511518197976855
Rac1 perturbation; RhoA response,EML_expr,G(G(G(R))),3,4,3,2.333333,47.868677996862765,5.318296797389352,102.0,48.83635355290146
Rac1 perturbation; RhoA response,EML_expr,G(G(G(R))),3,4,3,2.666667,49.029414602647094,5.380577874091345,102.0,50.63576808378241
Rac1 perturbation; RhoA response,EML_expr,G(G(G(R))),3,4,3,3.0,48.87878536852945,5.4279260084635395,102.0,52.06493648706278
Rac1 perturbation; RhoA response,EML_expr,G(G(G(R))),3,4,3,3.333333,49.545590385490236,5.424570471400211,102.0,53.22167206737767
Rac1 perturbation; RhoA response,EML_expr,G(G(G(R))),3,4,3,3.666667,50.60425583872549,5.496107309152899,102.0,54.171622145182866
Rac1 perturbation; RhoA response,EML_expr,G(G(G(R))),3,4,3,4.0,51.097094013823536,5.375149351545362,102.0,54.96088953428729
Rac1 perturbation; RhoA response,EML_expr,G(G(G(R))),3,4,3,4.333334,51.92032161539212,5.5017946234984585,102.0,55.62299698659341
Rac1 perturbation; RhoA response,EML_expr,G(G(G(R))),3,4,3,4.666667,53.32254371009807,5.471471875035747,102.0,56.18296760334027
Rac1 perturbation; RhoA response,EML_expr,G(G(G(R))),3,4,3,5.0,53.65529186735294,5.5488078085022225,102.0,56.659896069533694
Rac1 perturbation; RhoA response,EML_expr,G(G(G(R))),3,4,3,5.333334,53.23606688637256,5.6422528946411745,102.0,57.06860683414737
Rac1 perturbation; RhoA response,EML_expr,G(G(G(R))),3,4,3,5.666667,54.337714760000026,5.627293786005503,102.0,57.420775897131406
Rac1 perturbation; RhoA response,EML_expr,G(G(G(R))),3,4,3,6.0,55.12635692107845,5.643440842444053,102.0,57.72572008775022
Rac1 perturbation; RhoA response,EML_expr,G(G(G(R))),3,4,3,6.333334,55.17007110450979,5.701209437509858,102.0,57.99095036668917
Rac1 perturbation; RhoA response,EML_expr,G(G(G(R))),3,4,3,6.666667,56.69644097803922,5.717524859993219,102.0,58.22257626610499
Rac1 perturbation; RhoA response,EML_expr,G(G(G(R))),3,4,3,7.0,56.69522668107843,5.77149142849537,102.0,58.42561195052161
Rac1 perturbation; RhoA response,EML_expr,G(G(G(R))),3,4,3,7.333334,58.28530611843136,5.761652468322007,102.0,58.604200490643414
Rac1 perturbation; RhoA response,EML_expr,G(G(G(R))),3,4,3,7.666667,56.961419657647085,5.735573448742369,102.0,58.76178599542311
Rac1 perturbation; RhoA response,EML_expr,G(G(G(R))),3,4,3,8.0,57.82338275784312,5.783570548698452,102.0,58.90125046451517
Rac1 perturbation; RhoA response,EML_expr,G(G(G(R))),3,4,3,8.333333,57.75019856147062,5.826416212905212,102.0,59.025015047393865
Rac1 perturbation; RhoA response,EML_expr,G(G(G(R))),3,4,3,8.666667,57.203753222352915,5.852569095038439,102.0,59.13512045896618
Rac1 perturbation; RhoA response,EML_expr,G(G(G(R))),3,4,3,9.0,59.05442461176468,5.764011948896135,102.0,59.23328517703785
Rac1 perturbation; RhoA response,EML_expr,G(G(G(R))),3,4,3,9.333333,59.10767345686274,5.811593078418382,102.0,59.32094907248116
Rac1 perturbation; RhoA response,EML_expr,G(G(G(R))),3,4,3,9.666667,59.51643125921565,5.796861784424392,102.0,59.39929753239313
Rac1 perturbation; RhoA response,EML_expr,G(G(G(R))),3,4,3,10.0,58.97425116039215,5.880594663651929,102.0,59.469271277832654
Rac1 perturbation; RhoA response,EML_expr,G(G(G(R))),3,4,3,10.33333,59.97277649754901,5.925760585001861,102.0,59.531565197150634
Rac1 perturbation; RhoA response,EML_expr,G(G(G(R))),3,4,3,10.66667,59.67217276107842,5.911423324421129,102.0,59.58662001015887
Rac1 perturbation; RhoA response,EML_expr,G(G(G(R))),3,4,3,11.0,59.94570601833335,5.938615244252045,102.0,59.63460015335791
Rac1 perturbation; RhoA response,EML_expr,G(G(G(R))),3,4,3,11.33333,60.26858066990196,5.969688831347074,102.0,59.67539220871736
Rac1 perturbation; RhoA response,EML_expr,G(G(G(R))),3,4,3,11.66667,60.39380383892158,6.000789739288233,102.0,59.708593445554584
Rac1 perturbation; RhoA response,EML_expr,G(G(G(R))),3,4,3,12.0,60.59690535833334,6.002558505598481,102.0,59.7335134117631
Rac1 perturbation; RhoA response,EML_expr,G(G(G(R))),3,4,3,12.33333,61.123595551960754,6.037858062722709,102.0,59.74919231525765
Rac1 perturbation; RhoA response,EML_expr,G(G(G(R))),3,4,3,12.66667,59.86330000117649,6.008450062217623,102.0,59.75441491646957
Rac1 perturbation; RhoA response,EML_expr,G(G(G(R))),3,4,3,13.0,60.16060124039215,6.045579739948293,102.0,59.74773061204055
Rac1 perturbation; RhoA response,EML_expr,G(G(G(R))),3,4,3,13.33333,60.81838072127449,6.051579153459915,102.0,59.727470322034485
Rac1 perturbation; RhoA response,EML_expr,G(G(G(R))),3,4,3,13.66667,59.48289247960783,6.053387283634875,102.0,59.69175369043625
Rac1 perturbation; RhoA response,EML_expr,G(G(G(R))),3,4,3,14.0,60.599503611764675,6.119341040924408,102.0,59.63849694658324
Rac1 perturbation; RhoA response,EML_expr,G(G(G(R))),3,4,3,14.33333,60.19987780362744,6.0850591297034455,102.0,59.565405090678546
Rac1 perturbation; RhoA response,EML_expr,G(G(G(R))),3,4,3,14.66667,59.93194524715691,6.106322483011755,102.0,59.469971118762025
Rac1 perturbation; RhoA response,EML_expr,G(G(G(R))),3,4,3,15.0,60.337562376274484,6.078237746506857,102.0,59.34949142969529
Rac1 perturbation; RhoA response,EML_expr,G(G(G(R))),3,4,3,15.33333,59.58158538578434,6.207874054728857,102.0,59.201063042420465
Rac1 perturbation; RhoA response,EML_expr,G(G(G(R))),3,4,3,15.66667,60.71967915656863,6.093759525579715,102.0,59.02161587855115
Rac1 perturbation; RhoA response,EML_expr,G(G(G(R))),3,4,3,16.0,59.92963646921569,6.152597945396288,102.0,58.80797417634185
Rac1 perturbation; RhoA response,EML_expr,G(G(G(R))),3,4,3,16.33333,60.424480239313745,6.1628092434583905,102.0,58.55687833290859
Rac1 perturbation; RhoA response,EML_expr,G(G(G(R))),3,4,3,16.66667,60.825864639607836,6.093484097308075,102.0,58.2650590877487
Rac1 perturbation; RhoA response,EML_expr,G(G(G(R))),3,4,3,17.0,59.230446043823555,6.1847919298934935,102.0,57.92933632442154
Rac1 perturbation; RhoA response,EML_expr,G(G(G(R))),3,4,3,17.33333,59.53360226147061,6.144033862175193,102.0,57.5466333304212
Rac1 perturbation; RhoA response,EML_expr,G(G(G(R))),3,4,3,17.66667,60.603943836372565,6.146058064480174,102.0,57.11405745050323
Rac1 perturbation; RhoA response,EML_expr,G(G(G(R))),3,4,3,18.0,60.08698748911767,6.153517102502953,102.0,56.62899575037888
Rac1 perturbation; RhoA response,EML_expr,G(G(G(R))),3,4,3,18.33333,58.60493436343134,6.284901944529139,102.0,56.089073921205674
Rac1 perturbation; RhoA response,EML_expr,G(G(G(R))),3,4,3,18.66667,58.18239181794117,6.2687536088556275,102.0,55.492208402447325
Rac1 perturbation; RhoA response,EML_expr,G(G(G(R))),3,4,3,19.0,59.209288051666626,6.187989336239144,102.0,54.836670761768346
Rac1 perturbation; RhoA response,EML_expr,G(G(G(R))),3,4,3,19.33333,58.852119528431395,6.2289736432097715,102.0,54.12096590951091
Rac1 perturbation; RhoA response,EML_expr,G(G(G(R))),3,4,3,19.66667,58.169122079019594,6.2673284333163135,102.0,53.34384580356211
Rac1 perturbation; RhoA response,EML_expr,G(G(G(R))),3,4,3,20.0,60.252442538823544,6.211282861614537,102.0,52.50433866794025
Rac1 perturbation; RhoA response,EML_expr,G(G(G(R))),3,4,3,20.33333,54.93775363313726,5.937689612009537,102.0,51.60154388154816
Rac1 perturbation; RhoA response,EML_expr,G(G(G(R))),3,4,3,20.66667,53.41221635401958,5.695227244367421,102.0,50.63461173123091
Rac1 perturbation; RhoA response,EML_expr,G(G(G(R))),3,4,3,21.0,51.74590877382354,5.497075961536212,102.0,49.602740231129395
Rac1 perturbation; RhoA response,EML_expr,G(G(G(R))),3,4,3,21.33333,49.811513076666664,5.335278746646896,102.0,48.504883236237724
Rac1 perturbation; RhoA response,EML_expr,G(G(G(R))),3,4,3,21.66667,48.297746493235316,5.129799521430641,102.0,47.339687535000365
Rac1 perturbation; RhoA response,EML_expr,G(G(G(R))),3,4,3,22.0,45.60092938411764,4.995006420064211,102.0,46.105435622279636
Rac1 perturbation; RhoA response,EML_expr,G(G(G(R))),3,4,3,22.33333,44.4127340992157,4.8266340646873305,102.0,44.79962381301685
Rac1 perturbation; RhoA response,EML_expr,G(G(G(R))),3,4,3,22.66667,42.491818248921575,4.625541088577205,102.0,43.41878594747109
Rac1 perturbation; RhoA response,EML_expr,G(G(G(R))),3,4,3,23.0,41.659108101274484,4.515479641560975,102.0,41.95826773726367
Rac1 perturbation; RhoA response,EML_expr,G(G(G(R))),3,4,3,23.33333,38.6730312614706,4.488783836612278,102.0,40.42901644454547
Rac1 perturbation; RhoA response,EML_expr,G(G(G(R))),3,4,3,23.66667,38.53872666362746,4.129225207279518,102.0,38.91908238259806
Rac1 perturbation; RhoA response,EML_expr,G(G(G(R))),3,4,3,24.0,37.54951162980392,4.102495634891386,102.0,37.43998323556576
Rac1 perturbation; RhoA response,EML_expr,G(G(G(R))),3,4,3,24.33333,35.11277371294116,3.9638793036179685,102.0,35.99412091128961
Rac1 perturbation; RhoA response,EML_expr,G(G(G(R))),3,4,3,24.66667,35.0134794919608,3.7620191021991634,102.0,34.584582171543666
Rac1 perturbation; RhoA response,EML_expr,G(G(G(R))),3,4,3,25.0,32.11807277588238,3.9196736044049127,102.0,33.21438248312128
Rac1 perturbation; RhoA response,EML_expr,G(G(G(R))),3,4,3,25.33333,31.736724898627468,3.5403495985543985,102.0,31.885981006909724
Rac1 perturbation; RhoA response,EML_expr,G(G(G(R))),3,4,3,25.66667,30.718837153627458,3.397342988096774,102.0,30.601349761225897
Rac1 perturbation; RhoA response,EML_expr,G(G(G(R))),3,4,3,26.0,27.908241541372547,3.431207266681927,102.0,29.362082786333012
Rac1 perturbation; RhoA response,EML_expr,G(G(G(R))),3,4,3,26.33333,28.56984123049018,3.217931216224954,102.0,28.169191304438137
Rac1 perturbation; RhoA response,EML_expr,G(G(G(R))),3,4,3,26.66667,26.37594937568628,3.1554019459006484,102.0,27.023264525907926
Rac1 perturbation; RhoA response,EML_expr,G(G(G(R))),3,4,3,27.0,25.747825074019605,3.0542962188404728,102.0,25.924610755790773
Rac1 perturbation; RhoA response,EML_expr,G(G(G(R))),3,4,3,27.33333,24.73268942078432,2.9243926581318958,102.0,24.87309672944543
Rac1 perturbation; RhoA response,EML_expr,G(G(G(R))),3,4,3,27.66667,24.258557118431348,2.896928675563027,102.0,23.868301883749595
Rac1 perturbation; RhoA response,EML_expr,G(G(G(R))),3,4,3,28.0,23.011840799215722,2.7702758563838996,102.0,22.909645109084984
Rac1 perturbation; RhoA response,EML_expr,G(G(G(R))),3,4,3,28.33333,21.77760988117646,2.700625819371455,102.0,21.996243745906526
Rac1 perturbation; RhoA response,EML_expr,G(G(G(R))),3,4,3,28.66667,21.54180312882353,2.6256973587996195,102.0,21.127046711180995
Rac1 perturbation; RhoA response,EML_expr,G(G(G(R))),3,4,3,29.0,20.32287866245098,2.66995211310369,102.0,20.300939820377273
Rac1 perturbation; RhoA response,EML_expr,G(G(G(R))),3,4,3,29.33333,20.363870878333348,2.4945211722808143,102.0,19.516619180566956
Rac1 perturbation; RhoA response,EML_expr,G(G(G(R))),3,4,3,29.66667,19.97427564813725,2.4175255153915023,102.0,18.772701530683747
Rac1 perturbation; RhoA response,EML_expr,G(G(G(R))),3,4,3,30.0,17.7973158992157,2.5306698777694208,102.0,18.067808864445595
Rac1 perturbation; RhoA response,EML_expr,G(G(G(R))),3,4,3,30.33333,17.458103272352947,2.3291121650380746,102.0,17.400454924868477
Rac1 perturbation; RhoA response,EML_expr,G(G(G(R))),3,4,3,30.66667,16.752543151568634,2.262527913054402,102.0,16.76913479154492
Rac1 perturbation; RhoA response,EML_expr,G(G(G(R))),3,4,3,31.0,14.37553241666668,2.4586861511019147,102.0,16.17239165773986
Rac1 perturbation; RhoA response,EML_expr,G(G(G(R))),3,4,3,31.33333,13.515102849705887,2.4533890918269075,102.0,15.608715969219086
Rac1 perturbation; RhoA response,EML_expr,G(G(G(R))),3,4,3,31.66667,16.101014468627447,2.038048694449689,102.0,15.076617314347695
Rac1 perturbation; RhoA response,EML_expr,G(G(G(R))),3,4,3,32.0,14.126859001274509,1.9854514656714357,102.0,14.57467656807039
Rac1 perturbation; RhoA response,EML_expr,G(G(G(R))),3,4,3,32.33333,13.246295078725488,2.0531502378823445,102.0,14.101457218310268
Rac1 perturbation; RhoA response,EML_expr,G(G(G(R))),3,4,3,32.66667,12.516971541568626,2.040471503019399,102.0,13.655562678716077
Rac1 perturbation; RhoA response,EML_expr,G(G(G(R))),3,4,3,33.0,12.442076037156873,2.0134486287433977,102.0,13.235676775891301
Rac1 perturbation; RhoA response,EML_expr,G(G(G(R))),3,4,3,33.33333,12.216547963823531,1.8727446195322992,102.0,12.840486646934233
Rac1 perturbation; RhoA response,EML_expr,G(G(G(R))),3,4,3,33.66667,11.682215155196088,1.8560369327016877,102.0,12.46872831984553
Rac1 perturbation; RhoA response,EML_expr,G(G(G(R))),3,4,3,34.0,10.906749343823531,1.8787041449193262,102.0,12.11921811555959
Rac1 perturbation; RhoA response,EML_expr,G(G(G(R))),3,4,3,34.33333,11.297668761078432,1.8448578953953105,102.0,11.790786367093691
Rac1 perturbation; RhoA response,EML_expr,G(G(G(R))),3,4,3,34.66667,12.379576779705877,1.8287141006657635,102.0,11.482313727926455
Rac1 perturbation; RhoA response,EML_expr,G(G(G(R))),3,4,3,35.0,10.84845148784313,1.8385037400772086,102.0,11.192755624648584
Rac1 perturbation; RhoA response,EML_expr,G(G(G(R))),3,4,3,35.33333,11.238808759313724,1.7713856536652122,102.0,10.921085953633916
Rac1 perturbation; RhoA response,EML_expr,G(G(G(R))),3,4,3,35.66667,11.247143731274516,1.718822062362493,102.0,10.666326155482881
Rac1 perturbation; RhoA response,EML_expr,G(G(G(R))),3,4,3,36.0,10.426152883627456,1.7539688826656712,102.0,10.427564421871283
Rac1 perturbation; RhoA response,EML_expr,G(G(G(R))),3,4,3,36.33333,11.260318706862732,1.6868161769351129,102.0,10.203908442632464
Rac1 perturbation; RhoA response,EML_expr,G(G(G(R))),3,4,3,36.66667,9.972245372254905,1.7253956850272392,102.0,9.99450885632939
Rac1 perturbation; RhoA response,EML_expr,G(G(G(R))),3,4,3,37.0,10.654978836470594,1.7021852829646875,102.0,9.798574502153917
Rac1 perturbation; RhoA response,EML_expr,G(G(G(R))),3,4,3,37.33333,9.74520202176471,1.696097020042852,102.0,9.615333212973024
Rac1 perturbation; RhoA response,EML_expr,G(G(G(R))),3,4,3,37.66667,9.260330918921571,1.701754690667574,102.0,9.444050851343237
Rac1 perturbation; RhoA response,EML_expr,G(G(G(R))),3,4,3,38.0,9.296067204705885,1.7005456129781193,102.0,9.284043531752461
Rac1 perturbation; RhoA response,EML_expr,G(G(G(R))),3,4,3,38.33333,10.309174082549015,1.704818568689371,102.0,9.134645402682812
Rac1 perturbation; RhoA response,EML_expr,G(G(G(R))),3,4,3,38.66667,8.86877129264706,1.6918583576513293,102.0,8.995224141923309
Rac1 perturbation; RhoA response,EML_expr,G(G(G(R))),3,4,3,39.0,8.963871901960788,1.6809574639558549,102.0,8.865190785315372
Rac1 perturbation; RhoA response,EML_expr,G(G(G(R))),3,4,3,39.33333,9.20126891764706,1.6523584950996888,102.0,8.74397343952428
Rac1 perturbation; RhoA response,EML_expr,G(G(G(R))),3,4,3,39.66667,7.3494802596078435,1.833555564668603,102.0,8.631029864690735
Rac1 perturbation; RhoA response,EML_expr,G(G(G(R))),3,4,3,40.0,8.58402001862745,1.5668875650562373,102.0,8.525855348698006
Rac1 perturbation; Cdc42 response,linear_R,R,0,1,0,0.0,3.827074169107142,1.1420722545863766,56.0,3.8270746559102813
Rac1 perturbation; Cdc42 response,linear_R,R,0,1,0,0.3333333,17.239386878750004,3.6230717825189522,56.0,24.55333654234355
Rac1 perturbation; Cdc42 response,linear_R,R,0,1,0,0.6666667,27.944322892321427,5.920585685086165,56.0,24.553336965217078
Rac1 perturbation; Cdc42 response,linear_R,R,0,1,0,1.0,33.91203219839284,7.19853947353434,56.0,24.55333696521709
Rac1 perturbation; Cdc42 response,linear_R,R,0,1,0,1.333333,40.62532188303572,8.336321677359155,56.0,24.55333696521709
Rac1 perturbation; Cdc42 response,linear_R,R,0,1,0,1.666667,39.357031090535735,8.579362248519546,56.0,24.55333696521709
Rac1 perturbation; Cdc42 response,linear_R,R,0,1,0,2.0,40.64119682910716,8.591445060017433,56.0,24.55333696521709
Rac1 perturbation; Cdc42 response,linear_R,R,0,1,0,2.333333,42.037109865535726,8.792954344886885,56.0,24.55333696521709
Rac1 perturbation; Cdc42 response,linear_R,R,0,1,0,2.666667,42.51144543464286,9.295292596102575,56.0,24.55333696521709
Rac1 perturbation; Cdc42 response,linear_R,R,0,1,0,3.0,48.12939723964284,9.963933815532174,56.0,24.55333696521709
Rac1 perturbation; Cdc42 response,linear_R,R,0,1,0,3.333333,45.16564558374999,10.429372020480425,56.0,24.55333696521709
Rac1 perturbation; Cdc42 response,linear_R,R,0,1,0,3.666667,49.82137254517857,10.932543988201424,56.0,24.55333696521709
Rac1 perturbation; Cdc42 response,linear_R,R,0,1,0,4.0,49.46123102089284,11.171653616071804,56.0,24.55333696521709
Rac1 perturbation; Cdc42 response,linear_R,R,0,1,0,4.333334,54.19426600017859,11.481299788019944,56.0,24.55333696521709
Rac1 perturbation; Cdc42 response,linear_R,R,0,1,0,4.666667,49.670968873571425,10.757617281060043,56.0,24.55333696521709
Rac1 perturbation; Cdc42 response,linear_R,R,0,1,0,5.0,50.903237674285734,10.529299956320257,56.0,24.55333696521709
Rac1 perturbation; Cdc42 response,linear_R,R,0,1,0,5.333334,48.62251751982142,10.221503553325313,56.0,24.55333696521709
Rac1 perturbation; Cdc42 response,linear_R,R,0,1,0,5.666667,48.60424288107142,11.563656042466464,56.0,24.55333696521709
Rac1 perturbation; Cdc42 response,linear_R,R,0,1,0,6.0,52.024706377321436,10.918739547859715,56.0,24.55333696521709
Rac1 perturbation; Cdc42 response,linear_R,R,0,1,0,6.333334,50.76793762,11.40638591876654,56.0,24.55333696521709
Rac1 perturbation; Cdc42 response,linear_R,R,0,1,0,6.666667,54.43562262785714,11.915146283078842,56.0,24.55333696521709
Rac1 perturbation; Cdc42 response,linear_R,R,0,1,0,7.0,52.03527786339288,11.713402551630317,56.0,24.55333696521709
Rac1 perturbation; Cdc42 response,linear_R,R,0,1,0,7.333334,50.833776938214285,11.055851899450207,56.0,24.55333696521709
Rac1 perturbation; Cdc42 response,linear_R,R,0,1,0,7.666667,53.823288135714314,10.863983314939432,56.0,24.55333696521709
Rac1 perturbation; Cdc42 response,linear_R,R,0,1,0,8.0,51.90479413160716,11.010775975290125,56.0,24.55333696521709
Rac1 perturbation; Cdc42 response,linear_R,R,0,1,0,8.333333,51.90697419892856,10.139950267233813,56.0,24.55333696521709
Rac1 perturbation; Cdc42 response,linear_R,R,0,1,0,8.666667,51.74549677267857,10.541134502239517,56.0,24.55333696521709
Rac1 perturbation; Cdc42 response,linear_R,R,0,1,0,9.0,52.604561248571436,10.642679744999985,56.0,24.55333696521709
Rac1 perturbation; Cdc42 response,linear_R,R,0,1,0,9.333333,51.231733485535706,10.851944544841261,56.0,24.55333696521709
Rac1 perturbation; Cdc42 response,linear_R,R,0,1,0,9.666667,52.22727063178574,10.638437435555277,56.0,24.55333696521709
Rac1 perturbation; Cdc42 response,linear_R,R,0,1,0,10.0,50.698182273035734,10.542941423713255,56.0,24.55333696521709
Rac1 perturbation; Cdc42 response,linear_R,R,0,1,0,10.33333,54.06696888107144,10.702765966730157,56.0,24.55333696521709
Rac1 perturbation; Cdc42 response,linear_R,R,0,1,0,10.66667,50.439666005714294,11.084816945978258,56.0,24.55333696521709
Rac1 perturbation; Cdc42 response,linear_R,R,0,1,0,11.0,54.65172079357143,11.333885212747417,56.0,24.55333696521709
Rac1 perturbation; Cdc42 response,linear_R,R,0,1,0,11.33333,52.14428028982143,10.806780589267332,56.0,24.55333696521709
Rac1 perturbation; Cdc42 response,linear_R,R,0,1,0,11.66667,51.87196959607144,11.439420603811717,56.0,24.55333696521709
Rac1 perturbation; Cdc42 response,linear_R,R,0,1,0,12.0,58.43871945178572,11.606161569484064,56.0,24.55333696521709
Rac1 perturbation; Cdc42 response,linear_R,R,0,1,0,12.33333,55.085658180357136,11.032267610609408,56.0,24.55333696521709
Rac1 perturbation; Cdc42 response,linear_R,R,0,1,0,12.66667,58.64790563089287,11.327073931852615,56.0,24.55333696521709
Rac1 perturbation; Cdc42 response,linear_R,R,0,1,0,13.0,61.814454952142874,11.731313212238682,56.0,24.55333696521709
Rac1 perturbation; Cdc42 response,linear_R,R,0,1,0,13.33333,56.964429048214285,11.906372097202055,56.0,24.55333696521709
Rac1 perturbation; Cdc42 response,linear_R,R,0,1,0,13.66667,57.82881474017859,12.38989717920228,56.0,24.55333696521709
Rac1 perturbation; Cdc42 response,linear_R,R,0,1,0,14.0,60.89789809357142,12.211422473989089,56.0,24.55333696521709
Rac1 perturbation; Cdc42 response,linear_R,R,0,1,0,14.33333,56.72333004464287,12.463769096533317,56.0,24.55333696521709
Rac1 perturbation; Cdc42 response,linear_R,R,0,1,0,14.66667,61.075306226964265,13.0784984598502,56.0,24.55333696521709
Rac1 perturbation; Cdc42 response,linear_R,R,0,1,0,15.0,62.904096297321416,12.151439818200448,56.0,24.55333696521709
Rac1 perturbation; Cdc42 response,linear_R,R,0,1,0,15.33333,62.09625783482145,12.727114343581496,56.0,24.55333696521709
Rac1 perturbation; Cdc42 response,linear_R,R,0,1,0,15.66667,56.46932148821429,12.177318652118275,56.0,24.55333696521709
Rac1 perturbation; Cdc42 response,linear_R,R,0,1,0,16.0,58.19295324714285,12.181067682968143,56.0,24.55333696521709
Rac1 perturbation; Cdc42 response,linear_R,R,0,1,0,16.33333,64.50140953892856,12.661195440931824,56.0,24.55333696521709
Rac1 perturbation; Cdc42 response,linear_R,R,0,1,0,16.66667,62.852034469642874,11.277303250885263,56.0,24.55333696521709
Rac1 perturbation; Cdc42 response,linear_R,R,0,1,0,17.0,66.45181134142857,11.165071803688988,56.0,24.55333696521709
Rac1 perturbation; Cdc42 response,linear_R,R,0,1,0,17.33333,57.421065627678594,11.680646628908903,56.0,24.55333696521709
Rac1 perturbation; Cdc42 response,linear_R,R,0,1,0,17.66667,61.71634201214285,11.595872688120714,56.0,24.55333696521709
Rac1 perturbation; Cdc42 response,linear_R,R,0,1,0,18.0,64.21866456446428,11.601979812504425,56.0,24.55333696521709
Rac1 perturbation; Cdc42 response,linear_R,R,0,1,0,18.33333,57.705033513749996,11.955581833649635,56.0,24.55333696521709
Rac1 perturbation; Cdc42 response,linear_R,R,0,1,0,18.66667,65.40024261232142,11.470379982282436,56.0,24.55333696521709
Rac1 perturbation; Cdc42 response,linear_R,R,0,1,0,19.0,63.10916902857142,11.921338915995449,56.0,24.55333696521709
Rac1 perturbation; Cdc42 response,linear_R,R,0,1,0,19.33333,60.21811466982144,12.110144207906488,56.0,24.55333696521709
Rac1 perturbation; Cdc42 response,linear_R,R,0,1,0,19.66667,67.68370798124998,12.532239969121928,56.0,24.55333696521709
Rac1 perturbation; Cdc42 response,linear_R,R,0,1,0,20.0,65.88854110875,12.325811193535127,56.0,24.55333696521709
Rac1 perturbation; Cdc42 response,linear_R,R,0,1,0,20.33333,60.942376883749986,12.671791082956299,56.0,24.55333696521709
Rac1 perturbation; Cdc42 response,linear_R,R,0,1,0,20.66667,58.72241103892858,12.021432487384956,56.0,24.55333696521709
Rac1 perturbation; Cdc42 response,linear_R,R,0,1,0,21.0,53.51671177285713,11.960341593184005,56.0,24.55333696521709
Rac1 perturbation; Cdc42 response,linear_R,R,0,1,0,21.33333,52.13898499750002,11.591237873900097,56.0,24.55333696521709
Rac1 perturbation; Cdc42 response,linear_R,R,0,1,0,21.66667,49.44778040500001,9.954845105598858,56.0,24.55333696521709
Rac1 perturbation; Cdc42 response,linear_R,R,0,1,0,22.0,45.060534001071424,9.45136452278932,56.0,24.55333696521709
Rac1 perturbation; Cdc42 response,linear_R,R,0,1,0,22.33333,43.02879638517859,8.719762175239723,56.0,24.55333696521709
Rac1 perturbation; Cdc42 response,linear_R,R,0,1,0,22.66667,37.47054658071429,9.909421561463999,56.0,24.55333696521709
Rac1 perturbation; Cdc42 response,linear_R,R,0,1,0,23.0,41.85401168000003,9.023062811264177,56.0,24.55333696521709
Rac1 perturbation; Cdc42 response,linear_R,R,0,1,0,23.33333,37.604964228035726,10.062365408446167,56.0,24.55333696521709
Rac1 perturbation; Cdc42 response,linear_R,R,0,1,0,23.66667,37.97096682785712,10.205204664719476,56.0,24.55333696521709
Rac1 perturbation; Cdc42 response,linear_R,R,0,1,0,24.0,33.44989865607143,9.526733026885863,56.0,24.55333696521709
Rac1 perturbation; Cdc42 response,linear_R,R,0,1,0,24.33333,31.101288853392855,10.279031442108089,56.0,24.55333696521709
Rac1 perturbation; Cdc42 response,linear_R,R,0,1,0,24.66667,31.914791204107143,11.037035766121848,56.0,24.55333696521709
Rac1 perturbation; Cdc42 response,linear_R,R,0,1,0,25.0,27.23004851285713,11.038314703262866,56.0,24.55333696521709
Rac1 perturbation; Cdc42 response,linear_R,R,0,1,0,25.33333,32.39120195928573,11.042930203809027,56.0,24.55333696521709
Rac1 perturbation; Cdc42 response,linear_R,R,0,1,0,25.66667,30.632160998035726,10.340276930676131,56.0,24.55333696521709
Rac1 perturbation; Cdc42 response,linear_R,R,0,1,0,26.0,27.574354252678567,9.334215664690287,56.0,24.55333696521709
Rac1 perturbation; Cdc42 response,linear_R,R,0,1,0,26.33333,26.98825472053571,9.472706586669132,56.0,24.55333696521709
Rac1 perturbation; Cdc42 response,linear_R,R,0,1,0,26.66667,23.828536430892857,9.13385834952662,56.0,24.55333696521709
Rac1 perturbation; Cdc42 response,linear_R,R,0,1,0,27.0,21.245405446785718,8.572782839915652,56.0,24.55333696521709
Rac1 perturbation; Cdc42 response,linear_R,R,0,1,0,27.33333,23.797148394821424,8.805907887438186,56.0,24.55333696521709
Rac1 perturbation; Cdc42 response,linear_R,R,0,1,0,27.66667,21.786008418392857,8.789026557627777,56.0,24.55333696521709
Rac1 perturbation; Cdc42 response,linear_R,R,0,1,0,28.0,19.72074452785714,8.641463671185805,56.0,24.55333696521709
Rac1 perturbation; Cdc42 response,linear_R,R,0,1,0,28.33333,19.56133962517857,8.071880993712787,56.0,24.55333696521709
Rac1 perturbation; Cdc42 response,linear_R,R,0,1,0,28.66667,18.007073220000002,7.240060099460427,56.0,24.55333696521709
Rac1 perturbation; Cdc42 response,linear_R,R,0,1,0,29.0,19.781916438928565,7.319891109470625,56.0,24.55333696521709
Rac1 perturbation; Cdc42 response,linear_R,R,0,1,0,29.33333,17.908076492678568,7.0668718053002655,56.0,24.55333696521709
Rac1 perturbation; Cdc42 response,linear_R,R,0,1,0,29.66667,12.991376950000005,7.059269006642786,56.0,24.55333696521709
Rac1 perturbation; Cdc42 response,linear_R,R,0,1,0,30.0,15.252381256785714,6.399419728850981,56.0,24.55333696521709
Rac1 perturbation; Cdc42 response,linear_R,R,0,1,0,30.33333,15.787882359821426,6.563629955811476,56.0,24.55333696521709
Rac1 perturbation; Cdc42 response,linear_R,R,0,1,0,30.66667,9.94503414982142,6.731632025512227,56.0,24.55333696521709
Rac1 perturbation; Cdc42 response,linear_R,R,0,1,0,31.0,10.036817084107152,6.974630393313972,56.0,24.55333696521709
Rac1 perturbation; Cdc42 response,linear_R,R,0,1,0,31.33333,9.230053227142859,7.172982663463468,56.0,24.55333696521709
Rac1 perturbation; Cdc42 response,linear_R,R,0,1,0,31.66667,10.85532622482143,7.095689350913041,56.0,24.55333696521709
Rac1 perturbation; Cdc42 response,linear_R,R,0,1,0,32.0,10.824877368928572,6.444077889813405,56.0,24.55333696521709
Rac1 perturbation; Cdc42 response,linear_R,R,0,1,0,32.33333,13.311633482857141,6.671262005017986,56.0,24.55333696521709
Rac1 perturbation; Cdc42 response,linear_R,R,0,1,0,32.66667,11.734538476250005,6.632334561615327,56.0,24.55333696521709
Rac1 perturbation; Cdc42 response,linear_R,R,0,1,0,33.0,10.346004451607149,6.896387904216912,56.0,24.55333696521709
Rac1 perturbation; Cdc42 response,linear_R,R,0,1,0,33.33333,9.172568554464283,6.831884347604223,56.0,24.55333696521709
Rac1 perturbation; Cdc42 response,linear_R,R,0,1,0,33.66667,6.891297014642854,6.7290806069907845,56.0,24.55333696521709
Rac1 perturbation; Cdc42 response,linear_R,R,0,1,0,34.0,7.357812429642855,6.602966027505014,56.0,24.55333696521709
Rac1 perturbation; Cdc42 response,linear_R,R,0,1,0,34.33333,4.517738089999999,7.132717334021903,56.0,24.55333696521709
Rac1 perturbation; Cdc42 response,linear_R,R,0,1,0,34.66667,8.732542402678572,5.53186065202682,56.0,24.55333696521709
Rac1 perturbation; Cdc42 response,linear_R,R,0,1,0,35.0,7.524200926249997,5.4461896146963005,56.0,24.55333696521709
Rac1 perturbation; Cdc42 response,linear_R,R,0,1,0,35.33333,8.171790244107145,5.958449540399851,56.0,24.55333696521709
Rac1 perturbation; Cdc42 response,linear_R,R,0,1,0,35.66667,2.685928293750003,6.021733786898675,56.0,24.55333696521709
Rac1 perturbation; Cdc42 response,linear_R,R,0,1,0,36.0,7.68786100071428,4.934698327055554,56.0,24.55333696521709
Rac1 perturbation; Cdc42 response,linear_R,R,0,1,0,36.33333,10.28194019517858,5.482052580966321,56.0,24.55333696521709
Rac1 perturbation; Cdc42 response,linear_R,R,0,1,0,36.66667,6.935392835178574,5.434021527126732,56.0,24.55333696521709
Rac1 perturbation; Cdc42 response,linear_R,R,0,1,0,37.0,2.682297860535712,5.833526565132814,56.0,24.55333696521709
Rac1 perturbation; Cdc42 response,linear_R,R,0,1,0,37.33333,6.265093537857142,4.872114708366953,56.0,24.55333696521709
Rac1 perturbation; Cdc42 response,linear_R,R,0,1,0,37.66667,4.158479823928573,4.88215272901345,56.0,24.55333696521709
Rac1 perturbation; Cdc42 response,linear_R,R,0,1,0,38.0,2.774460211607141,5.726416993581822,56.0,24.55333696521709
Rac1 perturbation; Cdc42 response,linear_R,R,0,1,0,38.33333,4.220438699285711,5.851693453622379,56.0,24.55333696521709
Rac1 perturbation; Cdc42 response,linear_R,R,0,1,0,38.66667,5.898403981785713,5.248780406414624,56.0,24.55333696521709
Rac1 perturbation; Cdc42 response,linear_R,R,0,1,0,39.0,2.116079720535715,5.688757520636718,56.0,24.55333696521709
Rac1 perturbation; Cdc42 response,linear_R,R,0,1,0,39.33333,1.6641076423214272,5.611694198127312,56.0,24.55333696521709
Rac1 perturbation; Cdc42 response,linear_R,R,0,1,0,39.66667,4.2761368823214285,5.280550466228412,56.0,24.55333696521709
Rac1 perturbation; Cdc42 response,linear_R,R,0,1,0,40.0,2.753929924107144,5.166320955931824,56.0,24.55333696521709
Rac1 perturbation; Cdc42 response,hill,R^h/(K^h+R^h),0,1,0,0.0,3.827074169107142,1.1420722545863766,56.0,3.827073670590591
Rac1 perturbation; Cdc42 response,hill,R^h/(K^h+R^h),0,1,0,0.3333333,17.239386878750004,3.6230717825189522,56.0,24.55333649891106
Rac1 perturbation; Cdc42 response,hill,R^h/(K^h+R^h),0,1,0,0.6666667,27.944322892321427,5.920585685086165,56.0,24.5533367000877
Rac1 perturbation; Cdc42 response,hill,R^h/(K^h+R^h),0,1,0,1.0,33.91203219839284,7.19853947353434,56.0,24.553336700087705
Rac1 perturbation; Cdc42 response,hill,R^h/(K^h+R^h),0,1,0,1.333333,40.62532188303572,8.336321677359155,56.0,24.553336700087705
Rac1 perturbation; Cdc42 response,hill,R^h/(K^h+R^h),0,1,0,1.666667,39.357031090535735,8.579362248519546,56.0,24.553336700087705
Rac1 perturbation; Cdc42 response,hill,R^h/(K^h+R^h),0,1,0,2.0,40.64119682910716,8.591445060017433,56.0,24.553336700087705
Rac1 perturbation; Cdc42 response,hill,R^h/(K^h+R^h),0,1,0,2.333333,42.037109865535726,8.792954344886885,56.0,24.553336700087705
Rac1 perturbation; Cdc42 response,hill,R^h/(K^h+R^h),0,1,0,2.666667,42.51144543464286,9.295292596102575,56.0,24.553336700087705
Rac1 perturbation; Cdc42 response,hill,R^h/(K^h+R^h),0,1,0,3.0,48.12939723964284,9.963933815532174,56.0,24.553336700087705
Rac1 perturbation; Cdc42 response,hill,R^h/(K^h+R^h),0,1,0,3.333333,45.16564558374999,10.429372020480425,56.0,24.553336700087705
Rac1 perturbation; Cdc42 response,hill,R^h/(K^h+R^h),0,1,0,3.666667,49.82137254517857,10.932543988201424,56.0,24.553336700087705
Rac1 perturbation; Cdc42 response,hill,R^h/(K^h+R^h),0,1,0,4.0,49.46123102089284,11.171653616071804,56.0,24.553336700087705
Rac1 perturbation; Cdc42 response,hill,R^h/(K^h+R^h),0,1,0,4.333334,54.19426600017859,11.481299788019944,56.0,24.553336700087705
Rac1 perturbation; Cdc42 response,hill,R^h/(K^h+R^h),0,1,0,4.666667,49.670968873571425,10.757617281060043,56.0,24.553336700087705
Rac1 perturbation; Cdc42 response,hill,R^h/(K^h+R^h),0,1,0,5.0,50.903237674285734,10.529299956320257,56.0,24.553336700087705
Rac1 perturbation; Cdc42 response,hill,R^h/(K^h+R^h),0,1,0,5.333334,48.62251751982142,10.221503553325313,56.0,24.553336700087705
Rac1 perturbation; Cdc42 response,hill,R^h/(K^h+R^h),0,1,0,5.666667,48.60424288107142,11.563656042466464,56.0,24.553336700087705
Rac1 perturbation; Cdc42 response,hill,R^h/(K^h+R^h),0,1,0,6.0,52.024706377321436,10.918739547859715,56.0,24.553336700087705
Rac1 perturbation; Cdc42 response,hill,R^h/(K^h+R^h),0,1,0,6.333334,50.76793762,11.40638591876654,56.0,24.553336700087705
Rac1 perturbation; Cdc42 response,hill,R^h/(K^h+R^h),0,1,0,6.666667,54.43562262785714,11.915146283078842,56.0,24.553336700087705
Rac1 perturbation; Cdc42 response,hill,R^h/(K^h+R^h),0,1,0,7.0,52.03527786339288,11.713402551630317,56.0,24.553336700087705
Rac1 perturbation; Cdc42 response,hill,R^h/(K^h+R^h),0,1,0,7.333334,50.833776938214285,11.055851899450207,56.0,24.553336700087705
Rac1 perturbation; Cdc42 response,hill,R^h/(K^h+R^h),0,1,0,7.666667,53.823288135714314,10.863983314939432,56.0,24.553336700087705
Rac1 perturbation; Cdc42 response,hill,R^h/(K^h+R^h),0,1,0,8.0,51.90479413160716,11.010775975290125,56.0,24.553336700087705
Rac1 perturbation; Cdc42 response,hill,R^h/(K^h+R^h),0,1,0,8.333333,51.90697419892856,10.139950267233813,56.0,24.553336700087705
Rac1 perturbation; Cdc42 response,hill,R^h/(K^h+R^h),0,1,0,8.666667,51.74549677267857,10.541134502239517,56.0,24.553336700087705
Rac1 perturbation; Cdc42 response,hill,R^h/(K^h+R^h),0,1,0,9.0,52.604561248571436,10.642679744999985,56.0,24.553336700087705
Rac1 perturbation; Cdc42 response,hill,R^h/(K^h+R^h),0,1,0,9.333333,51.231733485535706,10.851944544841261,56.0,24.553336700087705
Rac1 perturbation; Cdc42 response,hill,R^h/(K^h+R^h),0,1,0,9.666667,52.22727063178574,10.638437435555277,56.0,24.553336700087705
Rac1 perturbation; Cdc42 response,hill,R^h/(K^h+R^h),0,1,0,10.0,50.698182273035734,10.542941423713255,56.0,24.553336700087705
Rac1 perturbation; Cdc42 response,hill,R^h/(K^h+R^h),0,1,0,10.33333,54.06696888107144,10.702765966730157,56.0,24.553336700087705
Rac1 perturbation; Cdc42 response,hill,R^h/(K^h+R^h),0,1,0,10.66667,50.439666005714294,11.084816945978258,56.0,24.553336700087705
Rac1 perturbation; Cdc42 response,hill,R^h/(K^h+R^h),0,1,0,11.0,54.65172079357143,11.333885212747417,56.0,24.553336700087705
Rac1 perturbation; Cdc42 response,hill,R^h/(K^h+R^h),0,1,0,11.33333,52.14428028982143,10.806780589267332,56.0,24.553336700087705
Rac1 perturbation; Cdc42 response,hill,R^h/(K^h+R^h),0,1,0,11.66667,51.87196959607144,11.439420603811717,56.0,24.553336700087705
Rac1 perturbation; Cdc42 response,hill,R^h/(K^h+R^h),0,1,0,12.0,58.43871945178572,11.606161569484064,56.0,24.553336700087705
Rac1 perturbation; Cdc42 response,hill,R^h/(K^h+R^h),0,1,0,12.33333,55.085658180357136,11.032267610609408,56.0,24.553336700087705
Rac1 perturbation; Cdc42 response,hill,R^h/(K^h+R^h),0,1,0,12.66667,58.64790563089287,11.327073931852615,56.0,24.553336700087705
Rac1 perturbation; Cdc42 response,hill,R^h/(K^h+R^h),0,1,0,13.0,61.814454952142874,11.731313212238682,56.0,24.553336700087705
Rac1 perturbation; Cdc42 response,hill,R^h/(K^h+R^h),0,1,0,13.33333,56.964429048214285,11.906372097202055,56.0,24.553336700087705
Rac1 perturbation; Cdc42 response,hill,R^h/(K^h+R^h),0,1,0,13.66667,57.82881474017859,12.38989717920228,56.0,24.553336700087705
Rac1 perturbation; Cdc42 response,hill,R^h/(K^h+R^h),0,1,0,14.0,60.89789809357142,12.211422473989089,56.0,24.553336700087705
Rac1 perturbation; Cdc42 response,hill,R^h/(K^h+R^h),0,1,0,14.33333,56.72333004464287,12.463769096533317,56.0,24.553336700087705
Rac1 perturbation; Cdc42 response,hill,R^h/(K^h+R^h),0,1,0,14.66667,61.075306226964265,13.0784984598502,56.0,24.553336700087705
Rac1 perturbation; Cdc42 response,hill,R^h/(K^h+R^h),0,1,0,15.0,62.904096297321416,12.151439818200448,56.0,24.553336700087705
Rac1 perturbation; Cdc42 response,hill,R^h/(K^h+R^h),0,1,0,15.33333,62.09625783482145,12.727114343581496,56.0,24.553336700087705
Rac1 perturbation; Cdc42 response,hill,R^h/(K^h+R^h),0,1,0,15.66667,56.46932148821429,12.177318652118275,56.0,24.553336700087705
Rac1 perturbation; Cdc42 response,hill,R^h/(K^h+R^h),0,1,0,16.0,58.19295324714285,12.181067682968143,56.0,24.553336700087705
Rac1 perturbation; Cdc42 response,hill,R^h/(K^h+R^h),0,1,0,16.33333,64.50140953892856,12.661195440931824,56.0,24.553336700087705
Rac1 perturbation; Cdc42 response,hill,R^h/(K^h+R^h),0,1,0,16.66667,62.852034469642874,11.277303250885263,56.0,24.553336700087705
Rac1 perturbation; Cdc42 response,hill,R^h/(K^h+R^h),0,1,0,17.0,66.45181134142857,11.165071803688988,56.0,24.553336700087705
Rac1 perturbation; Cdc42 response,hill,R^h/(K^h+R^h),0,1,0,17.33333,57.421065627678594,11.680646628908903,56.0,24.553336700087705
Rac1 perturbation; Cdc42 response,hill,R^h/(K^h+R^h),0,1,0,17.66667,61.71634201214285,11.595872688120714,56.0,24.553336700087705
Rac1 perturbation; Cdc42 response,hill,R^h/(K^h+R^h),0,1,0,18.0,64.21866456446428,11.601979812504425,56.0,24.553336700087705
Rac1 perturbation; Cdc42 response,hill,R^h/(K^h+R^h),0,1,0,18.33333,57.705033513749996,11.955581833649635,56.0,24.553336700087705
Rac1 perturbation; Cdc42 response,hill,R^h/(K^h+R^h),0,1,0,18.66667,65.40024261232142,11.470379982282436,56.0,24.553336700087705
Rac1 perturbation; Cdc42 response,hill,R^h/(K^h+R^h),0,1,0,19.0,63.10916902857142,11.921338915995449,56.0,24.553336700087705
Rac1 perturbation; Cdc42 response,hill,R^h/(K^h+R^h),0,1,0,19.33333,60.21811466982144,12.110144207906488,56.0,24.553336700087705
Rac1 perturbation; Cdc42 response,hill,R^h/(K^h+R^h),0,1,0,19.66667,67.68370798124998,12.532239969121928,56.0,24.553336700087705
Rac1 perturbation; Cdc42 response,hill,R^h/(K^h+R^h),0,1,0,20.0,65.88854110875,12.325811193535127,56.0,24.553336700087705
Rac1 perturbation; Cdc42 response,hill,R^h/(K^h+R^h),0,1,0,20.33333,60.942376883749986,12.671791082956299,56.0,24.553336700087705
Rac1 perturbation; Cdc42 response,hill,R^h/(K^h+R^h),0,1,0,20.66667,58.72241103892858,12.021432487384956,56.0,24.553336700087705
Rac1 perturbation; Cdc42 response,hill,R^h/(K^h+R^h),0,1,0,21.0,53.51671177285713,11.960341593184005,56.0,24.553336700087705
Rac1 perturbation; Cdc42 response,hill,R^h/(K^h+R^h),0,1,0,21.33333,52.13898499750002,11.591237873900097,56.0,24.553336700087705
Rac1 perturbation; Cdc42 response,hill,R^h/(K^h+R^h),0,1,0,21.66667,49.44778040500001,9.954845105598858,56.0,24.553336700087705
Rac1 perturbation; Cdc42 response,hill,R^h/(K^h+R^h),0,1,0,22.0,45.060534001071424,9.45136452278932,56.0,24.553336700087705
Rac1 perturbation; Cdc42 response,hill,R^h/(K^h+R^h),0,1,0,22.33333,43.02879638517859,8.719762175239723,56.0,24.553336700087705
Rac1 perturbation; Cdc42 response,hill,R^h/(K^h+R^h),0,1,0,22.66667,37.47054658071429,9.909421561463999,56.0,24.553336700087705
Rac1 perturbation; Cdc42 response,hill,R^h/(K^h+R^h),0,1,0,23.0,41.85401168000003,9.023062811264177,56.0,24.553336700087705
Rac1 perturbation; Cdc42 response,hill,R^h/(K^h+R^h),0,1,0,23.33333,37.604964228035726,10.062365408446167,56.0,24.553336700087705
Rac1 perturbation; Cdc42 response,hill,R^h/(K^h+R^h),0,1,0,23.66667,37.97096682785712,10.205204664719476,56.0,24.553336700087705
Rac1 perturbation; Cdc42 response,hill,R^h/(K^h+R^h),0,1,0,24.0,33.44989865607143,9.526733026885863,56.0,24.553336700087705
Rac1 perturbation; Cdc42 response,hill,R^h/(K^h+R^h),0,1,0,24.33333,31.101288853392855,10.279031442108089,56.0,24.553336700087705
Rac1 perturbation; Cdc42 response,hill,R^h/(K^h+R^h),0,1,0,24.66667,31.914791204107143,11.037035766121848,56.0,24.553336700087705
Rac1 perturbation; Cdc42 response,hill,R^h/(K^h+R^h),0,1,0,25.0,27.23004851285713,11.038314703262866,56.0,24.553336700087705
Rac1 perturbation; Cdc42 response,hill,R^h/(K^h+R^h),0,1,0,25.33333,32.39120195928573,11.042930203809027,56.0,24.553336700087705
Rac1 perturbation; Cdc42 response,hill,R^h/(K^h+R^h),0,1,0,25.66667,30.632160998035726,10.340276930676131,56.0,24.553336700087705
Rac1 perturbation; Cdc42 response,hill,R^h/(K^h+R^h),0,1,0,26.0,27.574354252678567,9.334215664690287,56.0,24.553336700087705
Rac1 perturbation; Cdc42 response,hill,R^h/(K^h+R^h),0,1,0,26.33333,26.98825472053571,9.472706586669132,56.0,24.553336700087705
Rac1 perturbation; Cdc42 response,hill,R^h/(K^h+R^h),0,1,0,26.66667,23.828536430892857,9.13385834952662,56.0,24.553336700087705
Rac1 perturbation; Cdc42 response,hill,R^h/(K^h+R^h),0,1,0,27.0,21.245405446785718,8.572782839915652,56.0,24.553336700087705
Rac1 perturbation; Cdc42 response,hill,R^h/(K^h+R^h),0,1,0,27.33333,23.797148394821424,8.805907887438186,56.0,24.553336700087705
Rac1 perturbation; Cdc42 response,hill,R^h/(K^h+R^h),0,1,0,27.66667,21.786008418392857,8.789026557627777,56.0,24.553336700087705
Rac1 perturbation; Cdc42 response,hill,R^h/(K^h+R^h),0,1,0,28.0,19.72074452785714,8.641463671185805,56.0,24.553336700087705
Rac1 perturbation; Cdc42 response,hill,R^h/(K^h+R^h),0,1,0,28.33333,19.56133962517857,8.071880993712787,56.0,24.553336700087705
Rac1 perturbation; Cdc42 response,hill,R^h/(K^h+R^h),0,1,0,28.66667,18.007073220000002,7.240060099460427,56.0,24.553336700087705
Rac1 perturbation; Cdc42 response,hill,R^h/(K^h+R^h),0,1,0,29.0,19.781916438928565,7.319891109470625,56.0,24.553336700087705
Rac1 perturbation; Cdc42 response,hill,R^h/(K^h+R^h),0,1,0,29.33333,17.908076492678568,7.0668718053002655,56.0,24.553336700087705
Rac1 perturbation; Cdc42 response,hill,R^h/(K^h+R^h),0,1,0,29.66667,12.991376950000005,7.059269006642786,56.0,24.553336700087705
Rac1 perturbation; Cdc42 response,hill,R^h/(K^h+R^h),0,1,0,30.0,15.252381256785714,6.399419728850981,56.0,24.553336700087705
Rac1 perturbation; Cdc42 response,hill,R^h/(K^h+R^h),0,1,0,30.33333,15.787882359821426,6.563629955811476,56.0,24.553336700087705
Rac1 perturbation; Cdc42 response,hill,R^h/(K^h+R^h),0,1,0,30.66667,9.94503414982142,6.731632025512227,56.0,24.553336700087705
Rac1 perturbation; Cdc42 response,hill,R^h/(K^h+R^h),0,1,0,31.0,10.036817084107152,6.974630393313972,56.0,24.553336700087705
Rac1 perturbation; Cdc42 response,hill,R^h/(K^h+R^h),0,1,0,31.33333,9.230053227142859,7.172982663463468,56.0,24.553336700087705
Rac1 perturbation; Cdc42 response,hill,R^h/(K^h+R^h),0,1,0,31.66667,10.85532622482143,7.095689350913041,56.0,24.553336700087705
Rac1 perturbation; Cdc42 response,hill,R^h/(K^h+R^h),0,1,0,32.0,10.824877368928572,6.444077889813405,56.0,24.553336700087705
Rac1 perturbation; Cdc42 response,hill,R^h/(K^h+R^h),0,1,0,32.33333,13.311633482857141,6.671262005017986,56.0,24.553336700087705
Rac1 perturbation; Cdc42 response,hill,R^h/(K^h+R^h),0,1,0,32.66667,11.734538476250005,6.632334561615327,56.0,24.553336700087705
Rac1 perturbation; Cdc42 response,hill,R^h/(K^h+R^h),0,1,0,33.0,10.346004451607149,6.896387904216912,56.0,24.553336700087705
Rac1 perturbation; Cdc42 response,hill,R^h/(K^h+R^h),0,1,0,33.33333,9.172568554464283,6.831884347604223,56.0,24.553336700087705
Rac1 perturbation; Cdc42 response,hill,R^h/(K^h+R^h),0,1,0,33.66667,6.891297014642854,6.7290806069907845,56.0,24.553336700087705
Rac1 perturbation; Cdc42 response,hill,R^h/(K^h+R^h),0,1,0,34.0,7.357812429642855,6.602966027505014,56.0,24.553336700087705
Rac1 perturbation; Cdc42 response,hill,R^h/(K^h+R^h),0,1,0,34.33333,4.517738089999999,7.132717334021903,56.0,24.553336700087705
Rac1 perturbation; Cdc42 response,hill,R^h/(K^h+R^h),0,1,0,34.66667,8.732542402678572,5.53186065202682,56.0,24.553336700087705
Rac1 perturbation; Cdc42 response,hill,R^h/(K^h+R^h),0,1,0,35.0,7.524200926249997,5.4461896146963005,56.0,24.553336700087705
Rac1 perturbation; Cdc42 response,hill,R^h/(K^h+R^h),0,1,0,35.33333,8.171790244107145,5.958449540399851,56.0,24.553336700087705
Rac1 perturbation; Cdc42 response,hill,R^h/(K^h+R^h),0,1,0,35.66667,2.685928293750003,6.021733786898675,56.0,24.553336700087705
Rac1 perturbation; Cdc42 response,hill,R^h/(K^h+R^h),0,1,0,36.0,7.68786100071428,4.934698327055554,56.0,24.553336700087705
Rac1 perturbation; Cdc42 response,hill,R^h/(K^h+R^h),0,1,0,36.33333,10.28194019517858,5.482052580966321,56.0,24.553336700087705
Rac1 perturbation; Cdc42 response,hill,R^h/(K^h+R^h),0,1,0,36.66667,6.935392835178574,5.434021527126732,56.0,24.553336700087705
Rac1 perturbation; Cdc42 response,hill,R^h/(K^h+R^h),0,1,0,37.0,2.682297860535712,5.833526565132814,56.0,24.553336700087705
Rac1 perturbation; Cdc42 response,hill,R^h/(K^h+R^h),0,1,0,37.33333,6.265093537857142,4.872114708366953,56.0,24.553336700087705
Rac1 perturbation; Cdc42 response,hill,R^h/(K^h+R^h),0,1,0,37.66667,4.158479823928573,4.88215272901345,56.0,24.553336700087705
Rac1 perturbation; Cdc42 response,hill,R^h/(K^h+R^h),0,1,0,38.0,2.774460211607141,5.726416993581822,56.0,24.553336700087705
Rac1 perturbation; Cdc42 response,hill,R^h/(K^h+R^h),0,1,0,38.33333,4.220438699285711,5.851693453622379,56.0,24.553336700087705
Rac1 perturbation; Cdc42 response,hill,R^h/(K^h+R^h),0,1,0,38.66667,5.898403981785713,5.248780406414624,56.0,24.553336700087705
Rac1 perturbation; Cdc42 response,hill,R^h/(K^h+R^h),0,1,0,39.0,2.116079720535715,5.688757520636718,56.0,24.553336700087705
Rac1 perturbation; Cdc42 response,hill,R^h/(K^h+R^h),0,1,0,39.33333,1.6641076423214272,5.611694198127312,56.0,24.553336700087705
Rac1 perturbation; Cdc42 response,hill,R^h/(K^h+R^h),0,1,0,39.66667,4.2761368823214285,5.280550466228412,56.0,24.553336700087705
Rac1 perturbation; Cdc42 response,hill,R^h/(K^h+R^h),0,1,0,40.0,2.753929924107144,5.166320955931824,56.0,24.553336700087705
Rac1 perturbation; Cdc42 response,double_hill,(H(R)+H(R)),1,3,0,0.0,3.827074169107142,1.1420722545863766,56.0,3.835135296697962
Rac1 perturbation; Cdc42 response,double_hill,(H(R)+H(R)),1,3,0,0.3333333,17.239386878750004,3.6230717825189522,56.0,24.90812403475082
Rac1 perturbation; Cdc42 response,double_hill,(H(R)+H(R)),1,3,0,0.6666667,27.944322892321427,5.920585685086165,56.0,29.940063920001922
Rac1 perturbation; Cdc42 response,double_hill,(H(R)+H(R)),1,3,0,1.0,33.91203219839284,7.19853947353434,56.0,33.3180799614304
Rac1 perturbation; Cdc42 response,double_hill,(H(R)+H(R)),1,3,0,1.333333,40.62532188303572,8.336321677359155,56.0,35.9082479598366
Rac1 perturbation; Cdc42 response,double_hill,(H(R)+H(R)),1,3,0,1.666667,39.357031090535735,8.579362248519546,56.0,38.02205723383563
Rac1 perturbation; Cdc42 response,double_hill,(H(R)+H(R)),1,3,0,2.0,40.64119682910716,8.591445060017433,56.0,39.81149925109403
Rac1 perturbation; Cdc42 response,double_hill,(H(R)+H(R)),1,3,0,2.333333,42.037109865535726,8.792954344886885,56.0,41.363518276619125
Rac1 perturbation; Cdc42 response,double_hill,(H(R)+H(R)),1,3,0,2.666667,42.51144543464286,9.295292596102575,56.0,42.733045601097906
Rac1 perturbation; Cdc42 response,double_hill,(H(R)+H(R)),1,3,0,3.0,48.12939723964284,9.963933815532174,56.0,43.95724912754315
Rac1 perturbation; Cdc42 response,double_hill,(H(R)+H(R)),1,3,0,3.333333,45.16564558374999,10.429372020480425,56.0,45.062601138419566
Rac1 perturbation; Cdc42 response,double_hill,(H(R)+H(R)),1,3,0,3.666667,49.82137254517857,10.932543988201424,56.0,46.068695517422924
Rac1 perturbation; Cdc42 response,double_hill,(H(R)+H(R)),1,3,0,4.0,49.46123102089284,11.171653616071804,56.0,46.99048091280072
Rac1 perturbation; Cdc42 response,double_hill,(H(R)+H(R)),1,3,0,4.333334,54.19426600017859,11.481299788019944,56.0,47.8396679894215
Rac1 perturbation; Cdc42 response,double_hill,(H(R)+H(R)),1,3,0,4.666667,49.670968873571425,10.757617281060043,56.0,48.62560551519326
Rac1 perturbation; Cdc42 response,double_hill,(H(R)+H(R)),1,3,0,5.0,50.903237674285734,10.529299956320257,56.0,49.35590302477509
Rac1 perturbation; Cdc42 response,double_hill,(H(R)+H(R)),1,3,0,5.333334,48.62251751982142,10.221503553325313,56.0,50.03684186804985
Rac1 perturbation; Cdc42 response,double_hill,(H(R)+H(R)),1,3,0,5.666667,48.60424288107142,11.563656042466464,56.0,50.673668908352816
Rac1 perturbation; Cdc42 response,double_hill,(H(R)+H(R)),1,3,0,6.0,52.024706377321436,10.918739547859715,56.0,51.270826980585795
Rac1 perturbation; Cdc42 response,double_hill,(H(R)+H(R)),1,3,0,6.333334,50.76793762,11.40638591876654,56.0,51.83211069524406
Rac1 perturbation; Cdc42 response,double_hill,(H(R)+H(R)),1,3,0,6.666667,54.43562262785714,11.915146283078842,56.0,52.36078504049077
Rac1 perturbation; Cdc42 response,double_hill,(H(R)+H(R)),1,3,0,7.0,52.03527786339288,11.713402551630317,56.0,52.85969022884032
Rac1 perturbation; Cdc42 response,double_hill,(H(R)+H(R)),1,3,0,7.333334,50.833776938214285,11.055851899450207,56.0,53.33131018354678
Rac1 perturbation; Cdc42 response,double_hill,(H(R)+H(R)),1,3,0,7.666667,53.823288135714314,10.863983314939432,56.0,53.777827087526305
Rac1 perturbation; Cdc42 response,double_hill,(H(R)+H(R)),1,3,0,8.0,51.90479413160716,11.010775975290125,56.0,54.20117643455973
Rac1 perturbation; Cdc42 response,double_hill,(H(R)+H(R)),1,3,0,8.333333,51.90697419892856,10.139950267233813,56.0,54.60307871933389
Rac1 perturbation; Cdc42 response,double_hill,(H(R)+H(R)),1,3,0,8.666667,51.74549677267857,10.541134502239517,56.0,54.98507219508886
Rac1 perturbation; Cdc42 response,double_hill,(H(R)+H(R)),1,3,0,9.0,52.604561248571436,10.642679744999985,56.0,55.34853264928044
Rac1 perturbation; Cdc42 response,double_hill,(H(R)+H(R)),1,3,0,9.333333,51.231733485535706,10.851944544841261,56.0,55.69469961041317
Rac1 perturbation; Cdc42 response,double_hill,(H(R)+H(R)),1,3,0,9.666667,52.22727063178574,10.638437435555277,56.0,56.02468763536116
Rac1 perturbation; Cdc42 response,double_hill,(H(R)+H(R)),1,3,0,10.0,50.698182273035734,10.542941423713255,56.0,56.33949446118455
Rac1 perturbation; Cdc42 response,double_hill,(H(R)+H(R)),1,3,0,10.33333,54.06696888107144,10.702765966730157,56.0,56.640011189199235
Rac1 perturbation; Cdc42 response,double_hill,(H(R)+H(R)),1,3,0,10.66667,50.439666005714294,11.084816945978258,56.0,56.92703763930442
Rac1 perturbation; Cdc42 response,double_hill,(H(R)+H(R)),1,3,0,11.0,54.65172079357143,11.333885212747417,56.0,57.20123930428594
Rac1 perturbation; Cdc42 response,double_hill,(H(R)+H(R)),1,3,0,11.33333,52.14428028982143,10.806780589267332,56.0,57.46319551175067
Rac1 perturbation; Cdc42 response,double_hill,(H(R)+H(R)),1,3,0,11.66667,51.87196959607144,11.439420603811717,56.0,57.71336034695066
Rac1 perturbation; Cdc42 response,double_hill,(H(R)+H(R)),1,3,0,12.0,58.43871945178572,11.606161569484064,56.0,57.95202453042013
Rac1 perturbation; Cdc42 response,double_hill,(H(R)+H(R)),1,3,0,12.33333,55.085658180357136,11.032267610609408,56.0,58.17933707503663
Rac1 perturbation; Cdc42 response,double_hill,(H(R)+H(R)),1,3,0,12.66667,58.64790563089287,11.327073931852615,56.0,58.39525148112607
Rac1 perturbation; Cdc42 response,double_hill,(H(R)+H(R)),1,3,0,13.0,61.814454952142874,11.731313212238682,56.0,58.599471589002704
Rac1 perturbation; Cdc42 response,double_hill,(H(R)+H(R)),1,3,0,13.33333,56.964429048214285,11.906372097202055,56.0,58.79144784857001
Rac1 perturbation; Cdc42 response,double_hill,(H(R)+H(R)),1,3,0,13.66667,57.82881474017859,12.38989717920228,56.0,58.970307758903246
Rac1 perturbation; Cdc42 response,double_hill,(H(R)+H(R)),1,3,0,14.0,60.89789809357142,12.211422473989089,56.0,59.13478804134765
Rac1 perturbation; Cdc42 response,double_hill,(H(R)+H(R)),1,3,0,14.33333,56.72333004464287,12.463769096533317,56.0,59.28321000030213
Rac1 perturbation; Cdc42 response,double_hill,(H(R)+H(R)),1,3,0,14.66667,61.075306226964265,13.0784984598502,56.0,59.41340288090802
Rac1 perturbation; Cdc42 response,double_hill,(H(R)+H(R)),1,3,0,15.0,62.904096297321416,12.151439818200448,56.0,59.52263720801444
Rac1 perturbation; Cdc42 response,double_hill,(H(R)+H(R)),1,3,0,15.33333,62.09625783482145,12.727114343581496,56.0,59.60759587068093
Rac1 perturbation; Cdc42 response,double_hill,(H(R)+H(R)),1,3,0,15.66667,56.46932148821429,12.177318652118275,56.0,59.66431548392812
Rac1 perturbation; Cdc42 response,double_hill,(H(R)+H(R)),1,3,0,16.0,58.19295324714285,12.181067682968143,56.0,59.68815477890604
Rac1 perturbation; Cdc42 response,double_hill,(H(R)+H(R)),1,3,0,16.33333,64.50140953892856,12.661195440931824,56.0,59.67379467779872
Rac1 perturbation; Cdc42 response,double_hill,(H(R)+H(R)),1,3,0,16.66667,62.852034469642874,11.277303250885263,56.0,59.61524329932386
Rac1 perturbation; Cdc42 response,double_hill,(H(R)+H(R)),1,3,0,17.0,66.45181134142857,11.165071803688988,56.0,59.50589373676202
Rac1 perturbation; Cdc42 response,double_hill,(H(R)+H(R)),1,3,0,17.33333,57.421065627678594,11.680646628908903,56.0,59.33859934736252
Rac1 perturbation; Cdc42 response,double_hill,(H(R)+H(R)),1,3,0,17.66667,61.71634201214285,11.595872688120714,56.0,59.105800240512046
Rac1 perturbation; Cdc42 response,double_hill,(H(R)+H(R)),1,3,0,18.0,64.21866456446428,11.601979812504425,56.0,58.79972831118129
Rac1 perturbation; Cdc42 response,double_hill,(H(R)+H(R)),1,3,0,18.33333,57.705033513749996,11.955581833649635,56.0,58.41259019311971
Rac1 perturbation; Cdc42 response,double_hill,(H(R)+H(R)),1,3,0,18.66667,65.40024261232142,11.470379982282436,56.0,57.93684757278713
Rac1 perturbation; Cdc42 response,double_hill,(H(R)+H(R)),1,3,0,19.0,63.10916902857142,11.921338915995449,56.0,57.3655801005464
Rac1 perturbation; Cdc42 response,double_hill,(H(R)+H(R)),1,3,0,19.33333,60.21811466982144,12.110144207906488,56.0,56.69273612924287
Rac1 perturbation; Cdc42 response,double_hill,(H(R)+H(R)),1,3,0,19.66667,67.68370798124998,12.532239969121928,56.0,55.91350773057984
Rac1 perturbation; Cdc42 response,double_hill,(H(R)+H(R)),1,3,0,20.0,65.88854110875,12.325811193535127,56.0,55.02474850449465
Rac1 perturbation; Cdc42 response,double_hill,(H(R)+H(R)),1,3,0,20.33333,60.942376883749986,12.671791082956299,56.0,54.0251308253646
Rac1 perturbation; Cdc42 response,double_hill,(H(R)+H(R)),1,3,0,20.66667,58.72241103892858,12.021432487384956,56.0,52.91543608951041
Rac1 perturbation; Cdc42 response,double_hill,(H(R)+H(R)),1,3,0,21.0,53.51671177285713,11.960341593184005,56.0,51.69881832947848
Rac1 perturbation; Cdc42 response,double_hill,(H(R)+H(R)),1,3,0,21.33333,52.13898499750002,11.591237873900097,56.0,50.380648291511925
Rac1 perturbation; Cdc42 response,double_hill,(H(R)+H(R)),1,3,0,21.66667,49.44778040500001,9.954845105598858,56.0,48.96852787216963
Rac1 perturbation; Cdc42 response,double_hill,(H(R)+H(R)),1,3,0,22.0,45.060534001071424,9.45136452278932,56.0,47.47224231140577
Rac1 perturbation; Cdc42 response,double_hill,(H(R)+H(R)),1,3,0,22.33333,43.02879638517859,8.719762175239723,56.0,45.90321009376419
Rac1 perturbation; Cdc42 response,double_hill,(H(R)+H(R)),1,3,0,22.66667,37.47054658071429,9.909421561463999,56.0,44.27421748662838
Rac1 perturbation; Cdc42 response,double_hill,(H(R)+H(R)),1,3,0,23.0,41.85401168000003,9.023062811264177,56.0,42.599132271627326
Rac1 perturbation; Cdc42 response,double_hill,(H(R)+H(R)),1,3,0,23.33333,37.604964228035726,10.062365408446167,56.0,40.8921393009653
Rac1 perturbation; Cdc42 response,double_hill,(H(R)+H(R)),1,3,0,23.66667,37.97096682785712,10.205204664719476,56.0,39.167416767363115
Rac1 perturbation; Cdc42 response,double_hill,(H(R)+H(R)),1,3,0,24.0,33.44989865607143,9.526733026885863,56.0,37.43886393012764
Rac1 perturbation; Cdc42 response,double_hill,(H(R)+H(R)),1,3,0,24.33333,31.101288853392855,10.279031442108089,56.0,35.719416295912175
Rac1 perturbation; Cdc42 response,double_hill,(H(R)+H(R)),1,3,0,24.66667,31.914791204107143,11.037035766121848,56.0,34.020902534624945
Rac1 perturbation; Cdc42 response,double_hill,(H(R)+H(R)),1,3,0,25.0,27.23004851285713,11.038314703262866,56.0,32.3539790190541
Rac1 perturbation; Cdc42 response,double_hill,(H(R)+H(R)),1,3,0,25.33333,32.39120195928573,11.042930203809027,56.0,30.727689343727157
Rac1 perturbation; Cdc42 response,double_hill,(H(R)+H(R)),1,3,0,25.66667,30.632160998035726,10.340276930676131,56.0,29.14956543554758
Rac1 perturbation; Cdc42 response,double_hill,(H(R)+H(R)),1,3,0,26.0,27.574354252678567,9.334215664690287,56.0,27.625773858280013
Rac1 perturbation; Cdc42 response,double_hill,(H(R)+H(R)),1,3,0,26.33333,26.98825472053571,9.472706586669132,56.0,26.160895269804726
Rac1 perturbation; Cdc42 response,double_hill,(H(R)+H(R)),1,3,0,26.66667,23.828536430892857,9.13385834952662,56.0,24.758178531677984
Rac1 perturbation; Cdc42 response,double_hill,(H(R)+H(R)),1,3,0,27.0,21.245405446785718,8.572782839915652,56.0,23.41979038262032
Rac1 perturbation; Cdc42 response,double_hill,(H(R)+H(R)),1,3,0,27.33333,23.797148394821424,8.805907887438186,56.0,22.146709517197507
Rac1 perturbation; Cdc42 response,double_hill,(H(R)+H(R)),1,3,0,27.66667,21.786008418392857,8.789026557627777,56.0,20.939013704916754
Rac1 perturbation; Cdc42 response,double_hill,(H(R)+H(R)),1,3,0,28.0,19.72074452785714,8.641463671185805,56.0,19.796129484727373
Rac1 perturbation; Cdc42 response,double_hill,(H(R)+H(R)),1,3,0,28.33333,19.56133962517857,8.071880993712787,56.0,18.716756644847152
Rac1 perturbation; Cdc42 response,double_hill,(H(R)+H(R)),1,3,0,28.66667,18.007073220000002,7.240060099460427,56.0,17.69911559499296
Rac1 perturbation; Cdc42 response,double_hill,(H(R)+H(R)),1,3,0,29.0,19.781916438928565,7.319891109470625,56.0,16.74114664372462
Rac1 perturbation; Cdc42 response,double_hill,(H(R)+H(R)),1,3,0,29.33333,17.908076492678568,7.0668718053002655,56.0,15.840428376797583
Rac1 perturbation; Cdc42 response,double_hill,(H(R)+H(R)),1,3,0,29.66667,12.991376950000005,7.059269006642786,56.0,14.994363658292755
Rac1 perturbation; Cdc42 response,double_hill,(H(R)+H(R)),1,3,0,30.0,15.252381256785714,6.399419728850981,56.0,14.200320665505807
Rac1 perturbation; Cdc42 response,double_hill,(H(R)+H(R)),1,3,0,30.33333,15.787882359821426,6.563629955811476,56.0,13.455540355609273
Rac1 perturbation; Cdc42 response,double_hill,(H(R)+H(R)),1,3,0,30.66667,9.94503414982142,6.731632025512227,56.0,12.75726725694377
Rac1 perturbation; Cdc42 response,double_hill,(H(R)+H(R)),1,3,0,31.0,10.036817084107152,6.974630393313972,56.0,12.102843451078492
Rac1 perturbation; Cdc42 response,double_hill,(H(R)+H(R)),1,3,0,31.33333,9.230053227142859,7.172982663463468,56.0,11.48961201622022
Rac1 perturbation; Cdc42 response,double_hill,(H(R)+H(R)),1,3,0,31.66667,10.85532622482143,7.095689350913041,56.0,10.915007020364165
Rac1 perturbation; Cdc42 response,double_hill,(H(R)+H(R)),1,3,0,32.0,10.824877368928572,6.444077889813405,56.0,10.376615077800054
Rac1 perturbation; Cdc42 response,double_hill,(H(R)+H(R)),1,3,0,32.33333,13.311633482857141,6.671262005017986,56.0,9.87208237518697
Rac1 perturbation; Cdc42 response,double_hill,(H(R)+H(R)),1,3,0,32.66667,11.734538476250005,6.632334561615327,56.0,9.399177214041707
Rac1 perturbation; Cdc42 response,double_hill,(H(R)+H(R)),1,3,0,33.0,10.346004451607149,6.896387904216912,56.0,8.95583099861075
Rac1 perturbation; Cdc42 response,double_hill,(H(R)+H(R)),1,3,0,33.33333,9.172568554464283,6.831884347604223,56.0,8.540053671289321
Rac1 perturbation; Cdc42 response,double_hill,(H(R)+H(R)),1,3,0,33.66667,6.891297014642854,6.7290806069907845,56.0,8.14997851507458
Rac1 perturbation; Cdc42 response,double_hill,(H(R)+H(R)),1,3,0,34.0,7.357812429642855,6.602966027505014,56.0,7.783890591943454
Rac1 perturbation; Cdc42 response,double_hill,(H(R)+H(R)),1,3,0,34.33333,4.517738089999999,7.132717334021903,56.0,7.440152610685757
Rac1 perturbation; Cdc42 response,double_hill,(H(R)+H(R)),1,3,0,34.66667,8.732542402678572,5.53186065202682,56.0,7.11723832134561
Rac1 perturbation; Cdc42 response,double_hill,(H(R)+H(R)),1,3,0,35.0,7.524200926249997,5.4461896146963005,56.0,6.8137533449509675
Rac1 perturbation; Cdc42 response,double_hill,(H(R)+H(R)),1,3,0,35.33333,8.171790244107145,5.958449540399851,56.0,6.528371627868147
Rac1 perturbation; Cdc42 response,double_hill,(H(R)+H(R)),1,3,0,35.66667,2.685928293750003,6.021733786898675,56.0,6.25986134667648
Rac1 perturbation; Cdc42 response,double_hill,(H(R)+H(R)),1,3,0,36.0,7.68786100071428,4.934698327055554,56.0,6.007101023613231
Rac1 perturbation; Cdc42 response,double_hill,(H(R)+H(R)),1,3,0,36.33333,10.28194019517858,5.482052580966321,56.0,5.769025736030528
Rac1 perturbation; Cdc42 response,double_hill,(H(R)+H(R)),1,3,0,36.66667,6.935392835178574,5.434021527126732,56.0,5.544647913505017
Rac1 perturbation; Cdc42 response,double_hill,(H(R)+H(R)),1,3,0,37.0,2.682297860535712,5.833526565132814,56.0,5.333070396071925
Rac1 perturbation; Cdc42 response,double_hill,(H(R)+H(R)),1,3,0,37.33333,6.265093537857142,4.872114708366953,56.0,5.133441172872125
Rac1 perturbation; Cdc42 response,double_hill,(H(R)+H(R)),1,3,0,37.66667,4.158479823928573,4.88215272901345,56.0,4.9449705298289715
Rac1 perturbation; Cdc42 response,double_hill,(H(R)+H(R)),1,3,0,38.0,2.774460211607141,5.726416993581822,56.0,4.766941999050168
Rac1 perturbation; Cdc42 response,double_hill,(H(R)+H(R)),1,3,0,38.33333,4.220438699285711,5.851693453622379,56.0,4.598674337262153
Rac1 perturbation; Cdc42 response,double_hill,(H(R)+H(R)),1,3,0,38.66667,5.898403981785713,5.248780406414624,56.0,4.439535941639399
Rac1 perturbation; Cdc42 response,double_hill,(H(R)+H(R)),1,3,0,39.0,2.116079720535715,5.688757520636718,56.0,4.28895424512509
Rac1 perturbation; Cdc42 response,double_hill,(H(R)+H(R)),1,3,0,39.33333,1.6641076423214272,5.611694198127312,56.0,4.146383740607249
Rac1 perturbation; Cdc42 response,double_hill,(H(R)+H(R)),1,3,0,39.66667,4.2761368823214285,5.280550466228412,56.0,4.011318267055742
Rac1 perturbation; Cdc42 response,double_hill,(H(R)+H(R)),1,3,0,40.0,2.753929924107144,5.166320955931824,56.0,3.8832991899642266
Rac1 perturbation; Cdc42 response,EML_expr,R,0,1,0,0.0,3.827074169107142,1.1420722545863766,56.0,3.8270746517465772
Rac1 perturbation; Cdc42 response,EML_expr,R,0,1,0,0.3333333,17.239386878750004,3.6230717825189522,56.0,24.55333700211946
Rac1 perturbation; Cdc42 response,EML_expr,R,0,1,0,0.6666667,27.944322892321427,5.920585685086165,56.0,24.553337045065238
Rac1 perturbation; Cdc42 response,EML_expr,R,0,1,0,1.0,33.91203219839284,7.19853947353434,56.0,24.553337045065238
Rac1 perturbation; Cdc42 response,EML_expr,R,0,1,0,1.333333,40.62532188303572,8.336321677359155,56.0,24.553337045065238
Rac1 perturbation; Cdc42 response,EML_expr,R,0,1,0,1.666667,39.357031090535735,8.579362248519546,56.0,24.553337045065238
Rac1 perturbation; Cdc42 response,EML_expr,R,0,1,0,2.0,40.64119682910716,8.591445060017433,56.0,24.553337045065238
Rac1 perturbation; Cdc42 response,EML_expr,R,0,1,0,2.333333,42.037109865535726,8.792954344886885,56.0,24.553337045065238
Rac1 perturbation; Cdc42 response,EML_expr,R,0,1,0,2.666667,42.51144543464286,9.295292596102575,56.0,24.553337045065238
Rac1 perturbation; Cdc42 response,EML_expr,R,0,1,0,3.0,48.12939723964284,9.963933815532174,56.0,24.553337045065238
Rac1 perturbation; Cdc42 response,EML_expr,R,0,1,0,3.333333,45.16564558374999,10.429372020480425,56.0,24.553337045065238
Rac1 perturbation; Cdc42 response,EML_expr,R,0,1,0,3.666667,49.82137254517857,10.932543988201424,56.0,24.553337045065238
Rac1 perturbation; Cdc42 response,EML_expr,R,0,1,0,4.0,49.46123102089284,11.171653616071804,56.0,24.553337045065238
Rac1 perturbation; Cdc42 response,EML_expr,R,0,1,0,4.333334,54.19426600017859,11.481299788019944,56.0,24.553337045065238
Rac1 perturbation; Cdc42 response,EML_expr,R,0,1,0,4.666667,49.670968873571425,10.757617281060043,56.0,24.553337045065238
Rac1 perturbation; Cdc42 response,EML_expr,R,0,1,0,5.0,50.903237674285734,10.529299956320257,56.0,24.553337045065238
Rac1 perturbation; Cdc42 response,EML_expr,R,0,1,0,5.333334,48.62251751982142,10.221503553325313,56.0,24.553337045065238
Rac1 perturbation; Cdc42 response,EML_expr,R,0,1,0,5.666667,48.60424288107142,11.563656042466464,56.0,24.553337045065238
Rac1 perturbation; Cdc42 response,EML_expr,R,0,1,0,6.0,52.024706377321436,10.918739547859715,56.0,24.553337045065238
Rac1 perturbation; Cdc42 response,EML_expr,R,0,1,0,6.333334,50.76793762,11.40638591876654,56.0,24.553337045065238
Rac1 perturbation; Cdc42 response,EML_expr,R,0,1,0,6.666667,54.43562262785714,11.915146283078842,56.0,24.553337045065238
Rac1 perturbation; Cdc42 response,EML_expr,R,0,1,0,7.0,52.03527786339288,11.713402551630317,56.0,24.553337045065238
Rac1 perturbation; Cdc42 response,EML_expr,R,0,1,0,7.333334,50.833776938214285,11.055851899450207,56.0,24.553337045065238
Rac1 perturbation; Cdc42 response,EML_expr,R,0,1,0,7.666667,53.823288135714314,10.863983314939432,56.0,24.553337045065238
Rac1 perturbation; Cdc42 response,EML_expr,R,0,1,0,8.0,51.90479413160716,11.010775975290125,56.0,24.553337045065238
Rac1 perturbation; Cdc42 response,EML_expr,R,0,1,0,8.333333,51.90697419892856,10.139950267233813,56.0,24.553337045065238
Rac1 perturbation; Cdc42 response,EML_expr,R,0,1,0,8.666667,51.74549677267857,10.541134502239517,56.0,24.553337045065238
Rac1 perturbation; Cdc42 response,EML_expr,R,0,1,0,9.0,52.604561248571436,10.642679744999985,56.0,24.553337045065238
Rac1 perturbation; Cdc42 response,EML_expr,R,0,1,0,9.333333,51.231733485535706,10.851944544841261,56.0,24.553337045065238
Rac1 perturbation; Cdc42 response,EML_expr,R,0,1,0,9.666667,52.22727063178574,10.638437435555277,56.0,24.553337045065238
Rac1 perturbation; Cdc42 response,EML_expr,R,0,1,0,10.0,50.698182273035734,10.542941423713255,56.0,24.553337045065238
Rac1 perturbation; Cdc42 response,EML_expr,R,0,1,0,10.33333,54.06696888107144,10.702765966730157,56.0,24.553337045065238
Rac1 perturbation; Cdc42 response,EML_expr,R,0,1,0,10.66667,50.439666005714294,11.084816945978258,56.0,24.553337045065238
Rac1 perturbation; Cdc42 response,EML_expr,R,0,1,0,11.0,54.65172079357143,11.333885212747417,56.0,24.553337045065238
Rac1 perturbation; Cdc42 response,EML_expr,R,0,1,0,11.33333,52.14428028982143,10.806780589267332,56.0,24.553337045065238
Rac1 perturbation; Cdc42 response,EML_expr,R,0,1,0,11.66667,51.87196959607144,11.439420603811717,56.0,24.553337045065238
Rac1 perturbation; Cdc42 response,EML_expr,R,0,1,0,12.0,58.43871945178572,11.606161569484064,56.0,24.553337045065238
Rac1 perturbation; Cdc42 response,EML_expr,R,0,1,0,12.33333,55.085658180357136,11.032267610609408,56.0,24.553337045065238
Rac1 perturbation; Cdc42 response,EML_expr,R,0,1,0,12.66667,58.64790563089287,11.327073931852615,56.0,24.553337045065238
Rac1 perturbation; Cdc42 response,EML_expr,R,0,1,0,13.0,61.814454952142874,11.731313212238682,56.0,24.553337045065238
Rac1 perturbation; Cdc42 response,EML_expr,R,0,1,0,13.33333,56.964429048214285,11.906372097202055,56.0,24.553337045065238
Rac1 perturbation; Cdc42 response,EML_expr,R,0,1,0,13.66667,57.82881474017859,12.38989717920228,56.0,24.553337045065238
Rac1 perturbation; Cdc42 response,EML_expr,R,0,1,0,14.0,60.89789809357142,12.211422473989089,56.0,24.553337045065238
Rac1 perturbation; Cdc42 response,EML_expr,R,0,1,0,14.33333,56.72333004464287,12.463769096533317,56.0,24.553337045065238
Rac1 perturbation; Cdc42 response,EML_expr,R,0,1,0,14.66667,61.075306226964265,13.0784984598502,56.0,24.553337045065238
Rac1 perturbation; Cdc42 response,EML_expr,R,0,1,0,15.0,62.904096297321416,12.151439818200448,56.0,24.553337045065238
Rac1 perturbation; Cdc42 response,EML_expr,R,0,1,0,15.33333,62.09625783482145,12.727114343581496,56.0,24.553337045065238
Rac1 perturbation; Cdc42 response,EML_expr,R,0,1,0,15.66667,56.46932148821429,12.177318652118275,56.0,24.553337045065238
Rac1 perturbation; Cdc42 response,EML_expr,R,0,1,0,16.0,58.19295324714285,12.181067682968143,56.0,24.553337045065238
Rac1 perturbation; Cdc42 response,EML_expr,R,0,1,0,16.33333,64.50140953892856,12.661195440931824,56.0,24.553337045065238
Rac1 perturbation; Cdc42 response,EML_expr,R,0,1,0,16.66667,62.852034469642874,11.277303250885263,56.0,24.553337045065238
Rac1 perturbation; Cdc42 response,EML_expr,R,0,1,0,17.0,66.45181134142857,11.165071803688988,56.0,24.553337045065238
Rac1 perturbation; Cdc42 response,EML_expr,R,0,1,0,17.33333,57.421065627678594,11.680646628908903,56.0,24.553337045065238
Rac1 perturbation; Cdc42 response,EML_expr,R,0,1,0,17.66667,61.71634201214285,11.595872688120714,56.0,24.553337045065238
Rac1 perturbation; Cdc42 response,EML_expr,R,0,1,0,18.0,64.21866456446428,11.601979812504425,56.0,24.553337045065238
Rac1 perturbation; Cdc42 response,EML_expr,R,0,1,0,18.33333,57.705033513749996,11.955581833649635,56.0,24.553337045065238
Rac1 perturbation; Cdc42 response,EML_expr,R,0,1,0,18.66667,65.40024261232142,11.470379982282436,56.0,24.553337045065238
Rac1 perturbation; Cdc42 response,EML_expr,R,0,1,0,19.0,63.10916902857142,11.921338915995449,56.0,24.553337045065238
Rac1 perturbation; Cdc42 response,EML_expr,R,0,1,0,19.33333,60.21811466982144,12.110144207906488,56.0,24.553337045065238
Rac1 perturbation; Cdc42 response,EML_expr,R,0,1,0,19.66667,67.68370798124998,12.532239969121928,56.0,24.553337045065238
Rac1 perturbation; Cdc42 response,EML_expr,R,0,1,0,20.0,65.88854110875,12.325811193535127,56.0,24.553337045065238
Rac1 perturbation; Cdc42 response,EML_expr,R,0,1,0,20.33333,60.942376883749986,12.671791082956299,56.0,24.553337045065238
Rac1 perturbation; Cdc42 response,EML_expr,R,0,1,0,20.66667,58.72241103892858,12.021432487384956,56.0,24.553337045065238
Rac1 perturbation; Cdc42 response,EML_expr,R,0,1,0,21.0,53.51671177285713,11.960341593184005,56.0,24.553337045065238
Rac1 perturbation; Cdc42 response,EML_expr,R,0,1,0,21.33333,52.13898499750002,11.591237873900097,56.0,24.553337045065238
Rac1 perturbation; Cdc42 response,EML_expr,R,0,1,0,21.66667,49.44778040500001,9.954845105598858,56.0,24.553337045065238
Rac1 perturbation; Cdc42 response,EML_expr,R,0,1,0,22.0,45.060534001071424,9.45136452278932,56.0,24.553337045065238
Rac1 perturbation; Cdc42 response,EML_expr,R,0,1,0,22.33333,43.02879638517859,8.719762175239723,56.0,24.553337045065238
Rac1 perturbation; Cdc42 response,EML_expr,R,0,1,0,22.66667,37.47054658071429,9.909421561463999,56.0,24.553337045065238
Rac1 perturbation; Cdc42 response,EML_expr,R,0,1,0,23.0,41.85401168000003,9.023062811264177,56.0,24.553337045065238
Rac1 perturbation; Cdc42 response,EML_expr,R,0,1,0,23.33333,37.604964228035726,10.062365408446167,56.0,24.553337045065238
Rac1 perturbation; Cdc42 response,EML_expr,R,0,1,0,23.66667,37.97096682785712,10.205204664719476,56.0,24.553337045065238
Rac1 perturbation; Cdc42 response,EML_expr,R,0,1,0,24.0,33.44989865607143,9.526733026885863,56.0,24.553337045065238
Rac1 perturbation; Cdc42 response,EML_expr,R,0,1,0,24.33333,31.101288853392855,10.279031442108089,56.0,24.553337045065238
Rac1 perturbation; Cdc42 response,EML_expr,R,0,1,0,24.66667,31.914791204107143,11.037035766121848,56.0,24.553337045065238
Rac1 perturbation; Cdc42 response,EML_expr,R,0,1,0,25.0,27.23004851285713,11.038314703262866,56.0,24.553337045065238
Rac1 perturbation; Cdc42 response,EML_expr,R,0,1,0,25.33333,32.39120195928573,11.042930203809027,56.0,24.553337045065238
Rac1 perturbation; Cdc42 response,EML_expr,R,0,1,0,25.66667,30.632160998035726,10.340276930676131,56.0,24.553337045065238
Rac1 perturbation; Cdc42 response,EML_expr,R,0,1,0,26.0,27.574354252678567,9.334215664690287,56.0,24.553337045065238
Rac1 perturbation; Cdc42 response,EML_expr,R,0,1,0,26.33333,26.98825472053571,9.472706586669132,56.0,24.553337045065238
Rac1 perturbation; Cdc42 response,EML_expr,R,0,1,0,26.66667,23.828536430892857,9.13385834952662,56.0,24.553337045065238
Rac1 perturbation; Cdc42 response,EML_expr,R,0,1,0,27.0,21.245405446785718,8.572782839915652,56.0,24.553337045065238
Rac1 perturbation; Cdc42 response,EML_expr,R,0,1,0,27.33333,23.797148394821424,8.805907887438186,56.0,24.553337045065238
Rac1 perturbation; Cdc42 response,EML_expr,R,0,1,0,27.66667,21.786008418392857,8.789026557627777,56.0,24.553337045065238
Rac1 perturbation; Cdc42 response,EML_expr,R,0,1,0,28.0,19.72074452785714,8.641463671185805,56.0,24.553337045065238
Rac1 perturbation; Cdc42 response,EML_expr,R,0,1,0,28.33333,19.56133962517857,8.071880993712787,56.0,24.553337045065238
Rac1 perturbation; Cdc42 response,EML_expr,R,0,1,0,28.66667,18.007073220000002,7.240060099460427,56.0,24.553337045065238
Rac1 perturbation; Cdc42 response,EML_expr,R,0,1,0,29.0,19.781916438928565,7.319891109470625,56.0,24.553337045065238
Rac1 perturbation; Cdc42 response,EML_expr,R,0,1,0,29.33333,17.908076492678568,7.0668718053002655,56.0,24.553337045065238
Rac1 perturbation; Cdc42 response,EML_expr,R,0,1,0,29.66667,12.991376950000005,7.059269006642786,56.0,24.553337045065238
Rac1 perturbation; Cdc42 response,EML_expr,R,0,1,0,30.0,15.252381256785714,6.399419728850981,56.0,24.553337045065238
Rac1 perturbation; Cdc42 response,EML_expr,R,0,1,0,30.33333,15.787882359821426,6.563629955811476,56.0,24.553337045065238
Rac1 perturbation; Cdc42 response,EML_expr,R,0,1,0,30.66667,9.94503414982142,6.731632025512227,56.0,24.553337045065238
Rac1 perturbation; Cdc42 response,EML_expr,R,0,1,0,31.0,10.036817084107152,6.974630393313972,56.0,24.553337045065238
Rac1 perturbation; Cdc42 response,EML_expr,R,0,1,0,31.33333,9.230053227142859,7.172982663463468,56.0,24.553337045065238
Rac1 perturbation; Cdc42 response,EML_expr,R,0,1,0,31.66667,10.85532622482143,7.095689350913041,56.0,24.553337045065238
Rac1 perturbation; Cdc42 response,EML_expr,R,0,1,0,32.0,10.824877368928572,6.444077889813405,56.0,24.553337045065238
Rac1 perturbation; Cdc42 response,EML_expr,R,0,1,0,32.33333,13.311633482857141,6.671262005017986,56.0,24.553337045065238
Rac1 perturbation; Cdc42 response,EML_expr,R,0,1,0,32.66667,11.734538476250005,6.632334561615327,56.0,24.553337045065238
Rac1 perturbation; Cdc42 response,EML_expr,R,0,1,0,33.0,10.346004451607149,6.896387904216912,56.0,24.553337045065238
Rac1 perturbation; Cdc42 response,EML_expr,R,0,1,0,33.33333,9.172568554464283,6.831884347604223,56.0,24.553337045065238
Rac1 perturbation; Cdc42 response,EML_expr,R,0,1,0,33.66667,6.891297014642854,6.7290806069907845,56.0,24.553337045065238
Rac1 perturbation; Cdc42 response,EML_expr,R,0,1,0,34.0,7.357812429642855,6.602966027505014,56.0,24.553337045065238
Rac1 perturbation; Cdc42 response,EML_expr,R,0,1,0,34.33333,4.517738089999999,7.132717334021903,56.0,24.553337045065238
Rac1 perturbation; Cdc42 response,EML_expr,R,0,1,0,34.66667,8.732542402678572,5.53186065202682,56.0,24.553337045065238
Rac1 perturbation; Cdc42 response,EML_expr,R,0,1,0,35.0,7.524200926249997,5.4461896146963005,56.0,24.553337045065238
Rac1 perturbation; Cdc42 response,EML_expr,R,0,1,0,35.33333,8.171790244107145,5.958449540399851,56.0,24.553337045065238
Rac1 perturbation; Cdc42 response,EML_expr,R,0,1,0,35.66667,2.685928293750003,6.021733786898675,56.0,24.553337045065238
Rac1 perturbation; Cdc42 response,EML_expr,R,0,1,0,36.0,7.68786100071428,4.934698327055554,56.0,24.553337045065238
Rac1 perturbation; Cdc42 response,EML_expr,R,0,1,0,36.33333,10.28194019517858,5.482052580966321,56.0,24.553337045065238
Rac1 perturbation; Cdc42 response,EML_expr,R,0,1,0,36.66667,6.935392835178574,5.434021527126732,56.0,24.553337045065238
Rac1 perturbation; Cdc42 response,EML_expr,R,0,1,0,37.0,2.682297860535712,5.833526565132814,56.0,24.553337045065238
Rac1 perturbation; Cdc42 response,EML_expr,R,0,1,0,37.33333,6.265093537857142,4.872114708366953,56.0,24.553337045065238
Rac1 perturbation; Cdc42 response,EML_expr,R,0,1,0,37.66667,4.158479823928573,4.88215272901345,56.0,24.553337045065238
Rac1 perturbation; Cdc42 response,EML_expr,R,0,1,0,38.0,2.774460211607141,5.726416993581822,56.0,24.553337045065238
Rac1 perturbation; Cdc42 response,EML_expr,R,0,1,0,38.33333,4.220438699285711,5.851693453622379,56.0,24.553337045065238
Rac1 perturbation; Cdc42 response,EML_expr,R,0,1,0,38.66667,5.898403981785713,5.248780406414624,56.0,24.553337045065238
Rac1 perturbation; Cdc42 response,EML_expr,R,0,1,0,39.0,2.116079720535715,5.688757520636718,56.0,24.553337045065238
Rac1 perturbation; Cdc42 response,EML_expr,R,0,1,0,39.33333,1.6641076423214272,5.611694198127312,56.0,24.553337045065238
Rac1 perturbation; Cdc42 response,EML_expr,R,0,1,0,39.66667,4.2761368823214285,5.280550466228412,56.0,24.553337045065238
Rac1 perturbation; Cdc42 response,EML_expr,R,0,1,0,40.0,2.753929924107144,5.166320955931824,56.0,24.553337045065238
Rac1 perturbation; Cdc42 response,EML_expr,(R+R),0,3,0,0.0,3.827074169107142,1.1420722545863766,56.0,3.82706742349147
Rac1 perturbation; Cdc42 response,EML_expr,(R+R),0,3,0,0.3333333,17.239386878750004,3.6230717825189522,56.0,24.553261299333062
Rac1 perturbation; Cdc42 response,EML_expr,(R+R),0,3,0,0.6666667,27.944322892321427,5.920585685086165,56.0,24.553336900102707
Rac1 perturbation; Cdc42 response,EML_expr,(R+R),0,3,0,1.0,33.91203219839284,7.19853947353434,56.0,24.55333690037847
Rac1 perturbation; Cdc42 response,EML_expr,(R+R),0,3,0,1.333333,40.62532188303572,8.336321677359155,56.0,24.55333690037847
Rac1 perturbation; Cdc42 response,EML_expr,(R+R),0,3,0,1.666667,39.357031090535735,8.579362248519546,56.0,24.55333690037847
Rac1 perturbation; Cdc42 response,EML_expr,(R+R),0,3,0,2.0,40.64119682910716,8.591445060017433,56.0,24.55333690037847
Rac1 perturbation; Cdc42 response,EML_expr,(R+R),0,3,0,2.333333,42.037109865535726,8.792954344886885,56.0,24.55333690037847
Rac1 perturbation; Cdc42 response,EML_expr,(R+R),0,3,0,2.666667,42.51144543464286,9.295292596102575,56.0,24.55333690037847
Rac1 perturbation; Cdc42 response,EML_expr,(R+R),0,3,0,3.0,48.12939723964284,9.963933815532174,56.0,24.55333690037847
Rac1 perturbation; Cdc42 response,EML_expr,(R+R),0,3,0,3.333333,45.16564558374999,10.429372020480425,56.0,24.55333690037847
Rac1 perturbation; Cdc42 response,EML_expr,(R+R),0,3,0,3.666667,49.82137254517857,10.932543988201424,56.0,24.55333690037847
Rac1 perturbation; Cdc42 response,EML_expr,(R+R),0,3,0,4.0,49.46123102089284,11.171653616071804,56.0,24.55333690037847
Rac1 perturbation; Cdc42 response,EML_expr,(R+R),0,3,0,4.333334,54.19426600017859,11.481299788019944,56.0,24.55333690037847
Rac1 perturbation; Cdc42 response,EML_expr,(R+R),0,3,0,4.666667,49.670968873571425,10.757617281060043,56.0,24.55333690037847
Rac1 perturbation; Cdc42 response,EML_expr,(R+R),0,3,0,5.0,50.903237674285734,10.529299956320257,56.0,24.55333690037847
Rac1 perturbation; Cdc42 response,EML_expr,(R+R),0,3,0,5.333334,48.62251751982142,10.221503553325313,56.0,24.55333690037847
Rac1 perturbation; Cdc42 response,EML_expr,(R+R),0,3,0,5.666667,48.60424288107142,11.563656042466464,56.0,24.55333690037847
Rac1 perturbation; Cdc42 response,EML_expr,(R+R),0,3,0,6.0,52.024706377321436,10.918739547859715,56.0,24.55333690037847
Rac1 perturbation; Cdc42 response,EML_expr,(R+R),0,3,0,6.333334,50.76793762,11.40638591876654,56.0,24.55333690037847
Rac1 perturbation; Cdc42 response,EML_expr,(R+R),0,3,0,6.666667,54.43562262785714,11.915146283078842,56.0,24.55333690037847
Rac1 perturbation; Cdc42 response,EML_expr,(R+R),0,3,0,7.0,52.03527786339288,11.713402551630317,56.0,24.55333690037847
Rac1 perturbation; Cdc42 response,EML_expr,(R+R),0,3,0,7.333334,50.833776938214285,11.055851899450207,56.0,24.55333690037847
Rac1 perturbation; Cdc42 response,EML_expr,(R+R),0,3,0,7.666667,53.823288135714314,10.863983314939432,56.0,24.55333690037847
Rac1 perturbation; Cdc42 response,EML_expr,(R+R),0,3,0,8.0,51.90479413160716,11.010775975290125,56.0,24.55333690037847
Rac1 perturbation; Cdc42 response,EML_expr,(R+R),0,3,0,8.333333,51.90697419892856,10.139950267233813,56.0,24.55333690037847
Rac1 perturbation; Cdc42 response,EML_expr,(R+R),0,3,0,8.666667,51.74549677267857,10.541134502239517,56.0,24.55333690037847
Rac1 perturbation; Cdc42 response,EML_expr,(R+R),0,3,0,9.0,52.604561248571436,10.642679744999985,56.0,24.55333690037847
Rac1 perturbation; Cdc42 response,EML_expr,(R+R),0,3,0,9.333333,51.231733485535706,10.851944544841261,56.0,24.55333690037847
Rac1 perturbation; Cdc42 response,EML_expr,(R+R),0,3,0,9.666667,52.22727063178574,10.638437435555277,56.0,24.55333690037847
Rac1 perturbation; Cdc42 response,EML_expr,(R+R),0,3,0,10.0,50.698182273035734,10.542941423713255,56.0,24.55333690037847
Rac1 perturbation; Cdc42 response,EML_expr,(R+R),0,3,0,10.33333,54.06696888107144,10.702765966730157,56.0,24.55333690037847
Rac1 perturbation; Cdc42 response,EML_expr,(R+R),0,3,0,10.66667,50.439666005714294,11.084816945978258,56.0,24.55333690037847
Rac1 perturbation; Cdc42 response,EML_expr,(R+R),0,3,0,11.0,54.65172079357143,11.333885212747417,56.0,24.55333690037847
Rac1 perturbation; Cdc42 response,EML_expr,(R+R),0,3,0,11.33333,52.14428028982143,10.806780589267332,56.0,24.55333690037847
Rac1 perturbation; Cdc42 response,EML_expr,(R+R),0,3,0,11.66667,51.87196959607144,11.439420603811717,56.0,24.55333690037847
Rac1 perturbation; Cdc42 response,EML_expr,(R+R),0,3,0,12.0,58.43871945178572,11.606161569484064,56.0,24.55333690037847
Rac1 perturbation; Cdc42 response,EML_expr,(R+R),0,3,0,12.33333,55.085658180357136,11.032267610609408,56.0,24.55333690037847
Rac1 perturbation; Cdc42 response,EML_expr,(R+R),0,3,0,12.66667,58.64790563089287,11.327073931852615,56.0,24.55333690037847
Rac1 perturbation; Cdc42 response,EML_expr,(R+R),0,3,0,13.0,61.814454952142874,11.731313212238682,56.0,24.55333690037847
Rac1 perturbation; Cdc42 response,EML_expr,(R+R),0,3,0,13.33333,56.964429048214285,11.906372097202055,56.0,24.55333690037847
Rac1 perturbation; Cdc42 response,EML_expr,(R+R),0,3,0,13.66667,57.82881474017859,12.38989717920228,56.0,24.55333690037847
Rac1 perturbation; Cdc42 response,EML_expr,(R+R),0,3,0,14.0,60.89789809357142,12.211422473989089,56.0,24.55333690037847
Rac1 perturbation; Cdc42 response,EML_expr,(R+R),0,3,0,14.33333,56.72333004464287,12.463769096533317,56.0,24.55333690037847
Rac1 perturbation; Cdc42 response,EML_expr,(R+R),0,3,0,14.66667,61.075306226964265,13.0784984598502,56.0,24.55333690037847
Rac1 perturbation; Cdc42 response,EML_expr,(R+R),0,3,0,15.0,62.904096297321416,12.151439818200448,56.0,24.55333690037847
Rac1 perturbation; Cdc42 response,EML_expr,(R+R),0,3,0,15.33333,62.09625783482145,12.727114343581496,56.0,24.55333690037847
Rac1 perturbation; Cdc42 response,EML_expr,(R+R),0,3,0,15.66667,56.46932148821429,12.177318652118275,56.0,24.55333690037847
Rac1 perturbation; Cdc42 response,EML_expr,(R+R),0,3,0,16.0,58.19295324714285,12.181067682968143,56.0,24.55333690037847
Rac1 perturbation; Cdc42 response,EML_expr,(R+R),0,3,0,16.33333,64.50140953892856,12.661195440931824,56.0,24.55333690037847
Rac1 perturbation; Cdc42 response,EML_expr,(R+R),0,3,0,16.66667,62.852034469642874,11.277303250885263,56.0,24.55333690037847
Rac1 perturbation; Cdc42 response,EML_expr,(R+R),0,3,0,17.0,66.45181134142857,11.165071803688988,56.0,24.55333690037847
Rac1 perturbation; Cdc42 response,EML_expr,(R+R),0,3,0,17.33333,57.421065627678594,11.680646628908903,56.0,24.55333690037847
Rac1 perturbation; Cdc42 response,EML_expr,(R+R),0,3,0,17.66667,61.71634201214285,11.595872688120714,56.0,24.55333690037847
Rac1 perturbation; Cdc42 response,EML_expr,(R+R),0,3,0,18.0,64.21866456446428,11.601979812504425,56.0,24.55333690037847
Rac1 perturbation; Cdc42 response,EML_expr,(R+R),0,3,0,18.33333,57.705033513749996,11.955581833649635,56.0,24.55333690037847
Rac1 perturbation; Cdc42 response,EML_expr,(R+R),0,3,0,18.66667,65.40024261232142,11.470379982282436,56.0,24.55333690037847
Rac1 perturbation; Cdc42 response,EML_expr,(R+R),0,3,0,19.0,63.10916902857142,11.921338915995449,56.0,24.55333690037847
Rac1 perturbation; Cdc42 response,EML_expr,(R+R),0,3,0,19.33333,60.21811466982144,12.110144207906488,56.0,24.55333690037847
Rac1 perturbation; Cdc42 response,EML_expr,(R+R),0,3,0,19.66667,67.68370798124998,12.532239969121928,56.0,24.55333690037847
Rac1 perturbation; Cdc42 response,EML_expr,(R+R),0,3,0,20.0,65.88854110875,12.325811193535127,56.0,24.55333690037847
Rac1 perturbation; Cdc42 response,EML_expr,(R+R),0,3,0,20.33333,60.942376883749986,12.671791082956299,56.0,24.55333690037847
Rac1 perturbation; Cdc42 response,EML_expr,(R+R),0,3,0,20.66667,58.72241103892858,12.021432487384956,56.0,24.55333690037847
Rac1 perturbation; Cdc42 response,EML_expr,(R+R),0,3,0,21.0,53.51671177285713,11.960341593184005,56.0,24.55333690037847
Rac1 perturbation; Cdc42 response,EML_expr,(R+R),0,3,0,21.33333,52.13898499750002,11.591237873900097,56.0,24.55333690037847
Rac1 perturbation; Cdc42 response,EML_expr,(R+R),0,3,0,21.66667,49.44778040500001,9.954845105598858,56.0,24.55333690037847
Rac1 perturbation; Cdc42 response,EML_expr,(R+R),0,3,0,22.0,45.060534001071424,9.45136452278932,56.0,24.55333690037847
Rac1 perturbation; Cdc42 response,EML_expr,(R+R),0,3,0,22.33333,43.02879638517859,8.719762175239723,56.0,24.55333690037847
Rac1 perturbation; Cdc42 response,EML_expr,(R+R),0,3,0,22.66667,37.47054658071429,9.909421561463999,56.0,24.55333690037847
Rac1 perturbation; Cdc42 response,EML_expr,(R+R),0,3,0,23.0,41.85401168000003,9.023062811264177,56.0,24.55333690037847
Rac1 perturbation; Cdc42 response,EML_expr,(R+R),0,3,0,23.33333,37.604964228035726,10.062365408446167,56.0,24.55333690037847
Rac1 perturbation; Cdc42 response,EML_expr,(R+R),0,3,0,23.66667,37.97096682785712,10.205204664719476,56.0,24.55333690037847
Rac1 perturbation; Cdc42 response,EML_expr,(R+R),0,3,0,24.0,33.44989865607143,9.526733026885863,56.0,24.55333690037847
Rac1 perturbation; Cdc42 response,EML_expr,(R+R),0,3,0,24.33333,31.101288853392855,10.279031442108089,56.0,24.55333690037847
Rac1 perturbation; Cdc42 response,EML_expr,(R+R),0,3,0,24.66667,31.914791204107143,11.037035766121848,56.0,24.55333690037847
Rac1 perturbation; Cdc42 response,EML_expr,(R+R),0,3,0,25.0,27.23004851285713,11.038314703262866,56.0,24.55333690037847
Rac1 perturbation; Cdc42 response,EML_expr,(R+R),0,3,0,25.33333,32.39120195928573,11.042930203809027,56.0,24.55333690037847
Rac1 perturbation; Cdc42 response,EML_expr,(R+R),0,3,0,25.66667,30.632160998035726,10.340276930676131,56.0,24.55333690037847
Rac1 perturbation; Cdc42 response,EML_expr,(R+R),0,3,0,26.0,27.574354252678567,9.334215664690287,56.0,24.55333690037847
Rac1 perturbation; Cdc42 response,EML_expr,(R+R),0,3,0,26.33333,26.98825472053571,9.472706586669132,56.0,24.55333690037847
Rac1 perturbation; Cdc42 response,EML_expr,(R+R),0,3,0,26.66667,23.828536430892857,9.13385834952662,56.0,24.55333690037847
Rac1 perturbation; Cdc42 response,EML_expr,(R+R),0,3,0,27.0,21.245405446785718,8.572782839915652,56.0,24.55333690037847
Rac1 perturbation; Cdc42 response,EML_expr,(R+R),0,3,0,27.33333,23.797148394821424,8.805907887438186,56.0,24.55333690037847
Rac1 perturbation; Cdc42 response,EML_expr,(R+R),0,3,0,27.66667,21.786008418392857,8.789026557627777,56.0,24.55333690037847
Rac1 perturbation; Cdc42 response,EML_expr,(R+R),0,3,0,28.0,19.72074452785714,8.641463671185805,56.0,24.55333690037847
Rac1 perturbation; Cdc42 response,EML_expr,(R+R),0,3,0,28.33333,19.56133962517857,8.071880993712787,56.0,24.55333690037847
Rac1 perturbation; Cdc42 response,EML_expr,(R+R),0,3,0,28.66667,18.007073220000002,7.240060099460427,56.0,24.55333690037847
Rac1 perturbation; Cdc42 response,EML_expr,(R+R),0,3,0,29.0,19.781916438928565,7.319891109470625,56.0,24.55333690037847
Rac1 perturbation; Cdc42 response,EML_expr,(R+R),0,3,0,29.33333,17.908076492678568,7.0668718053002655,56.0,24.55333690037847
Rac1 perturbation; Cdc42 response,EML_expr,(R+R),0,3,0,29.66667,12.991376950000005,7.059269006642786,56.0,24.55333690037847
Rac1 perturbation; Cdc42 response,EML_expr,(R+R),0,3,0,30.0,15.252381256785714,6.399419728850981,56.0,24.55333690037847
Rac1 perturbation; Cdc42 response,EML_expr,(R+R),0,3,0,30.33333,15.787882359821426,6.563629955811476,56.0,24.55333690037847
Rac1 perturbation; Cdc42 response,EML_expr,(R+R),0,3,0,30.66667,9.94503414982142,6.731632025512227,56.0,24.55333690037847
Rac1 perturbation; Cdc42 response,EML_expr,(R+R),0,3,0,31.0,10.036817084107152,6.974630393313972,56.0,24.55333690037847
Rac1 perturbation; Cdc42 response,EML_expr,(R+R),0,3,0,31.33333,9.230053227142859,7.172982663463468,56.0,24.55333690037847
Rac1 perturbation; Cdc42 response,EML_expr,(R+R),0,3,0,31.66667,10.85532622482143,7.095689350913041,56.0,24.55333690037847
Rac1 perturbation; Cdc42 response,EML_expr,(R+R),0,3,0,32.0,10.824877368928572,6.444077889813405,56.0,24.55333690037847
Rac1 perturbation; Cdc42 response,EML_expr,(R+R),0,3,0,32.33333,13.311633482857141,6.671262005017986,56.0,24.55333690037847
Rac1 perturbation; Cdc42 response,EML_expr,(R+R),0,3,0,32.66667,11.734538476250005,6.632334561615327,56.0,24.55333690037847
Rac1 perturbation; Cdc42 response,EML_expr,(R+R),0,3,0,33.0,10.346004451607149,6.896387904216912,56.0,24.55333690037847
Rac1 perturbation; Cdc42 response,EML_expr,(R+R),0,3,0,33.33333,9.172568554464283,6.831884347604223,56.0,24.55333690037847
Rac1 perturbation; Cdc42 response,EML_expr,(R+R),0,3,0,33.66667,6.891297014642854,6.7290806069907845,56.0,24.55333690037847
Rac1 perturbation; Cdc42 response,EML_expr,(R+R),0,3,0,34.0,7.357812429642855,6.602966027505014,56.0,24.55333690037847
Rac1 perturbation; Cdc42 response,EML_expr,(R+R),0,3,0,34.33333,4.517738089999999,7.132717334021903,56.0,24.55333690037847
Rac1 perturbation; Cdc42 response,EML_expr,(R+R),0,3,0,34.66667,8.732542402678572,5.53186065202682,56.0,24.55333690037847
Rac1 perturbation; Cdc42 response,EML_expr,(R+R),0,3,0,35.0,7.524200926249997,5.4461896146963005,56.0,24.55333690037847
Rac1 perturbation; Cdc42 response,EML_expr,(R+R),0,3,0,35.33333,8.171790244107145,5.958449540399851,56.0,24.55333690037847
Rac1 perturbation; Cdc42 response,EML_expr,(R+R),0,3,0,35.66667,2.685928293750003,6.021733786898675,56.0,24.55333690037847
Rac1 perturbation; Cdc42 response,EML_expr,(R+R),0,3,0,36.0,7.68786100071428,4.934698327055554,56.0,24.55333690037847
Rac1 perturbation; Cdc42 response,EML_expr,(R+R),0,3,0,36.33333,10.28194019517858,5.482052580966321,56.0,24.55333690037847
Rac1 perturbation; Cdc42 response,EML_expr,(R+R),0,3,0,36.66667,6.935392835178574,5.434021527126732,56.0,24.55333690037847
Rac1 perturbation; Cdc42 response,EML_expr,(R+R),0,3,0,37.0,2.682297860535712,5.833526565132814,56.0,24.55333690037847
Rac1 perturbation; Cdc42 response,EML_expr,(R+R),0,3,0,37.33333,6.265093537857142,4.872114708366953,56.0,24.55333690037847
Rac1 perturbation; Cdc42 response,EML_expr,(R+R),0,3,0,37.66667,4.158479823928573,4.88215272901345,56.0,24.55333690037847
Rac1 perturbation; Cdc42 response,EML_expr,(R+R),0,3,0,38.0,2.774460211607141,5.726416993581822,56.0,24.55333690037847
Rac1 perturbation; Cdc42 response,EML_expr,(R+R),0,3,0,38.33333,4.220438699285711,5.851693453622379,56.0,24.55333690037847
Rac1 perturbation; Cdc42 response,EML_expr,(R+R),0,3,0,38.66667,5.898403981785713,5.248780406414624,56.0,24.55333690037847
Rac1 perturbation; Cdc42 response,EML_expr,(R+R),0,3,0,39.0,2.116079720535715,5.688757520636718,56.0,24.55333690037847
Rac1 perturbation; Cdc42 response,EML_expr,(R+R),0,3,0,39.33333,1.6641076423214272,5.611694198127312,56.0,24.55333690037847
Rac1 perturbation; Cdc42 response,EML_expr,(R+R),0,3,0,39.66667,4.2761368823214285,5.280550466228412,56.0,24.55333690037847
Rac1 perturbation; Cdc42 response,EML_expr,(R+R),0,3,0,40.0,2.753929924107144,5.166320955931824,56.0,24.55333690037847
Rac1 perturbation; Cdc42 response,EML_expr,((R+R)+R),0,5,0,0.0,3.827074169107142,1.1420722545863766,56.0,3.8270668942321646
Rac1 perturbation; Cdc42 response,EML_expr,((R+R)+R),0,5,0,0.3333333,17.239386878750004,3.6230717825189522,56.0,24.553243599951767
Rac1 perturbation; Cdc42 response,EML_expr,((R+R)+R),0,5,0,0.6666667,27.944322892321427,5.920585685086165,56.0,24.553336703923293
Rac1 perturbation; Cdc42 response,EML_expr,((R+R)+R),0,5,0,1.0,33.91203219839284,7.19853947353434,56.0,24.553336704341522
Rac1 perturbation; Cdc42 response,EML_expr,((R+R)+R),0,5,0,1.333333,40.62532188303572,8.336321677359155,56.0,24.553336704341525
Rac1 perturbation; Cdc42 response,EML_expr,((R+R)+R),0,5,0,1.666667,39.357031090535735,8.579362248519546,56.0,24.553336704341525
Rac1 perturbation; Cdc42 response,EML_expr,((R+R)+R),0,5,0,2.0,40.64119682910716,8.591445060017433,56.0,24.553336704341525
Rac1 perturbation; Cdc42 response,EML_expr,((R+R)+R),0,5,0,2.333333,42.037109865535726,8.792954344886885,56.0,24.553336704341525
Rac1 perturbation; Cdc42 response,EML_expr,((R+R)+R),0,5,0,2.666667,42.51144543464286,9.295292596102575,56.0,24.553336704341525
Rac1 perturbation; Cdc42 response,EML_expr,((R+R)+R),0,5,0,3.0,48.12939723964284,9.963933815532174,56.0,24.553336704341525
Rac1 perturbation; Cdc42 response,EML_expr,((R+R)+R),0,5,0,3.333333,45.16564558374999,10.429372020480425,56.0,24.553336704341525
Rac1 perturbation; Cdc42 response,EML_expr,((R+R)+R),0,5,0,3.666667,49.82137254517857,10.932543988201424,56.0,24.553336704341525
Rac1 perturbation; Cdc42 response,EML_expr,((R+R)+R),0,5,0,4.0,49.46123102089284,11.171653616071804,56.0,24.553336704341525
Rac1 perturbation; Cdc42 response,EML_expr,((R+R)+R),0,5,0,4.333334,54.19426600017859,11.481299788019944,56.0,24.553336704341525
Rac1 perturbation; Cdc42 response,EML_expr,((R+R)+R),0,5,0,4.666667,49.670968873571425,10.757617281060043,56.0,24.553336704341525
Rac1 perturbation; Cdc42 response,EML_expr,((R+R)+R),0,5,0,5.0,50.903237674285734,10.529299956320257,56.0,24.553336704341525
Rac1 perturbation; Cdc42 response,EML_expr,((R+R)+R),0,5,0,5.333334,48.62251751982142,10.221503553325313,56.0,24.553336704341525
Rac1 perturbation; Cdc42 response,EML_expr,((R+R)+R),0,5,0,5.666667,48.60424288107142,11.563656042466464,56.0,24.553336704341525
Rac1 perturbation; Cdc42 response,EML_expr,((R+R)+R),0,5,0,6.0,52.024706377321436,10.918739547859715,56.0,24.553336704341525
Rac1 perturbation; Cdc42 response,EML_expr,((R+R)+R),0,5,0,6.333334,50.76793762,11.40638591876654,56.0,24.553336704341525
Rac1 perturbation; Cdc42 response,EML_expr,((R+R)+R),0,5,0,6.666667,54.43562262785714,11.915146283078842,56.0,24.553336704341525
Rac1 perturbation; Cdc42 response,EML_expr,((R+R)+R),0,5,0,7.0,52.03527786339288,11.713402551630317,56.0,24.553336704341525
Rac1 perturbation; Cdc42 response,EML_expr,((R+R)+R),0,5,0,7.333334,50.833776938214285,11.055851899450207,56.0,24.553336704341525
Rac1 perturbation; Cdc42 response,EML_expr,((R+R)+R),0,5,0,7.666667,53.823288135714314,10.863983314939432,56.0,24.553336704341525
Rac1 perturbation; Cdc42 response,EML_expr,((R+R)+R),0,5,0,8.0,51.90479413160716,11.010775975290125,56.0,24.553336704341525
Rac1 perturbation; Cdc42 response,EML_expr,((R+R)+R),0,5,0,8.333333,51.90697419892856,10.139950267233813,56.0,24.553336704341525
Rac1 perturbation; Cdc42 response,EML_expr,((R+R)+R),0,5,0,8.666667,51.74549677267857,10.541134502239517,56.0,24.553336704341525
Rac1 perturbation; Cdc42 response,EML_expr,((R+R)+R),0,5,0,9.0,52.604561248571436,10.642679744999985,56.0,24.553336704341525
Rac1 perturbation; Cdc42 response,EML_expr,((R+R)+R),0,5,0,9.333333,51.231733485535706,10.851944544841261,56.0,24.553336704341525
Rac1 perturbation; Cdc42 response,EML_expr,((R+R)+R),0,5,0,9.666667,52.22727063178574,10.638437435555277,56.0,24.553336704341525
Rac1 perturbation; Cdc42 response,EML_expr,((R+R)+R),0,5,0,10.0,50.698182273035734,10.542941423713255,56.0,24.553336704341525
Rac1 perturbation; Cdc42 response,EML_expr,((R+R)+R),0,5,0,10.33333,54.06696888107144,10.702765966730157,56.0,24.553336704341525
Rac1 perturbation; Cdc42 response,EML_expr,((R+R)+R),0,5,0,10.66667,50.439666005714294,11.084816945978258,56.0,24.553336704341525
Rac1 perturbation; Cdc42 response,EML_expr,((R+R)+R),0,5,0,11.0,54.65172079357143,11.333885212747417,56.0,24.553336704341525
Rac1 perturbation; Cdc42 response,EML_expr,((R+R)+R),0,5,0,11.33333,52.14428028982143,10.806780589267332,56.0,24.553336704341525
Rac1 perturbation; Cdc42 response,EML_expr,((R+R)+R),0,5,0,11.66667,51.87196959607144,11.439420603811717,56.0,24.553336704341525
Rac1 perturbation; Cdc42 response,EML_expr,((R+R)+R),0,5,0,12.0,58.43871945178572,11.606161569484064,56.0,24.553336704341525
Rac1 perturbation; Cdc42 response,EML_expr,((R+R)+R),0,5,0,12.33333,55.085658180357136,11.032267610609408,56.0,24.553336704341525
Rac1 perturbation; Cdc42 response,EML_expr,((R+R)+R),0,5,0,12.66667,58.64790563089287,11.327073931852615,56.0,24.553336704341525
Rac1 perturbation; Cdc42 response,EML_expr,((R+R)+R),0,5,0,13.0,61.814454952142874,11.731313212238682,56.0,24.553336704341525
Rac1 perturbation; Cdc42 response,EML_expr,((R+R)+R),0,5,0,13.33333,56.964429048214285,11.906372097202055,56.0,24.553336704341525
Rac1 perturbation; Cdc42 response,EML_expr,((R+R)+R),0,5,0,13.66667,57.82881474017859,12.38989717920228,56.0,24.553336704341525
Rac1 perturbation; Cdc42 response,EML_expr,((R+R)+R),0,5,0,14.0,60.89789809357142,12.211422473989089,56.0,24.553336704341525
Rac1 perturbation; Cdc42 response,EML_expr,((R+R)+R),0,5,0,14.33333,56.72333004464287,12.463769096533317,56.0,24.553336704341525
Rac1 perturbation; Cdc42 response,EML_expr,((R+R)+R),0,5,0,14.66667,61.075306226964265,13.0784984598502,56.0,24.553336704341525
Rac1 perturbation; Cdc42 response,EML_expr,((R+R)+R),0,5,0,15.0,62.904096297321416,12.151439818200448,56.0,24.553336704341525
Rac1 perturbation; Cdc42 response,EML_expr,((R+R)+R),0,5,0,15.33333,62.09625783482145,12.727114343581496,56.0,24.553336704341525
Rac1 perturbation; Cdc42 response,EML_expr,((R+R)+R),0,5,0,15.66667,56.46932148821429,12.177318652118275,56.0,24.553336704341525
Rac1 perturbation; Cdc42 response,EML_expr,((R+R)+R),0,5,0,16.0,58.19295324714285,12.181067682968143,56.0,24.553336704341525
Rac1 perturbation; Cdc42 response,EML_expr,((R+R)+R),0,5,0,16.33333,64.50140953892856,12.661195440931824,56.0,24.553336704341525
Rac1 perturbation; Cdc42 response,EML_expr,((R+R)+R),0,5,0,16.66667,62.852034469642874,11.277303250885263,56.0,24.553336704341525
Rac1 perturbation; Cdc42 response,EML_expr,((R+R)+R),0,5,0,17.0,66.45181134142857,11.165071803688988,56.0,24.553336704341525
Rac1 perturbation; Cdc42 response,EML_expr,((R+R)+R),0,5,0,17.33333,57.421065627678594,11.680646628908903,56.0,24.553336704341525
Rac1 perturbation; Cdc42 response,EML_expr,((R+R)+R),0,5,0,17.66667,61.71634201214285,11.595872688120714,56.0,24.553336704341525
Rac1 perturbation; Cdc42 response,EML_expr,((R+R)+R),0,5,0,18.0,64.21866456446428,11.601979812504425,56.0,24.553336704341525
Rac1 perturbation; Cdc42 response,EML_expr,((R+R)+R),0,5,0,18.33333,57.705033513749996,11.955581833649635,56.0,24.553336704341525
Rac1 perturbation; Cdc42 response,EML_expr,((R+R)+R),0,5,0,18.66667,65.40024261232142,11.470379982282436,56.0,24.553336704341525
Rac1 perturbation; Cdc42 response,EML_expr,((R+R)+R),0,5,0,19.0,63.10916902857142,11.921338915995449,56.0,24.553336704341525
Rac1 perturbation; Cdc42 response,EML_expr,((R+R)+R),0,5,0,19.33333,60.21811466982144,12.110144207906488,56.0,24.553336704341525
Rac1 perturbation; Cdc42 response,EML_expr,((R+R)+R),0,5,0,19.66667,67.68370798124998,12.532239969121928,56.0,24.553336704341525
Rac1 perturbation; Cdc42 response,EML_expr,((R+R)+R),0,5,0,20.0,65.88854110875,12.325811193535127,56.0,24.553336704341525
Rac1 perturbation; Cdc42 response,EML_expr,((R+R)+R),0,5,0,20.33333,60.942376883749986,12.671791082956299,56.0,24.553336704341525
Rac1 perturbation; Cdc42 response,EML_expr,((R+R)+R),0,5,0,20.66667,58.72241103892858,12.021432487384956,56.0,24.553336704341525
Rac1 perturbation; Cdc42 response,EML_expr,((R+R)+R),0,5,0,21.0,53.51671177285713,11.960341593184005,56.0,24.553336704341525
Rac1 perturbation; Cdc42 response,EML_expr,((R+R)+R),0,5,0,21.33333,52.13898499750002,11.591237873900097,56.0,24.553336704341525
Rac1 perturbation; Cdc42 response,EML_expr,((R+R)+R),0,5,0,21.66667,49.44778040500001,9.954845105598858,56.0,24.553336704341525
Rac1 perturbation; Cdc42 response,EML_expr,((R+R)+R),0,5,0,22.0,45.060534001071424,9.45136452278932,56.0,24.553336704341525
Rac1 perturbation; Cdc42 response,EML_expr,((R+R)+R),0,5,0,22.33333,43.02879638517859,8.719762175239723,56.0,24.553336704341525
Rac1 perturbation; Cdc42 response,EML_expr,((R+R)+R),0,5,0,22.66667,37.47054658071429,9.909421561463999,56.0,24.553336704341525
Rac1 perturbation; Cdc42 response,EML_expr,((R+R)+R),0,5,0,23.0,41.85401168000003,9.023062811264177,56.0,24.553336704341525
Rac1 perturbation; Cdc42 response,EML_expr,((R+R)+R),0,5,0,23.33333,37.604964228035726,10.062365408446167,56.0,24.553336704341525
Rac1 perturbation; Cdc42 response,EML_expr,((R+R)+R),0,5,0,23.66667,37.97096682785712,10.205204664719476,56.0,24.553336704341525
Rac1 perturbation; Cdc42 response,EML_expr,((R+R)+R),0,5,0,24.0,33.44989865607143,9.526733026885863,56.0,24.553336704341525
Rac1 perturbation; Cdc42 response,EML_expr,((R+R)+R),0,5,0,24.33333,31.101288853392855,10.279031442108089,56.0,24.553336704341525
Rac1 perturbation; Cdc42 response,EML_expr,((R+R)+R),0,5,0,24.66667,31.914791204107143,11.037035766121848,56.0,24.553336704341525
Rac1 perturbation; Cdc42 response,EML_expr,((R+R)+R),0,5,0,25.0,27.23004851285713,11.038314703262866,56.0,24.553336704341525
Rac1 perturbation; Cdc42 response,EML_expr,((R+R)+R),0,5,0,25.33333,32.39120195928573,11.042930203809027,56.0,24.553336704341525
Rac1 perturbation; Cdc42 response,EML_expr,((R+R)+R),0,5,0,25.66667,30.632160998035726,10.340276930676131,56.0,24.553336704341525
Rac1 perturbation; Cdc42 response,EML_expr,((R+R)+R),0,5,0,26.0,27.574354252678567,9.334215664690287,56.0,24.553336704341525
Rac1 perturbation; Cdc42 response,EML_expr,((R+R)+R),0,5,0,26.33333,26.98825472053571,9.472706586669132,56.0,24.553336704341525
Rac1 perturbation; Cdc42 response,EML_expr,((R+R)+R),0,5,0,26.66667,23.828536430892857,9.13385834952662,56.0,24.553336704341525
Rac1 perturbation; Cdc42 response,EML_expr,((R+R)+R),0,5,0,27.0,21.245405446785718,8.572782839915652,56.0,24.553336704341525
Rac1 perturbation; Cdc42 response,EML_expr,((R+R)+R),0,5,0,27.33333,23.797148394821424,8.805907887438186,56.0,24.553336704341525
Rac1 perturbation; Cdc42 response,EML_expr,((R+R)+R),0,5,0,27.66667,21.786008418392857,8.789026557627777,56.0,24.553336704341525
Rac1 perturbation; Cdc42 response,EML_expr,((R+R)+R),0,5,0,28.0,19.72074452785714,8.641463671185805,56.0,24.553336704341525
Rac1 perturbation; Cdc42 response,EML_expr,((R+R)+R),0,5,0,28.33333,19.56133962517857,8.071880993712787,56.0,24.553336704341525
Rac1 perturbation; Cdc42 response,EML_expr,((R+R)+R),0,5,0,28.66667,18.007073220000002,7.240060099460427,56.0,24.553336704341525
Rac1 perturbation; Cdc42 response,EML_expr,((R+R)+R),0,5,0,29.0,19.781916438928565,7.319891109470625,56.0,24.553336704341525
Rac1 perturbation; Cdc42 response,EML_expr,((R+R)+R),0,5,0,29.33333,17.908076492678568,7.0668718053002655,56.0,24.553336704341525
Rac1 perturbation; Cdc42 response,EML_expr,((R+R)+R),0,5,0,29.66667,12.991376950000005,7.059269006642786,56.0,24.553336704341525
Rac1 perturbation; Cdc42 response,EML_expr,((R+R)+R),0,5,0,30.0,15.252381256785714,6.399419728850981,56.0,24.553336704341525
Rac1 perturbation; Cdc42 response,EML_expr,((R+R)+R),0,5,0,30.33333,15.787882359821426,6.563629955811476,56.0,24.553336704341525
Rac1 perturbation; Cdc42 response,EML_expr,((R+R)+R),0,5,0,30.66667,9.94503414982142,6.731632025512227,56.0,24.553336704341525
Rac1 perturbation; Cdc42 response,EML_expr,((R+R)+R),0,5,0,31.0,10.036817084107152,6.974630393313972,56.0,24.553336704341525
Rac1 perturbation; Cdc42 response,EML_expr,((R+R)+R),0,5,0,31.33333,9.230053227142859,7.172982663463468,56.0,24.553336704341525
Rac1 perturbation; Cdc42 response,EML_expr,((R+R)+R),0,5,0,31.66667,10.85532622482143,7.095689350913041,56.0,24.553336704341525
Rac1 perturbation; Cdc42 response,EML_expr,((R+R)+R),0,5,0,32.0,10.824877368928572,6.444077889813405,56.0,24.553336704341525
Rac1 perturbation; Cdc42 response,EML_expr,((R+R)+R),0,5,0,32.33333,13.311633482857141,6.671262005017986,56.0,24.553336704341525
Rac1 perturbation; Cdc42 response,EML_expr,((R+R)+R),0,5,0,32.66667,11.734538476250005,6.632334561615327,56.0,24.553336704341525
Rac1 perturbation; Cdc42 response,EML_expr,((R+R)+R),0,5,0,33.0,10.346004451607149,6.896387904216912,56.0,24.553336704341525
Rac1 perturbation; Cdc42 response,EML_expr,((R+R)+R),0,5,0,33.33333,9.172568554464283,6.831884347604223,56.0,24.553336704341525
Rac1 perturbation; Cdc42 response,EML_expr,((R+R)+R),0,5,0,33.66667,6.891297014642854,6.7290806069907845,56.0,24.553336704341525
Rac1 perturbation; Cdc42 response,EML_expr,((R+R)+R),0,5,0,34.0,7.357812429642855,6.602966027505014,56.0,24.553336704341525
Rac1 perturbation; Cdc42 response,EML_expr,((R+R)+R),0,5,0,34.33333,4.517738089999999,7.132717334021903,56.0,24.553336704341525
Rac1 perturbation; Cdc42 response,EML_expr,((R+R)+R),0,5,0,34.66667,8.732542402678572,5.53186065202682,56.0,24.553336704341525
Rac1 perturbation; Cdc42 response,EML_expr,((R+R)+R),0,5,0,35.0,7.524200926249997,5.4461896146963005,56.0,24.553336704341525
Rac1 perturbation; Cdc42 response,EML_expr,((R+R)+R),0,5,0,35.33333,8.171790244107145,5.958449540399851,56.0,24.553336704341525
Rac1 perturbation; Cdc42 response,EML_expr,((R+R)+R),0,5,0,35.66667,2.685928293750003,6.021733786898675,56.0,24.553336704341525
Rac1 perturbation; Cdc42 response,EML_expr,((R+R)+R),0,5,0,36.0,7.68786100071428,4.934698327055554,56.0,24.553336704341525
Rac1 perturbation; Cdc42 response,EML_expr,((R+R)+R),0,5,0,36.33333,10.28194019517858,5.482052580966321,56.0,24.553336704341525
Rac1 perturbation; Cdc42 response,EML_expr,((R+R)+R),0,5,0,36.66667,6.935392835178574,5.434021527126732,56.0,24.553336704341525
Rac1 perturbation; Cdc42 response,EML_expr,((R+R)+R),0,5,0,37.0,2.682297860535712,5.833526565132814,56.0,24.553336704341525
Rac1 perturbation; Cdc42 response,EML_expr,((R+R)+R),0,5,0,37.33333,6.265093537857142,4.872114708366953,56.0,24.553336704341525
Rac1 perturbation; Cdc42 response,EML_expr,((R+R)+R),0,5,0,37.66667,4.158479823928573,4.88215272901345,56.0,24.553336704341525
Rac1 perturbation; Cdc42 response,EML_expr,((R+R)+R),0,5,0,38.0,2.774460211607141,5.726416993581822,56.0,24.553336704341525
Rac1 perturbation; Cdc42 response,EML_expr,((R+R)+R),0,5,0,38.33333,4.220438699285711,5.851693453622379,56.0,24.553336704341525
Rac1 perturbation; Cdc42 response,EML_expr,((R+R)+R),0,5,0,38.66667,5.898403981785713,5.248780406414624,56.0,24.553336704341525
Rac1 perturbation; Cdc42 response,EML_expr,((R+R)+R),0,5,0,39.0,2.116079720535715,5.688757520636718,56.0,24.553336704341525
Rac1 perturbation; Cdc42 response,EML_expr,((R+R)+R),0,5,0,39.33333,1.6641076423214272,5.611694198127312,56.0,24.553336704341525
Rac1 perturbation; Cdc42 response,EML_expr,((R+R)+R),0,5,0,39.66667,4.2761368823214285,5.280550466228412,56.0,24.553336704341525
Rac1 perturbation; Cdc42 response,EML_expr,((R+R)+R),0,5,0,40.0,2.753929924107144,5.166320955931824,56.0,24.553336704341525
Rac1 perturbation; Cdc42 response,EML_expr,G(R),1,2,1,0.0,3.827074169107142,1.1420722545863766,56.0,8.454011771810118
Rac1 perturbation; Cdc42 response,EML_expr,G(R),1,2,1,0.3333333,17.239386878750004,3.6230717825189522,56.0,13.359400268895111
Rac1 perturbation; Cdc42 response,EML_expr,G(R),1,2,1,0.6666667,27.944322892321427,5.920585685086165,56.0,17.80660622309284
Rac1 perturbation; Cdc42 response,EML_expr,G(R),1,2,1,1.0,33.91203219839284,7.19853947353434,56.0,21.8384232615837
Rac1 perturbation; Cdc42 response,EML_expr,G(R),1,2,1,1.333333,40.62532188303572,8.336321677359155,56.0,25.49364858609784
Rac1 perturbation; Cdc42 response,EML_expr,G(R),1,2,1,1.666667,39.357031090535735,8.579362248519546,56.0,28.807470324096677
Rac1 perturbation; Cdc42 response,EML_expr,G(R),1,2,1,2.0,40.64119682910716,8.591445060017433,56.0,31.811758047904725
Rac1 perturbation; Cdc42 response,EML_expr,G(R),1,2,1,2.333333,42.037109865535726,8.792954344886885,56.0,34.53543296694557
Rac1 perturbation; Cdc42 response,EML_expr,G(R),1,2,1,2.666667,42.51144543464286,9.295292596102575,56.0,37.0047125195432
Rac1 perturbation; Cdc42 response,EML_expr,G(R),1,2,1,3.0,48.12939723964284,9.963933815532174,56.0,39.243344175994075
Rac1 perturbation; Cdc42 response,EML_expr,G(R),1,2,1,3.333333,45.16564558374999,10.429372020480425,56.0,41.272878447071655
Rac1 perturbation; Cdc42 response,EML_expr,G(R),1,2,1,3.666667,49.82137254517857,10.932543988201424,56.0,43.11285114052101
Rac1 perturbation; Cdc42 response,EML_expr,G(R),1,2,1,4.0,49.46123102089284,11.171653616071804,56.0,44.78095757837969
Rac1 perturbation; Cdc42 response,EML_expr,G(R),1,2,1,4.333334,54.19426600017859,11.481299788019944,56.0,46.29326034614591
Rac1 perturbation; Cdc42 response,EML_expr,G(R),1,2,1,4.666667,49.670968873571425,10.757617281060043,56.0,47.66430350992955
Rac1 perturbation; Cdc42 response,EML_expr,G(R),1,2,1,5.0,50.903237674285734,10.529299956320257,56.0,48.907285614648416
Rac1 perturbation; Cdc42 response,EML_expr,G(R),1,2,1,5.333334,48.62251751982142,10.221503553325313,56.0,50.034171306465076
Rac1 perturbation; Cdc42 response,EML_expr,G(R),1,2,1,5.666667,48.60424288107142,11.563656042466464,56.0,51.055798031656444
Rac1 perturbation; Cdc42 response,EML_expr,G(R),1,2,1,6.0,52.024706377321436,10.918739547859715,56.0,51.98200062735809
Rac1 perturbation; Cdc42 response,EML_expr,G(R),1,2,1,6.333334,50.76793762,11.40638591876654,56.0,52.82169449652742
Rac1 perturbation; Cdc42 response,EML_expr,G(R),1,2,1,6.666667,54.43562262785714,11.915146283078842,56.0,53.58295511413256
Rac1 perturbation; Cdc42 response,EML_expr,G(R),1,2,1,7.0,52.03527786339288,11.713402551630317,56.0,54.27311086539213
Rac1 perturbation; Cdc42 response,EML_expr,G(R),1,2,1,7.333334,50.833776938214285,11.055851899450207,56.0,54.898805023229826
Rac1 perturbation; Cdc42 response,EML_expr,G(R),1,2,1,7.666667,53.823288135714314,10.863983314939432,56.0,55.46605499195788
Rac1 perturbation; Cdc42 response,EML_expr,G(R),1,2,1,8.0,51.90479413160716,11.010775975290125,56.0,55.9803214852793
Rac1 perturbation; Cdc42 response,EML_expr,G(R),1,2,1,8.333333,51.90697419892856,10.139950267233813,56.0,56.44655337727238
Rac1 perturbation; Cdc42 response,EML_expr,G(R),1,2,1,8.666667,51.74549677267857,10.541134502239517,56.0,56.86923850376054
Rac1 perturbation; Cdc42 response,EML_expr,G(R),1,2,1,9.0,52.604561248571436,10.642679744999985,56.0,57.252441897589286
Rac1 perturbation; Cdc42 response,EML_expr,G(R),1,2,1,9.333333,51.231733485535706,10.851944544841261,56.0,57.59985252154235
Rac1 perturbation; Cdc42 response,EML_expr,G(R),1,2,1,9.666667,52.22727063178574,10.638437435555277,56.0,57.914814466554716
Rac1 perturbation; Cdc42 response,EML_expr,G(R),1,2,1,10.0,50.698182273035734,10.542941423713255,56.0,58.20035677379987
Rac1 perturbation; Cdc42 response,EML_expr,G(R),1,2,1,10.33333,54.06696888107144,10.702765966730157,56.0,58.4592260400321
Rac1 perturbation; Cdc42 response,EML_expr,G(R),1,2,1,10.66667,50.439666005714294,11.084816945978258,56.0,58.6939227625681
Rac1 perturbation; Cdc42 response,EML_expr,G(R),1,2,1,11.0,54.65172079357143,11.333885212747417,56.0,58.90669133446438
Rac1 perturbation; Cdc42 response,EML_expr,G(R),1,2,1,11.33333,52.14428028982143,10.806780589267332,56.0,59.099586618653426
Rac1 perturbation; Cdc42 response,EML_expr,G(R),1,2,1,11.66667,51.87196959607144,11.439420603811717,56.0,59.274469839248404
Rac1 perturbation; Cdc42 response,EML_expr,G(R),1,2,1,12.0,58.43871945178572,11.606161569484064,56.0,59.43301339576289
Rac1 perturbation; Cdc42 response,EML_expr,G(R),1,2,1,12.33333,55.085658180357136,11.032267610609408,56.0,59.57674846009216
Rac1 perturbation; Cdc42 response,EML_expr,G(R),1,2,1,12.66667,58.64790563089287,11.327073931852615,56.0,59.707061913992405
Rac1 perturbation; Cdc42 response,EML_expr,G(R),1,2,1,13.0,61.814454952142874,11.731313212238682,56.0,59.82519992807784
Rac1 perturbation; Cdc42 response,EML_expr,G(R),1,2,1,13.33333,56.964429048214285,11.906372097202055,56.0,59.93230337140073
Rac1 perturbation; Cdc42 response,EML_expr,G(R),1,2,1,13.66667,57.82881474017859,12.38989717920228,56.0,60.02940521549634
Rac1 perturbation; Cdc42 response,EML_expr,G(R),1,2,1,14.0,60.89789809357142,12.211422473989089,56.0,60.117431798782206
Rac1 perturbation; Cdc42 response,EML_expr,G(R),1,2,1,14.33333,56.72333004464287,12.463769096533317,56.0,60.197224040609335
Rac1 perturbation; Cdc42 response,EML_expr,G(R),1,2,1,14.66667,61.075306226964265,13.0784984598502,56.0,60.269519563488686
Rac1 perturbation; Cdc42 response,EML_expr,G(R),1,2,1,15.0,62.904096297321416,12.151439818200448,56.0,60.33491211351997
Rac1 perturbation; Cdc42 response,EML_expr,G(R),1,2,1,15.33333,62.09625783482145,12.727114343581496,56.0,60.39377516353711
Rac1 perturbation; Cdc42 response,EML_expr,G(R),1,2,1,15.66667,56.46932148821429,12.177318652118275,56.0,60.446073198285035
Rac1 perturbation; Cdc42 response,EML_expr,G(R),1,2,1,16.0,58.19295324714285,12.181067682968143,56.0,60.49104591585077
Rac1 perturbation; Cdc42 response,EML_expr,G(R),1,2,1,16.33333,64.50140953892856,12.661195440931824,56.0,60.52675472088606
Rac1 perturbation; Cdc42 response,EML_expr,G(R),1,2,1,16.66667,62.852034469642874,11.277303250885263,56.0,60.54948456803776
Rac1 perturbation; Cdc42 response,EML_expr,G(R),1,2,1,17.0,66.45181134142857,11.165071803688988,56.0,60.553101997794414
Rac1 perturbation; Cdc42 response,EML_expr,G(R),1,2,1,17.33333,57.421065627678594,11.680646628908903,56.0,60.52850417889301
Rac1 perturbation; Cdc42 response,EML_expr,G(R),1,2,1,17.66667,61.71634201214285,11.595872688120714,56.0,60.46330603425559
Rac1 perturbation; Cdc42 response,EML_expr,G(R),1,2,1,18.0,64.21866456446428,11.601979812504425,56.0,60.341937107385526
Rac1 perturbation; Cdc42 response,EML_expr,G(R),1,2,1,18.33333,57.705033513749996,11.955581833649635,56.0,60.146194251447774
Rac1 perturbation; Cdc42 response,EML_expr,G(R),1,2,1,18.66667,65.40024261232142,11.470379982282436,56.0,59.8562678858207
Rac1 perturbation; Cdc42 response,EML_expr,G(R),1,2,1,19.0,63.10916902857142,11.921338915995449,56.0,59.452169656157835
Rac1 perturbation; Cdc42 response,EML_expr,G(R),1,2,1,19.33333,60.21811466982144,12.110144207906488,56.0,58.91525517952959
Rac1 perturbation; Cdc42 response,EML_expr,G(R),1,2,1,19.66667,67.68370798124998,12.532239969121928,56.0,58.2297784643698
Rac1 perturbation; Cdc42 response,EML_expr,G(R),1,2,1,20.0,65.88854110875,12.325811193535127,56.0,57.384291210993666
Rac1 perturbation; Cdc42 response,EML_expr,G(R),1,2,1,20.33333,60.942376883749986,12.671791082956299,56.0,56.37246273099748
Rac1 perturbation; Cdc42 response,EML_expr,G(R),1,2,1,20.66667,58.72241103892858,12.021432487384956,56.0,55.19360253762647
Rac1 perturbation; Cdc42 response,EML_expr,G(R),1,2,1,21.0,53.51671177285713,11.960341593184005,56.0,53.852800568760806
Rac1 perturbation; Cdc42 response,EML_expr,G(R),1,2,1,21.33333,52.13898499750002,11.591237873900097,56.0,52.36030431679502
Rac1 perturbation; Cdc42 response,EML_expr,G(R),1,2,1,21.66667,49.44778040500001,9.954845105598858,56.0,50.730862535397314
Rac1 perturbation; Cdc42 response,EML_expr,G(R),1,2,1,22.0,45.060534001071424,9.45136452278932,56.0,48.98292998557744
Rac1 perturbation; Cdc42 response,EML_expr,G(R),1,2,1,22.33333,43.02879638517859,8.719762175239723,56.0,47.137304301796384
Rac1 perturbation; Cdc42 response,EML_expr,G(R),1,2,1,22.66667,37.47054658071429,9.909421561463999,56.0,45.2161845793244
Rac1 perturbation; Cdc42 response,EML_expr,G(R),1,2,1,23.0,41.85401168000003,9.023062811264177,56.0,43.24235659708811
Rac1 perturbation; Cdc42 response,EML_expr,G(R),1,2,1,23.33333,37.604964228035726,10.062365408446167,56.0,41.23797499439416
Rac1 perturbation; Cdc42 response,EML_expr,G(R),1,2,1,23.66667,37.97096682785712,10.205204664719476,56.0,39.22402271982649
Rac1 perturbation; Cdc42 response,EML_expr,G(R),1,2,1,24.0,33.44989865607143,9.526733026885863,56.0,37.21996041323701
Rac1 perturbation; Cdc42 response,EML_expr,G(R),1,2,1,24.33333,31.101288853392855,10.279031442108089,56.0,35.24299581830919
Rac1 perturbation; Cdc42 response,EML_expr,G(R),1,2,1,24.66667,31.914791204107143,11.037035766121848,56.0,33.30805471076388
Rac1 perturbation; Cdc42 response,EML_expr,G(R),1,2,1,25.0,27.23004851285713,11.038314703262866,56.0,31.42786878719133
Rac1 perturbation; Cdc42 response,EML_expr,G(R),1,2,1,25.33333,32.39120195928573,11.042930203809027,56.0,29.612650317982947
Rac1 perturbation; Cdc42 response,EML_expr,G(R),1,2,1,25.66667,30.632160998035726,10.340276930676131,56.0,27.870379484712466
Rac1 perturbation; Cdc42 response,EML_expr,G(R),1,2,1,26.0,27.574354252678567,9.334215664690287,56.0,26.207114587391807
Rac1 perturbation; Cdc42 response,EML_expr,G(R),1,2,1,26.33333,26.98825472053571,9.472706586669132,56.0,24.62687731415842
Rac1 perturbation; Cdc42 response,EML_expr,G(R),1,2,1,26.66667,23.828536430892857,9.13385834952662,56.0,23.132039774857258
Rac1 perturbation; Cdc42 response,EML_expr,G(R),1,2,1,27.0,21.245405446785718,8.572782839915652,56.0,21.723673317518646
Rac1 perturbation; Cdc42 response,EML_expr,G(R),1,2,1,27.33333,23.797148394821424,8.805907887438186,56.0,20.401500904717302
Rac1 perturbation; Cdc42 response,EML_expr,G(R),1,2,1,27.66667,21.786008418392857,8.789026557627777,56.0,19.16425344927766
Rac1 perturbation; Cdc42 response,EML_expr,G(R),1,2,1,28.0,19.72074452785714,8.641463671185805,56.0,18.00996362085575
Rac1 perturbation; Cdc42 response,EML_expr,G(R),1,2,1,28.33333,19.56133962517857,8.071880993712787,56.0,16.935918290266635
Rac1 perturbation; Cdc42 response,EML_expr,G(R),1,2,1,28.66667,18.007073220000002,7.240060099460427,56.0,15.938935467788907
Rac1 perturbation; Cdc42 response,EML_expr,G(R),1,2,1,29.0,19.781916438928565,7.319891109470625,56.0,15.0155775880278
Rac1 perturbation; Cdc42 response,EML_expr,G(R),1,2,1,29.33333,17.908076492678568,7.0668718053002655,56.0,14.162086898741046
Rac1 perturbation; Cdc42 response,EML_expr,G(R),1,2,1,29.66667,12.991376950000005,7.059269006642786,56.0,13.374580881221487
Rac1 perturbation; Cdc42 response,EML_expr,G(R),1,2,1,30.0,15.252381256785714,6.399419728850981,56.0,12.649193142738337
Rac1 perturbation; Cdc42 response,EML_expr,G(R),1,2,1,30.33333,15.787882359821426,6.563629955811476,56.0,11.981996234477242
Rac1 perturbation; Cdc42 response,EML_expr,G(R),1,2,1,30.66667,9.94503414982142,6.731632025512227,56.0,11.369131533023635
Rac1 perturbation; Cdc42 response,EML_expr,G(R),1,2,1,31.0,10.036817084107152,6.974630393313972,56.0,10.806896216130525
Rac1 perturbation; Cdc42 response,EML_expr,G(R),1,2,1,31.33333,9.230053227142859,7.172982663463468,56.0,10.29166299433164
Rac1 perturbation; Cdc42 response,EML_expr,G(R),1,2,1,31.66667,10.85532622482143,7.095689350913041,56.0,9.819963234912358
Rac1 perturbation; Cdc42 response,EML_expr,G(R),1,2,1,32.0,10.824877368928572,6.444077889813405,56.0,9.388537804547862
Rac1 perturbation; Cdc42 response,EML_expr,G(R),1,2,1,32.33333,13.311633482857141,6.671262005017986,56.0,8.994261409042418
Rac1 perturbation; Cdc42 response,EML_expr,G(R),1,2,1,32.66667,11.734538476250005,6.632334561615327,56.0,8.634194591588484
Rac1 perturbation; Cdc42 response,EML_expr,G(R),1,2,1,33.0,10.346004451607149,6.896387904216912,56.0,8.305611993733464
Rac1 perturbation; Cdc42 response,EML_expr,G(R),1,2,1,33.33333,9.172568554464283,6.831884347604223,56.0,8.005935688164273
Rac1 perturbation; Cdc42 response,EML_expr,G(R),1,2,1,33.66667,6.891297014642854,6.7290806069907845,56.0,7.73276732022754
Rac1 perturbation; Cdc42 response,EML_expr,G(R),1,2,1,34.0,7.357812429642855,6.602966027505014,56.0,7.483902972993873
Rac1 perturbation; Cdc42 response,EML_expr,G(R),1,2,1,34.33333,4.517738089999999,7.132717334021903,56.0,7.2572771080174165
Rac1 perturbation; Cdc42 response,EML_expr,G(R),1,2,1,34.66667,8.732542402678572,5.53186065202682,56.0,7.050982363210727
Rac1 perturbation; Cdc42 response,EML_expr,G(R),1,2,1,35.0,7.524200926249997,5.4461896146963005,56.0,6.863276814030152
Rac1 perturbation; Cdc42 response,EML_expr,G(R),1,2,1,35.33333,8.171790244107145,5.958449540399851,56.0,6.692538363086339
Rac1 perturbation; Cdc42 response,EML_expr,G(R),1,2,1,35.66667,2.685928293750003,6.021733786898675,56.0,6.537276974612116
Rac1 perturbation; Cdc42 response,EML_expr,G(R),1,2,1,36.0,7.68786100071428,4.934698327055554,56.0,6.396137802702605
Rac1 perturbation; Cdc42 response,EML_expr,G(R),1,2,1,36.33333,10.28194019517858,5.482052580966321,56.0,6.267864946532221
Rac1 perturbation; Cdc42 response,EML_expr,G(R),1,2,1,36.66667,6.935392835178574,5.434021527126732,56.0,6.151309077225209
Rac1 perturbation; Cdc42 response,EML_expr,G(R),1,2,1,37.0,2.682297860535712,5.833526565132814,56.0,6.045428431174076
Rac1 perturbation; Cdc42 response,EML_expr,G(R),1,2,1,37.33333,6.265093537857142,4.872114708366953,56.0,5.9492604940072
Rac1 perturbation; Cdc42 response,EML_expr,G(R),1,2,1,37.66667,4.158479823928573,4.88215272901345,56.0,5.861926817530482
Rac1 perturbation; Cdc42 response,EML_expr,G(R),1,2,1,38.0,2.774460211607141,5.726416993581822,56.0,5.7826329872493
Rac1 perturbation; Cdc42 response,EML_expr,G(R),1,2,1,38.33333,4.220438699285711,5.851693453622379,56.0,5.710646773204328
Rac1 perturbation; Cdc42 response,EML_expr,G(R),1,2,1,38.66667,5.898403981785713,5.248780406414624,56.0,5.645301221856257
Rac1 perturbation; Cdc42 response,EML_expr,G(R),1,2,1,39.0,2.116079720535715,5.688757520636718,56.0,5.585994190188784
Rac1 perturbation; Cdc42 response,EML_expr,G(R),1,2,1,39.33333,1.6641076423214272,5.611694198127312,56.0,5.532171639041367
Rac1 perturbation; Cdc42 response,EML_expr,G(R),1,2,1,39.66667,4.2761368823214285,5.280550466228412,56.0,5.483329653755108
Rac1 perturbation; Cdc42 response,EML_expr,G(R),1,2,1,40.0,2.753929924107144,5.166320955931824,56.0,5.439013846539144
Rac1 perturbation; Cdc42 response,EML_expr,(G(R)+R),1,4,1,0.0,3.827074169107142,1.1420722545863766,56.0,8.45401177964739
Rac1 perturbation; Cdc42 response,EML_expr,(G(R)+R),1,4,1,0.3333333,17.239386878750004,3.6230717825189522,56.0,13.359400266896298
Rac1 perturbation; Cdc42 response,EML_expr,(G(R)+R),1,4,1,0.6666667,27.944322892321427,5.920585685086165,56.0,17.806606212612262
Rac1 perturbation; Cdc42 response,EML_expr,(G(R)+R),1,4,1,1.0,33.91203219839284,7.19853947353434,56.0,21.838423243808506
Rac1 perturbation; Cdc42 response,EML_expr,(G(R)+R),1,4,1,1.333333,40.62532188303572,8.336321677359155,56.0,25.493648562067413
Rac1 perturbation; Cdc42 response,EML_expr,(G(R)+R),1,4,1,1.666667,39.357031090535735,8.579362248519546,56.0,28.80747029471985
Rac1 perturbation; Cdc42 response,EML_expr,(G(R)+R),1,4,1,2.0,40.64119682910716,8.591445060017433,56.0,31.811758013975144
Rac1 perturbation; Cdc42 response,EML_expr,(G(R)+R),1,4,1,2.333333,42.037109865535726,8.792954344886885,56.0,34.53543292915527
Rac1 perturbation; Cdc42 response,EML_expr,(G(R)+R),1,4,1,2.666667,42.51144543464286,9.295292596102575,56.0,37.00471247849464
Rac1 perturbation; Cdc42 response,EML_expr,(G(R)+R),1,4,1,3.0,48.12939723964284,9.963933815532174,56.0,39.24334413221086
Rac1 perturbation; Cdc42 response,EML_expr,(G(R)+R),1,4,1,3.333333,45.16564558374999,10.429372020480425,56.0,41.27287840100803
Rac1 perturbation; Cdc42 response,EML_expr,(G(R)+R),1,4,1,3.666667,49.82137254517857,10.932543988201424,56.0,43.11285109257016
Rac1 perturbation; Cdc42 response,EML_expr,(G(R)+R),1,4,1,4.0,49.46123102089284,11.171653616071804,56.0,44.78095752888131
Rac1 perturbation; Cdc42 response,EML_expr,(G(R)+R),1,4,1,4.333334,54.19426600017859,11.481299788019944,56.0,46.29326029539264
Rac1 perturbation; Cdc42 response,EML_expr,(G(R)+R),1,4,1,4.666667,49.670968873571425,10.757617281060043,56.0,47.66430345817293
Rac1 perturbation; Cdc42 response,EML_expr,(G(R)+R),1,4,1,5.0,50.903237674285734,10.529299956320257,56.0,48.907285562103894
Rac1 perturbation; Cdc42 response,EML_expr,(G(R)+R),1,4,1,5.333334,48.62251751982142,10.221503553325313,56.0,50.03417125331662
Rac1 perturbation; Cdc42 response,EML_expr,(G(R)+R),1,4,1,5.666667,48.60424288107142,11.563656042466464,56.0,51.055797978060546
Rac1 perturbation; Cdc42 response,EML_expr,(G(R)+R),1,4,1,6.0,52.024706377321436,10.918739547859715,56.0,51.98200057344724
Rac1 perturbation; Cdc42 response,EML_expr,(G(R)+R),1,4,1,6.333334,50.76793762,11.40638591876654,56.0,52.8216944424133
Rac1 perturbation; Cdc42 response,EML_expr,(G(R)+R),1,4,1,6.666667,54.43562262785714,11.915146283078842,56.0,53.58295505990871
Rac1 perturbation; Cdc42 response,EML_expr,(G(R)+R),1,4,1,7.0,52.03527786339288,11.713402551630317,56.0,54.27311081113642
Rac1 perturbation; Cdc42 response,EML_expr,(G(R)+R),1,4,1,7.333334,50.833776938214285,11.055851899450207,56.0,54.89880496900649
Rac1 perturbation; Cdc42 response,EML_expr,(G(R)+R),1,4,1,7.666667,53.823288135714314,10.863983314939432,56.0,55.466054937819486
Rac1 perturbation; Cdc42 response,EML_expr,(G(R)+R),1,4,1,8.0,51.90479413160716,11.010775975290125,56.0,55.98032143126826
Rac1 perturbation; Cdc42 response,EML_expr,(G(R)+R),1,4,1,8.333333,51.90697419892856,10.139950267233813,56.0,56.446553323422464
Rac1 perturbation; Cdc42 response,EML_expr,(G(R)+R),1,4,1,8.666667,51.74549677267857,10.541134502239517,56.0,56.86923845009811
Rac1 perturbation; Cdc42 response,EML_expr,(G(R)+R),1,4,1,9.0,52.604561248571436,10.642679744999985,56.0,57.25244184413437
Rac1 perturbation; Cdc42 response,EML_expr,(G(R)+R),1,4,1,9.333333,51.231733485535706,10.851944544841261,56.0,57.5998524683096
Rac1 perturbation; Cdc42 response,EML_expr,(G(R)+R),1,4,1,9.666667,52.22727063178574,10.638437435555277,56.0,57.91481441355421
Rac1 perturbation; Cdc42 response,EML_expr,(G(R)+R),1,4,1,10.0,50.698182273035734,10.542941423713255,56.0,58.2003567210379
Rac1 perturbation; Cdc42 response,EML_expr,(G(R)+R),1,4,1,10.33333,54.06696888107144,10.702765966730157,56.0,58.459225987511715
Rac1 perturbation; Cdc42 response,EML_expr,(G(R)+R),1,4,1,10.66667,50.439666005714294,11.084816945978258,56.0,58.69392271028976
Rac1 perturbation; Cdc42 response,EML_expr,(G(R)+R),1,4,1,11.0,54.65172079357143,11.333885212747417,56.0,58.90669128242629
Rac1 perturbation; Cdc42 response,EML_expr,(G(R)+R),1,4,1,11.33333,52.14428028982143,10.806780589267332,56.0,59.09958656685205
Rac1 perturbation; Cdc42 response,EML_expr,(G(R)+R),1,4,1,11.66667,51.87196959607144,11.439420603811717,56.0,59.27446978767877
Rac1 perturbation; Cdc42 response,EML_expr,(G(R)+R),1,4,1,12.0,58.43871945178572,11.606161569484064,56.0,59.43301334441887
Rac1 perturbation; Cdc42 response,EML_expr,(G(R)+R),1,4,1,12.33333,55.085658180357136,11.032267610609408,56.0,59.57674840896677
Rac1 perturbation; Cdc42 response,EML_expr,(G(R)+R),1,4,1,12.66667,58.64790563089287,11.327073931852615,56.0,59.70706186307798
Rac1 perturbation; Cdc42 response,EML_expr,(G(R)+R),1,4,1,13.0,61.814454952142874,11.731313212238682,56.0,59.825199877366245
Rac1 perturbation; Cdc42 response,EML_expr,(G(R)+R),1,4,1,13.33333,56.964429048214285,11.906372097202055,56.0,59.932303320883506
Rac1 perturbation; Cdc42 response,EML_expr,(G(R)+R),1,4,1,13.66667,57.82881474017859,12.38989717920228,56.0,60.02940516516492
Rac1 perturbation; Cdc42 response,EML_expr,(G(R)+R),1,4,1,14.0,60.89789809357142,12.211422473989089,56.0,60.117431748628015
Rac1 perturbation; Cdc42 response,EML_expr,(G(R)+R),1,4,1,14.33333,56.72333004464287,12.463769096533317,56.0,60.197223990624416
Rac1 perturbation; Cdc42 response,EML_expr,(G(R)+R),1,4,1,14.66667,61.075306226964265,13.0784984598502,56.0,60.269519513666935
Rac1 perturbation; Cdc42 response,EML_expr,(G(R)+R),1,4,1,15.0,62.904096297321416,12.151439818200448,56.0,60.3349120638603
Rac1 perturbation; Cdc42 response,EML_expr,(G(R)+R),1,4,1,15.33333,62.09625783482145,12.727114343581496,56.0,60.39377511405028
Rac1 perturbation; Cdc42 response,EML_expr,(G(R)+R),1,4,1,15.66667,56.46932148821429,12.177318652118275,56.0,60.44607314900663
Rac1 perturbation; Cdc42 response,EML_expr,(G(R)+R),1,4,1,16.0,58.19295324714285,12.181067682968143,56.0,60.49104586686252
Rac1 perturbation; Cdc42 response,EML_expr,(G(R)+R),1,4,1,16.33333,64.50140953892856,12.661195440931824,56.0,60.526754672346776
Rac1 perturbation; Cdc42 response,EML_expr,(G(R)+R),1,4,1,16.66667,62.852034469642874,11.277303250885263,56.0,60.54948452022219
Rac1 perturbation; Cdc42 response,EML_expr,(G(R)+R),1,4,1,17.0,66.45181134142857,11.165071803688988,56.0,60.553101951134956
Rac1 perturbation; Cdc42 response,EML_expr,(G(R)+R),1,4,1,17.33333,57.421065627678594,11.680646628908903,56.0,60.528504134016046
Rac1 perturbation; Cdc42 response,EML_expr,(G(R)+R),1,4,1,17.66667,61.71634201214285,11.595872688120714,56.0,60.46330599200255
Rac1 perturbation; Cdc42 response,EML_expr,(G(R)+R),1,4,1,18.0,64.21866456446428,11.601979812504425,56.0,60.341937068809756
Rac1 perturbation; Cdc42 response,EML_expr,(G(R)+R),1,4,1,18.33333,57.705033513749996,11.955581833649635,56.0,60.146194217782565
Rac1 perturbation; Cdc42 response,EML_expr,(G(R)+R),1,4,1,18.66667,65.40024261232142,11.470379982282436,56.0,59.85626785841865
Rac1 perturbation; Cdc42 response,EML_expr,(G(R)+R),1,4,1,19.0,63.10916902857142,11.921338915995449,56.0,59.45216963640636
Rac1 perturbation; Cdc42 response,EML_expr,(G(R)+R),1,4,1,19.33333,60.21811466982144,12.110144207906488,56.0,58.91525516875509
Rac1 perturbation; Cdc42 response,EML_expr,(G(R)+R),1,4,1,19.66667,67.68370798124998,12.532239969121928,56.0,58.229778463739635
Rac1 perturbation; Cdc42 response,EML_expr,(G(R)+R),1,4,1,20.0,65.88854110875,12.325811193535127,56.0,57.38429122143036
Rac1 perturbation; Cdc42 response,EML_expr,(G(R)+R),1,4,1,20.33333,60.942376883749986,12.671791082956299,56.0,56.372462753113005
Rac1 perturbation; Cdc42 response,EML_expr,(G(R)+R),1,4,1,20.66667,58.72241103892858,12.021432487384956,56.0,55.19360257168328
Rac1 perturbation; Cdc42 response,EML_expr,(G(R)+R),1,4,1,21.0,53.51671177285713,11.960341593184005,56.0,53.85280061465763
Rac1 perturbation; Cdc42 response,EML_expr,(G(R)+R),1,4,1,21.33333,52.13898499750002,11.591237873900097,56.0,52.3603043740849
Rac1 perturbation; Cdc42 response,EML_expr,(G(R)+R),1,4,1,21.66667,49.44778040500001,9.954845105598858,56.0,50.730862603322834
Rac1 perturbation; Cdc42 response,EML_expr,(G(R)+R),1,4,1,22.0,45.060534001071424,9.45136452278932,56.0,48.9829300631185
Rac1 perturbation; Cdc42 response,EML_expr,(G(R)+R),1,4,1,22.33333,43.02879638517859,8.719762175239723,56.0,47.13730438773547
Rac1 perturbation; Cdc42 response,EML_expr,(G(R)+R),1,4,1,22.66667,37.47054658071429,9.909421561463999,56.0,45.21618467230766
Rac1 perturbation; Cdc42 response,EML_expr,(G(R)+R),1,4,1,23.0,41.85401168000003,9.023062811264177,56.0,43.24235669568889
Rac1 perturbation; Cdc42 response,EML_expr,(G(R)+R),1,4,1,23.33333,37.604964228035726,10.062365408446167,56.0,41.237975097168146
Rac1 perturbation; Cdc42 response,EML_expr,(G(R)+R),1,4,1,23.66667,37.97096682785712,10.205204664719476,56.0,39.22402282536266
Rac1 perturbation; Cdc42 response,EML_expr,(G(R)+R),1,4,1,24.0,33.44989865607143,9.526733026885863,56.0,37.21996052019217
Rac1 perturbation; Cdc42 response,EML_expr,(G(R)+R),1,4,1,24.33333,31.101288853392855,10.279031442108089,56.0,35.2429959254457
Rac1 perturbation; Cdc42 response,EML_expr,(G(R)+R),1,4,1,24.66667,31.914791204107143,11.037035766121848,56.0,33.308054816961764
Rac1 perturbation; Cdc42 response,EML_expr,(G(R)+R),1,4,1,25.0,27.23004851285713,11.038314703262866,56.0,31.427868891464648
Rac1 perturbation; Cdc42 response,EML_expr,(G(R)+R),1,4,1,25.33333,32.39120195928573,11.042930203809027,56.0,29.612650419483124
Rac1 perturbation; Cdc42 response,EML_expr,(G(R)+R),1,4,1,25.66667,30.632160998035726,10.340276930676131,56.0,27.870379582735467
Rac1 perturbation; Cdc42 response,EML_expr,(G(R)+R),1,4,1,26.0,27.574354252678567,9.334215664690287,56.0,26.207114681359563
Rac1 perturbation; Cdc42 response,EML_expr,(G(R)+R),1,4,1,26.33333,26.98825472053571,9.472706586669132,56.0,24.626877403619822
Rac1 perturbation; Cdc42 response,EML_expr,(G(R)+R),1,4,1,26.66667,23.828536430892857,9.13385834952662,56.0,23.132039859476166
Rac1 perturbation; Cdc42 response,EML_expr,(G(R)+R),1,4,1,27.0,21.245405446785718,8.572782839915652,56.0,21.723673397060285
Rac1 perturbation; Cdc42 response,EML_expr,(G(R)+R),1,4,1,27.33333,23.797148394821424,8.805907887438186,56.0,20.401500979039817
Rac1 perturbation; Cdc42 response,EML_expr,(G(R)+R),1,4,1,27.66667,21.786008418392857,8.789026557627777,56.0,19.16425351831935
Rac1 perturbation; Cdc42 response,EML_expr,(G(R)+R),1,4,1,28.0,19.72074452785714,8.641463671185805,56.0,18.009963684613204
Rac1 perturbation; Cdc42 response,EML_expr,(G(R)+R),1,4,1,28.33333,19.56133962517857,8.071880993712787,56.0,16.935918348802723
Rac1 perturbation; Cdc42 response,EML_expr,(G(R)+R),1,4,1,28.66667,18.007073220000002,7.240060099460427,56.0,15.938935521198896
Rac1 perturbation; Cdc42 response,EML_expr,(G(R)+R),1,4,1,29.0,19.781916438928565,7.319891109470625,56.0,15.015577636460208
Rac1 perturbation; Cdc42 response,EML_expr,(G(R)+R),1,4,1,29.33333,17.908076492678568,7.0668718053002655,56.0,14.162086942360915
Rac1 perturbation; Cdc42 response,EML_expr,(G(R)+R),1,4,1,29.66667,12.991376950000005,7.059269006642786,56.0,13.374580920214257
Rac1 perturbation; Cdc42 response,EML_expr,(G(R)+R),1,4,1,30.0,15.252381256785714,6.399419728850981,56.0,12.649193177305293
Rac1 perturbation; Cdc42 response,EML_expr,(G(R)+R),1,4,1,30.33333,15.787882359821426,6.563629955811476,56.0,11.9819962648379
Rac1 perturbation; Cdc42 response,EML_expr,(G(R)+R),1,4,1,30.66667,9.94503414982142,6.731632025512227,56.0,11.369131559397534
Rac1 perturbation; Cdc42 response,EML_expr,(G(R)+R),1,4,1,31.0,10.036817084107152,6.974630393313972,56.0,10.806896238730252
Rac1 perturbation; Cdc42 response,EML_expr,(G(R)+R),1,4,1,31.33333,9.230053227142859,7.172982663463468,56.0,10.291663013384838
Rac1 perturbation; Cdc42 response,EML_expr,(G(R)+R),1,4,1,31.66667,10.85532622482143,7.095689350913041,56.0,9.81996325062898
Rac1 perturbation; Cdc42 response,EML_expr,(G(R)+R),1,4,1,32.0,10.824877368928572,6.444077889813405,56.0,9.388537817143948
Rac1 perturbation; Cdc42 response,EML_expr,(G(R)+R),1,4,1,32.33333,13.311633482857141,6.671262005017986,56.0,8.994261418719503
Rac1 perturbation; Cdc42 response,EML_expr,(G(R)+R),1,4,1,32.66667,11.734538476250005,6.632334561615327,56.0,8.634194598535926
Rac1 perturbation; Cdc42 response,EML_expr,(G(R)+R),1,4,1,33.0,10.346004451607149,6.896387904216912,56.0,8.305611998143176
Rac1 perturbation; Cdc42 response,EML_expr,(G(R)+R),1,4,1,33.33333,9.172568554464283,6.831884347604223,56.0,8.005935690211095
Rac1 perturbation; Cdc42 response,EML_expr,(G(R)+R),1,4,1,33.66667,6.891297014642854,6.7290806069907845,56.0,7.732767320084752
Rac1 perturbation; Cdc42 response,EML_expr,(G(R)+R),1,4,1,34.0,7.357812429642855,6.602966027505014,56.0,7.483902970825769
Rac1 perturbation; Cdc42 response,EML_expr,(G(R)+R),1,4,1,34.33333,4.517738089999999,7.132717334021903,56.0,7.257277103965942
Rac1 perturbation; Cdc42 response,EML_expr,(G(R)+R),1,4,1,34.66667,8.732542402678572,5.53186065202682,56.0,7.050982357418026
Rac1 perturbation; Cdc42 response,EML_expr,(G(R)+R),1,4,1,35.0,7.524200926249997,5.4461896146963005,56.0,6.863276806631625
Rac1 perturbation; Cdc42 response,EML_expr,(G(R)+R),1,4,1,35.33333,8.171790244107145,5.958449540399851,56.0,6.692538354203849
Rac1 perturbation; Cdc42 response,EML_expr,(G(R)+R),1,4,1,35.66667,2.685928293750003,6.021733786898675,56.0,6.5372769643592115
Rac1 perturbation; Cdc42 response,EML_expr,(G(R)+R),1,4,1,36.0,7.68786100071428,4.934698327055554,56.0,6.396137791183909
Rac1 perturbation; Cdc42 response,EML_expr,(G(R)+R),1,4,1,36.33333,10.28194019517858,5.482052580966321,56.0,6.267864933848968
Rac1 perturbation; Cdc42 response,EML_expr,(G(R)+R),1,4,1,36.66667,6.935392835178574,5.434021527126732,56.0,6.1513090634687675
Rac1 perturbation; Cdc42 response,EML_expr,(G(R)+R),1,4,1,37.0,2.682297860535712,5.833526565132814,56.0,6.045428416437753
Rac1 perturbation; Cdc42 response,EML_expr,(G(R)+R),1,4,1,37.33333,6.265093537857142,4.872114708366953,56.0,5.949260478367686
Rac1 perturbation; Cdc42 response,EML_expr,(G(R)+R),1,4,1,37.66667,4.158479823928573,4.88215272901345,56.0,5.861926801059703
Rac1 perturbation; Cdc42 response,EML_expr,(G(R)+R),1,4,1,38.0,2.774460211607141,5.726416993581822,56.0,5.782632970001987
Rac1 perturbation; Cdc42 response,EML_expr,(G(R)+R),1,4,1,38.33333,4.220438699285711,5.851693453622379,56.0,5.710646755260701
Rac1 perturbation; Cdc42 response,EML_expr,(G(R)+R),1,4,1,38.66667,5.898403981785713,5.248780406414624,56.0,5.645301203266776
Rac1 perturbation; Cdc42 response,EML_expr,(G(R)+R),1,4,1,39.0,2.116079720535715,5.688757520636718,56.0,5.58599417101072
Rac1 perturbation; Cdc42 response,EML_expr,(G(R)+R),1,4,1,39.33333,1.6641076423214272,5.611694198127312,56.0,5.53217161931418
Rac1 perturbation; Cdc42 response,EML_expr,(G(R)+R),1,4,1,39.66667,4.2761368823214285,5.280550466228412,56.0,5.483329633531068
Rac1 perturbation; Cdc42 response,EML_expr,(G(R)+R),1,4,1,40.0,2.753929924107144,5.166320955931824,56.0,5.439013825858673
Rac1 perturbation; Cdc42 response,EML_expr,G((R+R)),1,4,1,0.0,3.827074169107142,1.1420722545863766,56.0,4.591382140529936
Rac1 perturbation; Cdc42 response,EML_expr,G((R+R)),1,4,1,0.3333333,17.239386878750004,3.6230717825189522,56.0,16.53121135465677
Rac1 perturbation; Cdc42 response,EML_expr,G((R+R)),1,4,1,0.6666667,27.944322892321427,5.920585685086165,56.0,23.231547487863573
Rac1 perturbation; Cdc42 response,EML_expr,G((R+R)),1,4,1,1.0,33.91203219839284,7.19853947353434,56.0,28.37898994005422
Rac1 perturbation; Cdc42 response,EML_expr,G((R+R)),1,4,1,1.333333,40.62532188303572,8.336321677359155,56.0,32.59682856437511
Rac1 perturbation; Cdc42 response,EML_expr,G((R+R)),1,4,1,1.666667,39.357031090535735,8.579362248519546,56.0,36.162066345996244
Rac1 perturbation; Cdc42 response,EML_expr,G((R+R)),1,4,1,2.0,40.64119682910716,8.591445060017433,56.0,39.23078057055396
Rac1 perturbation; Cdc42 response,EML_expr,G((R+R)),1,4,1,2.333333,42.037109865535726,8.792954344886885,56.0,41.902758576271154
Rac1 perturbation; Cdc42 response,EML_expr,G((R+R)),1,4,1,2.666667,42.51144543464286,9.295292596102575,56.0,44.247060873514556
Rac1 perturbation; Cdc42 response,EML_expr,G((R+R)),1,4,1,3.0,48.12939723964284,9.963933815532174,56.0,46.31417398221734
Rac1 perturbation; Cdc42 response,EML_expr,G((R+R)),1,4,1,3.333333,45.16564558374999,10.429372020480425,56.0,48.14256684254174
Rac1 perturbation; Cdc42 response,EML_expr,G((R+R)),1,4,1,3.666667,49.82137254517857,10.932543988201424,56.0,49.76246331320696
Rac1 perturbation; Cdc42 response,EML_expr,G((R+R)),1,4,1,4.0,49.46123102089284,11.171653616071804,56.0,51.198190243250586
Rac1 perturbation; Cdc42 response,EML_expr,G((R+R)),1,4,1,4.333334,54.19426600017859,11.481299788019944,56.0,52.46975175072441
Rac1 perturbation; Cdc42 response,EML_expr,G((R+R)),1,4,1,4.666667,49.670968873571425,10.757617281060043,56.0,53.59384342126842
Rac1 perturbation; Cdc42 response,EML_expr,G((R+R)),1,4,1,5.0,50.903237674285734,10.529299956320257,56.0,54.584618187572076
Rac1 perturbation; Cdc42 response,EML_expr,G((R+R)),1,4,1,5.333334,48.62251751982142,10.221503553325313,56.0,55.45420692575042
Rac1 perturbation; Cdc42 response,EML_expr,G((R+R)),1,4,1,5.666667,48.60424288107142,11.563656042466464,56.0,56.213107974298886
Rac1 perturbation; Cdc42 response,EML_expr,G((R+R)),1,4,1,6.0,52.024706377321436,10.918739547859715,56.0,56.87050188825991
Rac1 perturbation; Cdc42 response,EML_expr,G((R+R)),1,4,1,6.333334,50.76793762,11.40638591876654,56.0,57.434472578636324
Rac1 perturbation; Cdc42 response,EML_expr,G((R+R)),1,4,1,6.666667,54.43562262785714,11.915146283078842,56.0,57.91218378572488
Rac1 perturbation; Cdc42 response,EML_expr,G((R+R)),1,4,1,7.0,52.03527786339288,11.713402551630317,56.0,58.310032114617435
Rac1 perturbation; Cdc42 response,EML_expr,G((R+R)),1,4,1,7.333334,50.833776938214285,11.055851899450207,56.0,58.633755664011765
Rac1 perturbation; Cdc42 response,EML_expr,G((R+R)),1,4,1,7.666667,53.823288135714314,10.863983314939432,56.0,58.88852542241769
Rac1 perturbation; Cdc42 response,EML_expr,G((R+R)),1,4,1,8.0,51.90479413160716,11.010775975290125,56.0,59.07902756253256
Rac1 perturbation; Cdc42 response,EML_expr,G((R+R)),1,4,1,8.333333,51.90697419892856,10.139950267233813,56.0,59.20952268951728
Rac1 perturbation; Cdc42 response,EML_expr,G((R+R)),1,4,1,8.666667,51.74549677267857,10.541134502239517,56.0,59.2838999480863
Rac1 perturbation; Cdc42 response,EML_expr,G((R+R)),1,4,1,9.0,52.604561248571436,10.642679744999985,56.0,59.30572079740033
Rac1 perturbation; Cdc42 response,EML_expr,G((R+R)),1,4,1,9.333333,51.231733485535706,10.851944544841261,56.0,59.27825803953298
Rac1 perturbation; Cdc42 response,EML_expr,G((R+R)),1,4,1,9.666667,52.22727063178574,10.638437435555277,56.0,59.20452664226309
Rac1 perturbation; Cdc42 response,EML_expr,G((R+R)),1,4,1,10.0,50.698182273035734,10.542941423713255,56.0,59.08731266154666
Rac1 perturbation; Cdc42 response,EML_expr,G((R+R)),1,4,1,10.33333,54.06696888107144,10.702765966730157,56.0,58.9291973089033
Rac1 perturbation; Cdc42 response,EML_expr,G((R+R)),1,4,1,10.66667,50.439666005714294,11.084816945978258,56.0,58.732567775138776
Rac1 perturbation; Cdc42 response,EML_expr,G((R+R)),1,4,1,11.0,54.65172079357143,11.333885212747417,56.0,58.49966322650876
Rac1 perturbation; Cdc42 response,EML_expr,G((R+R)),1,4,1,11.33333,52.14428028982143,10.806780589267332,56.0,58.232554202075974
Rac1 perturbation; Cdc42 response,EML_expr,G((R+R)),1,4,1,11.66667,51.87196959607144,11.439420603811717,56.0,57.93316953750288
Rac1 perturbation; Cdc42 response,EML_expr,G((R+R)),1,4,1,12.0,58.43871945178572,11.606161569484064,56.0,57.60334015734006
Rac1 perturbation; Cdc42 response,EML_expr,G((R+R)),1,4,1,12.33333,55.085658180357136,11.032267610609408,56.0,57.24475593654107
Rac1 perturbation; Cdc42 response,EML_expr,G((R+R)),1,4,1,12.66667,58.64790563089287,11.327073931852615,56.0,56.85899838905088
Rac1 perturbation; Cdc42 response,EML_expr,G((R+R)),1,4,1,13.0,61.814454952142874,11.731313212238682,56.0,56.44758786223812
Rac1 perturbation; Cdc42 response,EML_expr,G((R+R)),1,4,1,13.33333,56.964429048214285,11.906372097202055,56.0,56.011921722377956
Rac1 perturbation; Cdc42 response,EML_expr,G((R+R)),1,4,1,13.66667,57.82881474017859,12.38989717920228,56.0,55.553312694875906
Rac1 perturbation; Cdc42 response,EML_expr,G((R+R)),1,4,1,14.0,60.89789809357142,12.211422473989089,56.0,55.07303962681816
Rac1 perturbation; Cdc42 response,EML_expr,G((R+R)),1,4,1,14.33333,56.72333004464287,12.463769096533317,56.0,54.572270487955976
Rac1 perturbation; Cdc42 response,EML_expr,G((R+R)),1,4,1,14.66667,61.075306226964265,13.0784984598502,56.0,54.05210594701606
Rac1 perturbation; Cdc42 response,EML_expr,G((R+R)),1,4,1,15.0,62.904096297321416,12.151439818200448,56.0,53.51363355510824
Rac1 perturbation; Cdc42 response,EML_expr,G((R+R)),1,4,1,15.33333,62.09625783482145,12.727114343581496,56.0,52.95783825227297
Rac1 perturbation; Cdc42 response,EML_expr,G((R+R)),1,4,1,15.66667,56.46932148821429,12.177318652118275,56.0,52.38565065089764
Rac1 perturbation; Cdc42 response,EML_expr,G((R+R)),1,4,1,16.0,58.19295324714285,12.181067682968143,56.0,51.798004350875196
Rac1 perturbation; Cdc42 response,EML_expr,G((R+R)),1,4,1,16.33333,64.50140953892856,12.661195440931824,56.0,51.195736089865825
Rac1 perturbation; Cdc42 response,EML_expr,G((R+R)),1,4,1,16.66667,62.852034469642874,11.277303250885263,56.0,50.57963818067138
Rac1 perturbation; Cdc42 response,EML_expr,G((R+R)),1,4,1,17.0,66.45181134142857,11.165071803688988,56.0,49.95051861332108
Rac1 perturbation; Cdc42 response,EML_expr,G((R+R)),1,4,1,17.33333,57.421065627678594,11.680646628908903,56.0,49.30909258918135
Rac1 perturbation; Cdc42 response,EML_expr,G((R+R)),1,4,1,17.66667,61.71634201214285,11.595872688120714,56.0,48.656038576693675
Rac1 perturbation; Cdc42 response,EML_expr,G((R+R)),1,4,1,18.0,64.21866456446428,11.601979812504425,56.0,47.99206084362373
Rac1 perturbation; Cdc42 response,EML_expr,G((R+R)),1,4,1,18.33333,57.705033513749996,11.955581833649635,56.0,47.31777381713747
Rac1 perturbation; Cdc42 response,EML_expr,G((R+R)),1,4,1,18.66667,65.40024261232142,11.470379982282436,56.0,46.6337612582559
Rac1 perturbation; Cdc42 response,EML_expr,G((R+R)),1,4,1,19.0,63.10916902857142,11.921338915995449,56.0,45.94064087758177
Rac1 perturbation; Cdc42 response,EML_expr,G((R+R)),1,4,1,19.33333,60.21811466982144,12.110144207906488,56.0,45.238942733423045
Rac1 perturbation; Cdc42 response,EML_expr,G((R+R)),1,4,1,19.66667,67.68370798124998,12.532239969121928,56.0,44.529171068043084
Rac1 perturbation; Cdc42 response,EML_expr,G((R+R)),1,4,1,20.0,65.88854110875,12.325811193535127,56.0,43.81187068082837
Rac1 perturbation; Cdc42 response,EML_expr,G((R+R)),1,4,1,20.33333,60.942376883749986,12.671791082956299,56.0,43.08750039452357
Rac1 perturbation; Cdc42 response,EML_expr,G((R+R)),1,4,1,20.66667,58.72241103892858,12.021432487384956,56.0,42.35649714008998
Rac1 perturbation; Cdc42 response,EML_expr,G((R+R)),1,4,1,21.0,53.51671177285713,11.960341593184005,56.0,41.61934378639534
Rac1 perturbation; Cdc42 response,EML_expr,G((R+R)),1,4,1,21.33333,52.13898499750002,11.591237873900097,56.0,40.87643855765981
Rac1 perturbation; Cdc42 response,EML_expr,G((R+R)),1,4,1,21.66667,49.44778040500001,9.954845105598858,56.0,40.12816099570024
Rac1 perturbation; Cdc42 response,EML_expr,G((R+R)),1,4,1,22.0,45.060534001071424,9.45136452278932,56.0,39.3749409715453
Rac1 perturbation; Cdc42 response,EML_expr,G((R+R)),1,4,1,22.33333,43.02879638517859,8.719762175239723,56.0,38.617124816538265
Rac1 perturbation; Cdc42 response,EML_expr,G((R+R)),1,4,1,22.66667,37.47054658071429,9.909421561463999,56.0,37.85504282970216
Rac1 perturbation; Cdc42 response,EML_expr,G((R+R)),1,4,1,23.0,41.85401168000003,9.023062811264177,56.0,37.08907922250114
Rac1 perturbation; Cdc42 response,EML_expr,G((R+R)),1,4,1,23.33333,37.604964228035726,10.062365408446167,56.0,36.31953562561315
Rac1 perturbation; Cdc42 response,EML_expr,G((R+R)),1,4,1,23.66667,37.97096682785712,10.205204664719476,56.0,35.546699844668666
Rac1 perturbation; Cdc42 response,EML_expr,G((R+R)),1,4,1,24.0,33.44989865607143,9.526733026885863,56.0,34.770916513826656
Rac1 perturbation; Cdc42 response,EML_expr,G((R+R)),1,4,1,24.33333,31.101288853392855,10.279031442108089,56.0,33.99244855566309
Rac1 perturbation; Cdc42 response,EML_expr,G((R+R)),1,4,1,24.66667,31.914791204107143,11.037035766121848,56.0,33.211546920581675
Rac1 perturbation; Cdc42 response,EML_expr,G((R+R)),1,4,1,25.0,27.23004851285713,11.038314703262866,56.0,32.428521747566776
Rac1 perturbation; Cdc42 response,EML_expr,G((R+R)),1,4,1,25.33333,32.39120195928573,11.042930203809027,56.0,31.643602282725404
Rac1 perturbation; Cdc42 response,EML_expr,G((R+R)),1,4,1,25.66667,30.632160998035726,10.340276930676131,56.0,30.857007366418557
Rac1 perturbation; Cdc42 response,EML_expr,G((R+R)),1,4,1,26.0,27.574354252678567,9.334215664690287,56.0,30.06901692036388
Rac1 perturbation; Cdc42 response,EML_expr,G((R+R)),1,4,1,26.33333,26.98825472053571,9.472706586669132,56.0,29.27983076871635
Rac1 perturbation; Cdc42 response,EML_expr,G((R+R)),1,4,1,26.66667,23.828536430892857,9.13385834952662,56.0,28.489639662681967
Rac1 perturbation; Cdc42 response,EML_expr,G((R+R)),1,4,1,27.0,21.245405446785718,8.572782839915652,56.0,27.698696932090485
Rac1 perturbation; Cdc42 response,EML_expr,G((R+R)),1,4,1,27.33333,23.797148394821424,8.805907887438186,56.0,26.90717659966075
Rac1 perturbation; Cdc42 response,EML_expr,G((R+R)),1,4,1,27.66667,21.786008418392857,8.789026557627777,56.0,26.115244755822552
Rac1 perturbation; Cdc42 response,EML_expr,G((R+R)),1,4,1,28.0,19.72074452785714,8.641463671185805,56.0,25.323131230051864
Rac1 perturbation; Cdc42 response,EML_expr,G((R+R)),1,4,1,28.33333,19.56133962517857,8.071880993712787,56.0,24.53098734271238
Rac1 perturbation; Cdc42 response,EML_expr,G((R+R)),1,4,1,28.66667,18.007073220000002,7.240060099460427,56.0,23.738957463314236
Rac1 perturbation; Cdc42 response,EML_expr,G((R+R)),1,4,1,29.0,19.781916438928565,7.319891109470625,56.0,22.947250572423705
Rac1 perturbation; Cdc42 response,EML_expr,G((R+R)),1,4,1,29.33333,17.908076492678568,7.0668718053002655,56.0,22.15599795507032
Rac1 perturbation; Cdc42 response,EML_expr,G((R+R)),1,4,1,29.66667,12.991376950000005,7.059269006642786,56.0,21.3653247939813
Rac1 perturbation; Cdc42 response,EML_expr,G((R+R)),1,4,1,30.0,15.252381256785714,6.399419728850981,56.0,20.575421506887288
Rac1 perturbation; Cdc42 response,EML_expr,G((R+R)),1,4,1,30.33333,15.787882359821426,6.563629955811476,56.0,19.78640165002661
Rac1 perturbation; Cdc42 response,EML_expr,G((R+R)),1,4,1,30.66667,9.94503414982142,6.731632025512227,56.0,18.998373414259508
Rac1 perturbation; Cdc42 response,EML_expr,G((R+R)),1,4,1,31.0,10.036817084107152,6.974630393313972,56.0,18.21151063522707
Rac1 perturbation; Cdc42 response,EML_expr,G((R+R)),1,4,1,31.33333,9.230053227142859,7.172982663463468,56.0,17.425911144234828
Rac1 perturbation; Cdc42 response,EML_expr,G((R+R)),1,4,1,31.66667,10.85532622482143,7.095689350913041,56.0,16.64166804979843
Rac1 perturbation; Cdc42 response,EML_expr,G((R+R)),1,4,1,32.0,10.824877368928572,6.444077889813405,56.0,15.858940329501355
Rac1 perturbation; Cdc42 response,EML_expr,G((R+R)),1,4,1,32.33333,13.311633482857141,6.671262005017986,56.0,15.077811837911966
Rac1 perturbation; Cdc42 response,EML_expr,G((R+R)),1,4,1,32.66667,11.734538476250005,6.632334561615327,56.0,14.29836226921798
Rac1 perturbation; Cdc42 response,EML_expr,G((R+R)),1,4,1,33.0,10.346004451607149,6.896387904216912,56.0,13.520737249911654
Rac1 perturbation; Cdc42 response,EML_expr,G((R+R)),1,4,1,33.33333,9.172568554464283,6.831884347604223,56.0,12.745008188869381
Rac1 perturbation; Cdc42 response,EML_expr,G((R+R)),1,4,1,33.66667,6.891297014642854,6.7290806069907845,56.0,11.971242828501879
Rac1 perturbation; Cdc42 response,EML_expr,G((R+R)),1,4,1,34.0,7.357812429642855,6.602966027505014,56.0,11.199574766654948
Rac1 perturbation; Cdc42 response,EML_expr,G((R+R)),1,4,1,34.33333,4.517738089999999,7.132717334021903,56.0,10.430064312175642
Rac1 perturbation; Cdc42 response,EML_expr,G((R+R)),1,4,1,34.66667,8.732542402678572,5.53186065202682,56.0,9.662768542552982
Rac1 perturbation; Cdc42 response,EML_expr,G((R+R)),1,4,1,35.0,7.524200926249997,5.4461896146963005,56.0,8.897810191800163
Rac1 perturbation; Cdc42 response,EML_expr,G((R+R)),1,4,1,35.33333,8.171790244107145,5.958449540399851,56.0,8.13523965536366
Rac1 perturbation; Cdc42 response,EML_expr,G((R+R)),1,4,1,35.66667,2.685928293750003,6.021733786898675,56.0,7.375104481726856
Rac1 perturbation; Cdc42 response,EML_expr,G((R+R)),1,4,1,36.0,7.68786100071428,4.934698327055554,56.0,6.617517570591031
Rac1 perturbation; Cdc42 response,EML_expr,G((R+R)),1,4,1,36.33333,10.28194019517858,5.482052580966321,56.0,5.862520453591235
Rac1 perturbation; Cdc42 response,EML_expr,G((R+R)),1,4,1,36.66667,6.935392835178574,5.434021527126732,56.0,5.110152155872489
Rac1 perturbation; Cdc42 response,EML_expr,G((R+R)),1,4,1,37.0,2.682297860535712,5.833526565132814,56.0,4.360516655718048
Rac1 perturbation; Cdc42 response,EML_expr,G((R+R)),1,4,1,37.33333,6.265093537857142,4.872114708366953,56.0,3.6136475519518045
Rac1 perturbation; Cdc42 response,EML_expr,G((R+R)),1,4,1,37.66667,4.158479823928573,4.88215272901345,56.0,2.86957623919114
Rac1 perturbation; Cdc42 response,EML_expr,G((R+R)),1,4,1,38.0,2.774460211607141,5.726416993581822,56.0,2.12839858624399
Rac1 perturbation; Cdc42 response,EML_expr,G((R+R)),1,4,1,38.33333,4.220438699285711,5.851693453622379,56.0,1.390141087095226
Rac1 perturbation; Cdc42 response,EML_expr,G((R+R)),1,4,1,38.66667,5.898403981785713,5.248780406414624,56.0,0.654828300477238
Rac1 perturbation; Cdc42 response,EML_expr,G((R+R)),1,4,1,39.0,2.116079720535715,5.688757520636718,56.0,-0.07745129005580775
Rac1 perturbation; Cdc42 response,EML_expr,G((R+R)),1,4,1,39.33333,1.6641076423214272,5.611694198127312,56.0,-0.8066775572288662
Rac1 perturbation; Cdc42 response,EML_expr,G((R+R)),1,4,1,39.66667,4.2761368823214285,5.280550466228412,56.0,-1.532832069252593
Rac1 perturbation; Cdc42 response,EML_expr,G((R+R)),1,4,1,40.0,2.753929924107144,5.166320955931824,56.0,-2.255833080110797
Rac1 perturbation; Cdc42 response,EML_expr,(G(R)+G(R)),1,5,2,0.0,3.827074169107142,1.1420722545863766,56.0,4.525770172415814
Rac1 perturbation; Cdc42 response,EML_expr,(G(R)+G(R)),1,5,2,0.3333333,17.239386878750004,3.6230717825189522,56.0,17.083976383206465
Rac1 perturbation; Cdc42 response,EML_expr,(G(R)+G(R)),1,5,2,0.6666667,27.944322892321427,5.920585685086165,56.0,23.62791551399047
Rac1 perturbation; Cdc42 response,EML_expr,(G(R)+G(R)),1,5,2,1.0,33.91203219839284,7.19853947353434,56.0,28.622574775150316
Rac1 perturbation; Cdc42 response,EML_expr,(G(R)+G(R)),1,5,2,1.333333,40.62532188303572,8.336321677359155,56.0,32.71481470324957
Rac1 perturbation; Cdc42 response,EML_expr,(G(R)+G(R)),1,5,2,1.666667,39.357031090535735,8.579362248519546,56.0,36.18128829836355
Rac1 perturbation; Cdc42 response,EML_expr,(G(R)+G(R)),1,5,2,2.0,40.64119682910716,8.591445060017433,56.0,39.174234242742806
Rac1 perturbation; Cdc42 response,EML_expr,(G(R)+G(R)),1,5,2,2.333333,42.037109865535726,8.792954344886885,56.0,41.78944626840756
Rac1 perturbation; Cdc42 response,EML_expr,(G(R)+G(R)),1,5,2,2.666667,42.51144543464286,9.295292596102575,56.0,44.09249650721603
Rac1 perturbation; Cdc42 response,EML_expr,(G(R)+G(R)),1,5,2,3.0,48.12939723964284,9.963933815532174,56.0,46.13096291769047
Rac1 perturbation; Cdc42 response,EML_expr,(G(R)+G(R)),1,5,2,3.333333,45.16564558374999,10.429372020480425,56.0,47.94092226708509
Rac1 perturbation; Cdc42 response,EML_expr,(G(R)+G(R)),1,5,2,3.666667,49.82137254517857,10.932543988201424,56.0,49.55063708778409
Rac1 perturbation; Cdc42 response,EML_expr,(G(R)+G(R)),1,5,2,4.0,49.46123102089284,11.171653616071804,56.0,50.982824265593145
Rac1 perturbation; Cdc42 response,EML_expr,(G(R)+G(R)),1,5,2,4.333334,54.19426600017859,11.481299788019944,56.0,52.25616277570655
Rac1 perturbation; Cdc42 response,EML_expr,(G(R)+G(R)),1,5,2,4.666667,49.670968873571425,10.757617281060043,56.0,53.386254365174075
Rac1 perturbation; Cdc42 response,EML_expr,(G(R)+G(R)),1,5,2,5.0,50.903237674285734,10.529299956320257,56.0,54.38634658825063
Rac1 perturbation; Cdc42 response,EML_expr,(G(R)+G(R)),1,5,2,5.333334,48.62251751982142,10.221503553325313,56.0,55.267819255460054
Rac1 perturbation; Cdc42 response,EML_expr,(G(R)+G(R)),1,5,2,5.666667,48.60424288107142,11.563656042466464,56.0,56.04054645624711
Rac1 perturbation; Cdc42 response,EML_expr,(G(R)+G(R)),1,5,2,6.0,52.024706377321436,10.918739547859715,56.0,56.713189547100214
Rac1 perturbation; Cdc42 response,EML_expr,(G(R)+G(R)),1,5,2,6.333334,50.76793762,11.40638591876654,56.0,57.293400431118044
Rac1 perturbation; Cdc42 response,EML_expr,(G(R)+G(R)),1,5,2,6.666667,54.43562262785714,11.915146283078842,56.0,57.78798341279131
Rac1 perturbation; Cdc42 response,EML_expr,(G(R)+G(R)),1,5,2,7.0,52.03527786339288,11.713402551630317,56.0,58.203036705926216
Rac1 perturbation; Cdc42 response,EML_expr,(G(R)+G(R)),1,5,2,7.333334,50.833776938214285,11.055851899450207,56.0,58.54405119772152
Rac1 perturbation; Cdc42 response,EML_expr,(G(R)+G(R)),1,5,2,7.666667,53.823288135714314,10.863983314939432,56.0,58.81599364501454
Rac1 perturbation; Cdc42 response,EML_expr,(G(R)+G(R)),1,5,2,8.0,51.90479413160716,11.010775975290125,56.0,59.02338260036476
Rac1 perturbation; Cdc42 response,EML_expr,(G(R)+G(R)),1,5,2,8.333333,51.90697419892856,10.139950267233813,56.0,59.170341875705304
Rac1 perturbation; Cdc42 response,EML_expr,(G(R)+G(R)),1,5,2,8.666667,51.74549677267857,10.541134502239517,56.0,59.26065007315802
Rac1 perturbation; Cdc42 response,EML_expr,(G(R)+G(R)),1,5,2,9.0,52.604561248571436,10.642679744999985,56.0,59.297780235683724
Rac1 perturbation; Cdc42 response,EML_expr,(G(R)+G(R)),1,5,2,9.333333,51.231733485535706,10.851944544841261,56.0,59.28493583911745
Rac1 perturbation; Cdc42 response,EML_expr,(G(R)+G(R)),1,5,2,9.666667,52.22727063178574,10.638437435555277,56.0,59.22507864555102
Rac1 perturbation; Cdc42 response,EML_expr,(G(R)+G(R)),1,5,2,10.0,50.698182273035734,10.542941423713255,56.0,59.12095511569332
Rac1 perturbation; Cdc42 response,EML_expr,(G(R)+G(R)),1,5,2,10.33333,54.06696888107144,10.702765966730157,56.0,58.975118578151616
Rac1 perturbation; Cdc42 response,EML_expr,(G(R)+G(R)),1,5,2,10.66667,50.439666005714294,11.084816945978258,56.0,58.789938806177645
Rac1 perturbation; Cdc42 response,EML_expr,(G(R)+G(R)),1,5,2,11.0,54.65172079357143,11.333885212747417,56.0,58.56764486307423
Rac1 perturbation; Cdc42 response,EML_expr,(G(R)+G(R)),1,5,2,11.33333,52.14428028982143,10.806780589267332,56.0,58.31030539976619
Rac1 perturbation; Cdc42 response,EML_expr,(G(R)+G(R)),1,5,2,11.66667,51.87196959607144,11.439420603811717,56.0,58.01985333197433
Rac1 perturbation; Cdc42 response,EML_expr,(G(R)+G(R)),1,5,2,12.0,58.43871945178572,11.606161569484064,56.0,57.698127992060606
Rac1 perturbation; Cdc42 response,EML_expr,(G(R)+G(R)),1,5,2,12.33333,55.085658180357136,11.032267610609408,56.0,57.3468327787972
Rac1 perturbation; Cdc42 response,EML_expr,(G(R)+G(R)),1,5,2,12.66667,58.64790563089287,11.327073931852615,56.0,56.967566224798425
Rac1 perturbation; Cdc42 response,EML_expr,(G(R)+G(R)),1,5,2,13.0,61.814454952142874,11.731313212238682,56.0,56.56186810533106
Rac1 perturbation; Cdc42 response,EML_expr,(G(R)+G(R)),1,5,2,13.33333,56.964429048214285,11.906372097202055,56.0,56.13115826252008
Rac1 perturbation; Cdc42 response,EML_expr,(G(R)+G(R)),1,5,2,13.66667,57.82881474017859,12.38989717920228,56.0,55.67677380184333
Rac1 perturbation; Cdc42 response,EML_expr,(G(R)+G(R)),1,5,2,14.0,60.89789809357142,12.211422473989089,56.0,55.20001918044037
Rac1 perturbation; Cdc42 response,EML_expr,(G(R)+G(R)),1,5,2,14.33333,56.72333004464287,12.463769096533317,56.0,54.70208962454179
Rac1 perturbation; Cdc42 response,EML_expr,(G(R)+G(R)),1,5,2,14.66667,61.075306226964265,13.0784984598502,56.0,54.18411393731152
Rac1 perturbation; Cdc42 response,EML_expr,(G(R)+G(R)),1,5,2,15.0,62.904096297321416,12.151439818200448,56.0,53.6472083202957
Rac1 perturbation; Cdc42 response,EML_expr,(G(R)+G(R)),1,5,2,15.33333,62.09625783482145,12.727114343581496,56.0,53.09238705093529
Rac1 perturbation; Cdc42 response,EML_expr,(G(R)+G(R)),1,5,2,15.66667,56.46932148821429,12.177318652118275,56.0,52.52061029759215
Rac1 perturbation; Cdc42 response,EML_expr,(G(R)+G(R)),1,5,2,16.0,58.19295324714285,12.181067682968143,56.0,51.932841312805266
Rac1 perturbation; Cdc42 response,EML_expr,(G(R)+G(R)),1,5,2,16.33333,64.50140953892856,12.661195440931824,56.0,51.32994651431696
Rac1 perturbation; Cdc42 response,EML_expr,(G(R)+G(R)),1,5,2,16.66667,62.852034469642874,11.277303250885263,56.0,50.71274769575179
Rac1 perturbation; Cdc42 response,EML_expr,(G(R)+G(R)),1,5,2,17.0,66.45181134142857,11.165071803688988,56.0,50.08208219173793
Rac1 perturbation; Cdc42 response,EML_expr,(G(R)+G(R)),1,5,2,17.33333,57.421065627678594,11.680646628908903,56.0,49.43869412388742
Rac1 perturbation; Cdc42 response,EML_expr,(G(R)+G(R)),1,5,2,17.66667,61.71634201214285,11.595872688120714,56.0,48.78329042425952
Rac1 perturbation; Cdc42 response,EML_expr,(G(R)+G(R)),1,5,2,18.0,64.21866456446428,11.601979812504425,56.0,48.116603571915604
Rac1 perturbation; Cdc42 response,EML_expr,(G(R)+G(R)),1,5,2,18.33333,57.705033513749996,11.955581833649635,56.0,47.43927547578937
Rac1 perturbation; Cdc42 response,EML_expr,(G(R)+G(R)),1,5,2,18.66667,65.40024261232142,11.470379982282436,56.0,46.7519167718231
Rac1 perturbation; Cdc42 response,EML_expr,(G(R)+G(R)),1,5,2,19.0,63.10916902857142,11.921338915995449,56.0,46.05517174865839
Rac1 perturbation; Cdc42 response,EML_expr,(G(R)+G(R)),1,5,2,19.33333,60.21811466982144,12.110144207906488,56.0,45.349596113205784
Rac1 perturbation; Cdc42 response,EML_expr,(G(R)+G(R)),1,5,2,19.66667,67.68370798124998,12.532239969121928,56.0,44.63571907088592
Rac1 perturbation; Cdc42 response,EML_expr,(G(R)+G(R)),1,5,2,20.0,65.88854110875,12.325811193535127,56.0,43.914110084753055
Rac1 perturbation; Cdc42 response,EML_expr,(G(R)+G(R)),1,5,2,20.33333,60.942376883749986,12.671791082956299,56.0,43.18525158864123
Rac1 perturbation; Cdc42 response,EML_expr,(G(R)+G(R)),1,5,2,20.66667,58.72241103892858,12.021432487384956,56.0,42.44960340824176
Rac1 perturbation; Cdc42 response,EML_expr,(G(R)+G(R)),1,5,2,21.0,53.51671177285713,11.960341593184005,56.0,41.70767102765207
Rac1 perturbation; Cdc42 response,EML_expr,(G(R)+G(R)),1,5,2,21.33333,52.13898499750002,11.591237873900097,56.0,40.959874167370295
Rac1 perturbation; Cdc42 response,EML_expr,(G(R)+G(R)),1,5,2,21.66667,49.44778040500001,9.954845105598858,56.0,40.20661314964018
Rac1 perturbation; Cdc42 response,EML_expr,(G(R)+G(R)),1,5,2,22.0,45.060534001071424,9.45136452278932,56.0,39.44833837640204
Rac1 perturbation; Cdc42 response,EML_expr,(G(R)+G(R)),1,5,2,22.33333,43.02879638517859,8.719762175239723,56.0,38.68541556708355
Rac1 perturbation; Cdc42 response,EML_expr,(G(R)+G(R)),1,5,2,22.66667,37.47054658071429,9.909421561463999,56.0,37.91819371375476
Rac1 perturbation; Cdc42 response,EML_expr,(G(R)+G(R)),1,5,2,23.0,41.85401168000003,9.023062811264177,56.0,37.147075503294964
Rac1 perturbation; Cdc42 response,EML_expr,(G(R)+G(R)),1,5,2,23.33333,37.604964228035726,10.062365408446167,56.0,36.372379907237836
Rac1 perturbation; Cdc42 response,EML_expr,(G(R)+G(R)),1,5,2,23.66667,37.97096682785712,10.205204664719476,56.0,35.59441141052711
Rac1 perturbation; Cdc42 response,EML_expr,(G(R)+G(R)),1,5,2,24.0,33.44989865607143,9.526733026885863,56.0,34.813531137705624
Rac1 perturbation; Cdc42 response,EML_expr,(G(R)+G(R)),1,5,2,24.33333,31.101288853392855,10.279031442108089,56.0,34.03001739995362
Rac1 perturbation; Cdc42 response,EML_expr,(G(R)+G(R)),1,5,2,24.66667,31.914791204107143,11.037035766121848,56.0,33.2441359156782
Rac1 perturbation; Cdc42 response,EML_expr,(G(R)+G(R)),1,5,2,25.0,27.23004851285713,11.038314703262866,56.0,32.45621142541461
Rac1 perturbation; Cdc42 response,EML_expr,(G(R)+G(R)),1,5,2,25.33333,32.39120195928573,11.042930203809027,56.0,31.666486726618025
Rac1 perturbation; Cdc42 response,EML_expr,(G(R)+G(R)),1,5,2,25.66667,30.632160998035726,10.340276930676131,56.0,30.875193635200606
Rac1 perturbation; Cdc42 response,EML_expr,(G(R)+G(R)),1,5,2,26.0,27.574354252678567,9.334215664690287,56.0,30.08262489655453
Rac1 perturbation; Cdc42 response,EML_expr,(G(R)+G(R)),1,5,2,26.33333,26.98825472053571,9.472706586669132,56.0,29.288992174336716
Rac1 perturbation; Cdc42 response,EML_expr,(G(R)+G(R)),1,5,2,26.66667,23.828536430892857,9.13385834952662,56.0,28.49449752968838
Rac1 perturbation; Cdc42 response,EML_expr,(G(R)+G(R)),1,5,2,27.0,21.245405446785718,8.572782839915652,56.0,27.699405456408673
Rac1 perturbation; Cdc42 response,EML_expr,(G(R)+G(R)),1,5,2,27.33333,23.797148394821424,8.805907887438186,56.0,26.903900234151624
Rac1 perturbation; Cdc42 response,EML_expr,(G(R)+G(R)),1,5,2,27.66667,21.786008418392857,8.789026557627777,56.0,26.10815772673319
Rac1 perturbation; Cdc42 response,EML_expr,(G(R)+G(R)),1,5,2,28.0,19.72074452785714,8.641463671185805,56.0,25.312417388144492
Rac1 perturbation; Cdc42 response,EML_expr,(G(R)+G(R)),1,5,2,28.33333,19.56133962517857,8.071880993712787,56.0,24.516839341855647
Rac1 perturbation; Cdc42 response,EML_expr,(G(R)+G(R)),1,5,2,28.66667,18.007073220000002,7.240060099460427,56.0,23.72157632166455
Rac1 perturbation; Cdc42 response,EML_expr,(G(R)+G(R)),1,5,2,29.0,19.781916438928565,7.319891109470625,56.0,22.926845512074983
Rac1 perturbation; Cdc42 response,EML_expr,(G(R)+G(R)),1,5,2,29.33333,17.908076492678568,7.0668718053002655,56.0,22.132785672684857
Rac1 perturbation; Cdc42 response,EML_expr,(G(R)+G(R)),1,5,2,29.66667,12.991376950000005,7.059269006642786,56.0,21.339529064730236
Rac1 perturbation; Cdc42 response,EML_expr,(G(R)+G(R)),1,5,2,30.0,15.252381256785714,6.399419728850981,56.0,20.54727300453816
Rac1 perturbation; Cdc42 response,EML_expr,(G(R)+G(R)),1,5,2,30.33333,15.787882359821426,6.563629955811476,56.0,19.756137314365702
Rac1 perturbation; Cdc42 response,EML_expr,(G(R)+G(R)),1,5,2,30.66667,9.94503414982142,6.731632025512227,56.0,18.96623609541044
Rac1 perturbation; Cdc42 response,EML_expr,(G(R)+G(R)),1,5,2,31.0,10.036817084107152,6.974630393313972,56.0,18.177748886733195
Rac1 perturbation; Cdc42 response,EML_expr,(G(R)+G(R)),1,5,2,31.33333,9.230053227142859,7.172982663463468,56.0,17.390778690680712
Rac1 perturbation; Cdc42 response,EML_expr,(G(R)+G(R)),1,5,2,31.66667,10.85532622482143,7.095689350913041,56.0,16.605423468905027
Rac1 perturbation; Cdc42 response,EML_expr,(G(R)+G(R)),1,5,2,32.0,10.824877368928572,6.444077889813405,56.0,15.821846811481699
Rac1 perturbation; Cdc42 response,EML_expr,(G(R)+G(R)),1,5,2,32.33333,13.311633482857141,6.671262005017986,56.0,15.040136755593537
Rac1 perturbation; Cdc42 response,EML_expr,(G(R)+G(R)),1,5,2,32.66667,11.734538476250005,6.632334561615327,56.0,14.260376895231051
Rac1 perturbation; Cdc42 response,EML_expr,(G(R)+G(R)),1,5,2,33.0,10.346004451607149,6.896387904216912,56.0,13.482716476347854
Rac1 perturbation; Cdc42 response,EML_expr,(G(R)+G(R)),1,5,2,33.33333,9.172568554464283,6.831884347604223,56.0,12.707230201298415
Rac1 perturbation; Cdc42 response,EML_expr,(G(R)+G(R)),1,5,2,33.66667,6.891297014642854,6.7290806069907845,56.0,11.933988855569952
Rac1 perturbation; Cdc42 response,EML_expr,(G(R)+G(R)),1,5,2,34.0,7.357812429642855,6.602966027505014,56.0,11.163128754832416
Rac1 perturbation; Cdc42 response,EML_expr,(G(R)+G(R)),1,5,2,34.33333,4.517738089999999,7.132717334021903,56.0,10.394712704302382
Rac1 perturbation; Cdc42 response,EML_expr,(G(R)+G(R)),1,5,2,34.66667,8.732542402678572,5.53186065202682,56.0,9.628800057232038
Rac1 perturbation; Cdc42 response,EML_expr,(G(R)+G(R)),1,5,2,35.0,7.524200926249997,5.4461896146963005,56.0,8.865515448751454
Rac1 perturbation; Cdc42 response,EML_expr,(G(R)+G(R)),1,5,2,35.33333,8.171790244107145,5.958449540399851,56.0,8.104911058500448
Rac1 perturbation; Cdc42 response,EML_expr,(G(R)+G(R)),1,5,2,35.66667,2.685928293750003,6.021733786898675,56.0,7.347036025832655
Rac1 perturbation; Cdc42 response,EML_expr,(G(R)+G(R)),1,5,2,36.0,7.68786100071428,4.934698327055554,56.0,6.592004413496248
Rac1 perturbation; Cdc42 response,EML_expr,(G(R)+G(R)),1,5,2,36.33333,10.28194019517858,5.482052580966321,56.0,5.839858903251555
Rac1 perturbation; Cdc42 response,EML_expr,(G(R)+G(R)),1,5,2,36.66667,6.935392835178574,5.434021527126732,56.0,5.090639501945212
Rac1 perturbation; Cdc42 response,EML_expr,(G(R)+G(R)),1,5,2,37.0,2.682297860535712,5.833526565132814,56.0,4.344450685436955
Rac1 perturbation; Cdc42 response,EML_expr,(G(R)+G(R)),1,5,2,37.33333,6.265093537857142,4.872114708366953,56.0,3.6013266402292405
Rac1 perturbation; Cdc42 response,EML_expr,(G(R)+G(R)),1,5,2,37.66667,4.158479823928573,4.88215272901345,56.0,2.861299202851664
Rac1 perturbation; Cdc42 response,EML_expr,(G(R)+G(R)),1,5,2,38.0,2.774460211607141,5.726416993581822,56.0,2.1244641410835388
Rac1 perturbation; Cdc42 response,EML_expr,(G(R)+G(R)),1,5,2,38.33333,4.220438699285711,5.851693453622379,56.0,1.3908480396512695
Rac1 perturbation; Cdc42 response,EML_expr,(G(R)+G(R)),1,5,2,38.66667,5.898403981785713,5.248780406414624,56.0,0.6604754228253764
Rac1 perturbation; Cdc42 response,EML_expr,(G(R)+G(R)),1,5,2,39.0,2.116079720535715,5.688757520636718,56.0,-0.06656586400959874
Rac1 perturbation; Cdc42 response,EML_expr,(G(R)+G(R)),1,5,2,39.33333,1.6641076423214272,5.611694198127312,56.0,-0.7902560399837562
Rac1 perturbation; Cdc42 response,EML_expr,(G(R)+G(R)),1,5,2,39.66667,4.2761368823214285,5.280550466228412,56.0,-1.5105771263007517
Rac1 perturbation; Cdc42 response,EML_expr,(G(R)+G(R)),1,5,2,40.0,2.753929924107144,5.166320955931824,56.0,-2.227448495847911
Rac1 perturbation; Cdc42 response,EML_expr,G(G(R)),2,3,2,0.0,3.827074169107142,1.1420722545863766,56.0,3.8813207875071485
Rac1 perturbation; Cdc42 response,EML_expr,G(G(R)),2,3,2,0.3333333,17.239386878750004,3.6230717825189522,56.0,22.186325679785718
Rac1 perturbation; Cdc42 response,EML_expr,G(G(R)),2,3,2,0.6666667,27.944322892321427,5.920585685086165,56.0,28.307399577699194
Rac1 perturbation; Cdc42 response,EML_expr,G(G(R)),2,3,2,1.0,33.91203219839284,7.19853947353434,56.0,32.54117575260598
Rac1 perturbation; Cdc42 response,EML_expr,G(G(R)),2,3,2,1.333333,40.62532188303572,8.336321677359155,56.0,35.80117636695367
Rac1 perturbation; Cdc42 response,EML_expr,G(G(R)),2,3,2,1.666667,39.357031090535735,8.579362248519546,56.0,38.44161761963007
Rac1 perturbation; Cdc42 response,EML_expr,G(G(R)),2,3,2,2.0,40.64119682910716,8.591445060017433,56.0,40.64500823096606
Rac1 perturbation; Cdc42 response,EML_expr,G(G(R)),2,3,2,2.333333,42.037109865535726,8.792954344886885,56.0,42.52041590489138
Rac1 perturbation; Cdc42 response,EML_expr,G(G(R)),2,3,2,2.666667,42.51144543464286,9.295292596102575,56.0,44.13931764702565
Rac1 perturbation; Cdc42 response,EML_expr,G(G(R)),2,3,2,3.0,48.12939723964284,9.963933815532174,56.0,45.55161322669247
Rac1 perturbation; Cdc42 response,EML_expr,G(G(R)),2,3,2,3.333333,45.16564558374999,10.429372020480425,56.0,46.79381135433516
Rac1 perturbation; Cdc42 response,EML_expr,G(G(R)),2,3,2,3.666667,49.82137254517857,10.932543988201424,56.0,47.89357109972784
Rac1 perturbation; Cdc42 response,EML_expr,G(G(R)),2,3,2,4.0,49.46123102089284,11.171653616071804,56.0,48.872426468692396
Rac1 perturbation; Cdc42 response,EML_expr,G(G(R)),2,3,2,4.333334,54.19426600017859,11.481299788019944,56.0,49.74753839583303
Rac1 perturbation; Cdc42 response,EML_expr,G(G(R)),2,3,2,4.666667,49.670968873571425,10.757617281060043,56.0,50.53281557302826
Rac1 perturbation; Cdc42 response,EML_expr,G(G(R)),2,3,2,5.0,50.903237674285734,10.529299956320257,56.0,51.23971892102145
Rac1 perturbation; Cdc42 response,EML_expr,G(G(R)),2,3,2,5.333334,48.62251751982142,10.221503553325313,56.0,51.877808043312534
Rac1 perturbation; Cdc42 response,EML_expr,G(G(R)),2,3,2,5.666667,48.60424288107142,11.563656042466464,56.0,52.45513962357668
Rac1 perturbation; Cdc42 response,EML_expr,G(G(R)),2,3,2,6.0,52.024706377321436,10.918739547859715,56.0,52.9785779723737
Rac1 perturbation; Cdc42 response,EML_expr,G(G(R)),2,3,2,6.333334,50.76793762,11.40638591876654,56.0,53.45401482319577
Rac1 perturbation; Cdc42 response,EML_expr,G(G(R)),2,3,2,6.666667,54.43562262785714,11.915146283078842,56.0,53.8865398850451
Rac1 perturbation; Cdc42 response,EML_expr,G(G(R)),2,3,2,7.0,52.03527786339288,11.713402551630317,56.0,54.280585359134136
Rac1 perturbation; Cdc42 response,EML_expr,G(G(R)),2,3,2,7.333334,50.833776938214285,11.055851899450207,56.0,54.640028775717795
Rac1 perturbation; Cdc42 response,EML_expr,G(G(R)),2,3,2,7.666667,53.823288135714314,10.863983314939432,56.0,54.96827650753964
Rac1 perturbation; Cdc42 response,EML_expr,G(G(R)),2,3,2,8.0,51.90479413160716,11.010775975290125,56.0,55.26834004897227
Rac1 perturbation; Cdc42 response,EML_expr,G(G(R)),2,3,2,8.333333,51.90697419892856,10.139950267233813,56.0,55.54288870941052
Rac1 perturbation; Cdc42 response,EML_expr,G(G(R)),2,3,2,8.666667,51.74549677267857,10.541134502239517,56.0,55.79429857131495
Rac1 perturbation; Cdc42 response,EML_expr,G(G(R)),2,3,2,9.0,52.604561248571436,10.642679744999985,56.0,56.02468872644255
Rac1 perturbation; Cdc42 response,EML_expr,G(G(R)),2,3,2,9.333333,51.231733485535706,10.851944544841261,56.0,56.23595862699574
Rac1 perturbation; Cdc42 response,EML_expr,G(G(R)),2,3,2,9.666667,52.22727063178574,10.638437435555277,56.0,56.429813269185246
Rac1 perturbation; Cdc42 response,EML_expr,G(G(R)),2,3,2,10.0,50.698182273035734,10.542941423713255,56.0,56.60778523197148
Rac1 perturbation; Cdc42 response,EML_expr,G(G(R)),2,3,2,10.33333,54.06696888107144,10.702765966730157,56.0,56.77125684147062
Rac1 perturbation; Cdc42 response,EML_expr,G(G(R)),2,3,2,10.66667,50.439666005714294,11.084816945978258,56.0,56.92148382772213
Rac1 perturbation; Cdc42 response,EML_expr,G(G(R)),2,3,2,11.0,54.65172079357143,11.333885212747417,56.0,57.05958847682167
Rac1 perturbation; Cdc42 response,EML_expr,G(G(R)),2,3,2,11.33333,52.14428028982143,10.806780589267332,56.0,57.18660117974873
Rac1 perturbation; Cdc42 response,EML_expr,G(G(R)),2,3,2,11.66667,51.87196959607144,11.439420603811717,56.0,57.30345655994149
Rac1 perturbation; Cdc42 response,EML_expr,G(G(R)),2,3,2,12.0,58.43871945178572,11.606161569484064,56.0,57.41099394253387
Rac1 perturbation; Cdc42 response,EML_expr,G(G(R)),2,3,2,12.33333,55.085658180357136,11.032267610609408,56.0,57.509985881061326
Rac1 perturbation; Cdc42 response,EML_expr,G(G(R)),2,3,2,12.66667,58.64790563089287,11.327073931852615,56.0,57.60113103275979
Rac1 perturbation; Cdc42 response,EML_expr,G(G(R)),2,3,2,13.0,61.814454952142874,11.731313212238682,56.0,57.685046317779005
Rac1 perturbation; Cdc42 response,EML_expr,G(G(R)),2,3,2,13.33333,56.964429048214285,11.906372097202055,56.0,57.76227276566225
Rac1 perturbation; Cdc42 response,EML_expr,G(G(R)),2,3,2,13.66667,57.82881474017859,12.38989717920228,56.0,57.83323921396215
Rac1 perturbation; Cdc42 response,EML_expr,G(G(R)),2,3,2,14.0,60.89789809357142,12.211422473989089,56.0,57.89820376873967
Rac1 perturbation; Cdc42 response,EML_expr,G(G(R)),2,3,2,14.33333,56.72333004464287,12.463769096533317,56.0,57.95717764776785
Rac1 perturbation; Cdc42 response,EML_expr,G(G(R)),2,3,2,14.66667,61.075306226964265,13.0784984598502,56.0,58.00978536778127
Rac1 perturbation; Cdc42 response,EML_expr,G(G(R)),2,3,2,15.0,62.904096297321416,12.151439818200448,56.0,58.055082851314026
Rac1 perturbation; Cdc42 response,EML_expr,G(G(R)),2,3,2,15.33333,62.09625783482145,12.727114343581496,56.0,58.091351818098516
Rac1 perturbation; Cdc42 response,EML_expr,G(G(R)),2,3,2,15.66667,56.46932148821429,12.177318652118275,56.0,58.11586185075488
Rac1 perturbation; Cdc42 response,EML_expr,G(G(R)),2,3,2,16.0,58.19295324714285,12.181067682968143,56.0,58.1246523242507
Rac1 perturbation; Cdc42 response,EML_expr,G(G(R)),2,3,2,16.33333,64.50140953892856,12.661195440931824,56.0,58.112373510204456
Rac1 perturbation; Cdc42 response,EML_expr,G(G(R)),2,3,2,16.66667,62.852034469642874,11.277303250885263,56.0,58.072210758786895
Rac1 perturbation; Cdc42 response,EML_expr,G(G(R)),2,3,2,17.0,66.45181134142857,11.165071803688988,56.0,57.995944643149514
Rac1 perturbation; Cdc42 response,EML_expr,G(G(R)),2,3,2,17.33333,57.421065627678594,11.680646628908903,56.0,57.87413911493712
Rac1 perturbation; Cdc42 response,EML_expr,G(G(R)),2,3,2,17.66667,61.71634201214285,11.595872688120714,56.0,57.69647363997981
Rac1 perturbation; Cdc42 response,EML_expr,G(G(R)),2,3,2,18.0,64.21866456446428,11.601979812504425,56.0,57.45221875646119
Rac1 perturbation; Cdc42 response,EML_expr,G(G(R)),2,3,2,18.33333,57.705033513749996,11.955581833649635,56.0,57.130739449142084
Rac1 perturbation; Cdc42 response,EML_expr,G(G(R)),2,3,2,18.66667,65.40024261232142,11.470379982282436,56.0,56.722069552716626
Rac1 perturbation; Cdc42 response,EML_expr,G(G(R)),2,3,2,19.0,63.10916902857142,11.921338915995449,56.0,56.217510883929364
Rac1 perturbation; Cdc42 response,EML_expr,G(G(R)),2,3,2,19.33333,60.21811466982144,12.110144207906488,56.0,55.61004808615051
Rac1 perturbation; Cdc42 response,EML_expr,G(G(R)),2,3,2,19.66667,67.68370798124998,12.532239969121928,56.0,54.89475791866841
Rac1 perturbation; Cdc42 response,EML_expr,G(G(R)),2,3,2,20.0,65.88854110875,12.325811193535127,56.0,54.06914709853168
Rac1 perturbation; Cdc42 response,EML_expr,G(G(R)),2,3,2,20.33333,60.942376883749986,12.671791082956299,56.0,53.133145699460506
Rac1 perturbation; Cdc42 response,EML_expr,G(G(R)),2,3,2,20.66667,58.72241103892858,12.021432487384956,56.0,52.08914343245734
Rac1 perturbation; Cdc42 response,EML_expr,G(G(R)),2,3,2,21.0,53.51671177285713,11.960341593184005,56.0,50.94196308760794
Rac1 perturbation; Cdc42 response,EML_expr,G(G(R)),2,3,2,21.33333,52.13898499750002,11.591237873900097,56.0,49.69843619476437
Rac1 perturbation; Cdc42 response,EML_expr,G(G(R)),2,3,2,21.66667,49.44778040500001,9.954845105598858,56.0,48.36717262797514
Rac1 perturbation; Cdc42 response,EML_expr,G(G(R)),2,3,2,22.0,45.060534001071424,9.45136452278932,56.0,46.958333842553074
Rac1 perturbation; Cdc42 response,EML_expr,G(G(R)),2,3,2,22.33333,43.02879638517859,8.719762175239723,56.0,45.48301113965787
Rac1 perturbation; Cdc42 response,EML_expr,G(G(R)),2,3,2,22.66667,37.47054658071429,9.909421561463999,56.0,43.952955633625685
Rac1 perturbation; Cdc42 response,EML_expr,G(G(R)),2,3,2,23.0,41.85401168000003,9.023062811264177,56.0,42.380363544886805
Rac1 perturbation; Cdc42 response,EML_expr,G(G(R)),2,3,2,23.33333,37.604964228035726,10.062365408446167,56.0,40.7772725281937
Rac1 perturbation; Cdc42 response,EML_expr,G(G(R)),2,3,2,23.66667,37.97096682785712,10.205204664719476,56.0,39.15541060330038
Rac1 perturbation; Cdc42 response,EML_expr,G(G(R)),2,3,2,24.0,33.44989865607143,9.526733026885863,56.0,37.52610990735343
Rac1 perturbation; Cdc42 response,EML_expr,G(G(R)),2,3,2,24.33333,31.101288853392855,10.279031442108089,56.0,35.89982782679302
Rac1 perturbation; Cdc42 response,EML_expr,G(G(R)),2,3,2,24.66667,31.914791204107143,11.037035766121848,56.0,34.28615553418025
Rac1 perturbation; Cdc42 response,EML_expr,G(G(R)),2,3,2,25.0,27.23004851285713,11.038314703262866,56.0,32.693870284114766
Rac1 perturbation; Cdc42 response,EML_expr,G(G(R)),2,3,2,25.33333,32.39120195928573,11.042930203809027,56.0,31.130592454042798
Rac1 perturbation; Cdc42 response,EML_expr,G(G(R)),2,3,2,25.66667,30.632160998035726,10.340276930676131,56.0,29.60291736711048
Rac1 perturbation; Cdc42 response,EML_expr,G(G(R)),2,3,2,26.0,27.574354252678567,9.334215664690287,56.0,28.1165605344277
Rac1 perturbation; Cdc42 response,EML_expr,G(G(R)),2,3,2,26.33333,26.98825472053571,9.472706586669132,56.0,26.676117126791638
Rac1 perturbation; Cdc42 response,EML_expr,G(G(R)),2,3,2,26.66667,23.828536430892857,9.13385834952662,56.0,25.28525790138621
Rac1 perturbation; Cdc42 response,EML_expr,G(G(R)),2,3,2,27.0,21.245405446785718,8.572782839915652,56.0,23.946913092134345
Rac1 perturbation; Cdc42 response,EML_expr,G(G(R)),2,3,2,27.33333,23.797148394821424,8.805907887438186,56.0,22.663095070666735
Rac1 perturbation; Cdc42 response,EML_expr,G(G(R)),2,3,2,27.66667,21.786008418392857,8.789026557627777,56.0,21.435108580294795
Rac1 perturbation; Cdc42 response,EML_expr,G(G(R)),2,3,2,28.0,19.72074452785714,8.641463671185805,56.0,20.26373320929566
Rac1 perturbation; Cdc42 response,EML_expr,G(G(R)),2,3,2,28.33333,19.56133962517857,8.071880993712787,56.0,19.149080785233693
Rac1 perturbation; Cdc42 response,EML_expr,G(G(R)),2,3,2,28.66667,18.007073220000002,7.240060099460427,56.0,18.090789327792415
Rac1 perturbation; Cdc42 response,EML_expr,G(G(R)),2,3,2,29.0,19.781916438928565,7.319891109470625,56.0,17.088182445876207
Rac1 perturbation; Cdc42 response,EML_expr,G(G(R)),2,3,2,29.33333,17.908076492678568,7.0668718053002655,56.0,16.140145751045615
Rac1 perturbation; Cdc42 response,EML_expr,G(G(R)),2,3,2,29.66667,12.991376950000005,7.059269006642786,56.0,15.245290838545833
Rac1 perturbation; Cdc42 response,EML_expr,G(G(R)),2,3,2,30.0,15.252381256785714,6.399419728850981,56.0,14.402084071594532
Rac1 perturbation; Cdc42 response,EML_expr,G(G(R)),2,3,2,30.33333,15.787882359821426,6.563629955811476,56.0,13.608735350548118
Rac1 perturbation; Cdc42 response,EML_expr,G(G(R)),2,3,2,30.66667,9.94503414982142,6.731632025512227,56.0,12.86332941590232
Rac1 perturbation; Cdc42 response,EML_expr,G(G(R)),2,3,2,31.0,10.036817084107152,6.974630393313972,56.0,12.163924754140815
Rac1 perturbation; Cdc42 response,EML_expr,G(G(R)),2,3,2,31.33333,9.230053227142859,7.172982663463468,56.0,11.508452887303212
Rac1 perturbation; Cdc42 response,EML_expr,G(G(R)),2,3,2,31.66667,10.85532622482143,7.095689350913041,56.0,10.89481995918935
Rac1 perturbation; Cdc42 response,EML_expr,G(G(R)),2,3,2,32.0,10.824877368928572,6.444077889813405,56.0,10.3209802087808
Rac1 perturbation; Cdc42 response,EML_expr,G(G(R)),2,3,2,32.33333,13.311633482857141,6.671262005017986,56.0,9.784845814250506
Rac1 perturbation; Cdc42 response,EML_expr,G(G(R)),2,3,2,32.66667,11.734538476250005,6.632334561615327,56.0,9.284363853473533
Rac1 perturbation; Cdc42 response,EML_expr,G(G(R)),2,3,2,33.0,10.346004451607149,6.896387904216912,56.0,8.817569742147539
Rac1 perturbation; Cdc42 response,EML_expr,G(G(R)),2,3,2,33.33333,9.172568554464283,6.831884347604223,56.0,8.382507951815903
Rac1 perturbation; Cdc42 response,EML_expr,G(G(R)),2,3,2,33.66667,6.891297014642854,6.7290806069907845,56.0,7.977289635549264
Rac1 perturbation; Cdc42 response,EML_expr,G(G(R)),2,3,2,34.0,7.357812429642855,6.602966027505014,56.0,7.600131019790128
Rac1 perturbation; Cdc42 response,EML_expr,G(G(R)),2,3,2,34.33333,4.517738089999999,7.132717334021903,56.0,7.249284969151798
Rac1 perturbation; Cdc42 response,EML_expr,G(G(R)),2,3,2,34.66667,8.732542402678572,5.53186065202682,56.0,6.923083913654503
Rac1 perturbation; Cdc42 response,EML_expr,G(G(R)),2,3,2,35.0,7.524200926249997,5.4461896146963005,56.0,6.6199672773861815
Rac1 perturbation; Cdc42 response,EML_expr,G(G(R)),2,3,2,35.33333,8.171790244107145,5.958449540399851,56.0,6.338423397560421
Rac1 perturbation; Cdc42 response,EML_expr,G(G(R)),2,3,2,35.66667,2.685928293750003,6.021733786898675,56.0,6.077021484776317
Rac1 perturbation; Cdc42 response,EML_expr,G(G(R)),2,3,2,36.0,7.68786100071428,4.934698327055554,56.0,5.834431209335646
Rac1 perturbation; Cdc42 response,EML_expr,G(G(R)),2,3,2,36.33333,10.28194019517858,5.482052580966321,56.0,5.609374116937008
Rac1 perturbation; Cdc42 response,EML_expr,G(G(R)),2,3,2,36.66667,6.935392835178574,5.434021527126732,56.0,5.40064748360676
Rac1 perturbation; Cdc42 response,EML_expr,G(G(R)),2,3,2,37.0,2.682297860535712,5.833526565132814,56.0,5.207138348060218
Rac1 perturbation; Cdc42 response,EML_expr,G(G(R)),2,3,2,37.33333,6.265093537857142,4.872114708366953,56.0,5.027783356105591
Rac1 perturbation; Cdc42 response,EML_expr,G(G(R)),2,3,2,37.66667,4.158479823928573,4.88215272901345,56.0,4.86158664434718
Rac1 perturbation; Cdc42 response,EML_expr,G(G(R)),2,3,2,38.0,2.774460211607141,5.726416993581822,56.0,4.7076299540399935
Rac1 perturbation; Cdc42 response,EML_expr,G(G(R)),2,3,2,38.33333,4.220438699285711,5.851693453622379,56.0,4.565039764375163
Rac1 perturbation; Cdc42 response,EML_expr,G(G(R)),2,3,2,38.66667,5.898403981785713,5.248780406414624,56.0,4.433000772236616
Rac1 perturbation; Cdc42 response,EML_expr,G(G(R)),2,3,2,39.0,2.116079720535715,5.688757520636718,56.0,4.31076323862059
Rac1 perturbation; Cdc42 response,EML_expr,G(G(R)),2,3,2,39.33333,1.6641076423214272,5.611694198127312,56.0,4.197616298424897
Rac1 perturbation; Cdc42 response,EML_expr,G(G(R)),2,3,2,39.66667,4.2761368823214285,5.280550466228412,56.0,4.092898179114693
Rac1 perturbation; Cdc42 response,EML_expr,G(G(R)),2,3,2,40.0,2.753929924107144,5.166320955931824,56.0,3.99600158402792
Rac1 perturbation; Cdc42 response,EML_expr,(G(G(R))+R),2,5,2,0.0,3.827074169107142,1.1420722545863766,56.0,4.266628254052748
Rac1 perturbation; Cdc42 response,EML_expr,(G(G(R))+R),2,5,2,0.3333333,17.239386878750004,3.6230717825189522,56.0,19.581262577384766
Rac1 perturbation; Cdc42 response,EML_expr,(G(G(R))+R),2,5,2,0.6666667,27.944322892321427,5.920585685086165,56.0,26.21601945940083
Rac1 perturbation; Cdc42 response,EML_expr,(G(G(R))+R),2,5,2,1.0,33.91203219839284,7.19853947353434,56.0,30.924012993780384
Rac1 perturbation; Cdc42 response,EML_expr,(G(G(R))+R),2,5,2,1.333333,40.62532188303572,8.336321677359155,56.0,34.57548882494248
Rac1 perturbation; Cdc42 response,EML_expr,(G(G(R))+R),2,5,2,1.666667,39.357031090535735,8.579362248519546,56.0,37.53378936639476
Rac1 perturbation; Cdc42 response,EML_expr,(G(G(R))+R),2,5,2,2.0,40.64119682910716,8.591445060017433,56.0,39.995071792550064
Rac1 perturbation; Cdc42 response,EML_expr,(G(G(R))+R),2,5,2,2.333333,42.037109865535726,8.792954344886885,56.0,42.08041698915348
Rac1 perturbation; Cdc42 response,EML_expr,(G(G(R))+R),2,5,2,2.666667,42.51144543464286,9.295292596102575,56.0,43.87101822081523
Rac1 perturbation; Cdc42 response,EML_expr,(G(G(R))+R),2,5,2,3.0,48.12939723964284,9.963933815532174,56.0,45.424481736716686
Rac1 perturbation; Cdc42 response,EML_expr,(G(G(R))+R),2,5,2,3.333333,45.16564558374999,10.429372020480425,56.0,46.78341665906055
Rac1 perturbation; Cdc42 response,EML_expr,(G(G(R))+R),2,5,2,3.666667,49.82137254517857,10.932543988201424,56.0,47.980323123610816
Rac1 perturbation; Cdc42 response,EML_expr,(G(G(R))+R),2,5,2,4.0,49.46123102089284,11.171653616071804,56.0,49.04059178712244
Rac1 perturbation; Cdc42 response,EML_expr,(G(G(R))+R),2,5,2,4.333334,54.19426600017859,11.481299788019944,56.0,49.9844698583409
Rac1 perturbation; Cdc42 response,EML_expr,(G(G(R))+R),2,5,2,4.666667,49.670968873571425,10.757617281060043,56.0,50.82834263816716
Rac1 perturbation; Cdc42 response,EML_expr,(G(G(R))+R),2,5,2,5.0,50.903237674285734,10.529299956320257,56.0,51.58566487523312
Rac1 perturbation; Cdc42 response,EML_expr,(G(G(R))+R),2,5,2,5.333334,48.62251751982142,10.221503553325313,56.0,52.26760373826512
Rac1 perturbation; Cdc42 response,EML_expr,(G(G(R))+R),2,5,2,5.666667,48.60424288107142,11.563656042466464,56.0,52.88351299354704
Rac1 perturbation; Cdc42 response,EML_expr,(G(G(R))+R),2,5,2,6.0,52.024706377321436,10.918739547859715,56.0,53.441304300610696
Rac1 perturbation; Cdc42 response,EML_expr,(G(G(R))+R),2,5,2,6.333334,50.76793762,11.40638591876654,56.0,53.94771418285414
Rac1 perturbation; Cdc42 response,EML_expr,(G(G(R))+R),2,5,2,6.666667,54.43562262785714,11.915146283078842,56.0,54.40851244188646
Rac1 perturbation; Cdc42 response,EML_expr,(G(G(R))+R),2,5,2,7.0,52.03527786339288,11.713402551630317,56.0,54.828677862746716
Rac1 perturbation; Cdc42 response,EML_expr,(G(G(R))+R),2,5,2,7.333334,50.833776938214285,11.055851899450207,56.0,55.212525514576384
Rac1 perturbation; Cdc42 response,EML_expr,(G(G(R))+R),2,5,2,7.666667,53.823288135714314,10.863983314939432,56.0,55.563810196082315
Rac1 perturbation; Cdc42 response,EML_expr,(G(G(R))+R),2,5,2,8.0,51.90479413160716,11.010775975290125,56.0,55.88581955763675
Rac1 perturbation; Cdc42 response,EML_expr,(G(G(R))+R),2,5,2,8.333333,51.90697419892856,10.139950267233813,56.0,56.18143990540335
Rac1 perturbation; Cdc42 response,EML_expr,(G(G(R))+R),2,5,2,8.666667,51.74549677267857,10.541134502239517,56.0,56.45321624834527
Rac1 perturbation; Cdc42 response,EML_expr,(G(G(R))+R),2,5,2,9.0,52.604561248571436,10.642679744999985,56.0,56.703397169948886
Rac1 perturbation; Cdc42 response,EML_expr,(G(G(R))+R),2,5,2,9.333333,51.231733485535706,10.851944544841261,56.0,56.93397953716676
Rac1 perturbation; Cdc42 response,EML_expr,(G(G(R))+R),2,5,2,9.666667,52.22727063178574,10.638437435555277,56.0,57.14673853480406
Rac1 perturbation; Cdc42 response,EML_expr,(G(G(R))+R),2,5,2,10.0,50.698182273035734,10.542941423713255,56.0,57.34325220679496
Rac1 perturbation; Cdc42 response,EML_expr,(G(G(R))+R),2,5,2,10.33333,54.06696888107144,10.702765966730157,56.0,57.524923186287225
Rac1 perturbation; Cdc42 response,EML_expr,(G(G(R))+R),2,5,2,10.66667,50.439666005714294,11.084816945978258,56.0,57.69299777959361
Rac1 perturbation; Cdc42 response,EML_expr,(G(G(R))+R),2,5,2,11.0,54.65172079357143,11.333885212747417,56.0,57.8485443726731
Rac1 perturbation; Cdc42 response,EML_expr,(G(G(R))+R),2,5,2,11.33333,52.14428028982143,10.806780589267332,56.0,57.992476944189846
Rac1 perturbation; Cdc42 response,EML_expr,(G(G(R))+R),2,5,2,11.66667,51.87196959607144,11.439420603811717,56.0,58.12551642012477
Rac1 perturbation; Cdc42 response,EML_expr,(G(G(R))+R),2,5,2,12.0,58.43871945178572,11.606161569484064,56.0,58.248143253032936
Rac1 perturbation; Cdc42 response,EML_expr,(G(G(R))+R),2,5,2,12.33333,55.085658180357136,11.032267610609408,56.0,58.36056879905833
Rac1 perturbation; Cdc42 response,EML_expr,(G(G(R))+R),2,5,2,12.66667,58.64790563089287,11.327073931852615,56.0,58.46265533293126
Rac1 perturbation; Cdc42 response,EML_expr,(G(G(R))+R),2,5,2,13.0,61.814454952142874,11.731313212238682,56.0,58.55383138192843
Rac1 perturbation; Cdc42 response,EML_expr,(G(G(R))+R),2,5,2,13.33333,56.964429048214285,11.906372097202055,56.0,58.63302930841242
Rac1 perturbation; Cdc42 response,EML_expr,(G(G(R))+R),2,5,2,13.66667,57.82881474017859,12.38989717920228,56.0,58.69859811448032
Rac1 perturbation; Cdc42 response,EML_expr,(G(G(R))+R),2,5,2,14.0,60.89789809357142,12.211422473989089,56.0,58.74823695265809
Rac1 perturbation; Cdc42 response,EML_expr,(G(G(R))+R),2,5,2,14.33333,56.72333004464287,12.463769096533317,56.0,58.77896877201343
Rac1 perturbation; Cdc42 response,EML_expr,(G(G(R))+R),2,5,2,14.66667,61.075306226964265,13.0784984598502,56.0,58.787126207935486
Rac1 perturbation; Cdc42 response,EML_expr,(G(G(R))+R),2,5,2,15.0,62.904096297321416,12.151439818200448,56.0,58.76838671065855
Rac1 perturbation; Cdc42 response,EML_expr,(G(G(R))+R),2,5,2,15.33333,62.09625783482145,12.727114343581496,56.0,58.717849392929224
Rac1 perturbation; Cdc42 response,EML_expr,(G(G(R))+R),2,5,2,15.66667,56.46932148821429,12.177318652118275,56.0,58.630146276145354
Rac1 perturbation; Cdc42 response,EML_expr,(G(G(R))+R),2,5,2,16.0,58.19295324714285,12.181067682968143,56.0,58.499607316145244
Rac1 perturbation; Cdc42 response,EML_expr,(G(G(R))+R),2,5,2,16.33333,64.50140953892856,12.661195440931824,56.0,58.320426356794385
Rac1 perturbation; Cdc42 response,EML_expr,(G(G(R))+R),2,5,2,16.66667,62.852034469642874,11.277303250885263,56.0,58.08686229941871
Rac1 perturbation; Cdc42 response,EML_expr,(G(G(R))+R),2,5,2,17.0,66.45181134142857,11.165071803688988,56.0,57.79347318889076
Rac1 perturbation; Cdc42 response,EML_expr,(G(G(R))+R),2,5,2,17.33333,57.421065627678594,11.680646628908903,56.0,57.43527564191433
Rac1 perturbation; Cdc42 response,EML_expr,(G(G(R))+R),2,5,2,17.66667,61.71634201214285,11.595872688120714,56.0,57.00794196949924
Rac1 perturbation; Cdc42 response,EML_expr,(G(G(R))+R),2,5,2,18.0,64.21866456446428,11.601979812504425,56.0,56.50800632650039
Rac1 perturbation; Cdc42 response,EML_expr,(G(G(R))+R),2,5,2,18.33333,57.705033513749996,11.955581833649635,56.0,55.93291386038385
Rac1 perturbation; Cdc42 response,EML_expr,(G(G(R))+R),2,5,2,18.66667,65.40024261232142,11.470379982282436,56.0,55.28113731317305
Rac1 perturbation; Cdc42 response,EML_expr,(G(G(R))+R),2,5,2,19.0,63.10916902857142,11.921338915995449,56.0,54.55229439458704
Rac1 perturbation; Cdc42 response,EML_expr,(G(G(R))+R),2,5,2,19.33333,60.21811466982144,12.110144207906488,56.0,53.7470399146177
Rac1 perturbation; Cdc42 response,EML_expr,(G(G(R))+R),2,5,2,19.66667,67.68370798124998,12.532239969121928,56.0,52.86708698763108
Rac1 perturbation; Cdc42 response,EML_expr,(G(G(R))+R),2,5,2,20.0,65.88854110875,12.325811193535127,56.0,51.91523692156383
Rac1 perturbation; Cdc42 response,EML_expr,(G(G(R))+R),2,5,2,20.33333,60.942376883749986,12.671791082956299,56.0,50.895134076393006
Rac1 perturbation; Cdc42 response,EML_expr,(G(G(R))+R),2,5,2,20.66667,58.72241103892858,12.021432487384956,56.0,49.81122819291359
Rac1 perturbation; Cdc42 response,EML_expr,(G(G(R))+R),2,5,2,21.0,53.51671177285713,11.960341593184005,56.0,48.66875859504303
Rac1 perturbation; Cdc42 response,EML_expr,(G(G(R))+R),2,5,2,21.33333,52.13898499750002,11.591237873900097,56.0,47.47342750404161
Rac1 perturbation; Cdc42 response,EML_expr,(G(G(R))+R),2,5,2,21.66667,49.44778040500001,9.954845105598858,56.0,46.231355838924856
Rac1 perturbation; Cdc42 response,EML_expr,(G(G(R))+R),2,5,2,22.0,45.060534001071424,9.45136452278932,56.0,44.9490690965
Rac1 perturbation; Cdc42 response,EML_expr,(G(G(R))+R),2,5,2,22.33333,43.02879638517859,8.719762175239723,56.0,43.63314614919595
Rac1 perturbation; Cdc42 response,EML_expr,(G(G(R))+R),2,5,2,22.66667,37.47054658071429,9.909421561463999,56.0,42.29020804272511
Rac1 perturbation; Cdc42 response,EML_expr,(G(G(R))+R),2,5,2,23.0,41.85401168000003,9.023062811264177,56.0,40.92693622100735
Rac1 perturbation; Cdc42 response,EML_expr,(G(G(R))+R),2,5,2,23.33333,37.604964228035726,10.062365408446167,56.0,39.54973617679309
Rac1 perturbation; Cdc42 response,EML_expr,(G(G(R))+R),2,5,2,23.66667,37.97096682785712,10.205204664719476,56.0,38.16477579997331
Rac1 perturbation; Cdc42 response,EML_expr,(G(G(R))+R),2,5,2,24.0,33.44989865607143,9.526733026885863,56.0,36.778045237043926
Rac1 perturbation; Cdc42 response,EML_expr,(G(G(R))+R),2,5,2,24.33333,31.101288853392855,10.279031442108089,56.0,35.39505435515434
Rac1 perturbation; Cdc42 response,EML_expr,(G(G(R))+R),2,5,2,24.66667,31.914791204107143,11.037035766121848,56.0,34.02091792607325
Rac1 perturbation; Cdc42 response,EML_expr,(G(G(R))+R),2,5,2,25.0,27.23004851285713,11.038314703262866,56.0,32.66045093948084
Rac1 perturbation; Cdc42 response,EML_expr,(G(G(R))+R),2,5,2,25.33333,32.39120195928573,11.042930203809027,56.0,31.31790411876238
Rac1 perturbation; Cdc42 response,EML_expr,(G(G(R))+R),2,5,2,25.66667,30.632160998035726,10.340276930676131,56.0,29.99708272893136
Rac1 perturbation; Cdc42 response,EML_expr,(G(G(R))+R),2,5,2,26.0,27.574354252678567,9.334215664690287,56.0,28.701464132464494
Rac1 perturbation; Cdc42 response,EML_expr,(G(G(R))+R),2,5,2,26.33333,26.98825472053571,9.472706586669132,56.0,27.43396801971404
Rac1 perturbation; Cdc42 response,EML_expr,(G(G(R))+R),2,5,2,26.66667,23.828536430892857,9.13385834952662,56.0,26.1970929636837
Rac1 perturbation; Cdc42 response,EML_expr,(G(G(R))+R),2,5,2,27.0,21.245405446785718,8.572782839915652,56.0,24.993042448895903
Rac1 perturbation; Cdc42 response,EML_expr,(G(G(R))+R),2,5,2,27.33333,23.797148394821424,8.805907887438186,56.0,23.823524139255348
Rac1 perturbation; Cdc42 response,EML_expr,(G(G(R))+R),2,5,2,27.66667,21.786008418392857,8.789026557627777,56.0,22.689890369987094
Rac1 perturbation; Cdc42 response,EML_expr,(G(G(R))+R),2,5,2,28.0,19.72074452785714,8.641463671185805,56.0,21.59326172400546
Rac1 perturbation; Cdc42 response,EML_expr,(G(G(R))+R),2,5,2,28.33333,19.56133962517857,8.071880993712787,56.0,20.53435006768432
Rac1 perturbation; Cdc42 response,EML_expr,(G(G(R))+R),2,5,2,28.66667,18.007073220000002,7.240060099460427,56.0,19.5135931001515
Rac1 perturbation; Cdc42 response,EML_expr,(G(G(R))+R),2,5,2,29.0,19.781916438928565,7.319891109470625,56.0,18.53126837311232
Rac1 perturbation; Cdc42 response,EML_expr,(G(G(R))+R),2,5,2,29.33333,17.908076492678568,7.0668718053002655,56.0,17.587336157176246
Rac1 perturbation; Cdc42 response,EML_expr,(G(G(R))+R),2,5,2,29.66667,12.991376950000005,7.059269006642786,56.0,16.681562138805102
Rac1 perturbation; Cdc42 response,EML_expr,(G(G(R))+R),2,5,2,30.0,15.252381256785714,6.399419728850981,56.0,15.81361821462327
Rac1 perturbation; Cdc42 response,EML_expr,(G(G(R))+R),2,5,2,30.33333,15.787882359821426,6.563629955811476,56.0,14.982942540942556
Rac1 perturbation; Cdc42 response,EML_expr,(G(G(R))+R),2,5,2,30.66667,9.94503414982142,6.731632025512227,56.0,14.188847643430282
Rac1 perturbation; Cdc42 response,EML_expr,(G(G(R))+R),2,5,2,31.0,10.036817084107152,6.974630393313972,56.0,13.430606848734234
Rac1 perturbation; Cdc42 response,EML_expr,(G(G(R))+R),2,5,2,31.33333,9.230053227142859,7.172982663463468,56.0,12.707329772064112
Rac1 perturbation; Cdc42 response,EML_expr,(G(G(R))+R),2,5,2,31.66667,10.85532622482143,7.095689350913041,56.0,12.018055289766272
Rac1 perturbation; Cdc42 response,EML_expr,(G(G(R))+R),2,5,2,32.0,10.824877368928572,6.444077889813405,56.0,11.361824075273038
Rac1 perturbation; Cdc42 response,EML_expr,(G(G(R))+R),2,5,2,32.33333,13.311633482857141,6.671262005017986,56.0,10.737568280243547
Rac1 perturbation; Cdc42 response,EML_expr,(G(G(R))+R),2,5,2,32.66667,11.734538476250005,6.632334561615327,56.0,10.14419013744558
Rac1 perturbation; Cdc42 response,EML_expr,(G(G(R))+R),2,5,2,33.0,10.346004451607149,6.896387904216912,56.0,9.580621930948844
Rac1 perturbation; Cdc42 response,EML_expr,(G(G(R))+R),2,5,2,33.33333,9.172568554464283,6.831884347604223,56.0,9.04572883663054
Rac1 perturbation; Cdc42 response,EML_expr,(G(G(R))+R),2,5,2,33.66667,6.891297014642854,6.7290806069907845,56.0,8.538374597117473
Rac1 perturbation; Cdc42 response,EML_expr,(G(G(R))+R),2,5,2,34.0,7.357812429642855,6.602966027505014,56.0,8.057470608142056
Rac1 perturbation; Cdc42 response,EML_expr,(G(G(R))+R),2,5,2,34.33333,4.517738089999999,7.132717334021903,56.0,7.601890929877674
Rac1 perturbation; Cdc42 response,EML_expr,(G(G(R))+R),2,5,2,34.66667,8.732542402678572,5.53186065202682,56.0,7.170526726374623
Rac1 perturbation; Cdc42 response,EML_expr,(G(G(R))+R),2,5,2,35.0,7.524200926249997,5.4461896146963005,56.0,6.762326189761625
Rac1 perturbation; Cdc42 response,EML_expr,(G(G(R))+R),2,5,2,35.33333,8.171790244107145,5.958449540399851,56.0,6.37622071125527
Rac1 perturbation; Cdc42 response,EML_expr,(G(G(R))+R),2,5,2,35.66667,2.685928293750003,6.021733786898675,56.0,6.011169776708261
Rac1 perturbation; Cdc42 response,EML_expr,(G(G(R))+R),2,5,2,36.0,7.68786100071428,4.934698327055554,56.0,5.666193322785795
Rac1 perturbation; Cdc42 response,EML_expr,(G(G(R))+R),2,5,2,36.33333,10.28194019517858,5.482052580966321,56.0,5.340308024774241
Rac1 perturbation; Cdc42 response,EML_expr,(G(G(R))+R),2,5,2,36.66667,6.935392835178574,5.434021527126732,56.0,5.032564207220437
Rac1 perturbation; Cdc42 response,EML_expr,(G(G(R))+R),2,5,2,37.0,2.682297860535712,5.833526565132814,56.0,4.742072025486312
Rac1 perturbation; Cdc42 response,EML_expr,(G(G(R))+R),2,5,2,37.33333,6.265093537857142,4.872114708366953,56.0,4.467946815907795
Rac1 perturbation; Cdc42 response,EML_expr,(G(G(R))+R),2,5,2,37.66667,4.158479823928573,4.88215272901345,56.0,4.20933939165657
Rac1 perturbation; Cdc42 response,EML_expr,(G(G(R))+R),2,5,2,38.0,2.774460211607141,5.726416993581822,56.0,3.965457224790702
Rac1 perturbation; Cdc42 response,EML_expr,(G(G(R))+R),2,5,2,38.33333,4.220438699285711,5.851693453622379,56.0,3.7355178221563916
Rac1 perturbation; Cdc42 response,EML_expr,(G(G(R))+R),2,5,2,38.66667,5.898403981785713,5.248780406414624,56.0,3.51877357549107
Rac1 perturbation; Cdc42 response,EML_expr,(G(G(R))+R),2,5,2,39.0,2.116079720535715,5.688757520636718,56.0,3.314528912604604
Rac1 perturbation; Cdc42 response,EML_expr,(G(G(R))+R),2,5,2,39.33333,1.6641076423214272,5.611694198127312,56.0,3.1221007078942
Rac1 perturbation; Cdc42 response,EML_expr,(G(G(R))+R),2,5,2,39.66667,4.2761368823214285,5.280550466228412,56.0,2.940838665544238
Rac1 perturbation; Cdc42 response,EML_expr,(G(G(R))+R),2,5,2,40.0,2.753929924107144,5.166320955931824,56.0,2.7701392266565517
Rac1 perturbation; Cdc42 response,EML_expr,G((G(R)+R)),2,5,2,0.0,3.827074169107142,1.1420722545863766,56.0,3.821192856397601
Rac1 perturbation; Cdc42 response,EML_expr,G((G(R)+R)),2,5,2,0.3333333,17.239386878750004,3.6230717825189522,56.0,21.7643004807342
Rac1 perturbation; Cdc42 response,EML_expr,G((G(R)+R)),2,5,2,0.6666667,27.944322892321427,5.920585685086165,56.0,29.039509534341853
Rac1 perturbation; Cdc42 response,EML_expr,G((G(R)+R)),2,5,2,1.0,33.91203219839284,7.19853947353434,56.0,33.58435461904337
Rac1 perturbation; Cdc42 response,EML_expr,G((G(R)+R)),2,5,2,1.333333,40.62532188303572,8.336321677359155,56.0,36.82660496429548
Rac1 perturbation; Cdc42 response,EML_expr,G((G(R)+R)),2,5,2,1.666667,39.357031090535735,8.579362248519546,56.0,39.301494971001134
Rac1 perturbation; Cdc42 response,EML_expr,G((G(R)+R)),2,5,2,2.0,40.64119682910716,8.591445060017433,56.0,41.270637203701895
Rac1 perturbation; Cdc42 response,EML_expr,G((G(R)+R)),2,5,2,2.333333,42.037109865535726,8.792954344886885,56.0,42.8821791325025
Rac1 perturbation; Cdc42 response,EML_expr,G((G(R)+R)),2,5,2,2.666667,42.51144543464286,9.295292596102575,56.0,44.22834432478811
Rac1 perturbation; Cdc42 response,EML_expr,G((G(R)+R)),2,5,2,3.0,48.12939723964284,9.963933815532174,56.0,45.37048280586237
Rac1 perturbation; Cdc42 response,EML_expr,G((G(R)+R)),2,5,2,3.333333,45.16564558374999,10.429372020480425,56.0,46.35148809076313
Rac1 perturbation; Cdc42 response,EML_expr,G((G(R)+R)),2,5,2,3.666667,49.82137254517857,10.932543988201424,56.0,47.20250545888635
Rac1 perturbation; Cdc42 response,EML_expr,G((G(R)+R)),2,5,2,4.0,49.46123102089284,11.171653616071804,56.0,47.946838471242536
Rac1 perturbation; Cdc42 response,EML_expr,G((G(R)+R)),2,5,2,4.333334,54.19426600017859,11.481299788019944,56.0,48.602371948572625
Rac1 perturbation; Cdc42 response,EML_expr,G((G(R)+R)),2,5,2,4.666667,49.670968873571425,10.757617281060043,56.0,49.183101316259055
Rac1 perturbation; Cdc42 response,EML_expr,G((G(R)+R)),2,5,2,5.0,50.903237674285734,10.529299956320257,56.0,49.70017991048905
Rac1 perturbation; Cdc42 response,EML_expr,G((G(R)+R)),2,5,2,5.333334,48.62251751982142,10.221503553325313,56.0,50.16262335466313
Rac1 perturbation; Cdc42 response,EML_expr,G((G(R)+R)),2,5,2,5.666667,48.60424288107142,11.563656042466464,56.0,50.577809070721855
Rac1 perturbation; Cdc42 response,EML_expr,G((G(R)+R)),2,5,2,6.0,52.024706377321436,10.918739547859715,56.0,50.95184830269199
Rac1 perturbation; Cdc42 response,EML_expr,G((G(R)+R)),2,5,2,6.333334,50.76793762,11.40638591876654,56.0,51.28984984956846
Rac1 perturbation; Cdc42 response,EML_expr,G((G(R)+R)),2,5,2,6.666667,54.43562262785714,11.915146283078842,56.0,51.59611934101197
Rac1 perturbation; Cdc42 response,EML_expr,G((G(R)+R)),2,5,2,7.0,52.03527786339288,11.713402551630317,56.0,51.87431971603558
Rac1 perturbation; Cdc42 response,EML_expr,G((G(R)+R)),2,5,2,7.333334,50.833776938214285,11.055851899450207,56.0,52.1275887696087
Rac1 perturbation; Cdc42 response,EML_expr,G((G(R)+R)),2,5,2,7.666667,53.823288135714314,10.863983314939432,56.0,52.358635945658705
Rac1 perturbation; Cdc42 response,EML_expr,G((G(R)+R)),2,5,2,8.0,51.90479413160716,11.010775975290125,56.0,52.56983397778162
Rac1 perturbation; Cdc42 response,EML_expr,G((G(R)+R)),2,5,2,8.333333,51.90697419892856,10.139950267233813,56.0,52.76330339814431
Rac1 perturbation; Cdc42 response,EML_expr,G((G(R)+R)),2,5,2,8.666667,51.74549677267857,10.541134502239517,56.0,52.94101686351082
Rac1 perturbation; Cdc42 response,EML_expr,G((G(R)+R)),2,5,2,9.0,52.604561248571436,10.642679744999985,56.0,53.10493333005452
Rac1 perturbation; Cdc42 response,EML_expr,G((G(R)+R)),2,5,2,9.333333,51.231733485535706,10.851944544841261,56.0,53.25718987607139
Rac1 perturbation; Cdc42 response,EML_expr,G((G(R)+R)),2,5,2,9.666667,52.22727063178574,10.638437435555277,56.0,53.400357481469314
Rac1 perturbation; Cdc42 response,EML_expr,G((G(R)+R)),2,5,2,10.0,50.698182273035734,10.542941423713255,56.0,53.53777411835529
Rac1 perturbation; Cdc42 response,EML_expr,G((G(R)+R)),2,5,2,10.33333,54.06696888107144,10.702765966730157,56.0,53.67394818486992
Rac1 perturbation; Cdc42 response,EML_expr,G((G(R)+R)),2,5,2,10.66667,50.439666005714294,11.084816945978258,56.0,53.815000649037486
Rac1 perturbation; Cdc42 response,EML_expr,G((G(R)+R)),2,5,2,11.0,54.65172079357143,11.333885212747417,56.0,53.96904718965808
Rac1 perturbation; Cdc42 response,EML_expr,G((G(R)+R)),2,5,2,11.33333,52.14428028982143,10.806780589267332,56.0,54.14648709870009
Rac1 perturbation; Cdc42 response,EML_expr,G((G(R)+R)),2,5,2,11.66667,51.87196959607144,11.439420603811717,56.0,54.35997398815252
Rac1 perturbation; Cdc42 response,EML_expr,G((G(R)+R)),2,5,2,12.0,58.43871945178572,11.606161569484064,56.0,54.6239281443244
Rac1 perturbation; Cdc42 response,EML_expr,G((G(R)+R)),2,5,2,12.33333,55.085658180357136,11.032267610609408,56.0,54.95352015621461
Rac1 perturbation; Cdc42 response,EML_expr,G((G(R)+R)),2,5,2,12.66667,58.64790563089287,11.327073931852615,56.0,55.3629581553827
Rac1 perturbation; Cdc42 response,EML_expr,G((G(R)+R)),2,5,2,13.0,61.814454952142874,11.731313212238682,56.0,55.86319452401623
Rac1 perturbation; Cdc42 response,EML_expr,G((G(R)+R)),2,5,2,13.33333,56.964429048214285,11.906372097202055,56.0,56.45952447366796
Rac1 perturbation; Cdc42 response,EML_expr,G((G(R)+R)),2,5,2,13.66667,57.82881474017859,12.38989717920228,56.0,57.149370038755684
Rac1 perturbation; Cdc42 response,EML_expr,G((G(R)+R)),2,5,2,14.0,60.89789809357142,12.211422473989089,56.0,57.92086687257075
Rac1 perturbation; Cdc42 response,EML_expr,G((G(R)+R)),2,5,2,14.33333,56.72333004464287,12.463769096533317,56.0,58.75292942763811
Rac1 perturbation; Cdc42 response,EML_expr,G((G(R)+R)),2,5,2,14.66667,61.075306226964265,13.0784984598502,56.0,59.616516937315644
Rac1 perturbation; Cdc42 response,EML_expr,G((G(R)+R)),2,5,2,15.0,62.904096297321416,12.151439818200448,56.0,60.47697659757763
Rac1 perturbation; Cdc42 response,EML_expr,G((G(R)+R)),2,5,2,15.33333,62.09625783482145,12.727114343581496,56.0,61.29720912916304
Rac1 perturbation; Cdc42 response,EML_expr,G((G(R)+R)),2,5,2,15.66667,56.46932148821429,12.177318652118275,56.0,62.040591259710745
Rac1 perturbation; Cdc42 response,EML_expr,G((G(R)+R)),2,5,2,16.0,58.19295324714285,12.181067682968143,56.0,62.67346000070874
Rac1 perturbation; Cdc42 response,EML_expr,G((G(R)+R)),2,5,2,16.33333,64.50140953892856,12.661195440931824,56.0,63.16708782604171
Rac1 perturbation; Cdc42 response,EML_expr,G((G(R)+R)),2,5,2,16.66667,62.852034469642874,11.277303250885263,56.0,63.498684533870694
Rac1 perturbation; Cdc42 response,EML_expr,G((G(R)+R)),2,5,2,17.0,66.45181134142857,11.165071803688988,56.0,63.65180872958092
Rac1 perturbation; Cdc42 response,EML_expr,G((G(R)+R)),2,5,2,17.33333,57.421065627678594,11.680646628908903,56.0,63.616336944335444
Rac1 perturbation; Cdc42 response,EML_expr,G((G(R)+R)),2,5,2,17.66667,61.71634201214285,11.595872688120714,56.0,63.38796263163907
Rac1 perturbation; Cdc42 response,EML_expr,G((G(R)+R)),2,5,2,18.0,64.21866456446428,11.601979812504425,56.0,62.967580332187424
Rac1 perturbation; Cdc42 response,EML_expr,G((G(R)+R)),2,5,2,18.33333,57.705033513749996,11.955581833649635,56.0,62.36047496447391
Rac1 perturbation; Cdc42 response,EML_expr,G((G(R)+R)),2,5,2,18.66667,65.40024261232142,11.470379982282436,56.0,61.57551684087203
Rac1 perturbation; Cdc42 response,EML_expr,G((G(R)+R)),2,5,2,19.0,63.10916902857142,11.921338915995449,56.0,60.624477583898226
Rac1 perturbation; Cdc42 response,EML_expr,G((G(R)+R)),2,5,2,19.33333,60.21811466982144,12.110144207906488,56.0,59.52116141979358
Rac1 perturbation; Cdc42 response,EML_expr,G((G(R)+R)),2,5,2,19.66667,67.68370798124998,12.532239969121928,56.0,58.2807997327382
Rac1 perturbation; Cdc42 response,EML_expr,G((G(R)+R)),2,5,2,20.0,65.88854110875,12.325811193535127,56.0,56.91960781989615
Rac1 perturbation; Cdc42 response,EML_expr,G((G(R)+R)),2,5,2,20.33333,60.942376883749986,12.671791082956299,56.0,55.454068219445986
Rac1 perturbation; Cdc42 response,EML_expr,G((G(R)+R)),2,5,2,20.66667,58.72241103892858,12.021432487384956,56.0,53.90061648474655
Rac1 perturbation; Cdc42 response,EML_expr,G((G(R)+R)),2,5,2,21.0,53.51671177285713,11.960341593184005,56.0,52.275459767072576
Rac1 perturbation; Cdc42 response,EML_expr,G((G(R)+R)),2,5,2,21.33333,52.13898499750002,11.591237873900097,56.0,50.594031479897616
Rac1 perturbation; Cdc42 response,EML_expr,G((G(R)+R)),2,5,2,21.66667,49.44778040500001,9.954845105598858,56.0,48.87092171999214
Rac1 perturbation; Cdc42 response,EML_expr,G((G(R)+R)),2,5,2,22.0,45.060534001071424,9.45136452278932,56.0,47.11989397747675
Rac1 perturbation; Cdc42 response,EML_expr,G((G(R)+R)),2,5,2,22.33333,43.02879638517859,8.719762175239723,56.0,45.353476627798464
Rac1 perturbation; Cdc42 response,EML_expr,G((G(R)+R)),2,5,2,22.66667,37.47054658071429,9.909421561463999,56.0,43.58305912224254
Rac1 perturbation; Cdc42 response,EML_expr,G((G(R)+R)),2,5,2,23.0,41.85401168000003,9.023062811264177,56.0,41.81903079335639
Rac1 perturbation; Cdc42 response,EML_expr,G((G(R)+R)),2,5,2,23.33333,37.604964228035726,10.062365408446167,56.0,40.07046687152548
Rac1 perturbation; Cdc42 response,EML_expr,G((G(R)+R)),2,5,2,23.66667,37.97096682785712,10.205204664719476,56.0,38.345317103100435
Rac1 perturbation; Cdc42 response,EML_expr,G((G(R)+R)),2,5,2,24.0,33.44989865607143,9.526733026885863,56.0,36.650603231880545
Rac1 perturbation; Cdc42 response,EML_expr,G((G(R)+R)),2,5,2,24.33333,31.101288853392855,10.279031442108089,56.0,34.992165047987605
Rac1 perturbation; Cdc42 response,EML_expr,G((G(R)+R)),2,5,2,24.66667,31.914791204107143,11.037035766121848,56.0,33.374886224730695
Rac1 perturbation; Cdc42 response,EML_expr,G((G(R)+R)),2,5,2,25.0,27.23004851285713,11.038314703262866,56.0,31.802906370514407
Rac1 perturbation; Cdc42 response,EML_expr,G((G(R)+R)),2,5,2,25.33333,32.39120195928573,11.042930203809027,56.0,30.279404109874946
Rac1 perturbation; Cdc42 response,EML_expr,G((G(R)+R)),2,5,2,25.66667,30.632160998035726,10.340276930676131,56.0,28.806824388322408
Rac1 perturbation; Cdc42 response,EML_expr,G((G(R)+R)),2,5,2,26.0,27.574354252678567,9.334215664690287,56.0,27.387078888479213
Rac1 perturbation; Cdc42 response,EML_expr,G((G(R)+R)),2,5,2,26.33333,26.98825472053571,9.472706586669132,56.0,26.021353145328547
Rac1 perturbation; Cdc42 response,EML_expr,G((G(R)+R)),2,5,2,26.66667,23.828536430892857,9.13385834952662,56.0,24.710315480017425
Rac1 perturbation; Cdc42 response,EML_expr,G((G(R)+R)),2,5,2,27.0,21.245405446785718,8.572782839915652,56.0,23.454293022269756
Rac1 perturbation; Cdc42 response,EML_expr,G((G(R)+R)),2,5,2,27.33333,23.797148394821424,8.805907887438186,56.0,22.25309672853217
Rac1 perturbation; Cdc42 response,EML_expr,G((G(R)+R)),2,5,2,27.66667,21.786008418392857,8.789026557627777,56.0,21.106203209781757
Rac1 perturbation; Cdc42 response,EML_expr,G((G(R)+R)),2,5,2,28.0,19.72074452785714,8.641463671185805,56.0,20.01290232621481
Rac1 perturbation; Cdc42 response,EML_expr,G((G(R)+R)),2,5,2,28.33333,19.56133962517857,8.071880993712787,56.0,18.972137871523127
Rac1 perturbation; Cdc42 response,EML_expr,G((G(R)+R)),2,5,2,28.66667,18.007073220000002,7.240060099460427,56.0,17.98266038359524
Rac1 perturbation; Cdc42 response,EML_expr,G((G(R)+R)),2,5,2,29.0,19.781916438928565,7.319891109470625,56.0,17.043147207407298
Rac1 perturbation; Cdc42 response,EML_expr,G((G(R)+R)),2,5,2,29.33333,17.908076492678568,7.0668718053002655,56.0,16.152058360017698
Rac1 perturbation; Cdc42 response,EML_expr,G((G(R)+R)),2,5,2,29.66667,12.991376950000005,7.059269006642786,56.0,15.307762084303132
Rac1 perturbation; Cdc42 response,EML_expr,G((G(R)+R)),2,5,2,30.0,15.252381256785714,6.399419728850981,56.0,14.50863060676138
Rac1 perturbation; Cdc42 response,EML_expr,G((G(R)+R)),2,5,2,30.33333,15.787882359821426,6.563629955811476,56.0,13.752911171033764
Rac1 perturbation; Cdc42 response,EML_expr,G((G(R)+R)),2,5,2,30.66667,9.94503414982142,6.731632025512227,56.0,13.038827720585935
Rac1 perturbation; Cdc42 response,EML_expr,G((G(R)+R)),2,5,2,31.0,10.036817084107152,6.974630393313972,56.0,12.36465633445136
Rac1 perturbation; Cdc42 response,EML_expr,G((G(R)+R)),2,5,2,31.33333,9.230053227142859,7.172982663463468,56.0,11.728611267402998
Rac1 perturbation; Cdc42 response,EML_expr,G((G(R)+R)),2,5,2,31.66667,10.85532622482143,7.095689350913041,56.0,11.128926581827836
Rac1 perturbation; Cdc42 response,EML_expr,G((G(R)+R)),2,5,2,32.0,10.824877368928572,6.444077889813405,56.0,10.563915158332144
Rac1 perturbation; Cdc42 response,EML_expr,G((G(R)+R)),2,5,2,32.33333,13.311633482857141,6.671262005017986,56.0,10.031869218517349
Rac1 perturbation; Cdc42 response,EML_expr,G((G(R)+R)),2,5,2,32.66667,11.734538476250005,6.632334561615327,56.0,9.531125544461542
Rac1 perturbation; Cdc42 response,EML_expr,G((G(R)+R)),2,5,2,33.0,10.346004451607149,6.896387904216912,56.0,9.060111494728227
Rac1 perturbation; Cdc42 response,EML_expr,G((G(R)+R)),2,5,2,33.33333,9.172568554464283,6.831884347604223,56.0,8.617259128520566
Rac1 perturbation; Cdc42 response,EML_expr,G((G(R)+R)),2,5,2,33.66667,6.891297014642854,6.7290806069907845,56.0,8.201057202761078
Rac1 perturbation; Cdc42 response,EML_expr,G((G(R)+R)),2,5,2,34.0,7.357812429642855,6.602966027505014,56.0,7.810087040675164
Rac1 perturbation; Cdc42 response,EML_expr,G((G(R)+R)),2,5,2,34.33333,4.517738089999999,7.132717334021903,56.0,7.442949114719218
Rac1 perturbation; Cdc42 response,EML_expr,G((G(R)+R)),2,5,2,34.66667,8.732542402678572,5.53186065202682,56.0,7.098304490194412
Rac1 perturbation; Cdc42 response,EML_expr,G((G(R)+R)),2,5,2,35.0,7.524200926249997,5.4461896146963005,56.0,6.774902826458048
Rac1 perturbation; Cdc42 response,EML_expr,G((G(R)+R)),2,5,2,35.33333,8.171790244107145,5.958449540399851,56.0,6.471520130562086
Rac1 perturbation; Cdc42 response,EML_expr,G((G(R)+R)),2,5,2,35.66667,2.685928293750003,6.021733786898675,56.0,6.186991818699963
Rac1 perturbation; Cdc42 response,EML_expr,G((G(R)+R)),2,5,2,36.0,7.68786100071428,4.934698327055554,56.0,5.9202346361658895
Rac1 perturbation; Cdc42 response,EML_expr,G((G(R)+R)),2,5,2,36.33333,10.28194019517858,5.482052580966321,56.0,5.670194250260987
Rac1 perturbation; Cdc42 response,EML_expr,G((G(R)+R)),2,5,2,36.66667,6.935392835178574,5.434021527126732,56.0,5.435871666677982
Rac1 perturbation; Cdc42 response,EML_expr,G((G(R)+R)),2,5,2,37.0,2.682297860535712,5.833526565132814,56.0,5.216340449098526
Rac1 perturbation; Cdc42 response,EML_expr,G((G(R)+R)),2,5,2,37.33333,6.265093537857142,4.872114708366953,56.0,5.010702853129189
Rac1 perturbation; Cdc42 response,EML_expr,G((G(R)+R)),2,5,2,37.66667,4.158479823928573,4.88215272901345,56.0,4.81811097419125
Rac1 perturbation; Cdc42 response,EML_expr,G((G(R)+R)),2,5,2,38.0,2.774460211607141,5.726416993581822,56.0,4.637780326817124
Rac1 perturbation; Cdc42 response,EML_expr,G((G(R)+R)),2,5,2,38.33333,4.220438699285711,5.851693453622379,56.0,4.468953305069684
Rac1 perturbation; Cdc42 response,EML_expr,G((G(R)+R)),2,5,2,38.66667,5.898403981785713,5.248780406414624,56.0,4.310916147685705
Rac1 perturbation; Cdc42 response,EML_expr,G((G(R)+R)),2,5,2,39.0,2.116079720535715,5.688757520636718,56.0,4.163009688572762
Rac1 perturbation; Cdc42 response,EML_expr,G((G(R)+R)),2,5,2,39.33333,1.6641076423214272,5.611694198127312,56.0,4.024599041534746
Rac1 perturbation; Cdc42 response,EML_expr,G((G(R)+R)),2,5,2,39.66667,4.2761368823214285,5.280550466228412,56.0,3.89508723766407
Rac1 perturbation; Cdc42 response,EML_expr,G((G(R)+R)),2,5,2,40.0,2.753929924107144,5.166320955931824,56.0,3.773923768556453
Rac1 perturbation; Cdc42 response,EML_expr,G(G((R+R))),2,5,2,0.0,3.827074169107142,1.1420722545863766,56.0,5.107045243983963
Rac1 perturbation; Cdc42 response,EML_expr,G(G((R+R))),2,5,2,0.3333333,17.239386878750004,3.6230717825189522,56.0,18.683512245512162
Rac1 perturbation; Cdc42 response,EML_expr,G(G((R+R))),2,5,2,0.6666667,27.944322892321427,5.920585685086165,56.0,24.56135027499633
Rac1 perturbation; Cdc42 response,EML_expr,G(G((R+R))),2,5,2,1.0,33.91203219839284,7.19853947353434,56.0,28.856102071385017
Rac1 perturbation; Cdc42 response,EML_expr,G(G((R+R))),2,5,2,1.333333,40.62532188303572,8.336321677359155,56.0,32.28655920769206
Rac1 perturbation; Cdc42 response,EML_expr,G(G((R+R))),2,5,2,1.666667,39.357031090535735,8.579362248519546,56.0,35.146797215577294
Rac1 perturbation; Cdc42 response,EML_expr,G(G((R+R))),2,5,2,2.0,40.64119682910716,8.591445060017433,56.0,37.59378628048308
Rac1 perturbation; Cdc42 response,EML_expr,G(G((R+R))),2,5,2,2.333333,42.037109865535726,8.792954344886885,56.0,39.723851647797325
Rac1 perturbation; Cdc42 response,EML_expr,G(G((R+R))),2,5,2,2.666667,42.51144543464286,9.295292596102575,56.0,41.60146145548184
Rac1 perturbation; Cdc42 response,EML_expr,G(G((R+R))),2,5,2,3.0,48.12939723964284,9.963933815532174,56.0,43.272406314610144
Rac1 perturbation; Cdc42 response,EML_expr,G(G((R+R))),2,5,2,3.333333,45.16564558374999,10.429372020480425,56.0,44.77068634427583
Rac1 perturbation; Cdc42 response,EML_expr,G(G((R+R))),2,5,2,3.666667,49.82137254517857,10.932543988201424,56.0,46.122388276029916
Rac1 perturbation; Cdc42 response,EML_expr,G(G((R+R))),2,5,2,4.0,49.46123102089284,11.171653616071804,56.0,47.34804636842514
Rac1 perturbation; Cdc42 response,EML_expr,G(G((R+R))),2,5,2,4.333334,54.19426600017859,11.481299788019944,56.0,48.46419090786675
Rac1 perturbation; Cdc42 response,EML_expr,G(G((R+R))),2,5,2,4.666667,49.670968873571425,10.757617281060043,56.0,49.48433706061575
Rac1 perturbation; Cdc42 response,EML_expr,G(G((R+R))),2,5,2,5.0,50.903237674285734,10.529299956320257,56.0,50.419715519835634
Rac1 perturbation; Cdc42 response,EML_expr,G(G((R+R))),2,5,2,5.333334,48.62251751982142,10.221503553325313,56.0,51.27976579749108
Rac1 perturbation; Cdc42 response,EML_expr,G(G((R+R))),2,5,2,5.666667,48.60424288107142,11.563656042466464,56.0,52.07249904937151
Rac1 perturbation; Cdc42 response,EML_expr,G(G((R+R))),2,5,2,6.0,52.024706377321436,10.918739547859715,56.0,52.80478987501457
Rac1 perturbation; Cdc42 response,EML_expr,G(G((R+R))),2,5,2,6.333334,50.76793762,11.40638591876654,56.0,53.482578338806306
Rac1 perturbation; Cdc42 response,EML_expr,G(G((R+R))),2,5,2,6.666667,54.43562262785714,11.915146283078842,56.0,54.11102767785518
Rac1 perturbation; Cdc42 response,EML_expr,G(G((R+R))),2,5,2,7.0,52.03527786339288,11.713402551630317,56.0,54.69466421577182
Rac1 perturbation; Cdc42 response,EML_expr,G(G((R+R))),2,5,2,7.333334,50.833776938214285,11.055851899450207,56.0,55.237471578698496
Rac1 perturbation; Cdc42 response,EML_expr,G(G((R+R))),2,5,2,7.666667,53.823288135714314,10.863983314939432,56.0,55.74296623804735
Rac1 perturbation; Cdc42 response,EML_expr,G(G((R+R))),2,5,2,8.0,51.90479413160716,11.010775975290125,56.0,56.214269717581494
Rac1 perturbation; Cdc42 response,EML_expr,G(G((R+R))),2,5,2,8.333333,51.90697419892856,10.139950267233813,56.0,56.654149329603335
Rac1 perturbation; Cdc42 response,EML_expr,G(G((R+R))),2,5,2,8.666667,51.74549677267857,10.541134502239517,56.0,57.065054559569504
Rac1 perturbation; Cdc42 response,EML_expr,G(G((R+R))),2,5,2,9.0,52.604561248571436,10.642679744999985,56.0,57.44913247825997
Rac1 perturbation; Cdc42 response,EML_expr,G(G((R+R))),2,5,2,9.333333,51.231733485535706,10.851944544841261,56.0,57.80824251144366
Rac1 perturbation; Cdc42 response,EML_expr,G(G((R+R))),2,5,2,9.666667,52.22727063178574,10.638437435555277,56.0,58.14394746905068
Rac1 perturbation; Cdc42 response,EML_expr,G(G((R+R))),2,5,2,10.0,50.698182273035734,10.542941423713255,56.0,58.45749470368329
Rac1 perturbation; Cdc42 response,EML_expr,G(G((R+R))),2,5,2,10.33333,54.06696888107144,10.702765966730157,56.0,58.749794125240115
Rac1 perturbation; Cdc42 response,EML_expr,G(G((R+R))),2,5,2,10.66667,50.439666005714294,11.084816945978258,56.0,59.021397935402064
Rac1 perturbation; Cdc42 response,EML_expr,G(G((R+R))),2,5,2,11.0,54.65172079357143,11.333885212747417,56.0,59.272426531399724
Rac1 perturbation; Cdc42 response,EML_expr,G(G((R+R))),2,5,2,11.33333,52.14428028982143,10.806780589267332,56.0,59.50258702338331
Rac1 perturbation; Cdc42 response,EML_expr,G(G((R+R))),2,5,2,11.66667,51.87196959607144,11.439420603811717,56.0,59.71111883216803
Rac1 perturbation; Cdc42 response,EML_expr,G(G((R+R))),2,5,2,12.0,58.43871945178572,11.606161569484064,56.0,59.8967612876257
Rac1 perturbation; Cdc42 response,EML_expr,G(G((R+R))),2,5,2,12.33333,55.085658180357136,11.032267610609408,56.0,60.05778930707902
Rac1 perturbation; Cdc42 response,EML_expr,G(G((R+R))),2,5,2,12.66667,58.64790563089287,11.327073931852615,56.0,60.192006841639
Rac1 perturbation; Cdc42 response,EML_expr,G(G((R+R))),2,5,2,13.0,61.814454952142874,11.731313212238682,56.0,60.296772788788985
Rac1 perturbation; Cdc42 response,EML_expr,G(G((R+R))),2,5,2,13.33333,56.964429048214285,11.906372097202055,56.0,60.36907921309642
Rac1 perturbation; Cdc42 response,EML_expr,G(G((R+R))),2,5,2,13.66667,57.82881474017859,12.38989717920228,56.0,60.405606871465366
Rac1 perturbation; Cdc42 response,EML_expr,G(G((R+R))),2,5,2,14.0,60.89789809357142,12.211422473989089,56.0,60.40281383144631
Rac1 perturbation; Cdc42 response,EML_expr,G(G((R+R))),2,5,2,14.33333,56.72333004464287,12.463769096533317,56.0,60.35704163754275
Rac1 perturbation; Cdc42 response,EML_expr,G(G((R+R))),2,5,2,14.66667,61.075306226964265,13.0784984598502,56.0,60.26461325596745
Rac1 perturbation; Cdc42 response,EML_expr,G(G((R+R))),2,5,2,15.0,62.904096297321416,12.151439818200448,56.0,60.121957136509515
Rac1 perturbation; Cdc42 response,EML_expr,G(G((R+R))),2,5,2,15.33333,62.09625783482145,12.727114343581496,56.0,59.92569886421582
Rac1 perturbation; Cdc42 response,EML_expr,G(G((R+R))),2,5,2,15.66667,56.46932148821429,12.177318652118275,56.0,59.67276414916882
Rac1 perturbation; Cdc42 response,EML_expr,G(G((R+R))),2,5,2,16.0,58.19295324714285,12.181067682968143,56.0,59.36050060672903
Rac1 perturbation; Cdc42 response,EML_expr,G(G((R+R))),2,5,2,16.33333,64.50140953892856,12.661195440931824,56.0,58.9867109011662
Rac1 perturbation; Cdc42 response,EML_expr,G(G((R+R))),2,5,2,16.66667,62.852034469642874,11.277303250885263,56.0,58.5497302491142
Rac1 perturbation; Cdc42 response,EML_expr,G(G((R+R))),2,5,2,17.0,66.45181134142857,11.165071803688988,56.0,58.04852012866102
Rac1 perturbation; Cdc42 response,EML_expr,G(G((R+R))),2,5,2,17.33333,57.421065627678594,11.680646628908903,56.0,57.482618294212514
Rac1 perturbation; Cdc42 response,EML_expr,G(G((R+R))),2,5,2,17.66667,61.71634201214285,11.595872688120714,56.0,56.85218078533936
Rac1 perturbation; Cdc42 response,EML_expr,G(G((R+R))),2,5,2,18.0,64.21866456446428,11.601979812504425,56.0,56.15804245238221
Rac1 perturbation; Cdc42 response,EML_expr,G(G((R+R))),2,5,2,18.33333,57.705033513749996,11.955581833649635,56.0,55.40158366725159
Rac1 perturbation; Cdc42 response,EML_expr,G(G((R+R))),2,5,2,18.66667,65.40024261232142,11.470379982282436,56.0,54.58474589855116
Rac1 perturbation; Cdc42 response,EML_expr,G(G((R+R))),2,5,2,19.0,63.10916902857142,11.921338915995449,56.0,53.7100699751913
Rac1 perturbation; Cdc42 response,EML_expr,G(G((R+R))),2,5,2,19.33333,60.21811466982144,12.110144207906488,56.0,52.78049668797946
Rac1 perturbation; Cdc42 response,EML_expr,G(G((R+R))),2,5,2,19.66667,67.68370798124998,12.532239969121928,56.0,51.79937430308861
Rac1 perturbation; Cdc42 response,EML_expr,G(G((R+R))),2,5,2,20.0,65.88854110875,12.325811193535127,56.0,50.77049150168446
Rac1 perturbation; Cdc42 response,EML_expr,G(G((R+R))),2,5,2,20.33333,60.942376883749986,12.671791082956299,56.0,49.69783575160989
Rac1 perturbation; Cdc42 response,EML_expr,G(G((R+R))),2,5,2,20.66667,58.72241103892858,12.021432487384956,56.0,48.58561057082807
Rac1 perturbation; Cdc42 response,EML_expr,G(G((R+R))),2,5,2,21.0,53.51671177285713,11.960341593184005,56.0,47.43827771636636
Rac1 perturbation; Cdc42 response,EML_expr,G(G((R+R))),2,5,2,21.33333,52.13898499750002,11.591237873900097,56.0,46.260295641109295
Rac1 perturbation; Cdc42 response,EML_expr,G(G((R+R))),2,5,2,21.66667,49.44778040500001,9.954845105598858,56.0,45.05615803856792
Rac1 perturbation; Cdc42 response,EML_expr,G(G((R+R))),2,5,2,22.0,45.060534001071424,9.45136452278932,56.0,43.83045348167278
Rac1 perturbation; Cdc42 response,EML_expr,G(G((R+R))),2,5,2,22.33333,43.02879638517859,8.719762175239723,56.0,42.58760073864728
Rac1 perturbation; Cdc42 response,EML_expr,G(G((R+R))),2,5,2,22.66667,37.47054658071429,9.909421561463999,56.0,41.331912567913314
Rac1 perturbation; Cdc42 response,EML_expr,G(G((R+R))),2,5,2,23.0,41.85401168000003,9.023062811264177,56.0,40.067674442521565
Rac1 perturbation; Cdc42 response,EML_expr,G(G((R+R))),2,5,2,23.33333,37.604964228035726,10.062365408446167,56.0,38.798887393209355
Rac1 perturbation; Cdc42 response,EML_expr,G(G((R+R))),2,5,2,23.66667,37.97096682785712,10.205204664719476,56.0,37.52935497076901
Rac1 perturbation; Cdc42 response,EML_expr,G(G((R+R))),2,5,2,24.0,33.44989865607143,9.526733026885863,56.0,36.26277797966378
Rac1 perturbation; Cdc42 response,EML_expr,G(G((R+R))),2,5,2,24.33333,31.101288853392855,10.279031442108089,56.0,35.00251061939696
Rac1 perturbation; Cdc42 response,EML_expr,G(G((R+R))),2,5,2,24.66667,31.914791204107143,11.037035766121848,56.0,33.751664974425076
Rac1 perturbation; Cdc42 response,EML_expr,G(G((R+R))),2,5,2,25.0,27.23004851285713,11.038314703262866,56.0,32.51321629140932
Rac1 perturbation; Cdc42 response,EML_expr,G(G((R+R))),2,5,2,25.33333,32.39120195928573,11.042930203809027,56.0,31.289774958822036
Rac1 perturbation; Cdc42 response,EML_expr,G(G((R+R))),2,5,2,25.66667,30.632160998035726,10.340276930676131,56.0,30.08370161761917
Rac1 perturbation; Cdc42 response,EML_expr,G(G((R+R))),2,5,2,26.0,27.574354252678567,9.334215664690287,56.0,28.897217028228674
Rac1 perturbation; Cdc42 response,EML_expr,G(G((R+R))),2,5,2,26.33333,26.98825472053571,9.472706586669132,56.0,27.73219061463216
Rac1 perturbation; Cdc42 response,EML_expr,G(G((R+R))),2,5,2,26.66667,23.828536430892857,9.13385834952662,56.0,26.59025961128294
Rac1 perturbation; Cdc42 response,EML_expr,G(G((R+R))),2,5,2,27.0,21.245405446785718,8.572782839915652,56.0,25.472938267408253
Rac1 perturbation; Cdc42 response,EML_expr,G(G((R+R))),2,5,2,27.33333,23.797148394821424,8.805907887438186,56.0,24.381422817798544
Rac1 perturbation; Cdc42 response,EML_expr,G(G((R+R))),2,5,2,27.66667,21.786008418392857,8.789026557627777,56.0,23.316709254680994
Rac1 perturbation; Cdc42 response,EML_expr,G(G((R+R))),2,5,2,28.0,19.72074452785714,8.641463671185805,56.0,22.27969786118293
Rac1 perturbation; Cdc42 response,EML_expr,G(G((R+R))),2,5,2,28.33333,19.56133962517857,8.071880993712787,56.0,21.271014132192313
Rac1 perturbation; Cdc42 response,EML_expr,G(G((R+R))),2,5,2,28.66667,18.007073220000002,7.240060099460427,56.0,20.291121218942017
Rac1 perturbation; Cdc42 response,EML_expr,G(G((R+R))),2,5,2,29.0,19.781916438928565,7.319891109470625,56.0,19.340417120201153
Rac1 perturbation; Cdc42 response,EML_expr,G(G((R+R))),2,5,2,29.33333,17.908076492678568,7.0668718053002655,56.0,18.419070971187427
Rac1 perturbation; Cdc42 response,EML_expr,G(G((R+R))),2,5,2,29.66667,12.991376950000005,7.059269006642786,56.0,17.527127604451163
Rac1 perturbation; Cdc42 response,EML_expr,G(G((R+R))),2,5,2,30.0,15.252381256785714,6.399419728850981,56.0,16.664595905644443
Rac1 perturbation; Cdc42 response,EML_expr,G(G((R+R))),2,5,2,30.33333,15.787882359821426,6.563629955811476,56.0,15.83129985424763
Rac1 perturbation; Cdc42 response,EML_expr,G(G((R+R))),2,5,2,30.66667,9.94503414982142,6.731632025512227,56.0,15.026973806845609
Rac1 perturbation; Cdc42 response,EML_expr,G(G((R+R))),2,5,2,31.0,10.036817084107152,6.974630393313972,56.0,14.251341442797834
Rac1 perturbation; Cdc42 response,EML_expr,G(G((R+R))),2,5,2,31.33333,9.230053227142859,7.172982663463468,56.0,13.503980907018923
Rac1 perturbation; Cdc42 response,EML_expr,G(G((R+R))),2,5,2,31.66667,10.85532622482143,7.095689350913041,56.0,12.784410300555763
Rac1 perturbation; Cdc42 response,EML_expr,G(G((R+R))),2,5,2,32.0,10.824877368928572,6.444077889813405,56.0,12.092157290654876
Rac1 perturbation; Cdc42 response,EML_expr,G(G((R+R))),2,5,2,32.33333,13.311633482857141,6.671262005017986,56.0,11.426637655155801
Rac1 perturbation; Cdc42 response,EML_expr,G(G((R+R))),2,5,2,32.66667,11.734538476250005,6.632334561615327,56.0,10.78723107720769
Rac1 perturbation; Cdc42 response,EML_expr,G(G((R+R))),2,5,2,33.0,10.346004451607149,6.896387904216912,56.0,10.173341910243597
Rac1 perturbation; Cdc42 response,EML_expr,G(G((R+R))),2,5,2,33.33333,9.172568554464283,6.831884347604223,56.0,9.584290362023397
Rac1 perturbation; Cdc42 response,EML_expr,G(G((R+R))),2,5,2,33.66667,6.891297014642854,6.7290806069907845,56.0,9.019379081334966
Rac1 perturbation; Cdc42 response,EML_expr,G(G((R+R))),2,5,2,34.0,7.357812429642855,6.602966027505014,56.0,8.477945803609957
Rac1 perturbation; Cdc42 response,EML_expr,G(G((R+R))),2,5,2,34.33333,4.517738089999999,7.132717334021903,56.0,7.959266352895187
Rac1 perturbation; Cdc42 response,EML_expr,G(G((R+R))),2,5,2,34.66667,8.732542402678572,5.53186065202682,56.0,7.462612731741701
Rac1 perturbation; Cdc42 response,EML_expr,G(G((R+R))),2,5,2,35.0,7.524200926249997,5.4461896146963005,56.0,6.987298478958647
Rac1 perturbation; Cdc42 response,EML_expr,G(G((R+R))),2,5,2,35.33333,8.171790244107145,5.958449540399851,56.0,6.5325926210249925
Rac1 perturbation; Cdc42 response,EML_expr,G(G((R+R))),2,5,2,35.66667,2.685928293750003,6.021733786898675,56.0,6.097770080530289
Rac1 perturbation; Cdc42 response,EML_expr,G(G((R+R))),2,5,2,36.0,7.68786100071428,4.934698327055554,56.0,5.682150597193003
Rac1 perturbation; Cdc42 response,EML_expr,G(G((R+R))),2,5,2,36.33333,10.28194019517858,5.482052580966321,56.0,5.285022733077652
Rac1 perturbation; Cdc42 response,EML_expr,G(G((R+R))),2,5,2,36.66667,6.935392835178574,5.434021527126732,56.0,4.905687439393085
Rac1 perturbation; Cdc42 response,EML_expr,G(G((R+R))),2,5,2,37.0,2.682297860535712,5.833526565132814,56.0,4.543491358582669
Rac1 perturbation; Cdc42 response,EML_expr,G(G((R+R))),2,5,2,37.33333,6.265093537857142,4.872114708366953,56.0,4.197759982213703
Rac1 perturbation; Cdc42 response,EML_expr,G(G((R+R))),2,5,2,37.66667,4.158479823928573,4.88215272901345,56.0,3.867835190572186
Rac1 perturbation; Cdc42 response,EML_expr,G(G((R+R))),2,5,2,38.0,2.774460211607141,5.726416993581822,56.0,3.553103690860297
Rac1 perturbation; Cdc42 response,EML_expr,G(G((R+R))),2,5,2,38.33333,4.220438699285711,5.851693453622379,56.0,3.2529384417656217
Rac1 perturbation; Cdc42 response,EML_expr,G(G((R+R))),2,5,2,38.66667,5.898403981785713,5.248780406414624,56.0,2.9667309261440056
Rac1 perturbation; Cdc42 response,EML_expr,G(G((R+R))),2,5,2,39.0,2.116079720535715,5.688757520636718,56.0,2.693915404214185
Rac1 perturbation; Cdc42 response,EML_expr,G(G((R+R))),2,5,2,39.33333,1.6641076423214272,5.611694198127312,56.0,2.433917751229239
Rac1 perturbation; Cdc42 response,EML_expr,G(G((R+R))),2,5,2,39.66667,4.2761368823214285,5.280550466228412,56.0,2.186183155182285
Rac1 perturbation; Cdc42 response,EML_expr,G(G((R+R))),2,5,2,40.0,2.753929924107144,5.166320955931824,56.0,1.9501967843874328
Rac1 perturbation; Cdc42 response,EML_expr,G(G(G(R))),3,4,3,0.0,3.827074169107142,1.1420722545863766,56.0,3.9906711489643216
Rac1 perturbation; Cdc42 response,EML_expr,G(G(G(R))),3,4,3,0.3333333,17.239386878750004,3.6230717825189522,56.0,17.278111778881392
Rac1 perturbation; Cdc42 response,EML_expr,G(G(G(R))),3,4,3,0.6666667,27.944322892321427,5.920585685086165,56.0,25.033156300851203
Rac1 perturbation; Cdc42 response,EML_expr,G(G(G(R))),3,4,3,1.0,33.91203219839284,7.19853947353434,56.0,30.690807422419226
Rac1 perturbation; Cdc42 response,EML_expr,G(G(G(R))),3,4,3,1.333333,40.62532188303572,8.336321677359155,56.0,35.05406585160555
Rac1 perturbation; Cdc42 response,EML_expr,G(G(G(R))),3,4,3,1.666667,39.357031090535735,8.579362248519546,56.0,38.52032656610382
Rac1 perturbation; Cdc42 response,EML_expr,G(G(G(R))),3,4,3,2.0,40.64119682910716,8.591445060017433,56.0,41.327747085636545
Rac1 perturbation; Cdc42 response,EML_expr,G(G(G(R))),3,4,3,2.333333,42.037109865535726,8.792954344886885,56.0,43.63372884840413
Rac1 perturbation; Cdc42 response,EML_expr,G(G(G(R))),3,4,3,2.666667,42.51144543464286,9.295292596102575,56.0,45.54863608600732
Rac1 perturbation; Cdc42 response,EML_expr,G(G(G(R))),3,4,3,3.0,48.12939723964284,9.963933815532174,56.0,47.15298172668169
Rac1 perturbation; Cdc42 response,EML_expr,G(G(G(R))),3,4,3,3.333333,45.16564558374999,10.429372020480425,56.0,48.5072304524204
Rac1 perturbation; Cdc42 response,EML_expr,G(G(G(R))),3,4,3,3.666667,49.82137254517857,10.932543988201424,56.0,49.65776793692598
Rac1 perturbation; Cdc42 response,EML_expr,G(G(G(R))),3,4,3,4.0,49.46123102089284,11.171653616071804,56.0,50.640778762995076
Rac1 perturbation; Cdc42 response,EML_expr,G(G(G(R))),3,4,3,4.333334,54.19426600017859,11.481299788019944,56.0,51.484898924814026
Rac1 perturbation; Cdc42 response,EML_expr,G(G(G(R))),3,4,3,4.666667,49.670968873571425,10.757617281060043,56.0,52.213032284481166
Rac1 perturbation; Cdc42 response,EML_expr,G(G(G(R))),3,4,3,5.0,50.903237674285734,10.529299956320257,56.0,52.84369236086292
Rac1 perturbation; Cdc42 response,EML_expr,G(G(G(R))),3,4,3,5.333334,48.62251751982142,10.221503553325313,56.0,53.391965259952016
Rac1 perturbation; Cdc42 response,EML_expr,G(G(G(R))),3,4,3,5.666667,48.60424288107142,11.563656042466464,56.0,53.87023292863063
Rac1 perturbation; Cdc42 response,EML_expr,G(G(G(R))),3,4,3,6.0,52.024706377321436,10.918739547859715,56.0,54.28873483573668
Rac1 perturbation; Cdc42 response,EML_expr,G(G(G(R))),3,4,3,6.333334,50.76793762,11.40638591876654,56.0,54.655986627714476
Rac1 perturbation; Cdc42 response,EML_expr,G(G(G(R))),3,4,3,6.666667,54.43562262785714,11.915146283078842,56.0,54.979107631113116
Rac1 perturbation; Cdc42 response,EML_expr,G(G(G(R))),3,4,3,7.0,52.03527786339288,11.713402551630317,56.0,55.26408649301677
Rac1 perturbation; Cdc42 response,EML_expr,G(G(G(R))),3,4,3,7.333334,50.833776938214285,11.055851899450207,56.0,55.5159824645383
Rac1 perturbation; Cdc42 response,EML_expr,G(G(G(R))),3,4,3,7.666667,53.823288135714314,10.863983314939432,56.0,55.73908727255909
Rac1 perturbation; Cdc42 response,EML_expr,G(G(G(R))),3,4,3,8.0,51.90479413160716,11.010775975290125,56.0,55.93706105143969
Rac1 perturbation; Cdc42 response,EML_expr,G(G(G(R))),3,4,3,8.333333,51.90697419892856,10.139950267233813,56.0,56.11303544678226
Rac1 perturbation; Cdc42 response,EML_expr,G(G(G(R))),3,4,3,8.666667,51.74549677267857,10.541134502239517,56.0,56.26970119045006
Rac1 perturbation; Cdc42 response,EML_expr,G(G(G(R))),3,4,3,9.0,52.604561248571436,10.642679744999985,56.0,56.40937682230917
Rac1 perturbation; Cdc42 response,EML_expr,G(G(G(R))),3,4,3,9.333333,51.231733485535706,10.851944544841261,56.0,56.53406943161396
Rac1 perturbation; Cdc42 response,EML_expr,G(G(G(R))),3,4,3,9.666667,52.22727063178574,10.638437435555277,56.0,56.64552084290944
Rac1 perturbation; Cdc42 response,EML_expr,G(G(G(R))),3,4,3,10.0,50.698182273035734,10.542941423713255,56.0,56.74524643190816
Rac1 perturbation; Cdc42 response,EML_expr,G(G(G(R))),3,4,3,10.33333,54.06696888107144,10.702765966730157,56.0,56.834569337744284
Rac1 perturbation; Cdc42 response,EML_expr,G(G(G(R))),3,4,3,10.66667,50.439666005714294,11.084816945978258,56.0,56.91465136329545
Rac1 perturbation; Cdc42 response,EML_expr,G(G(G(R))),3,4,3,11.0,54.65172079357143,11.333885212747417,56.0,56.986504500892494
Rac1 perturbation; Cdc42 response,EML_expr,G(G(G(R))),3,4,3,11.33333,52.14428028982143,10.806780589267332,56.0,57.051025721767395
Rac1 perturbation; Cdc42 response,EML_expr,G(G(G(R))),3,4,3,11.66667,51.87196959607144,11.439420603811717,56.0,57.10900520593642
Rac1 perturbation; Cdc42 response,EML_expr,G(G(G(R))),3,4,3,12.0,58.43871945178572,11.606161569484064,56.0,57.16113589420728
Rac1 perturbation; Cdc42 response,EML_expr,G(G(G(R))),3,4,3,12.33333,55.085658180357136,11.032267610609408,56.0,57.20803494332115
Rac1 perturbation; Cdc42 response,EML_expr,G(G(G(R))),3,4,3,12.66667,58.64790563089287,11.327073931852615,56.0,57.25024497165129
Rac1 perturbation; Cdc42 response,EML_expr,G(G(G(R))),3,4,3,13.0,61.814454952142874,11.731313212238682,56.0,57.28823085766427
Rac1 perturbation; Cdc42 response,EML_expr,G(G(G(R))),3,4,3,13.33333,56.964429048214285,11.906372097202055,56.0,57.32237279503693
Rac1 perturbation; Cdc42 response,EML_expr,G(G(G(R))),3,4,3,13.66667,57.82881474017859,12.38989717920228,56.0,57.35292149828696
Rac1 perturbation; Cdc42 response,EML_expr,G(G(G(R))),3,4,3,14.0,60.89789809357142,12.211422473989089,56.0,57.37991539009715
Rac1 perturbation; Cdc42 response,EML_expr,G(G(G(R))),3,4,3,14.33333,56.72333004464287,12.463769096533317,56.0,57.403054080132755
Rac1 perturbation; Cdc42 response,EML_expr,G(G(G(R))),3,4,3,14.66667,61.075306226964265,13.0784984598502,56.0,57.4215113330753
Rac1 perturbation; Cdc42 response,EML_expr,G(G(G(R))),3,4,3,15.0,62.904096297321416,12.151439818200448,56.0,57.433716292919186
Rac1 perturbation; Cdc42 response,EML_expr,G(G(G(R))),3,4,3,15.33333,62.09625783482145,12.727114343581496,56.0,57.43714209767029
Rac1 perturbation; Cdc42 response,EML_expr,G(G(G(R))),3,4,3,15.66667,56.46932148821429,12.177318652118275,56.0,57.428138576747095
Rac1 perturbation; Cdc42 response,EML_expr,G(G(G(R))),3,4,3,16.0,58.19295324714285,12.181067682968143,56.0,57.40186309372419
Rac1 perturbation; Cdc42 response,EML_expr,G(G(G(R))),3,4,3,16.33333,64.50140953892856,12.661195440931824,56.0,57.352323776404084
Rac1 perturbation; Cdc42 response,EML_expr,G(G(G(R))),3,4,3,16.66667,62.852034469642874,11.277303250885263,56.0,57.27253212455774
Rac1 perturbation; Cdc42 response,EML_expr,G(G(G(R))),3,4,3,17.0,66.45181134142857,11.165071803688988,56.0,57.154749159037415
Rac1 perturbation; Cdc42 response,EML_expr,G(G(G(R))),3,4,3,17.33333,57.421065627678594,11.680646628908903,56.0,56.99074806981003
Rac1 perturbation; Cdc42 response,EML_expr,G(G(G(R))),3,4,3,17.66667,61.71634201214285,11.595872688120714,56.0,56.77209825818155
Rac1 perturbation; Cdc42 response,EML_expr,G(G(G(R))),3,4,3,18.0,64.21866456446428,11.601979812504425,56.0,56.49046233453459
Rac1 perturbation; Cdc42 response,EML_expr,G(G(G(R))),3,4,3,18.33333,57.705033513749996,11.955581833649635,56.0,56.13781477712664
Rac1 perturbation; Cdc42 response,EML_expr,G(G(G(R))),3,4,3,18.66667,65.40024261232142,11.470379982282436,56.0,55.70670507161344
Rac1 perturbation; Cdc42 response,EML_expr,G(G(G(R))),3,4,3,19.0,63.10916902857142,11.921338915995449,56.0,55.19056339438234
Rac1 perturbation; Cdc42 response,EML_expr,G(G(G(R))),3,4,3,19.33333,60.21811466982144,12.110144207906488,56.0,54.583885733997064
Rac1 perturbation; Cdc42 response,EML_expr,G(G(G(R))),3,4,3,19.66667,67.68370798124998,12.532239969121928,56.0,53.882517520282704
Rac1 perturbation; Cdc42 response,EML_expr,G(G(G(R))),3,4,3,20.0,65.88854110875,12.325811193535127,56.0,53.0839605413651
Rac1 perturbation; Cdc42 response,EML_expr,G(G(G(R))),3,4,3,20.33333,60.942376883749986,12.671791082956299,56.0,52.18742901918855
Rac1 perturbation; Cdc42 response,EML_expr,G(G(G(R))),3,4,3,20.66667,58.72241103892858,12.021432487384956,56.0,51.19401046713733
Rac1 perturbation; Cdc42 response,EML_expr,G(G(G(R))),3,4,3,21.0,53.51671177285713,11.960341593184005,56.0,50.10679307596775
Rac1 perturbation; Cdc42 response,EML_expr,G(G(G(R))),3,4,3,21.33333,52.13898499750002,11.591237873900097,56.0,48.93062061320235
Rac1 perturbation; Cdc42 response,EML_expr,G(G(G(R))),3,4,3,21.66667,49.44778040500001,9.954845105598858,56.0,47.6720179047652
Rac1 perturbation; Cdc42 response,EML_expr,G(G(G(R))),3,4,3,22.0,45.060534001071424,9.45136452278932,56.0,46.33909176015734
Rac1 perturbation; Cdc42 response,EML_expr,G(G(G(R))),3,4,3,22.33333,43.02879638517859,8.719762175239723,56.0,44.9410265321522
Rac1 perturbation; Cdc42 response,EML_expr,G(G(G(R))),3,4,3,22.66667,37.47054658071429,9.909421561463999,56.0,43.487879369465574
Rac1 perturbation; Cdc42 response,EML_expr,G(G(G(R))),3,4,3,23.0,41.85401168000003,9.023062811264177,56.0,41.990400013961306
Rac1 perturbation; Cdc42 response,EML_expr,G(G(G(R))),3,4,3,23.33333,37.604964228035726,10.062365408446167,56.0,40.45945737785359
Rac1 perturbation; Cdc42 response,EML_expr,G(G(G(R))),3,4,3,23.66667,37.97096682785712,10.205204664719476,56.0,38.90587792657498
Rac1 perturbation; Cdc42 response,EML_expr,G(G(G(R))),3,4,3,24.0,33.44989865607143,9.526733026885863,56.0,37.340336552754245
Rac1 perturbation; Cdc42 response,EML_expr,G(G(G(R))),3,4,3,24.33333,31.101288853392855,10.279031442108089,56.0,35.772864102485606
Rac1 perturbation; Cdc42 response,EML_expr,G(G(G(R))),3,4,3,24.66667,31.914791204107143,11.037035766121848,56.0,34.21281855494242
Rac1 perturbation; Cdc42 response,EML_expr,G(G(G(R))),3,4,3,25.0,27.23004851285713,11.038314703262866,56.0,32.6689011666977
Rac1 perturbation; Cdc42 response,EML_expr,G(G(G(R))),3,4,3,25.33333,32.39120195928573,11.042930203809027,56.0,31.148792007347893
Rac1 perturbation; Cdc42 response,EML_expr,G(G(G(R))),3,4,3,25.66667,30.632160998035726,10.340276930676131,56.0,29.659247384238647
Rac1 perturbation; Cdc42 response,EML_expr,G(G(G(R))),3,4,3,26.0,27.574354252678567,9.334215664690287,56.0,28.206216596297143
Rac1 perturbation; Cdc42 response,EML_expr,G(G(G(R))),3,4,3,26.33333,26.98825472053571,9.472706586669132,56.0,26.7945859825805
Rac1 perturbation; Cdc42 response,EML_expr,G(G(G(R))),3,4,3,26.66667,23.828536430892857,9.13385834952662,56.0,25.428352042889447
Rac1 perturbation; Cdc42 response,EML_expr,G(G(G(R))),3,4,3,27.0,21.245405446785718,8.572782839915652,56.0,24.11078828302665
Rac1 perturbation; Cdc42 response,EML_expr,G(G(G(R))),3,4,3,27.33333,23.797148394821424,8.805907887438186,56.0,22.84425988343169
Rac1 perturbation; Cdc42 response,EML_expr,G(G(G(R))),3,4,3,27.66667,21.786008418392857,8.789026557627777,56.0,21.63042150289301
Rac1 perturbation; Cdc42 response,EML_expr,G(G(G(R))),3,4,3,28.0,19.72074452785714,8.641463671185805,56.0,20.47039150052618
Rac1 perturbation; Cdc42 response,EML_expr,G(G(G(R))),3,4,3,28.33333,19.56133962517857,8.071880993712787,56.0,19.36460634478161
Rac1 perturbation; Cdc42 response,EML_expr,G(G(G(R))),3,4,3,28.66667,18.007073220000002,7.240060099460427,56.0,18.313009042800477
Rac1 perturbation; Cdc42 response,EML_expr,G(G(G(R))),3,4,3,29.0,19.781916438928565,7.319891109470625,56.0,17.315205663404306
Rac1 perturbation; Cdc42 response,EML_expr,G(G(G(R))),3,4,3,29.33333,17.908076492678568,7.0668718053002655,56.0,16.370341388577927
Rac1 perturbation; Cdc42 response,EML_expr,G(G(G(R))),3,4,3,29.66667,12.991376950000005,7.059269006642786,56.0,15.477262951933458
Rac1 perturbation; Cdc42 response,EML_expr,G(G(G(R))),3,4,3,30.0,15.252381256785714,6.399419728850981,56.0,14.634647417305438
Rac1 perturbation; Cdc42 response,EML_expr,G(G(G(R))),3,4,3,30.33333,15.787882359821426,6.563629955811476,56.0,13.840891690376058
Rac1 perturbation; Cdc42 response,EML_expr,G(G(G(R))),3,4,3,30.66667,9.94503414982142,6.731632025512227,56.0,13.09424433086426
Rac1 perturbation; Cdc42 response,EML_expr,G(G(G(R))),3,4,3,31.0,10.036817084107152,6.974630393313972,56.0,12.39290577869119
Rac1 perturbation; Cdc42 response,EML_expr,G(G(G(R))),3,4,3,31.33333,9.230053227142859,7.172982663463468,56.0,11.734928669086514
Rac1 perturbation; Cdc42 response,EML_expr,G(G(G(R))),3,4,3,31.66667,10.85532622482143,7.095689350913041,56.0,11.118320820345053
Rac1 perturbation; Cdc42 response,EML_expr,G(G(G(R))),3,4,3,32.0,10.824877368928572,6.444077889813405,56.0,10.541120475236557
Rac1 perturbation; Cdc42 response,EML_expr,G(G(G(R))),3,4,3,32.33333,13.311633482857141,6.671262005017986,56.0,10.0013070357131
Rac1 perturbation; Cdc42 response,EML_expr,G(G(G(R))),3,4,3,32.66667,11.734538476250005,6.632334561615327,56.0,9.496879646185478
Rac1 perturbation; Cdc42 response,EML_expr,G(G(G(R))),3,4,3,33.0,10.346004451607149,6.896387904216912,56.0,9.025912365004135
Rac1 perturbation; Cdc42 response,EML_expr,G(G(G(R))),3,4,3,33.33333,9.172568554464283,6.831884347604223,56.0,8.58647541375743
Rac1 perturbation; Cdc42 response,EML_expr,G(G(G(R))),3,4,3,33.66667,6.891297014642854,6.7290806069907845,56.0,8.176694257052418
Rac1 perturbation; Cdc42 response,EML_expr,G(G(G(R))),3,4,3,34.0,7.357812429642855,6.602966027505014,56.0,7.794789419657304
Rac1 perturbation; Cdc42 response,EML_expr,G(G(G(R))),3,4,3,34.33333,4.517738089999999,7.132717334021903,56.0,7.439008052543333
Rac1 perturbation; Cdc42 response,EML_expr,G(G(G(R))),3,4,3,34.66667,8.732542402678572,5.53186065202682,56.0,7.107667875761506
Rac1 perturbation; Cdc42 response,EML_expr,G(G(G(R))),3,4,3,35.0,7.524200926249997,5.4461896146963005,56.0,6.799185499841437
Rac1 perturbation; Cdc42 response,EML_expr,G(G(G(R))),3,4,3,35.33333,8.171790244107145,5.958449540399851,56.0,6.512017552486112
Rac1 perturbation; Cdc42 response,EML_expr,G(G(G(R))),3,4,3,35.66667,2.685928293750003,6.021733786898675,56.0,6.244692858629369
Rac1 perturbation; Cdc42 response,EML_expr,G(G(G(R))),3,4,3,36.0,7.68786100071428,4.934698327055554,56.0,5.9958319506964175
Rac1 perturbation; Cdc42 response,EML_expr,G(G(G(R))),3,4,3,36.33333,10.28194019517858,5.482052580966321,56.0,5.76409618902574
Rac1 perturbation; Cdc42 response,EML_expr,G(G(G(R))),3,4,3,36.66667,6.935392835178574,5.434021527126732,56.0,5.548210037392893
Rac1 perturbation; Cdc42 response,EML_expr,G(G(G(R))),3,4,3,37.0,2.682297860535712,5.833526565132814,56.0,5.346972521446222
Rac1 perturbation; Cdc42 response,EML_expr,G(G(G(R))),3,4,3,37.33333,6.265093537857142,4.872114708366953,56.0,5.159210626624683
Rac1 perturbation; Cdc42 response,EML_expr,G(G(G(R))),3,4,3,37.66667,4.158479823928573,4.88215272901345,56.0,4.9837894775140015
Rac1 perturbation; Cdc42 response,EML_expr,G(G(G(R))),3,4,3,38.0,2.774460211607141,5.726416993581822,56.0,4.819609715016425
Rac1 perturbation; Cdc42 response,EML_expr,G(G(G(R))),3,4,3,38.33333,4.220438699285711,5.851693453622379,56.0,4.665549141560027
Rac1 perturbation; Cdc42 response,EML_expr,G(G(G(R))),3,4,3,38.66667,5.898403981785713,5.248780406414624,56.0,4.520431905370588
Rac1 perturbation; Cdc42 response,EML_expr,G(G(G(R))),3,4,3,39.0,2.116079720535715,5.688757520636718,56.0,4.382942259666933
Rac1 perturbation; Cdc42 response,EML_expr,G(G(G(R))),3,4,3,39.33333,1.6641076423214272,5.611694198127312,56.0,4.251356525512241
Rac1 perturbation; Cdc42 response,EML_expr,G(G(G(R))),3,4,3,39.66667,4.2761368823214285,5.280550466228412,56.0,4.122726859993728
Rac1 perturbation; Cdc42 response,EML_expr,G(G(G(R))),3,4,3,40.0,2.753929924107144,5.166320955931824,56.0,2.748949568008626
