Figure 2d,RhoA perturbation; Cdc42 response,,,,,,,,,,,,,,,,,,,,,,,,,,,,,,,,,,,,,,,,,,,,,,,,,,,,,,,,,,,,,,,,,,,,,,,,,,,,,,,,,,,,,,,,,,,,,,,,,,,,RhoA perturbation; Rac1 response,,,,,,,,,,,,,,,,,,,,,,,,,,,,,,,,,,,,,,,,,,,,,,,,,,,,,,,,,,,,,,,,,,,,,,,,,,,,,,,,,,,,Rac1 perturbation; RhoA response,,,,,,,,,,,,,,,,,,,,,,,,,,,,,,,,,,,,,,,,,,,,,,,,,,,,,,,,,,,,,,,,,,,,,,,,,,,,,,,,,,,,,,,,,,,,,,,,,,,,,,,,,,Rac1 perturbation; Cdc42 response,,,,,,,,,,,,,,,,,,,,,,,,,,,,,,,,,,,,,,,,,,,,,,,,,,,,,,,,,
,Time [min], Perturbation signal [%change],,,,,,,,,,,,,,,,,,,,,,,,,,,,,,,,,,,,,,,,,,,,,,,,,Control sensor corrected response signal [%change],,,,,,,,,,,,,,,,,,,,,,,,,,,,,,,,,,,,,,,,,,,,,,,,,,Time [min], Perturbation signal [%change],,,,,,,,,,,,,,,,,,,,,,,,,,,,,,,,,,,,,,,,,Control sensor corrected response signal [%change],,,,,,,,,,,,,,,,,,,,,,,,,,,,,,,,,,,,,,,,,,Time [min], Perturbation signal [%change],,,,,,,,,,,,,,,,,,,,,,,,,,,,,,,,,,,,,,,,,,,,,,,,,,,,Control sensor corrected response signal [%change],,,,,,,,,,,,,,,,,,,,,,,,,,,,,,,,,,,,,,,,,,,,,,,,,,,,,Time [min], Perturbation signal [%change],,,,,,,,,,,,,,,,,,,,,,,,,,,,,Control sensor corrected response signal [%change],,,,,,,,,,,,,,,,,,,,,,,,,,,
,,cell 1,cell 2,cell 3,cell 4,cell 5,cell 6,cell 7,cell 8,cell 9,cell 10,cell 11,cell 12,cell 13,cell 14,cell 15,cell 16,cell 17,cell 18,cell 19,cell 20,cell 21,cell 22,cell 23,cell 24,cell 25,cell 26,cell 27,cell 28,cell 29,cell 30,cell 31,cell 32,cell 33,cell 34,cell 35,cell 36,cell 37,cell 38,cell 39,cell 40,cell 41,cell 42,cell 43,cell 44,cell 45,cell 46,cell 47,cell 48,,cell 1,cell 2,cell 3,cell 4,cell 5,cell 6,cell 7,cell 8,cell 9,cell 10,cell 11,cell 12,cell 13,cell 14,cell 15,cell 16,cell 17,cell 18,cell 19,cell 20,cell 21,cell 22,cell 23,cell 24,cell 25,cell 26,cell 27,cell 28,cell 29,cell 30,cell 31,cell 32,cell 33,cell 34,cell 35,cell 36,cell 37,cell 38,cell 39,cell 40,cell 41,cell 42,cell 43,cell 44,cell 45,cell 46,cell 47,cell 48,,,,cell 1,cell 2,cell 3,cell 4,cell 5,cell 6,cell 7,cell 8,cell 9,cell 10,cell 11,cell 12,cell 13,cell 14,cell 15,cell 16,cell 17,cell 18,cell 19,cell 20,cell 21,cell 22,cell 23,cell 24,cell 25,cell 26,cell 27,cell 28,cell 29,cell 30,cell 31,cell 32,cell 33,cell 34,cell 35,cell 36,cell 37,cell 38,cell 39,cell 40,,cell 1,cell 2,cell 3,cell 4,cell 5,cell 6,cell 7,cell 8,cell 9,cell 10,cell 11,cell 12,cell 13,cell 14,cell 15,cell 16,cell 17,cell 18,cell 19,cell 20,cell 21,cell 22,cell 23,cell 24,cell 25,cell 26,cell 27,cell 28,cell 29,cell 30,cell 31,cell 32,cell 33,cell 34,cell 35,cell 36,cell 37,cell 38,cell 39,cell 40,,,,cell 1,cell 2,cell 3,cell 4,cell 5,cell 6,cell 7,cell 8,cell 9,cell 10,cell 11,cell 12,cell 13,cell 14,cell 15,cell 16,cell 17,cell 18,cell 19,cell 20,cell 21,cell 22,cell 23,cell 24,cell 25,cell 26,cell 27,cell 28,cell 29,cell 30,cell 31,cell 32,cell 33,cell 34,cell 35,cell 36,cell 37,cell 38,cell 39,cell 40,cell 41,cell 42,cell 43,cell 44,cell 45,cell 46,cell 47,cell 48,cell 49,cell 50,cell 51,,cell 1,cell 2,cell 3,cell 4,cell 5,cell 6,cell 7,cell 8,cell 9,cell 10,cell 11,cell 12,cell 13,cell 14,cell 15,cell 16,cell 17,cell 18,cell 19,cell 20,cell 21,cell 22,cell 23,cell 24,cell 25,cell 26,cell 27,cell 28,cell 29,cell 30,cell 31,cell 32,cell 33,cell 34,cell 35,cell 36,cell 37,cell 38,cell 39,cell 40,cell 41,cell 42,cell 43,cell 44,cell 45,cell 46,cell 47,cell 48,cell 49,cell 50,cell 51,,,,cell 1,cell 2,cell 3,cell 4,cell 5,cell 6,cell 7,cell 8,cell 9,cell 10,cell 11,cell 12,cell 13,cell 14,cell 15,cell 16,cell 17,cell 18,cell 19,cell 20,cell 21,cell 22,cell 23,cell 24,cell 25,cell 26,cell 27,cell 28,,cell 1,cell 2,cell 3,cell 4,cell 5,cell 6,cell 7,cell 8,cell 9,cell 10,cell 11,cell 12,cell 13,cell 14,cell 15,cell 16,cell 17,cell 18,cell 19,cell 20,cell 21,cell 22,cell 23,cell 24,cell 25,cell 26,cell 27,cell 28
,-5,-0.9299278,-2.5386511,-0.1540392,-0.7886049,0.93661356,-2.4728775,-1.9122868,-2.0944055,-5.082822,5.43566452,-1.7376761,3.85445085,0.88508282,1.65011795,-2.4267635,5.53419702,9.16442912,3.18850329,3.22869958,-1.5223611,1.68573,2.40012658,-4.6752713,2.29556043,0.94553744,-1.2491647,-1.6714733,-5.0854191,-4.8459877,-3.4110232,-2.2583223,-1.051005,-0.1276382,-3.2410259,-2.1039615,0.64735803,-1.5320613,-6.8691032,-4.6218501,-2.293942,-0.7346446,-1.0124266,1.58227309,3.00803447,0.68441631,-0.7731145,-0.2864828,-2.4047715,,-2.2748451,1.10060733,1.87715747,1.59005469,9.00448461,2.56376564,-6.3899773,-4.0204543,-7.3259563,4.5350009,-2.2014093,1.31940866,7.06987123,3.40548027,3.28573355,-0.1794278,2.57553797,4.4282969,-2.4384997,-2.5748431,0.56138055,-11.799313,-7.2982922,6.76044635,0.94893587,1.34437447,-15.351465,-10.437765,-10.444713,-3.9318104,-0.6539737,1.05243545,-5.2291307,-2.1127676,-5.3411266,2.15550896,-3.2588078,-5.2907833,10.6351245,-4.747414,-10.838742,0.2630249,-0.1565141,4.23021024,1.21143931,16.8735504,6.5857512,-11.67437,,,-5,-0.0086139,0.62550728,-12.61602,-4.6780845,-3.3472989,0.07497139,2.43406755,0.72848224,-3.1915392,-3.1565953,-15.434763,0.42829168,-0.4357781,-10.728942,-0.0088325,-0.6418416,0.7741989,-0.7182894,-2.7210766,2.36172677,0.21667861,-1.1316313,-0.7106105,0.75859119,-13.583336,-3.6382822,10.8524692,10.1148878,2.4075014,5.04555129,-3.8649977,-2.9851268,-6.9833167,6.05222683,2.85442379,3.56813757,-2.4280319,2.15683624,1.91686055,2.11905113,,0.00131451,0.51592882,-13.028676,-0.1565228,-4.9882515,-5.0401955,10.1447543,2.71680438,-4.9546653,-1.7134018,-18.374172,-6.6068862,-1.4442136,7.81418654,-8.4222822,-0.1591172,1.677751,-1.069935,-3.1299656,9.09157353,-1.3436295,-0.6590783,2.27048184,-0.7382327,-9.5736142,2.37286954,15.7528436,12.0224623,0.57138009,-0.6469158,-8.6407042,-8.6275947,-5.0060479,5.52333418,0.58205174,8.3276978,-1.637883,-2.9036591,4.56350423,1.49122761,,,-5,-2.9337334,-1.707722,-0.4186766,-1.0299878,0.13594488,-0.9601078,1.43930701,-2.1770475,-0.5130316,-1.0196152,2.41941541,0.49707966,-2.4428188,1.55283267,-0.4706486,1.94188702,2.28445747,-5.0446193,-5.0542067,0.02871636,-2.7449693,-7.485597,5.99545078,8.55460149,3.34573499,0.33144201,1.59867242,-0.3382419,-2.013785,1.69662679,-1.0452376,-2.3531753,-7.1345446,-3.2423589,4.15298007,0.37251813,1.11191217,-0.6202001,0.28019479,-3.6125456,-2.2643896,-0.2982436,1.99219163,3.17413301,-8.8591682,2.75770712,4.00796629,-1.1125685,3.35189253,0.96198532,-2.9354503,,-2.1377586,1.11442847,-3.9573245,0.34706687,-1.9907548,0.56250149,-1.756931,-2.2580391,-1.3279821,-2.1778557,6.21844426,1.27740114,-5.4880083,-0.1974321,1.83090385,-1.6385305,3.2061438,-1.5218982,-0.724833,0.74930148,-2.8869796,-4.9571997,10.669527,10.9902587,-1.6812968,-0.2252255,-6.6476656,-1.2118133,-0.4333876,1.46188117,0.16255007,-2.5972604,-2.2206874,-3.115477,7.23964739,0.45997818,3.95588113,5.59339421,5.89427319,-0.6485079,-1.8381988,2.5279805,2.93605241,10.3725592,-6.6649858,12.6100307,6.80439942,-4.2699934,44.1098425,6.35073643,-7.3867918,,,-5,-2.6498581,-3.5359608,-0.8320545,-1.2440571,-2.6381199,0.01241545,-1.9805589,-3.4361131,-2.1925972,24.0993288,0.99256066,8.52436592,-5.2681416,-11.271258,-0.1994822,-3.8514027,-1.1673903,-1.6221076,0.30154951,-0.7890475,-4.4314183,4.4859132,0.81225291,39.9664037,7.64126866,-5.7036147,7.54687885,0.71020607,,4.9797585,0.89413462,2.73374434,0.28355006,-1.4968665,-1.4907015,0.9413896,-2.190629,-0.0808758,35.4521672,1.99944914,9.24282931,-1.1775972,4.53137829,4.29987381,-6.2295997,-3.1051635,0.87150877,0.80156175,-7.8893912,1.41547583,6.22975541,0.74515604,36.8001496,6.1032669,2.07479078,2.38660347,4.70534146
,-4.666667,0.58142726,0.03829655,4.14118554,-0.4651135,2.04125491,-4.2188461,-1.8791869,-0.1622116,3.18560319,4.94586255,3.96119487,5.85106977,-1.6140632,1.52387696,-1.1773505,-3.1484302,2.8290473,10.6061987,0.22865859,-3.262123,2.08534729,2.389678,-0.052464,2.29832971,-1.8414636,-1.9414073,1.69044644,-0.5331711,-1.4153676,-1.7962558,1.7266011,0.97386064,1.3834543,0.68782474,-1.2839376,3.10560038,1.64926015,-6.3098549,0.86072501,-1.3718453,1.10338596,1.08358831,0.22194811,2.00531841,-0.2250409,-1.5135591,-3.0469699,-6.3485286,,-1.5240893,0.83005374,4.38328066,2.3547186,12.4099477,-3.1068304,-5.0809757,-4.1497897,8.43734938,4.08116339,6.10923221,5.83391886,7.11222402,1.88371874,-3.0252913,4.82479989,0.93188883,1.28569835,0.36118785,-12.354014,3.14570523,-15.947335,-1.5300374,8.28546635,3.31949442,0.10601568,-2.3515,-5.3400446,-5.9284966,3.71874204,0.06164276,3.56051177,-2.2159868,1.79766884,-3.7456724,5.96102059,0.64542677,-10.515466,0.80410994,-3.4690356,-6.492316,3.48182194,0.23820651,-2.1788751,1.96904339,11.2216908,7.64738698,-3.7685292,,,-4.666667,-0.4593222,-0.8485955,-9.4235447,-4.7259476,-4.0639921,0.24938624,-2.6626185,-0.474018,0.23995508,3.65948541,30.0456015,0.60164964,0.03356331,-5.2509755,-0.4845402,0.7107582,0.90314442,0.13208809,-2.6591987,0.51321588,-2.0587308,-5.3341982,-1.5542795,-2.166425,-11.644768,-6.5377417,3.24812065,-10.16161,2.79792669,4.6758488,-2.783118,-9.146992,-2.8911484,2.5357985,2.32520752,1.82519666,-0.56073,1.43997764,0.61420649,2.39022019,,2.82389625,1.28504546,-8.1996395,-0.5461927,-7.9010569,-4.6106975,7.24194915,3.42157075,-0.4731562,7.68202725,26.2029462,-4.7472821,1.71184599,7.8845134,-5.4297141,2.94449478,-0.0285195,0.80976426,-3.9153361,8.6387988,0.13100092,-8.8896642,-1.905039,1.88350951,-6.5822913,-2.497322,3.94858332,-16.004738,-1.5703943,-2.3104283,-8.6780754,-12.714075,-3.358912,1.95165152,2.17180144,5.79126535,-4.0055595,-1.5470939,-1.3092038,1.86451533,,,-4.666667,-1.3386693,-1.7844837,0.62097792,0.86912451,1.77341235,2.99249096,1.75469147,-1.2474643,-2.0462681,2.04484446,-1.2749273,0.5961197,1.49809225,2.57397618,0.18049811,0.80286958,2.9230232,-3.1380889,-0.8785613,1.3188527,-0.1531495,-7.0721104,10.1677965,2.42930767,3.42650308,0.9574832,1.48400378,2.09613368,-1.9960738,1.90412141,-0.4831853,-1.8829187,-7.339423,-0.3222387,3.46992341,0.30463162,2.32528515,-4.0145778,-0.7484688,-4.7582054,-4.0734964,-3.3654908,0.61569756,2.51725341,-7.1713265,1.1883062,-3.6446825,5.37506281,1.83306824,1.7469027,31.1283142,,-2.0985486,1.15555443,-0.3103588,0.8952608,-2.6171512,-1.7961863,-1.3339342,-0.4210585,2.94366782,8.12765526,-3.6608997,6.00432638,3.39813548,6.27413927,0.44887725,4.18066018,-0.45569,-4.8642677,-0.8648221,-2.8794024,-4.3143422,9.1262735,17.519461,20.8332602,17.6049986,17.1781211,3.50583455,4.6924673,-0.5271875,3.26003589,2.71593856,0.30687071,-7.4090036,-2.0232371,6.87391323,1.01766489,-2.4109237,0.38447392,-3.0212847,-2.8826668,2.46274794,-1.2832291,-3.5143129,2.7864553,-3.2481024,4.11339178,2.64384631,8.92353969,32.2276902,6.38464174,22.6833377,,,-4.666667,-2.0781566,-1.6540497,0.88031951,0.96896304,-0.6257849,1.09698565,0.47015517,-2.5410802,5.34243386,-6.5021386,-6.5424289,8.09983951,-8.9780073,-21.198786,-4.3294077,-2.1193355,-1.458902,-0.2213354,-0.7731602,-0.9519715,-0.8153309,3.29109077,2.52211821,-15.392306,29.7067439,0.66181081,4.3940472,0.32961437,,2.75026734,2.27187008,2.4638612,1.11409428,-1.6525189,-2.0408846,3.38958376,-1.0495199,4.59584418,-1.6989868,-5.8475565,9.65951757,-3.6044835,7.75838768,-2.233624,-3.6578087,-2.7748292,1.0386221,0.37365789,-7.3639583,-4.3402385,0.65439684,7.15776844,-20.224257,32.8395779,3.47269299,-1.4623025,-1.742436
,-4.333334,0.45006112,0.84005953,-1.1385331,0.15485211,0.88821937,-7.3074483,1.00687554,-1.7064383,-2.2250688,2.87718005,6.00268729,3.92652292,-0.8183932,0.95888756,-4.0698756,2.28276135,7.67895145,-1.2788543,0.82742543,-0.9482799,0.6571097,3.14354617,-1.1586435,-1.9323452,-1.6855629,0.46946086,1.9630669,-0.8593689,-1.9383281,-1.2066927,-0.9700801,0.33921226,2.96468693,-1.81884,-2.1905814,-1.7503379,-0.1373143,-8.5994249,-3.7190177,-3.2376257,0.79335967,3.54339941,-2.1208313,4.88104949,-1.2665937,-3.2175169,-3.2492092,-6.2778743,,0.99452168,2.59689818,6.41192368,2.65681781,17.3441053,-3.9778508,0.8697259,-3.0264206,-2.7968031,12.9138306,7.50661661,5.37838409,3.21250279,0.89365728,-1.8641399,2.3489062,4.11035697,-1.8999708,3.1392748,-10.164752,1.78301458,-3.2214758,-0.9482867,1.77146614,3.19697135,0.18891263,-3.9093104,1.10267816,-1.2839764,-0.4248102,3.2803581,4.51343303,-1.3279558,-2.8431029,-4.7040643,-1.9824298,-1.1075362,-5.8780877,-1.6301754,-2.6555583,-12.587315,0.94634462,-4.5105177,2.4108218,0.12128614,5.88325593,5.85610754,4.53156275,,,-4.333334,-2.7553426,-2.3776531,4.87662391,-1.1240854,-0.8133637,0.30217655,0.66154845,-2.2863702,-1.3324914,1.7399404,-12.221397,1.83566216,1.68912778,-0.3065619,-0.3772768,1.69244736,3.03221617,0.77443232,6.17836737,3.86926613,-2.1393365,-3.583723,-0.4916971,-1.4008949,-9.074447,-6.1919286,2.80838509,11.8364027,2.37125848,1.34325612,-0.5483115,-3.9624776,-1.4456652,8.46534078,4.06356818,0.4036529,-2.1398221,1.98305979,0.38460067,2.4867597,,2.80993115,-0.0394307,5.9791081,-0.8980693,0.16941071,-7.2932005,21.296421,-2.9842385,-0.5004035,3.78078636,-10.719879,0.49638757,0.89285648,11.0166923,-5.3645266,0.8785444,4.86540735,3.53440282,5.16426941,5.1817513,-2.7999176,-7.4793039,13.0533677,5.41389791,-0.7231305,1.1407353,10.2471796,9.2346218,0.14718837,-3.369961,-0.8851559,-4.5426342,1.01931843,4.63601395,0.18874472,6.82372447,-5.020344,0.42663175,-1.0138651,0.92600879,,,-4.333334,-1.1031273,-0.196512,2.52805747,1.3816765,2.84474577,0.85647302,0.53278906,0.6348599,-3.4127633,0.89986426,3.0202721,-0.1994156,1.54174741,0.72074074,-0.9163102,-2.2064881,1.49290096,-3.2727362,-2.06932,1.08263046,-0.8128115,-5.9937698,-5.2868955,-2.4962591,1.73823263,-2.9580382,1.73535171,-0.9511689,-3.5341075,1.6155379,0.34596918,-0.307032,-7.5206374,0.35661642,3.9253845,1.12987961,5.24464058,-1.4304352,-1.9660934,-7.3139999,-3.5072264,-1.6609064,0.86740821,2.14346111,-3.7855707,-6.4911992,-0.4716032,7.84319794,0.68217928,-0.093861,9.49024961,,-2.5112355,1.21695369,5.98161494,-0.7800347,0.38830312,1.28908507,-6.880632,1.87819519,-4.2792744,4.4269888,0.63391343,-1.3945049,7.82507157,-11.401888,-0.7814811,-11.521265,-0.5314572,2.46206874,0.26554349,1.54722128,-2.2111494,-2.7467215,-3.4620722,7.39822677,-2.1612104,-3.720528,-6.0186027,4.89819223,-0.690996,-0.3994425,0.87244944,-3.8675387,-9.2528857,-2.8015383,6.93067239,5.02293007,6.28101729,1.18128773,7.7809073,-4.1245507,3.27451612,-0.9848461,0.61968963,1.37768461,-1.4773438,-2.1350058,1.69932829,20.0691298,21.9896017,0.23330234,2.27430155,,,-4.333334,-1.0459603,-3.4810867,0.39443332,4.48552946,-1.0071555,0.03578458,-1.5393632,-3.5025089,-2.7807627,-15.818491,-7.2961199,-5.5773091,-10.551798,-9.5238706,-6.1394406,-6.1852925,-2.4426288,2.88651117,-0.0537118,-1.5261808,0.92627986,5.72810579,-1.8258621,-68.23449,6.28262853,-10.153627,5.12294611,-2.1221911,,5.10766796,1.92181717,2.93609383,2.17268644,-2.278235,2.24041994,1.77916554,-1.8069857,-1.1297632,-10.811055,-7.0125419,-4.6349857,-7.9017341,-3.0290633,-3.2257371,-6.8370529,-1.6558962,1.69389615,0.72200633,-9.4307354,-2.852152,13.0738672,-3.358188,-68.58954,13.4851218,-5.3309998,2.67310647,0.97303548
,-4,-1.1817246,0.4932391,2.49298953,1.92567022,1.74127175,-5.6714296,0.83242202,-2.3799557,7.069576,3.35923304,1.71229194,4.23238005,-2.0598116,0.78257579,-2.0281883,3.61700831,0.20145603,3.02664607,-0.6338056,-0.3871115,5.15947595,3.40852312,-0.1849075,1.95548608,1.18223407,-3.2394809,-1.5067216,-0.1896584,1.33267748,0.89677424,-0.173096,1.22229064,-0.7365933,-0.1248704,2.97117846,-1.1418306,-0.0595275,-3.9536828,-0.6339947,-0.1084342,-0.9162191,3.33101972,-1.4660197,4.2008196,-0.7169367,-1.9298202,-3.2083673,-8.7710333,,-1.6562113,-0.3870965,4.05352626,-0.0673243,3.6824408,1.2790529,-1.9012782,-0.6228823,0.18641812,3.7280347,1.07865273,3.96428812,1.92203157,-1.2614308,-0.8720758,-1.1221619,-1.6480798,2.37973337,5.97678421,-0.1687523,6.8311203,-7.9993018,-4.5393196,-3.1065087,-0.2176794,-5.2010881,-5.289094,3.00210659,-2.815344,-1.0174493,1.03940899,1.72894983,-1.5476949,0.39450832,6.57646762,0.73632225,-0.6563232,-11.267524,2.49390809,-0.6545962,-16.060166,3.8249898,-4.2439848,1.04705388,-0.2239909,3.80123177,8.57719514,-7.8851051,,,-4,-2.4104964,-0.1974339,4.99082048,-2.6945101,-4.3174263,0.19774793,-1.1603807,-2.2540389,0.79954116,6.15628603,20.8998341,-1.5617077,-1.7890276,-0.9393531,-3.7835669,0.84190748,-3.6918651,-1.064719,-8.7738137,-0.8106805,-1.7932903,-1.7949804,2.18480049,4.39571274,-3.0031649,0.74450025,9.28172783,10.0918085,-0.7321539,-0.2380688,3.66319316,-3.0629729,-3.8900659,4.39776001,3.62058393,-0.9575311,-2.0824458,2.7191094,0.27390091,1.63869368,,1.9238598,0.12613556,8.37345821,1.42924005,-3.1225675,-5.1259102,23.5941234,1.35907865,0.73473839,10.0215992,23.8625522,-4.5353278,-2.2006747,3.33835619,-0.9361641,1.64797484,1.44385904,-1.1379674,-8.5814771,3.40478216,-2.237422,-4.9938187,2.98869882,2.04008474,-0.4651397,2.98352914,5.76059005,9.40655612,-1.4595525,-4.0610745,-3.2803115,7.01710644,-4.2555183,5.26830993,-0.5038999,2.32416178,-4.2949312,-0.6001525,1.00254601,0.9085753,,,-4,-0.7182329,0.46105204,4.58297197,3.18380502,5.80149083,0.04603237,2.47702363,-0.6256636,-1.3493534,0.75125644,-6.5868406,-0.8379485,-1.3799633,1.20460006,-1.6571639,-6.8771106,-2.0122546,-3.4658501,-0.6109625,-0.7634965,0.66110309,-5.2315707,7.55060591,-7.7463068,1.5960313,-0.6120699,2.18243203,-1.4152072,-1.5047796,2.0796897,-1.9394803,-2.5581079,-8.2968219,-2.0582901,4.1332752,1.31320071,2.68733168,0.63707795,-2.1137317,-2.6197709,1.96870887,-3.4135827,0.01977946,1.64279306,-6.889598,-1.2552953,0.12285299,3.21198613,5.92043585,-2.9790357,-69.722275,,-3.8214096,1.26264712,13.3846691,-0.7932206,-1.2100629,1.14696738,7.53105593,0.34673519,0.40539888,3.2238101,-7.0677582,-2.2138645,0.10511449,-9.112849,-2.7941988,-10.205826,-0.6526852,-1.4628059,-0.9803314,-3.8405104,-0.9676987,1.58128273,7.69741248,3.14679367,4.00988552,2.96971317,1.24000759,-0.2764311,0.87776945,-1.6928365,-2.1622327,1.80324396,-3.5709959,-2.8302086,10.8223592,-0.7576529,11.6952106,2.39567872,3.86905513,-1.1374797,1.09640525,-4.6310857,2.18886534,3.48194198,-4.5213195,8.65219355,1.97238722,17.3388219,14.2798632,-5.5711173,-74.744535,,,-4,-1.5347749,-2.8926739,1.34842902,3.86222138,-0.6635437,-1.780553,1.77710495,-2.0874654,-2.1316955,-0.5203558,1.03027382,4.75454017,-6.282055,-4.6884729,0.68426565,0.37548413,3.58305474,4.09728692,1.32733878,0.3253702,3.18004762,12.0300197,-1.4381298,17.5226547,14.2154178,0.77259992,7.22697174,-0.0160712,,4.31149488,0.8747421,2.58005018,-0.0358203,-2.2330173,-5.8060891,3.07857263,-1.4249013,-1.8833067,4.06602788,2.79864799,7.2895803,-2.9545861,3.15720011,2.61829378,-0.5428025,4.81979935,0.71088202,1.03957822,-1.2851443,0.66843421,9.76459893,-6.0955524,10.5628673,12.6301745,1.90649435,2.31424999,-0.6016005
,-3.666667,-0.3939547,-1.898272,1.9532021,0.47621365,0.63417187,-4.4412482,3.18306496,-1.3816332,1.28757617,1.91633678,2.71834868,2.65086415,-3.1304168,-2.9791122,-5.7682392,-1.2014404,-4.1148583,6.15918484,2.7489513,0.33938462,2.14353814,2.52732058,-1.3082243,-0.1190154,-0.5757639,-1.996205,5.41498845,-3.3771872,0.42780243,-2.0711709,1.78665545,1.53172502,0.33342244,-0.1843096,-0.146935,0.79750363,3.70285973,-2.4749949,-0.4889712,0.94352487,1.86517591,-1.1775032,-0.8597255,-0.5925918,2.21953284,-2.4583814,-4.1337233,-0.8146612,,-1.1768222,-1.9328826,4.6302157,3.50754048,1.62817057,2.54349232,5.87433053,-1.0775541,-3.0473593,4.15130156,-1.3043701,3.28337924,0.4483047,-5.4728666,-5.9762646,-1.6264347,-0.8589813,10.7688969,-1.4765499,-10.378396,2.79256297,-16.71258,1.53478493,-6.1256829,-1.502959,-1.9580058,-11.179796,-0.5621501,1.6474911,2.4022058,0.97626263,3.59349094,2.87059458,5.90107413,-3.7058871,4.38655169,4.25107653,-5.4045408,-3.2754821,-0.8633323,0.36844229,3.87458204,-1.7103421,-2.0149756,2.73581648,6.09888255,0.43206232,-0.3480031,,,-3.666667,-0.7842828,2.13584531,-0.7368674,-2.9865848,-3.3536026,-1.0762635,-5.948071,-5.5417655,0.69085262,3.46419879,15.5981018,-2.6149856,-2.3256963,-1.3442777,-4.1194706,-0.3419901,-5.3881339,-1.6220874,-13.206183,-9.1069071,-0.3232245,-3.9771813,-0.8624471,4.19574346,-6.9587665,-7.8950286,12.9714433,-5.7242559,1.21275925,2.18279519,1.5368752,1.65749176,-3.0103814,4.44624484,3.89888848,-0.8576105,-1.4192254,2.04548134,3.31544543,1.4505872,,1.89263533,-0.1503932,0.28000152,-0.5324663,-5.7388205,-5.6321832,5.63868825,-1.5127514,1.48790043,9.63405624,20.7186494,-2.9043929,-3.6302711,6.25656885,-7.6840743,-1.2214574,-3.4973312,-2.5931789,-15.42128,-12.500262,-2.8663569,-3.024859,5.94215958,7.89683033,-2.9801222,-2.6494656,8.99044376,-8.0915286,0.57264401,-2.8578591,4.33964514,8.91266575,2.51552107,2.25543498,2.42718101,-2.4503834,-4.2621893,0.35259357,2.04153233,-0.3497412,,,-3.666667,-1.2475082,-0.5061917,0.12738701,3.05034419,2.46402946,-2.9407931,0.63002792,1.81761734,0.91097907,3.0224195,-4.5700739,0.92770828,-1.0162825,-0.4787471,-0.5629352,-4.4476003,-1.9342074,-0.8161886,1.57384483,-0.6809514,-0.0690013,-5.1617988,11.9172858,2.70499946,3.91958336,2.15958569,2.58627949,-0.8892472,-0.2649861,2.1063116,-1.5446966,-1.7793386,-6.2126321,-1.1594571,3.32542248,0.29858986,1.39518294,0.81774203,-2.5134824,-2.3286148,-2.9727782,-1.8975644,-1.0877009,6.46960874,-0.833818,-1.2957071,2.34647179,4.84402035,-5.6112457,-0.6428029,-40.999555,,-2.261675,0.29691058,17.4420277,-1.7161696,-8.4907448,-7.4000004,-10.06149,1.49603291,-2.2002118,1.61893856,-6.4459116,-2.1133334,4.09395214,-14.356075,-1.3926251,-5.0523584,-1.1229434,5.5943657,-0.7880477,1.67778208,0.13050351,1.41601738,12.8547846,-3.3445648,-1.3007898,5.33175031,-5.5443187,-1.4423991,-1.7689793,0.23527359,-3.9978938,0.23179972,-1.0751151,-2.2347877,10.038995,-0.2876949,-2.7076945,0.20314287,0.70619662,4.46797711,-2.6044366,-0.3254002,-5.5787169,3.62605833,1.58830115,6.19495708,1.13958262,10.7646674,14.976535,-0.9656184,-44.077706,,,-3.666667,0.11271724,-2.1163313,-0.604156,3.11275759,-1.1961098,-0.785773,-2.1886555,-2.033184,-4.8036779,-15.801299,-4.6153922,4.22736146,-5.3578805,-15.728325,-4.0596017,-1.0227667,0.94881834,1.64094443,-0.6149907,1.77521415,1.8079643,9.63264296,-0.8412701,15.3541891,-5.0402041,0.92222757,2.63139755,-0.3810885,,3.58970053,0.22101365,0.49189771,2.62210279,0.07343612,0.06454187,-0.7330473,0.72876945,-1.2227301,-10.125712,-4.2842994,6.15648356,0.68178118,9.85972352,-0.7544094,3.96538912,-1.5497334,0.40588963,-0.1576174,-0.1477754,4.78109617,8.58113476,-4.176371,15.922082,-4.3839595,8.64006322,2.36141455,1.03262011
,-3.333333,1.12494992,0.82316538,0.28649508,1.48144625,1.65498132,-8.3358007,-0.4501621,0.04047378,6.55822291,8.22920915,8.58630241,3.24425659,3.02855448,-1.6946786,-2.9023722,0.86355273,-6.3485306,-2.80409,2.27734755,0.07566571,2.44028939,0.09408813,1.45532822,7.07776335,-0.6168349,-2.6514681,-0.3040688,0.09849662,1.90922577,5.73423118,1.64398301,-0.401041,1.83258953,-3.3239098,1.63985717,-0.9022402,0.25501448,-1.1383525,0.50615869,-0.0830716,1.6208181,1.03408362,0.04735017,3.06487331,1.64864168,0.39538858,-1.5425062,-0.4318882,,0.0758367,1.57563336,-0.769252,3.3940437,6.26318067,-3.5927657,1.4048733,0.76172409,2.22694438,9.97030784,3.00058347,6.04802312,7.24599531,-3.090074,-4.2432225,-0.036051,-1.890225,1.87042577,-1.4958639,1.84436414,0.90546856,-3.5709942,3.43726773,6.79045952,1.2332917,-7.0010048,-21.410737,-0.5108338,1.61696703,0.4799515,2.92609866,-0.31634,2.73202534,-2.6325649,-0.5873662,3.62781369,5.82159984,-1.2891677,-3.7099998,-1.0887164,-11.626144,4.48423213,0.11745314,0.49918135,-0.6810046,5.46828611,4.67358643,2.68449136,,,-3.333333,-2.2121271,0.45259923,-3.9553759,-2.8847313,-3.2058754,-1.3729714,-0.9899463,2.84712293,-1.0552811,0.9608308,17.5429183,-0.9658818,0.76653353,-0.1614929,-0.768549,-0.9654712,-1.1191875,-0.4187885,0.63219844,2.86955236,-3.4801636,-5.4354312,4.92416873,-3.1658808,-5.6906373,-6.6543349,4.6783124,-0.1080786,1.69174225,1.61182472,-2.2230591,2.54539466,2.64935209,2.28694585,2.17334646,2.03690849,-0.7582064,0.99647182,2.40616422,1.51940875,,-2.1450004,-0.3867408,1.60360836,-0.1675713,-3.618573,-4.4690422,6.46912516,1.96415899,-3.6619842,-0.0948349,22.4331077,-2.7568988,3.07079055,3.22930481,2.70792272,-1.0885377,0.81236515,-1.0683429,-0.5885939,-4.8561705,-6.2687357,-7.8248715,4.38563855,2.33505161,-1.5174103,-21.20659,3.51226113,-3.7135273,1.48792055,-1.8820443,-2.1813413,11.2681745,2.82630356,2.74383707,3.32716313,1.98914654,1.08751889,-1.123778,7.5475212,4.08976625,,,-3.333333,-0.2959111,0.93076473,0.27544886,0.46539327,-0.3778671,0.10687258,-0.4281955,-1.7126343,0.74323411,1.56253247,-6.2485482,-0.1652916,-0.0056093,0.93562348,-0.3375933,-1.4251881,0.35406642,1.11667041,1.11747049,-0.8160894,-0.731985,-5.8467525,8.35863192,-9.9790825,0.79609636,-0.6163469,-1.8185769,-1.7600824,-1.6311856,1.76347524,0.15793568,1.9219191,-4.3472581,-0.5228052,0.31128194,-2.4199162,-1.8860165,0.41973566,-0.4655313,-3.0183891,2.39519253,0.29542597,0.22871699,3.67225648,0.42673147,-4.1975608,-2.1037276,-1.8011712,6.14367683,-3.1423905,-24.695343,,-0.0060023,2.77146839,7.12620415,1.34492379,-4.6201725,2.89058856,-2.0540437,-0.5559453,3.19109806,5.52998617,-10.681354,1.46052434,-2.4221656,-4.6874983,-0.9390564,-3.6058191,-0.1924842,-2.5196518,-1.9211797,-2.081082,-3.7993893,-7.2223698,3.88468098,-12.917295,-3.8018519,-0.67204,-4.408563,2.83773436,-2.2944332,0.35824625,-0.8999311,5.0056241,-0.8893924,-1.243125,2.54331824,-1.8616753,-4.5507244,-0.7243242,-6.3040915,-1.6862383,1.04813041,-0.4641463,1.84654005,6.2265925,3.16861742,-5.1849045,0.13860603,0.24770768,22.3863479,-0.0488781,-27.931457,,,-3.333333,0.62169125,-0.1072945,0.9721914,0.02312992,-0.7102288,-0.4448696,-0.8055347,-1.2315032,-2.0899126,5.97964842,-1.7678325,-7.2862531,-6.6933732,2.98377508,-2.3998825,0.4049748,1.09907935,1.54896793,0.10038668,1.76939285,9.17054609,-6.0922483,5.72484825,3.14332127,9.07814554,-1.8695924,15.360223,-1.965837,,3.20699735,-3.2108449,1.16584532,-0.8345362,2.77387126,-0.6691954,1.85744693,0.13212293,1.15683559,7.5839612,-1.7366182,-3.4284928,-3.0392935,11.527998,-0.1235616,10.0113663,2.07272141,0.96238771,1.86560255,-1.6304954,10.4053155,-6.801009,3.60040569,5.09334618,10.1890273,2.49033715,17.1000402,-4.0317738
,-3,0.63361697,0.3408023,-0.687267,-0.0150717,1.47081736,-2.3095728,1.61804307,-0.8309461,7.77606367,2.47845004,3.46675534,-3.6130398,0.82734189,-0.7894887,-1.1628395,-0.2294555,2.58990432,0.70777806,3.59605238,0.92627517,3.07574142,2.40149946,-2.6256175,-1.485906,-3.2411436,0.08647318,4.44153563,-0.1985167,0.23828509,-0.6407102,1.67264373,-1.1031082,-0.5959686,-3.282994,0.04694501,-1.9157149,-0.3281698,1.96569796,-0.1539403,-0.7555077,2.29405682,0.65901517,-0.2129583,1.1742924,1.53547961,-1.1117477,-4.774111,-3.5203875,,1.84756855,-0.4965402,-1.087245,-0.6747231,2.30762413,-3.6918117,0.46992708,-1.8943384,2.32824209,5.18692824,3.29488725,-2.1714975,5.74006243,-2.1339849,-3.5809584,0.4556398,8.88489694,4.05255053,2.70672383,2.4771125,5.5407505,-9.5067338,1.19664575,-4.9029821,-2.1584169,1.18349237,0.36904306,2.84875737,-0.0026544,-8.6568097,1.43654307,-0.7454717,-4.3268558,-6.3751721,0.89254543,-2.218938,-1.1822588,4.86633424,-3.7379635,-1.5977063,-6.8834758,-0.9900054,-0.0187385,-3.8838724,-0.28633,2.07942047,-0.3099008,-0.3557979,,,-3,-0.2425702,2.18799644,-3.6998685,0.29694987,-0.571322,0.84654283,0.31189205,0.38865575,-2.3428103,-0.9350133,2.39570897,0.77622672,2.20740646,-6.0500872,2.78334353,1.62691384,2.15075239,2.82808098,3.30675544,-1.7127398,-1.2592335,-0.6251924,3.01706245,0.96754542,-5.4477307,-5.3192066,7.32517606,9.16222174,1.8296547,2.83697282,-0.208133,6.9363687,2.55058023,-0.8063279,0.77069573,-1.2562055,-4.811615,1.07209818,1.56089756,1.22412305,,-2.7110223,2.70558751,-3.0458197,-0.6937339,-4.2855375,-3.0807073,13.3892244,0.88699421,-0.5929983,-0.1168538,7.61018129,-3.3677219,4.16306169,-2.7530425,3.79755825,1.58903707,1.90177137,3.44939292,7.68452166,-6.347915,0.53347041,-2.1798057,3.90085204,0.34010683,-4.9796073,-12.232446,9.13227662,5.31680049,0.29839378,0.52188903,-2.2897339,16.9425689,3.07601143,-1.1712982,0.93906042,-1.762817,-3.9016072,-0.5094524,0.9939805,2.22470509,,,-3,-2.5047079,-4.7292469,1.50991693,-0.1170682,0.92793321,0.04313438,-6.0594203,-2.9057575,2.7008828,0.57972967,-4.29454,0.77634652,1.63487853,-0.9285563,-0.2274893,-1.7556758,0.47697613,-0.0564541,0.22704478,0.11179919,-3.7883826,-5.840175,-2.7299415,-2.725294,0.6222671,-1.9238235,-1.6603734,-1.6546715,-1.8496256,1.90061051,0.07679764,0.84946929,-1.533757,1.08581853,2.92710973,0.36510153,1.16708102,2.00818669,-2.285837,0.49394387,-1.8489532,-1.762058,-1.8436155,0.64329742,-3.3066819,-1.1778135,-2.9824349,4.59254042,3.48726132,-1.4764908,21.8779078,,-2.3488701,-2.2944604,3.22245928,0.79321768,-1.1327933,10.3348961,-10.15289,-1.1238247,4.38530661,0.42350743,-6.5662493,0.24935819,11.112723,-4.5912566,1.07021487,-0.5667686,2.75400381,-3.36812,0.51345365,2.36089439,-0.5783541,-4.3099411,-5.1240099,-2.9812459,0.63411648,2.70662401,-0.0936783,4.30387443,0.25222666,1.78880314,6.01978366,-0.9982505,2.07184615,-2.0362724,6.07116866,0.8982099,5.15527172,1.41933677,-5.5283031,1.51717431,5.59556994,-0.0624905,-1.263974,0.90216534,1.51287337,9.49544216,-2.0337141,10.8244507,7.93407567,-3.3856992,24.5586486,,,-3,0.01883137,-0.9924912,-1.5595911,3.35973425,-0.5534893,0.39157642,-1.3046109,-1.67215,0.21294779,21.0870434,-3.6222601,-0.0986831,-3.150001,3.8428176,-5.9802611,0.28254325,-0.0652133,-0.603622,0.92594606,1.39314199,2.5615135,-5.9435609,-0.0385928,-19.912533,3.49004884,-7.3085383,-10.554524,-7.3028857,,3.05614778,0.22112966,-3.8426221,3.09821788,0.09333587,1.55567019,2.01491885,-0.7065596,1.1928713,19.913226,-2.131461,1.59100628,0.26571502,5.06276904,-1.2421615,-3.3039667,0.6003354,0.30446815,1.81203393,0.86081465,4.45852385,-9.7247215,-0.3246704,-24.855608,3.02756077,-5.275775,-9.1094066,-6.6119798
,-2.666667,-1.1825758,-0.3365898,2.06755011,-0.2023822,1.85531332,-2.6916643,2.30385161,-1.9091067,-6.1403955,-3.4841403,-2.4108768,-0.8591753,-2.1362617,-0.0595721,1.30669659,5.78777367,-0.3219283,0.04047377,2.17436862,-1.1643003,1.42203225,3.7506238,-2.3093368,1.00507975,0.60864352,3.69972819,-0.4392585,0.50509139,2.5889192,2.26998175,1.40152736,-1.0076405,2.73779438,-2.1565909,-5.199669,-3.8249525,-1.1184406,-3.6786131,-4.6534767,-1.9360289,0.69143649,-2.2561655,-0.1994669,-2.3784326,-0.4927596,-1.1331994,-2.3826311,-4.8317419,,-2.0716814,1.15388027,3.28452617,0.50035016,3.02597885,5.59894079,-1.2777952,-3.8980736,1.76923544,-7.8002012,-4.3503711,-0.7346351,1.29669127,-0.907461,1.80274275,7.91299289,1.89859856,4.86927504,-2.1199367,-1.7736867,0.64350211,11.9033616,-2.0126683,6.17695195,3.94910169,0.07336435,-8.9935553,0.03903519,3.91437429,1.99148512,0.15752126,-0.7210948,-0.2034287,-4.0438234,-2.3469595,-0.954992,-0.4419185,0.08974339,-3.8792786,-3.958978,-3.6967057,1.79864218,-0.9644497,-4.6550546,0.51501337,2.05225174,4.5443495,22.2739928,,,-2.666667,0.70594406,2.84445318,2.60696215,1.68604125,0.92054856,-0.6732222,1.84910591,8.33320454,-3.4697927,-0.6122034,-26.631413,0.80184476,1.45246498,-6.8525045,2.49064638,0.05783882,-0.1576256,2.194431,-0.6532021,0.14410297,-2.5788024,1.78959841,2.47891862,-0.6787577,-8.5566217,-1.6096868,3.9615766,0.90292737,0.1698855,-0.7967501,-2.3107213,3.70604329,2.21948088,3.21217073,0.05299083,0.40627625,-2.1350888,0.00764061,0.63825593,0.46154867,,-2.1744137,6.47001991,1.90910726,1.79054064,-0.7438045,-4.8149115,9.11770628,2.96257633,0.18994596,-1.6563497,-21.590323,-1.3046562,6.28509356,1.78394194,3.61898885,0.24813657,0.35219317,1.41217504,4.30976537,4.49259571,-0.9854718,0.54815627,3.9123335,5.27336798,-10.812323,-4.5426162,4.79169228,3.57273669,0.25087689,-0.3277621,0.59976301,8.79198633,2.30786733,0.78668804,-0.3271589,-1.2153368,-6.3738744,1.27225336,-0.1730622,-1.0521467,,,-2.666667,0.04404869,-1.294599,1.9925739,-0.4554693,0.35608323,-0.5428346,-0.2559432,-0.720191,-1.95715,-0.4106783,-4.1530954,0.24113416,1.16655539,-1.1690858,0.25924826,0.62624334,0.82891922,2.62489515,0.88002642,1.58090128,-2.3367035,-2.525354,-7.5442696,-4.9712199,-1.2641133,-2.1607816,-2.3949982,1.54536442,-0.9507421,-0.8846739,-0.9238586,2.28932418,-2.9077688,1.12177094,3.61995463,1.21671235,3.89893718,-0.9205939,-1.2301118,-3.0634089,-3.0037078,-3.9301953,-0.1752026,4.53436939,-2.078914,-1.1142908,0.05825881,2.79651247,-4.420277,3.72893068,7.62749114,,-0.6069871,0.58155769,-1.124044,-3.5403037,-0.9792543,0.32361623,1.16857692,-1.4464844,-3.7575006,5.16820304,-3.882969,1.19276919,6.65796661,-0.7644528,1.9278329,1.11197148,0.10402862,1.56757829,-2.7764615,0.83760634,0.56243021,-2.2014918,-2.7994457,-2.7607694,-4.4639778,-3.5314408,1.37840795,1.84272236,-2.3875282,-0.191132,1.47728786,0.61780741,0.69054392,2.97820745,1.42565747,-0.7320563,3.84849184,0.72657435,-0.5373633,-3.1901877,-0.1255741,-2.4263997,-0.0825292,1.43090284,3.32551141,-7.6625511,-1.0022274,0.62869966,-3.3668007,1.50071625,8.5532471,,,-2.666667,-0.2204867,0.50896613,-1.6006265,0.1363503,-0.3919179,-2.4407072,-1.3074711,-0.2695202,0.46041629,3.82525145,-4.8417698,4.3205629,0.83255236,-0.3753247,-4.1974827,-1.4306017,-0.6757101,0.55312491,1.13276852,-0.9856285,0.44068266,-8.1851318,-0.9582419,1.05873367,-2.1869746,1.1920029,9.76268561,-2.5804777,,-0.6998685,0.58471302,1.35981713,0.3767828,-0.6542608,-1.7173934,0.51932545,-1.6173362,-0.9569089,4.00053464,-3.8886523,6.30565666,3.86315354,4.6328553,-2.509631,2.68690047,6.20746409,1.20419158,2.05966351,-3.4940744,2.26970938,-7.4030028,-2.4925065,-1.649702,1.17586725,-3.4185091,14.8490885,-2.4428221
,-2.333333,0.14310185,0.32383564,2.58789249,0.06233309,1.52664246,-4.6475597,2.33227966,-1.1016038,-0.4412621,-3.4830663,-6.3218939,-0.6549968,-2.4180691,-2.6536807,-3.0354245,0.5465438,3.30730904,1.84228419,2.59200646,1.32683645,2.96539504,-1.0955726,0.35118341,2.05425683,-0.2125771,0.51561785,0.34873857,0.94204715,1.99079721,0.54875794,1.58108868,1.09732372,-0.760324,0.68768571,-1.4494356,2.92946555,-2.507092,1.78837619,-1.6327132,0.66609145,1.92989306,-0.9276167,-1.2059378,-1.6823101,-0.3826469,-1.347568,-7.7588729,-3.116707,,0.24688484,-0.639711,1.33290632,-0.4172614,-1.6097766,-3.3083316,2.44414134,-2.3105393,4.5904746,-2.1881595,-6.213154,-1.5626425,-2.2179712,-1.2400962,0.26149343,-1.8393447,1.79788384,5.51802046,0.56902518,1.95652724,2.23140949,-14.288197,7.31190589,5.08166328,-0.6525815,-0.4647682,-2.7626946,3.84430037,0.8249561,3.09290463,-0.9356576,-0.3736437,-2.4892339,-1.0708491,-3.6386993,3.24241449,-0.6381499,0.91447669,1.98587035,-1.6518262,-0.3010503,1.40669523,0.6095242,-5.2036598,-1.1189212,10.0766386,-2.0405229,13.585488,,,-2.333333,0.68024737,-0.97859,2.84859104,1.08275656,-4.0429048,-2.1341324,-0.582722,1.09381027,0.01700663,2.89434344,12.0684403,-0.2432369,1.94229539,-5.5001007,1.8254618,0.45024026,0.61086466,2.38360503,-1.7705882,-6.157833,-0.5052096,-3.769481,-4.1750916,1.42947607,-4.2368822,-1.1660681,3.09201432,6.65693715,-0.0794364,-1.4264542,-2.0928236,-0.1078817,1.21110872,1.02988748,3.36709752,-1.6472205,-0.6902385,1.30646194,4.09760855,1.2998895,,-0.2401737,0.24357728,3.76039838,-0.4683323,-6.2932202,-3.5562118,-6.4157728,-2.3522838,1.55705306,1.76813854,19.1241524,-2.8776656,3.04525633,-1.7246498,-0.9948596,-1.858168,1.22485723,2.11915148,-4.8578068,-8.9328542,-0.2470362,-0.2224434,-7.4726756,0.90517952,-4.1419374,3.60261389,5.20523173,11.3758959,-0.2595835,-2.7075246,1.10432622,-3.1357843,2.15217331,0.77846863,1.2749467,-3.4700858,-0.5755627,0.97257126,4.30370664,1.37794637,,,-2.333333,0.52234147,-0.0197038,-1.7177862,0.20757345,1.961894,0.01247252,0.78947668,-0.7224044,-0.0239842,0.45629412,5.52679418,-0.0915054,-0.6342456,2.24435258,-1.2742485,1.38479485,1.02353442,2.33138186,0.91218981,0.49790151,-2.1180994,-2.1579753,0.50146945,7.37577354,-2.0903911,0.94148835,-2.8411625,-0.1803369,1.24004591,-1.3828498,-1.4490485,0.16479174,-3.3990072,-2.9420744,1.55293012,2.14918024,1.4135518,-0.165193,-0.381844,1.3473603,-0.1870837,1.06145725,1.65822979,-0.6696605,-0.5612677,0.43831679,-0.3080973,-0.2195603,-0.410637,-2.1687281,17.6468936,,1.67374882,1.27636717,-5.0494161,2.85670681,-1.2587528,0.24458324,-0.2930008,0.75664749,0.97061287,3.42749693,8.50792324,-5.4121857,-4.7890365,-2.4217852,-0.1386618,0.97394131,0.74488294,-1.4488222,-1.4777688,0.70074535,-3.1700046,-0.4206608,-0.8403606,13.2177981,-2.9341471,-1.200543,3.75730944,1.27987853,-0.3410164,-0.210589,-0.3784963,-5.9092788,2.66735134,-3.2942525,2.88640111,1.19670921,-1.3998552,4.09090096,3.10940365,4.05507381,-6.6765537,-2.2326966,2.48594912,0.53499503,0.37756184,-1.8016385,9.38772676,-0.3256777,23.1426339,-1.7073124,21.7943865,,,-2.333333,-1.3018224,-1.672969,-2.8224743,-1.5120503,-0.1133514,-1.2543621,-0.5331166,-0.3686291,0.99605457,-1.7069129,-2.61279,14.3768605,4.25311767,19.7967448,-0.9130446,2.75107999,-1.5081072,0.9812332,0.01274215,0.19086709,-4.8225542,-0.9970326,-9.334423,-10.794735,-2.5465074,3.07660487,13.2980702,0.27546377,,-2.7075314,-1.8700457,-2.2807908,-1.6956355,-3.1671392,-1.2051867,-3.3694803,-0.1308232,-0.1132615,-4.6520505,-6.9407081,13.2425985,1.07163686,1.06968992,-5.727402,2.16775314,-3.4385153,-0.2411118,0.02694621,-1.9404732,-4.0137193,-1.330531,-6.5545575,-15.798388,-1.5616048,0.86731913,15.697781,-1.3916731
,-2,1.52326249,0.6902651,2.16249231,0.94742317,1.26050678,0.99888268,4.30657371,-1.3895258,0.61101073,-7.4031578,-5.6012537,1.27353743,-1.836094,-3.5460967,-1.6814311,-1.2448891,-7.4587007,1.82273395,-0.1801176,2.6395655,-1.2625891,0.42290949,6.39522292,-2.5520433,0.32507602,-2.349643,-1.9204622,-0.1313841,0.13366348,-1.333683,-1.9059966,-1.2389992,0.2376146,0.52204873,-1.4846661,-2.0971182,-3.7123269,0.34756797,0.94643916,-2.0187313,-2.3416844,0.19998593,-1.3528655,-0.4294469,-1.4065145,-1.0486705,-2.426465,-2.0413931,,1.92330551,2.73640107,1.79221172,-1.6927596,3.78807554,3.33239439,2.60590652,-0.7054485,1.68153806,-9.2704952,-7.4760613,-1.3467363,-4.8284516,-1.3759592,-3.5776026,3.39816324,-8.0222409,4.53764865,-1.4319951,-6.5161491,-3.4882869,8.29572472,4.2093609,-0.9613693,0.39975498,-4.0598652,10.7653515,-4.0204521,-1.5661877,-0.5153789,0.18534475,-1.9374526,1.93168188,-0.6854697,2.22966615,2.38347212,1.40548058,4.14883064,-0.7684536,-1.5613009,1.5938066,-1.4092398,-0.6770907,-2.2563245,-1.5335314,6.5554259,1.60781856,-11.211495,,,-2,-0.5260411,-1.691493,-8.9683185,0.3930006,0.73812098,0.43938332,-2.5846904,1.24430965,1.03781147,0.28133739,27.2233353,-0.9279221,0.28281791,2.15896921,-5.7950307,-1.61693,-3.0999203,2.19109346,-3.9463923,3.07137394,1.77605835,-1.1078742,-2.5228302,-1.2207914,-0.5186595,-2.4421335,-1.3208066,-16.233874,-0.7250652,0.39054208,-0.3242367,2.97278929,1.63150245,1.21044501,4.10932012,-0.702704,0.56328712,2.52385214,1.65551785,1.60324799,,0.52349088,-4.4230149,-4.5153507,0.58947878,-0.7027848,6.64379987,-5.7215437,3.48962924,0.44433319,-1.5365101,24.2975026,-2.6278822,4.46492834,1.29604061,-7.8008796,-0.773949,-0.6361401,2.57628018,-6.8926907,-1.3948702,0.31070142,-1.6604999,-8.5887588,-2.6646565,-0.6565322,-2.9461993,-10.708654,-18.434812,1.20141314,0.6440485,-4.6509538,-0.959855,-0.7641709,3.19776641,2.66678703,-0.4986727,-1.4938962,3.35877123,-2.6127785,2.85595182,,,-2,0.97291233,-0.2814322,-0.3892662,0.46872869,0.76931899,-1.4981899,0.54309884,-0.3208431,-0.9777496,-0.343265,-3.9494666,-0.1565977,-3.7170883,2.21202948,-2.282645,-0.2390122,-0.6036073,-4.0690676,-0.3467617,-2.376158,-3.2961573,-4.9047825,7.00248093,2.16808726,4.09777174,-0.311818,-3.1327018,2.35490221,-1.4737294,0.09323844,1.27235257,-0.1090816,0.48168982,0.54068107,1.36651926,0.1916939,-0.4670946,-2.3174259,-0.0582494,0.20436454,-0.7678477,-1.7792057,0.30847606,0.68522457,-4.3321408,1.16718508,-5.323456,-2.9513141,2.22226917,-3.1629891,31.2851092,,0.38511235,1.0056955,1.89211014,-0.5770448,-1.3076362,1.61906076,-8.1001643,-0.120754,1.35954976,-2.2700678,-1.2329685,3.71587968,4.45171646,-0.4036854,-0.3543656,4.41642434,-2.4676208,0.11383545,0.5424363,-0.8634936,0.05463437,-3.1853557,4.11020272,-0.4057405,-6.4524358,-3.108689,-1.2564868,-0.9057318,0.03202486,-1.9895063,2.49868932,-1.7474804,-2.6233973,-0.0794783,0.79640078,-2.5367446,9.05792777,1.75497827,-0.6637403,5.45904271,-3.1743811,-1.1215759,0.94078141,4.36637047,-7.4349265,6.06877234,-5.4701613,-4.3498898,-0.3767383,-2.399576,29.9053144,,,-2,-0.8832782,1.69629162,-1.7469587,-0.3514781,0.75172471,-0.3054619,-2.556115,-1.510002,-2.9987251,4.94484991,-6.3304998,-6.367742,-6.0024068,-17.857017,-10.820665,2.59476323,0.6762049,1.50011714,-1.3176698,-1.6875236,1.60706127,6.08797124,5.11860327,5.13827588,2.37497829,-3.107997,-3.2713745,-0.5354515,,-2.4201823,0.11729828,-0.7013764,0.19292404,2.00455099,-2.0406355,-1.9243362,-1.4428823,-2.8520189,10.783494,-5.7718574,-9.1265527,-3.1899296,-4.3468735,-10.871737,3.42870688,5.74871315,1.06902739,-1.6766974,-1.6480691,2.96794659,7.28991363,5.88494507,9.28428057,9.60773043,-2.5487471,-6.3477865,2.02810871
,-1.666667,-2.060562,-0.6562519,1.43948546,-1.2044886,-2.1812249,0.2770534,-0.9084889,-0.5282746,-4.0267161,-4.0341554,-4.1741427,-1.2134099,-3.8321802,-0.1671795,-3.7219421,-3.2912794,-4.9781393,4.12581721,-2.3477561,0.57578802,-2.7756186,0.73365764,2.29150049,1.41410286,-0.6245536,1.12498989,2.34902264,2.24993501,1.85114972,2.85092978,-0.716782,-1.367843,-1.9723299,0.11131515,-0.2541784,0.09206781,-1.4545242,2.3996939,-0.8823436,1.38956197,-2.3140052,0.45457764,-2.0051641,0.11463609,-2.8954148,0.10439685,-1.0520486,-3.4734681,,-2.008901,-0.250106,-1.3391262,-3.9620316,-4.4045921,-0.2962662,0.87639021,2.08285345,-1.1548515,-0.5050501,-2.405301,-1.2726559,-2.5403531,-2.2839062,-4.4318721,-5.0299758,-4.121771,3.07941075,0.15075706,2.70190204,-2.1267802,18.2325217,1.41819011,2.59035741,-6.2770886,-0.4105609,1.03405613,4.7287572,6.53150267,3.97612691,1.92608723,1.62236283,-0.1150565,3.25358372,2.26785125,-1.5857557,1.32702294,3.6443422,0.81182316,4.13165573,4.57179678,1.3982849,-5.2838448,-4.3463126,-2.2040199,3.77164077,-5.6632257,-5.1731125,,,-1.666667,0.23569311,-0.3506197,3.29649658,0.66204205,-0.7593467,0.59899899,-2.1999005,4.38231537,0.27340863,-1.4970298,-15.21879,-1.0499771,-0.6095294,3.46202777,-6.4009374,-2.2207772,-1.9512644,-0.5275014,-4.3954331,-3.2866827,-0.3948008,-1.3836418,1.00959127,0.9755756,2.88055179,1.47259685,-6.7997277,-5.9723743,-1.1121002,1.05626245,-0.1523412,-2.076629,0.418654,-2.2520067,-0.737954,2.14654344,0.21119831,0.28544296,-0.3629549,-0.7776362,,-0.3959293,-7.192126,6.16480505,0.0136658,-4.2420935,4.56397036,0.78665279,3.16461629,-0.202445,-5.2263296,-22.233617,-3.3379356,-0.5935097,-0.9906659,-7.5311932,-2.772242,-0.4191338,-1.3044216,-5.0677982,-5.3249519,0.22778174,1.61278824,-1.0004536,1.34020361,5.33463547,5.0756193,-7.1103423,-9.5430556,-0.4819439,-0.2456807,0.25043115,-2.9289054,-2.1677995,-0.0666436,2.83220148,-2.7239319,1.60596371,-0.2019844,0.20515387,0.79200514,,,-1.666667,0.44270616,-1.2580736,-1.7533108,0.33937221,0.082848,4.8153032,7.02015666,3.01575453,2.52425132,1.87781187,5.82791381,0.24180298,-1.3372284,2.24748996,0.334911,1.41395248,1.74073519,-2.1294108,-2.4339427,-1.5112327,-1.6856769,-0.5184967,-0.8913626,-3.6321378,2.85806367,2.09532066,0.65518635,2.27196983,-0.2808187,0.75008582,-2.6876945,0.05023163,-1.8069145,-0.3953294,0.7339888,0.12510334,0.58647816,-0.967355,-0.6079396,-2.6412576,-3.1029949,0.99588513,0.56807527,-1.4130353,1.0063102,-3.4853131,2.50120533,2.10674257,1.6130367,0.3516939,3.05134458,,-0.1287295,-3.3420034,-6.0403837,2.32531802,2.65661105,4.5653334,11.883721,4.38745358,5.23940484,-0.1453713,10.879847,1.41629451,-3.9840963,13.7707389,2.44931464,3.72685397,1.35734304,-1.3640089,-0.3179567,0.26517874,2.09688433,6.04334128,6.79443574,2.30599199,10.0629355,5.52535738,5.09682389,2.65105576,-0.3643354,-0.7965384,-3.2618772,4.69138941,-4.2833784,-0.7260026,-0.349338,-0.5485911,4.8903144,-0.5469137,3.99271285,-2.2257491,-2.8049722,1.46836884,-1.6172172,0.1050568,-3.6511254,-1.6916596,3.53689757,7.24139817,-5.0253146,-0.7003789,8.32959184,,,-1.666667,-0.6259556,-1.1528078,0.47946475,0.62168118,0.51538518,0.41626574,1.57058339,0.29378816,1.49935477,-5.5259816,-0.218577,6.82866446,1.91661855,-3.9803253,-2.9054541,5.26592097,1.915781,-1.0457462,0.15221368,-0.3350724,-5.4768387,-1.2527495,8.74998899,-143.07825,-8.4920661,-1.6943892,-6.6530531,0.91839899,,-0.5085443,-1.2521091,1.45584858,1.62820424,0.25160673,-2.7518971,2.28126433,1.17740254,3.42508277,-5.6620268,-3.0864487,5.8358543,0.00639045,1.50343169,-3.2082696,3.0008665,2.94974987,-1.0069754,-0.7308566,-0.9928404,-0.9019982,-7.6940612,10.1428778,-140.03014,-15.567137,-4.235228,-11.152506,2.15272482
,-1.333333,-1.7747099,-0.4514342,-1.8286258,-1.9507771,-0.1542437,2.42703562,-0.3779799,0.32632214,-0.5376957,-2.3521417,0.0116239,3.62832394,1.95233934,0.29801039,1.17914027,-0.6190415,1.05426574,-2.8440716,-1.5426303,0.78196843,0.47989428,0.00233708,-0.492531,-1.1629217,-1.0734137,-1.4215841,1.98302075,-0.8136021,1.40969396,1.92971115,-1.8370094,1.53083817,1.44912463,1.20143672,0.36232901,0.29505375,-1.0504675,-1.4207189,0.6029442,1.80668698,-0.8507476,-0.934005,-0.8263758,0.51336543,-0.3312751,0.69491596,1.2878771,2.71197154,,-2.7286669,0.62201713,-2.3790307,-3.3975277,-1.6705065,2.9599112,1.426682,3.99973977,-0.2654147,-5.5379163,1.08758141,1.20338143,-1.2715426,-2.2883564,2.31245414,-1.703462,-2.2274619,-1.3581879,-2.4064025,2.72453676,2.40582737,6.64498925,-3.7809198,7.54349911,-7.1406852,-0.9503434,7.92155853,-1.4246471,-4.1512248,0.0453921,-1.8692028,-0.384251,2.35097229,1.14366124,-0.8426375,-0.8731664,3.03311077,4.25815091,4.70697082,1.90027246,7.1781873,-5.4710356,-1.7049241,-1.2817107,-0.8254155,-4.1099497,2.07397538,-4.9062304,,,-1.333333,-1.0518864,-1.4795669,-4.2183457,-1.0809528,1.32323404,1.58559284,-2.1294067,-2.1822949,-0.1995424,-2.4848954,-5.1160906,1.86180705,-0.4542579,2.44064121,2.97732777,1.90165557,-0.3700289,0.9615166,-2.2997222,4.11348529,-1.1208539,3.62225326,-0.7044604,-1.4473989,3.16428691,-0.1774083,-4.8665484,13.5333275,0.24477198,0.04026561,1.55422503,2.23658208,-0.6438063,-0.2468107,-0.2783655,0.8333719,-0.6821378,-0.9197103,0.01769834,-1.2919244,,-1.2018738,-1.2423204,-6.2069233,-1.3075683,1.36546431,-0.475012,-4.7021522,-1.8622744,-6.0132728,-7.9062034,-13.891451,3.58124618,-1.1722892,0.63507047,2.48742169,0.83725124,1.39969943,-0.1429937,-4.1540173,6.76070106,-1.5609766,3.45713585,4.16313668,-0.7481949,3.91928204,8.44978521,-3.3492208,11.2137926,-1.3207713,2.42925067,3.19262017,-1.9739895,-3.5456727,-0.4286559,-1.5553935,0.89777145,-2.8309327,-2.9970474,-2.8208987,0.75831473,,,-1.333333,1.00149043,0.90948246,0.20483312,-0.5725862,-0.8946216,-0.3516241,2.78251674,1.01615226,-1.0141049,1.50397426,6.20277676,-0.3655124,-1.2443056,1.62360183,1.07725621,2.16329029,0.55125343,-1.6867057,0.35941263,0.45608816,0.82229439,-2.2399754,1.66704118,4.69191561,-1.0684995,-1.8502403,-0.6433823,-0.3856454,-3.4126567,0.87766421,2.26228638,-0.6263992,2.1856979,1.05767922,-1.0197774,-1.3597282,0.36418484,-0.1129515,1.98387076,1.80170396,1.5942214,3.01216024,-0.2474656,-0.9753258,-1.6297393,1.00011072,-2.1345378,-5.0784841,-1.6988082,2.38900809,10.0875093,,0.72808874,0.46366577,-2.3795247,0.71910546,-4.8240748,-3.2293585,6.46913681,0.11192675,-2.7111639,1.88831825,4.85662609,-7.9294198,-2.3240251,0.07831175,0.13272841,-2.2032504,0.61063995,-0.9425591,2.44436007,-1.6928473,-0.9608284,7.22396054,4.05453288,1.19314538,3.08006606,2.99143279,-3.2790306,-0.328492,-3.4384668,1.97437293,4.98117444,1.70603029,-0.0993058,-1.8859305,-2.9360647,1.50253677,-3.0139302,-1.0858295,0.1553462,-2.3959775,-2.3467334,2.92078435,-2.9195965,-7.7917051,-6.9193998,-2.0366945,1.78323628,-7.4290254,-9.7405505,4.67298839,15.1587904,,,-1.333333,0.99750311,1.62857367,0.14801438,1.18812018,-0.0721192,-0.4843282,1.41316882,-0.3740723,0.67207549,2.49157345,-1.4542068,0.45934226,2.91418191,5.41840914,3.42917205,2.07427795,-1.1804091,2.33209137,1.53054715,1.11969116,0.59887492,-1.4009867,2.4368788,16.8113994,1.62853572,4.9758205,6.43830027,6.96006401,,-1.4645333,-0.8649834,-1.8001568,0.56549335,1.10102929,0.88327682,1.51747301,0.33830428,-0.0595346,0.0295956,-0.0037577,2.52835663,6.08170509,-2.8151712,5.29883561,11.7494774,-1.4029463,0.79819531,0.97094543,2.70955022,-3.8841839,2.5118489,-1.5578824,23.8432651,-2.7181889,5.79551009,8.99926465,10.4930174
,-1,1.20253977,-0.7930232,-2.4509075,0.81311462,-1.1162504,7.60191432,-2.7375486,2.5276931,-3.287719,-0.1921851,-0.674212,0.79809266,2.07220322,0.24545306,-1.0640888,-0.9853196,-0.0021339,9.64534222,-1.4419875,-0.3692885,0.57539058,-1.6748674,3.30721107,2.02348292,0.82468675,-0.0743568,-2.3936801,-2.1020653,-4.1614759,-1.8364778,0.74767557,-0.1062115,0.80476636,-0.3780768,0.69908039,0.70360167,2.29712597,1.28650331,2.36415174,2.30698022,0.81410103,1.04010038,1.02336318,4.60133255,1.62299524,3.36570108,4.94595337,3.13935121,,-0.7615771,1.03869778,-2.3365349,2.48724661,-0.5789105,7.0429756,-0.991067,7.56331671,-7.6868902,-5.0053385,-0.6033811,1.5477133,2.42256195,-2.1922442,-0.6997214,2.20364954,-1.6216712,5.78957347,1.90843263,-4.2995259,-0.4005295,-8.960988,2.3896169,0.93657018,-0.3713274,-0.232923,0.87569825,-2.008682,-4.4918644,-5.9376533,-1.1294899,1.54141771,2.91735326,1.51106863,-0.0843859,-3.2767443,3.44583859,1.1209934,4.23351345,4.35783427,6.66610372,0.95533014,0.47163835,6.19501242,1.78449123,-0.3770569,3.71872312,-8.4036819,,,-1,-0.4634668,2.54438271,10.5848242,-0.6071377,2.66301305,0.50808218,2.14858029,-1.2154846,1.34769683,1.88859883,15.4735437,-0.891647,-0.9625371,6.75583163,2.31894953,0.70689672,1.25797187,-3.185832,-2.9118776,-0.6890091,0.62177795,1.1502533,1.44829358,-0.4587481,1.72381932,-0.3674133,0.88302399,-10.119541,0.68804125,-0.4897354,2.08589705,2.21904838,1.21508105,-1.6702527,0.08480356,-0.3382076,-0.5235955,-1.5022605,-0.4653999,-0.7368317,,2.1584404,1.55178061,7.78793282,0.95736885,5.14196056,1.77083075,0.59911787,2.61570353,-2.6054651,4.29549162,15.7653909,0.98192657,0.5146556,1.0553982,8.42128487,1.43844099,2.79103153,-3.9000185,-2.3427684,-3.2758523,2.39189652,2.77570432,5.12968237,1.42935516,1.90213034,0.85745232,3.62226559,-11.888985,0.30402064,1.90571063,0.3403389,-6.4906732,2.27399608,1.66535573,2.51260072,1.91796891,-1.1107627,-1.1927013,-1.7399443,-2.5227386,,,-1,0.61265742,3.25489087,-1.1669581,-0.7555107,-0.4396527,1.59432663,1.47050341,0.86331503,-1.6928979,-1.4509343,0.88654508,0.12595343,1.21698413,0.25533245,-0.1096594,1.25101356,-0.9406234,-1.2780115,0.77600854,-0.9110137,2.85106371,4.28564893,-0.1596872,-1.7582154,-1.4116006,1.75080173,1.37260093,-2.1565657,1.34362689,-0.3886598,1.45575922,-1.554127,1.98017222,-0.0717042,0.79010934,0.96087014,-2.1209689,2.11473399,-0.7581973,3.12226302,2.41445401,1.12526043,0.23513131,1.83612611,4.00295347,4.34122867,0.004128,-2.6287465,5.09453795,-0.8339777,4.83569397,,-0.5881878,0.69422144,-3.9209633,0.5097544,3.2230433,6.03253126,4.85468769,1.22890741,-2.2591274,-4.5506976,6.0412951,4.14575211,3.78518988,-1.7428994,-0.9783568,6.47870019,-1.7164043,1.20074133,1.89430236,-2.133715,0.34267201,6.89296412,0.1690389,0.73605089,4.25681816,-0.0689689,-0.094982,-3.8402142,2.52260104,0.43230162,-5.2005452,1.63620565,-0.1448597,-1.3885504,-2.942769,-1.7783085,-2.1019864,0.63303733,3.67897287,0.29760431,-0.2920077,0.81483352,-3.805727,1.37209591,-0.6873539,0.098779,-0.4309743,-3.7672139,-3.3958127,-0.8092503,0.7647193,,,-1,0.73575015,0.91936587,0.91109488,-1.3108819,-0.848891,-0.571009,-1.2944551,0.20246158,-0.8288588,-32.785309,0.39972794,-7.8564813,-7.1080233,-18.656295,1.69455197,-2.2869781,-0.7366932,-2.430642,-0.7837943,-2.5674814,1.88797224,10.6128179,-4.9405104,34.1393478,-1.3165632,0.34387962,-2.0839066,1.77589908,,1.35946274,1.78291322,1.2406939,-0.5923404,-1.3135525,1.99780121,0.62118019,-1.350738,-2.0444471,-29.391799,2.25172619,-11.159979,-8.9298261,-1.2645858,1.73293796,-2.9699854,-2.5596734,-1.8385373,-1.3863037,1.33298266,-5.3481651,9.05264583,-7.0014794,30.5864287,1.12148001,1.24593196,1.92903031,1.96596612
,-0.6666667,-0.0629204,-0.470459,-1.3668744,0.14425421,-1.1714817,0.96503867,-2.7072608,0.38640201,-3.1904835,7.56178542,4.19330583,2.38530377,0.59172248,1.32687777,-0.3562365,1.81066761,1.27392652,0.00857299,2.25955369,-1.4199979,-2.3662851,-0.716498,-6.3792649,-0.0758172,0.10428727,2.0181912,-1.4654353,2.00323576,-0.3893169,0.87777564,1.1392234,2.27588833,-0.7792916,-2.9541965,5.03475643,2.20854389,1.57925699,2.24014903,4.88677203,1.17713132,-1.7392897,1.36381058,-4.0471353,0.19247931,0.31497837,-0.4787847,3.75295096,-1.3483111,,-3.0093887,3.42239142,2.80295841,2.98801538,-0.496472,-1.3677572,-0.2595315,-1.4595626,-9.2437911,9.94194644,3.08088951,0.75708049,-0.087509,2.15319392,-0.5252546,-2.6217067,-1.5465357,-5.5213711,0.67366654,5.96842362,-3.0775082,-3.1826725,-7.3350261,-4.0128278,4.77881297,0.89756099,2.52806096,-4.6482066,-2.1484761,4.62068562,1.52457592,0.91263012,-0.4014457,-2.2267944,4.04679327,-0.3702129,-4.0596418,-6.5245691,-3.082435,1.07971161,-6.3107505,0.78115347,-3.4671554,6.97914567,-0.1908605,-2.2431904,8.78812405,-11.155774,,,-0.6666667,1.08765816,0.80742209,-5.8086951,-0.1062348,-0.4919074,2.53222789,1.70659106,-0.6094403,1.08070732,4.10698422,2.27520116,-0.1177562,-0.7643022,0.94179712,-2.1909141,0.52248952,0.94989689,-2.6447167,14.0217729,0.48740522,0.22241313,-0.8077053,0.79590096,1.61817377,2.31129805,1.23387158,-5.1909271,0.09195054,-0.8466169,-0.0540085,-1.8890071,-7.912845,-1.4293405,-0.0866824,-1.698564,0.56715679,1.56518857,-1.3415676,-1.4682706,-0.1279497,,1.43674964,-0.7653066,-7.6283875,0.18160536,2.05628608,2.56849643,-5.2194211,4.30883401,1.91531393,4.87190289,1.58848669,1.85120197,-3.4520962,-3.2678306,1.4800778,0.67683649,-1.1338217,-2.3326589,15.342728,1.87376777,4.48962565,-1.012718,-2.8616063,-0.4483989,0.03311352,-5.6734489,-7.5410437,-6.0510575,-0.0035285,-1.6564891,-2.7547206,-8.7494805,0.51648256,-2.4510073,-1.7259615,4.54052388,7.38366975,-0.7198986,3.54513794,0.32045769,,,-0.6666667,0.47139543,0.93161252,-0.3483318,-1.0947657,0.34820976,-0.380955,-3.2068075,-1.1341214,2.41408327,-0.6782955,0.94572646,0.87373888,3.38327339,-1.3462056,1.15100928,1.83762253,-1.5509186,2.26540335,2.15990172,0.87388996,5.2852124,3.94849986,0.85785678,2.04965265,-2.2664496,2.97833776,3.92194838,-1.51556,2.42436784,1.29094238,0.16207064,-0.233664,3.18925354,0.30569614,-2.5551783,-0.541478,-0.9622155,0.19986576,0.6947488,0.14801217,2.12264531,-0.1010691,1.0416511,-3.8223049,4.32732608,1.33136896,3.59806275,4.43516321,0.49714004,1.41477181,-17.522177,,0.44613836,0.55958235,1.56568239,0.46878233,6.20999495,-7.917825,-0.5761405,-1.2313984,6.34484608,-2.6396094,-7.4653732,-3.1082708,-4.3713845,-11.082132,-2.6887858,-5.1492093,-0.4208631,3.7390808,2.56368496,-0.318396,1.81799006,0.06149775,-1.9531047,-5.9263989,3.51171928,-4.4626495,-1.0244129,3.57217076,4.09352184,2.61936407,3.88048651,0.36348348,5.01670846,1.06791264,-1.0171782,-0.1405581,-7.3959748,0.25925238,-6.3529872,-1.6732294,-7.3648106,0.7078465,0.30254256,-1.092858,7.80234704,-7.9979996,-0.6790338,0.37617007,-5.9421176,1.68637929,-19.807967,,,-0.6666667,1.27982739,-2.6613472,3.41163159,-1.6175219,-0.1713422,1.72684111,0.23607324,0.52254941,-1.1050492,2.25785666,1.7694905,-9.0504742,5.41162479,-1.8636128,3.67302558,-3.8694175,-2.7022082,0.67480476,0.33842984,0.77426504,-0.2430436,-2.8061349,-1.9077605,54.7536648,7.65493189,-1.7252702,-0.6404523,-0.970047,,3.21774871,-0.3774162,-0.5642207,-1.484713,0.77951214,1.39802182,-1.365529,0.62231654,-2.5851037,1.90465215,2.80820116,-7.7982314,1.24725108,-0.28547,2.96745024,-6.1717526,-4.3734804,1.82886221,1.06191209,6.54814395,-1.8024065,-6.3460297,1.7304594,53.2908443,1.27699177,-4.1667383,-2.149548,-5.0147265
,-0.3333333,2.56771499,0.29715852,-2.2358912,0.46335586,-0.8691099,-3.2781588,0.38719219,1.93177863,10.817958,4.52811464,3.39555819,0.40042705,3.81378838,3.64645871,5.22190028,0.95607389,5.74530018,-5.9408862,-0.1625452,-1.4225109,-0.9447839,-5.8591073,1.92436664,-0.7162098,1.60523619,-0.2510321,-1.8889287,-1.185614,-1.1742456,-1.8369295,-1.6527405,-0.0722726,-1.6277688,2.45329779,0.09985411,1.11408221,3.23347436,-3.1615305,-1.9677611,-1.1111095,-0.1378452,0.72684165,-1.513049,0.11491431,-1.057513,0.12038262,4.72790044,2.94152671,,3.37765776,-0.8492506,0.11131275,1.50417978,-0.1113001,-9.3757357,-0.3689695,-5.7078406,8.55833194,5.60767025,3.74379777,2.9270283,3.0598849,5.71049775,5.18811736,4.48468856,8.7542131,-9.4286197,2.60652329,-2.7802123,-2.9700057,5.03424344,0.58835667,-6.39751,2.74658884,4.42626149,-4.678523,-1.2218412,-0.0359261,-0.1107329,0.39994683,0.87626393,-0.6073473,1.91990324,-2.530025,1.11814854,-0.2957333,-4.9814032,-3.9275148,-0.7007185,-5.6322711,2.22097308,0.24022224,6.55454002,0.43036837,-9.4718338,-4.6647495,-2.8004386,,,-0.3333333,0.80434516,-0.420147,0.71910059,-0.4031251,-0.7426731,-0.87511,1.03767471,-6.7821565,0.39885183,-1.2942242,-7.3194097,1.37154235,-1.1491005,3.41451482,0.43729407,0.87983439,2.95491562,-1.6963458,-0.7601463,1.60795716,2.85079479,0.32759394,-1.1113137,1.05476359,4.70576175,7.47274516,3.57739619,4.06245819,-1.7542933,-1.4755134,2.68937725,-4.6147443,-4.3342851,-1.2192099,-2.6105738,0.84011608,4.92679095,-0.057846,-2.0096586,-1.0576105,,3.20364372,3.79544408,3.02414854,0.11732521,6.72264877,1.17055516,3.73381338,-7.6212537,0.94720859,4.63058834,-6.9324766,6.30805245,-6.0453438,7.41994199,-6.1674992,1.23120373,-2.0500052,-1.1043072,-1.9456256,11.9231053,-3.636331,2.98022024,-1.4866459,-0.7039295,6.65960846,14.2692563,5.07021143,15.5126002,-2.9303458,-0.9701656,1.45385916,3.11878035,-3.5328826,-1.6409004,-3.0814363,-1.1761915,6.14588675,0.65415108,-0.7248271,-3.450652,,,-0.3333333,-1.041676,1.85513426,0.96877826,2.00133147,-0.9146444,1.24999893,-0.0779249,0.75859431,1.48672175,-0.1428761,-3.5370766,-1.4294851,0.55406132,-2.5769956,-0.4895678,-3.8018421,-1.8203793,1.33472556,-1.4628312,-0.2157127,0.80558191,4.40713693,8.85904326,-3.3531293,-0.7401667,-1.8466983,2.72482931,0.32862776,1.70243772,-0.7462991,-0.5598092,-0.8743228,1.33357348,-1.3389387,-4.3223479,0.54757035,1.15871865,0.47437034,1.39109049,1.41585049,0.38005113,1.30371206,0.84429181,-1.2339896,0.36064744,-1.6343216,2.88061744,-0.8497617,-6.7487515,-2.2171733,-55.396772,,1.17325331,1.0250421,8.38944249,-1.7135295,0.82592351,-6.482329,-4.9289472,-0.8603432,-1.7794839,-3.546916,-5.3567647,2.01032012,-2.6618826,-0.367387,-0.7532805,-2.9768999,0.02242287,3.14988861,0.15396307,1.09981824,1.27107461,-5.741539,9.81449664,-1.2529265,-5.2709382,-2.9949705,-1.9090311,-2.970301,-0.2892912,-3.471561,-5.6260236,0.24652376,0.33930567,1.81213206,-0.4326457,3.16303931,-2.2510681,-2.381781,-0.1999626,-0.1233808,3.13594714,-0.7234967,2.79800079,0.76780883,0.03569679,6.05460424,-3.3721638,-3.1497208,-5.0778301,1.05510906,-58.573102,,,-0.3333333,0.49023939,1.10884938,0.79441186,-0.2286863,0.57017799,3.0609416,0.82670574,0.7493063,-0.2747871,-7.7110397,2.56126839,-6.3925026,-6.7821659,-2.5267439,2.42763342,-2.1730578,-0.5403497,-1.7529663,-1.6291376,-0.7681345,4.27163597,4.78514382,7.02309988,24.4389257,5.65913373,-1.0248458,-14.081013,-0.8500001,,-0.5757884,1.12006829,1.2527523,0.21872927,0.95367265,1.21576182,0.87969973,1.45797564,1.08774434,-9.7703502,2.18771963,-5.9281311,-6.8718476,0.87342689,1.34355687,-5.4397304,-5.1072192,-1.5175065,-1.8862065,-1.7218508,5.24518834,12.652385,7.99013271,28.0682735,6.98632883,1.31280576,-19.771169,-3.4957408
,0,-0.989468,1.05569641,0.31214554,0.94223854,-0.6209693,0.6570309,-4.216662,0.58726103,-1.5807605,6.38049651,8.11513574,-2.1450631,0.96520969,1.69921777,3.31422533,-2.7310738,-1.2098035,-9.4080445,-4.9469444,-1.874336,-1.1691769,2.0350179,-2.4627343,-0.5040244,1.68375814,-3.3483844,-1.0145528,-1.2691272,-2.4874703,-2.8293558,-0.4296301,-0.0079753,0.50638306,3.79607407,2.14498414,0.49497073,3.0611637,-1.7671259,0.48992771,-1.5250745,1.65408468,-0.3265442,10.3395895,-2.2208305,3.09267058,0.83457379,3.67944668,9.53915929,,3.18479842,-6.7377799,-2.1819786,2.66451155,-0.2501207,-0.8943195,-4.9256839,2.32989297,-0.5768746,9.57061587,9.84111264,0.65296377,-1.573373,4.55831656,3.25060151,-7.2606449,-3.7959118,-11.5383,-2.6567943,-0.4589281,1.24162101,-14.172249,-3.985462,-6.0543526,4.72584107,-0.4622185,-7.0589955,1.86297894,1.12550039,1.4939803,-1.6956687,-0.7907607,0.94336046,6.57389195,0.00585108,2.53577408,-2.5937505,-7.5368992,3.65746768,-1.9989442,2.81435895,-0.6907982,10.7948185,1.8982365,3.42920549,-8.3333466,-8.0545917,8.14705019,,,0,-1.2299234,-3.4638379,2.63925318,-1.9233398,0.96323733,-2.8283635,0.44287572,-4.6529193,1.85666264,-2.3478977,-5.1505262,-1.5808816,-1.9452576,-0.7710893,1.5538591,-2.3081619,-2.3455622,-2.5043311,-0.5911666,2.42194008,0.38785599,0.80419586,-0.2360709,-2.2398385,3.97417635,0.90270306,-0.6611774,-2.0840326,1.58515858,-0.0815813,0.64776359,-3.3587317,-2.8389754,0.82878701,-3.0594505,-0.8491269,1.57621059,-1.3741115,-3.6636942,-0.5968567,,-0.5989119,-1.1436415,-1.2499108,-1.1803502,0.98108091,-4.79081,-5.5676249,-5.5925418,4.36032641,0.87612526,-3.7378454,0.79343436,-7.2097567,-3.4542044,2.68910017,-0.6165471,-3.4304519,-0.7725998,-2.076308,0.2262737,-1.5236601,-6.2985378,4.30413549,-4.7230333,2.74163007,-6.8600164,0.8875833,-1.0739158,2.94146852,0.40672327,2.75406968,-4.6146477,-0.3160051,-0.6697734,-3.5356462,3.49077151,1.15111571,-0.6366628,-0.9764681,-1.3038435,,,0,-0.521168,0.63193543,0.69955075,-0.0216057,-2.1973685,-4.9416321,-3.0056565,0.14950128,-3.4600525,-1.3917607,-3.4555777,-0.2158754,-1.0228849,-2.561963,1.56118523,-2.880387,0.29411031,0.66324382,-1.0710484,1.49353695,3.46086727,5.54547327,-7.5626307,0.15456737,1.26311833,0.32741322,1.99805328,-0.6080847,1.25709403,-1.5100588,0.39114442,0.0437778,0.4770606,0.63640088,-3.0933083,-3.6550256,-5.0386726,-0.3136375,1.25246913,-2.8288318,2.39921554,0.07405299,-2.3895716,0.4152986,2.21150648,-0.8664713,1.70625364,-2.2030921,0.36422851,1.97495456,-23.493001,,-0.7335671,0.03033183,3.44463754,-1.8420067,-3.4130613,-5.4905085,-0.32498,-1.7021305,-7.7924443,2.24513641,-5.7813668,3.71950247,-7.8771709,7.52454783,-0.6666402,-5.8117631,-0.988433,-2.6476143,-3.5400134,-0.2557911,-1.4364985,-4.3627753,-14.225786,-4.1259053,-2.4241565,4.14384746,-2.5749197,-5.6049627,-0.0797364,-0.155515,-4.3904795,-0.6064304,-3.6348143,3.55223454,-3.5016325,-1.0242367,-6.789191,-4.8695558,2.34592091,-1.7203706,14.0535158,0.65482618,3.16177005,-0.594832,5.63881521,-0.5270544,-1.719586,-0.0491909,1.84845498,0.08702381,-30.683629,,,0,-0.4906085,0.61756855,1.98503315,-0.2852674,0.31382328,-0.5397566,2.94923743,2.42626823,1.36657131,13.1226687,14.3496168,3.78045297,7.71450178,16.2013474,13.5925245,-3.2085303,4.81670473,-0.2083948,-0.3620457,2.86587508,-0.825304,-0.9003365,-6.1490423,37.4451704,-6.2655171,5.27273263,7.78526763,2.30903606,,0.74308899,0.53843189,3.8800548,-2.3076627,-0.0487551,0.66458075,-1.1745161,1.65234043,2.9055762,12.8447245,14.5752382,4.50942216,6.45575117,-4.4300724,12.2164205,-5.1482694,1.37557203,-0.6006137,-0.2514369,-1.6541836,1.00910486,0.99155276,-7.8173187,37.2607472,-3.3490288,10.4234306,7.05525113,2.31712527
,0.3333333,4.09686558,-2.5953291,-9.4763609,6.78601096,4.23432274,18.5860118,-1.1000896,-0.7300499,5.96944076,8.4912565,37.3405986,6.99097988,1.52948809,23.2335272,19.4092376,48.1208125,35.8894045,22.880482,28.0902746,10.1249105,7.24177809,60.614534,40.6337127,41.6701579,11.2208137,100.490489,25.0716445,7.04042272,12.8835725,21.7807108,10.0073142,37.4863146,30.1060244,26.5950045,6.59166604,4.4346771,1.49507182,13.4592913,17.5246468,1.75854461,0.95572964,2.57317254,16.0694657,-0.0233266,9.39849496,1.69166579,-0.6881756,18.0236369,,6.92935453,0.86097622,-0.0076843,1.93546703,-3.6005013,-11.142273,0.10603204,-6.8583062,-4.3980132,10.9682639,35.9909884,22.4877923,15.61334,1.65838475,-1.1068897,12.6100822,-1.5489587,-13.393174,3.3516219,-4.4615536,-5.2340288,-7.8168062,3.2964291,3.57331952,1.99677272,7.5690914,-9.3689581,0.62376411,6.81143828,4.94037192,-1.2930706,3.58142987,6.82199815,2.91870498,-0.5850103,4.9129684,-1.9324336,-1.7889673,5.43169139,1.15820966,-0.3317961,2.26106548,19.3067873,7.20836851,8.11118573,-13.183665,-10.969437,21.0010236,,,0.3333333,36.5179391,23.2531182,19.7873809,20.9825462,23.4659716,22.3225561,49.5159551,39.8317259,9.98919691,92.1849926,55.0645016,7.46889552,6.26386447,30.7502453,32.033653,31.8918605,27.4155317,14.6967154,69.4171152,13.9616218,44.0279816,40.8164888,25.9935447,104.186499,27.1855987,85.353293,69.8279267,76.3772308,1.71709499,-0.1158962,18.3992007,18.5523847,4.89150841,1.59504535,-1.1286857,-1.8411298,-0.7615059,6.04060418,0.88639147,-0.4636482,,-5.1591133,4.76691677,-4.2425736,-8.4944369,-4.1828074,-4.2542325,-9.464975,0.6562365,4.38909908,-2.7773661,13.1723941,9.13694744,3.74548827,1.5448804,3.92193809,-0.5007898,-5.4268148,-2.332104,4.67388614,-5.2667882,1.93018532,-3.7514931,1.40173393,-6.7438759,-6.6780042,9.93591632,2.5041959,9.48893275,-2.0478023,-0.6667609,-2.8745503,-8.5677497,1.67340394,-3.1636576,-5.3912419,-2.94781,-5.2639517,3.31570477,-1.0815371,1.05489715,,,0.3333333,-1.6389185,-3.202045,13.0341318,5.52167401,-1.9038352,-0.1014479,13.4403839,-1.075498,3.89621657,10.8311537,2.3523797,8.64012868,5.10704838,6.16108226,2.25506436,1.95000391,0.00321919,40.9002954,20.6454482,36.5847372,42.5134727,82.6266649,97.8703158,139.951089,111.147042,101.706694,64.9877547,79.9528939,58.845847,85.9698529,78.4094432,86.5081458,49.7106033,18.1558303,101.223347,80.914658,44.3079015,9.07200055,41.1067907,64.6389707,60.3552652,75.7585895,72.3829276,89.0491375,66.0198543,101.601113,1.89916095,14.5645071,11.9668943,22.7462914,32.9503527,,-2.2673613,-2.8160385,8.37348327,0.35271618,-1.1401061,-2.1354232,-0.0435878,-4.515628,-2.128003,0.79294908,-4.2591369,0.95378636,-4.481933,32.8115001,0.44436898,-2.7502593,0.77241588,6.11369463,-0.7890382,7.00265896,4.62097297,1.25804659,9.05832171,-21.746462,-2.1345812,4.04133555,0.41656845,-6.1482058,6.13734848,-0.384229,-2.6859574,-2.4730511,-2.0939821,-0.008102,8.31599147,-0.9052075,-8.814857,-1.2929203,3.15476822,-2.207683,6.03305299,10.1950495,6.94838973,7.00644545,12.8058411,7.90143641,-1.8504471,-0.6730001,2.39934759,6.26007999,-1.9512242,,,0.3333333,13.5234156,34.7434708,-1.1649808,-0.1657076,-0.9072929,0.52587368,11.5793011,16.2149647,53.7039131,82.6968337,45.6580691,59.8822969,46.2459642,144.360313,50.8547708,21.6589119,32.7422903,2.94747195,9.6707274,27.7257977,19.6255327,31.144419,51.4610363,54.0593067,15.5081531,47.2119898,14.9847965,6.16764796,,5.0018289,6.34137803,-4.1016909,0.64831529,3.46688963,-3.0542124,0.279502,4.23650497,8.42045344,15.7645694,9.32949769,10.8000096,-4.4843267,-5.3036552,8.8760109,2.68395949,-4.9526232,0.70849054,1.45104702,-3.6230921,-1.61835,-2.9425332,22.7135934,23.6376109,-14.908532,1.9439217,-10.891856,2.32366732
,0.6666667,10.8602093,3.64474928,-4.4355907,10.9410045,18.5528312,39.1478669,-5.0241881,6.80193864,26.6847265,18.7383608,22.1635228,-0.7205172,0.96145626,35.899048,34.1207941,50.5293904,52.8590195,18.8715276,44.2612984,17.3868288,12.0892962,66.1172052,66.4708899,56.828709,22.1946263,103.845918,34.9893193,10.4077912,18.5981916,34.0507356,13.4775802,44.3578388,34.6802719,40.6192692,14.5158939,14.0149152,3.39603083,30.7272575,33.8972344,2.35799529,10.2539034,7.8129852,-10.773109,6.93794226,22.4980226,7.11471286,1.29610842,36.2978991,,6.22011156,1.11328593,0.43868122,2.36963843,2.22560983,-3.2953896,-3.0515433,-1.4734151,4.25980794,10.807123,12.2580436,6.29009964,3.8513792,-0.6286868,4.55386984,2.24911601,-5.4426755,-15.582574,8.23492287,-7.7643417,-4.3808288,-22.851882,-8.6225935,10.0646386,4.5663734,2.16402827,-7.5986231,1.92309801,9.91813666,7.220094,2.06048799,7.54911097,10.8343958,8.75164029,7.60127408,1.05971041,10.7507538,10.1556563,2.52054425,4.4830743,14.018813,4.20534465,-13.421964,13.9892141,15.9556101,-14.571517,-20.659927,-5.1692522,,,0.6666667,55.8794155,33.1789298,34.8565973,40.3587242,31.7217292,32.9721241,70.1891487,59.4779739,24.5877387,113.480878,70.6590933,12.610228,13.8377701,33.2025507,49.6187184,49.7787269,50.3884679,25.4392385,93.7558051,28.2782717,57.488409,44.8569357,36.2396723,82.3086596,37.2492406,82.2894584,80.6955432,66.1864118,2.9633503,0.30182664,29.9382527,18.7224223,7.64065372,8.97753299,-0.1788254,-1.1772982,2.31672208,5.89424081,0.66917359,-0.2131248,,-6.5214367,-4.0580862,-10.876023,-3.3298923,-1.7641561,-6.0975878,-3.7084142,-6.6235301,8.56486453,-2.2523458,17.4475812,5.3615887,2.54492477,1.82303046,3.93382186,-1.074006,-2.0191901,-0.461907,12.4800184,5.67326823,-1.8359589,-8.2268903,-2.9374631,-18.658435,-7.3826934,2.22899408,2.37028919,1.95678707,-0.6941304,0.54237033,-9.021452,-16.803636,1.90581156,-2.7251892,-2.0663888,-7.11286,0.54693418,0.31927759,-2.4651369,0.79207004,,,0.6666667,1.24187442,-0.3833421,29.8249253,6.78261072,-1.5759266,7.15921709,23.3376895,9.77546222,12.4027095,25.7527533,25.5747844,19.0525764,22.0808613,20.1536809,4.78923962,16.8668957,8.21398955,52.5528923,33.954857,54.2400094,62.3214885,110.81286,84.8217575,141.11688,132.767626,138.560374,77.0676955,100.843406,81.6932068,138.066953,115.103897,141.467515,86.7377862,31.2351412,157.990939,129.579199,61.4863141,12.3545188,51.9806314,82.3260028,54.0825101,94.6446596,95.3018932,115.41433,53.9287961,91.8819676,14.0348857,34.5033465,22.235396,26.1008464,17.1055662,,0.90652601,-2.6750096,3.74698397,1.54915622,2.02794444,0.66824755,12.5791801,0.46904404,-3.8185442,6.0450753,5.24659857,11.8357408,-4.0114013,36.7945023,1.31235531,5.35277639,-1.4424252,9.7615642,-0.0688462,2.37029029,11.5366759,4.65758611,3.87256034,-0.2920342,-0.7736351,6.07707065,1.45675387,0.98333693,7.18552773,5.86595309,-3.2043056,0.89369571,3.73113242,4.57202975,-0.2703972,2.99258039,1.28284232,-1.4185113,6.30139948,-0.5686465,11.1900424,8.83444812,5.75473394,8.97261085,1.69667865,12.1715481,7.60708139,12.5871823,12.3401593,1.83985399,-33.490118,,,0.6666667,26.2937057,50.2282826,-2.5438162,0.07363557,-1.3990621,-1.4972429,22.9194356,38.3412984,96.848387,112.163411,73.2966068,77.108058,98.6361875,237.638117,79.7986521,32.9527407,57.3954917,10.335943,11.6432247,49.2464432,31.6262078,47.1514947,81.4084117,119.918705,29.3989018,59.8860844,24.0736446,12.2675476,,5.39159038,1.83349069,-2.8422601,-2.8040812,3.4554973,-5.0030714,1.42462781,5.17089918,8.34524015,-13.280711,13.3846399,-3.9384256,5.68956864,-11.223268,11.5280919,10.1377191,8.78943385,1.62871243,0.78378256,2.49221656,-6.5019474,-10.256679,26.5380345,46.0788464,4.18887576,-4.2806175,-10.438183,3.37956209
,1,17.259518,6.31587959,-1.9587045,17.125435,-0.1061311,37.6951134,2.38594847,11.2333626,37.2550639,43.4674417,27.3701749,4.82382526,4.51077096,46.4812591,37.2412495,52.7387171,65.835745,31.8600815,47.4544186,24.0655027,18.5207667,77.0523396,97.6016788,67.268521,28.4894398,99.8041425,42.3394992,14.9124132,22.7599318,47.9558525,18.6424444,52.3226041,37.05536,45.6229816,20.5240919,20.7545627,3.23674233,40.077029,43.7707439,0.6495735,15.1124751,12.9289884,34.5368923,4.48577049,32.3197088,7.17431211,0.24415796,43.39039,,6.77218788,-2.3894026,0.88941467,-3.0905289,-10.497533,-14.441096,2.34452809,1.63919495,4.18338598,9.20705556,12.0789965,12.0715277,2.69122881,6.70814514,2.32754618,-1.2970037,-2.6562893,-6.6082479,4.43981205,-1.8527729,1.56419896,6.23949257,-0.9662632,15.5216674,1.04931319,1.71679495,-1.0272995,10.8042212,8.41997571,13.9209475,1.63323916,2.59223023,9.08045047,6.58014898,2.80615413,2.19254306,7.8516992,7.24012231,2.60194379,0.31227597,9.17931259,-0.4099208,21.1822825,-5.1210943,3.81853771,-27.430555,-31.688786,-6.9483567,,,1,62.7229711,46.9850982,38.3146016,44.579656,38.1106113,36.9539533,76.2382332,66.7658664,40.7764416,110.12719,79.0297403,19.4113106,20.4455241,36.7622692,66.4091973,62.5274215,64.4749356,33.9326933,104.92666,33.3423172,60.1860471,51.3124801,45.2966831,87.717447,42.3002839,75.9669595,73.7070653,49.2287684,5.93048439,1.76900969,35.4417788,27.7379593,13.3263137,15.9840761,2.15745042,0.74581046,7.90559774,7.49744552,2.38104457,3.42232091,,-8.3893108,2.62860846,-9.0923286,-4.5516001,-7.7274211,-5.0870075,-8.2190331,-9.7256995,-1.7853011,-2.1590088,2.5701546,5.36945475,2.59706363,-1.1736204,8.89216273,-1.1289466,-2.2245758,0.97190465,3.20368824,13.7963103,-5.1307281,-12.323947,-8.0481714,-16.065592,-4.6471201,-1.5445709,-8.297308,0.8974903,3.05682945,-0.5992342,-8.0287128,-24.171825,1.84149874,5.66269498,-0.8415227,-2.9549965,3.33294035,0.54204203,-2.4294778,4.63118999,,,1,2.04321716,-1.5608929,48.858955,10.8091358,3.02794524,20.5644881,48.1432176,21.9917469,34.8897736,45.0247795,47.2065053,30.3897132,39.8849051,35.3102886,6.37173685,25.7903672,9.41103148,64.6473335,42.483072,66.1983848,75.5297706,122.748532,93.3352139,145.935998,124.422845,160.312046,79.1101184,101.847617,96.0206235,157.014231,129.078509,171.631598,101.106935,42.8561437,169.248275,154.710253,76.2264905,22.4194706,49.4338081,96.8452045,61.1459422,108.281966,109.906394,135.985244,68.2589432,91.2568754,13.2950618,49.1793833,29.1518597,28.2473,30.5733999,,0.33550131,-6.7357958,7.24058845,3.8395926,-2.3492339,-1.4959284,10.7642899,3.83044387,2.31878875,8.00963081,10.2153104,3.54361346,2.52683874,21.8941929,0.71119591,1.37457431,0.60097555,9.98496487,6.59332747,1.64792149,11.1932816,-1.0471274,-3.0130413,2.87594153,-11.589875,9.55121075,0.03110775,2.20832572,5.89857428,2.38837437,5.28564164,0.65330189,5.19759164,11.2584534,-1.6515452,7.59829389,4.88110112,-1.7355409,11.3158232,3.40181387,23.4134657,7.439323,1.57095392,6.99652536,10.0437879,9.68359003,5.84846689,15.5041439,22.2562195,9.80565502,-31.716818,,,1,34.966084,53.8422501,2.57881182,4.34541883,1.47676202,-2.7550086,27.80857,62.685967,137.708762,108.97024,88.8561452,114.881894,127.553782,286.89342,97.2190005,50.9122829,88.2499034,11.6706778,14.6379585,66.9576955,44.2240657,50.5762607,92.7671464,120.222893,32.5908772,59.9522611,39.8899654,20.9069138,,6.14970164,3.19799991,0.92848676,2.72223801,5.22818295,-3.9839387,1.52409622,5.13710546,2.69623881,-59.801693,5.56676683,0.83546458,1.16712369,-9.9329918,9.02906809,9.32831792,21.8270283,1.47589106,0.01852039,2.48588273,-9.2643807,-7.394395,18.227465,22.8543842,10.1021424,5.70768983,4.72417142,7.92623584
,1.333333,20.7670182,7.95246068,-3.0819705,15.9537293,15.7720551,51.4950972,0.97120975,11.1265444,40.892262,58.0276675,28.9754264,7.21383687,11.6095494,55.6335837,44.714949,55.5777267,77.045118,33.9060454,48.0846221,31.0305266,22.3174225,78.064205,99.3205784,78.7947531,33.3925009,95.5158565,46.5261662,17.4908072,27.0100667,57.0727796,17.3529198,59.639771,41.0540601,54.3186642,25.6435688,25.6345019,3.39049368,46.1352083,49.3891013,-0.5738914,22.1841408,19.3273032,61.2180174,14.9997353,43.7974816,10.7809232,0.51746449,56.0925896,,9.59966086,1.67412184,-0.0236834,2.00516308,-1.1753201,-10.759238,2.23158066,3.50674609,-9.3330741,2.97420862,12.6433058,12.7392624,0.93898137,8.87748983,3.03641151,-1.4323295,0.97214654,-4.0700146,2.64755262,-5.3376624,-1.5357199,7.10114429,0.24672721,16.8465287,8.14277558,0.72583386,-13.589622,8.79762453,8.25639651,11.5272125,-2.5849531,12.6588382,19.4527238,16.8841386,0.45333596,0.60192228,3.12882475,4.32504086,3.69340942,0.02606138,7.28150439,4.47364964,35.5247834,-2.0250384,2.9390232,-4.117502,-22.599335,-13.033928,,,1.333333,72.5666506,45.2824334,58.857116,53.6246946,53.962227,50.0568915,79.7761716,66.44359,53.3236902,110.235737,83.4365734,21.6924087,22.9721118,33.1742937,67.4919293,67.529769,70.97064,38.0264755,104.102446,33.6136121,60.1000026,49.234225,46.8883335,85.373188,40.9151186,75.9979731,73.2587793,70.7073419,7.02802746,1.70844511,36.9085205,25.5515042,13.1107832,7.76034458,5.05283434,1.84893638,8.57780597,9.32855557,1.32757056,4.0452616,,-2.3669873,3.49142756,6.76042567,-2.7453034,-8.5960565,2.02532688,-9.1103863,-5.531369,-0.6953461,-0.0459,-8.0495964,7.01488153,0.49343527,-2.9548071,9.02506587,0.53031873,0.23905207,0.88470997,-10.236933,13.1597353,-4.4557827,-8.2479962,-7.6310032,-5.2345411,-11.716314,2.42427274,-4.3903083,12.7805812,4.35860663,-0.6018733,-1.6899531,-29.636989,-0.4537249,1.03669613,1.58356372,-4.3139509,-0.0168699,2.21194786,-4.2296094,0.53721985,,,1.333333,5.98707264,1.30376393,68.7217584,13.2189359,4.14623416,23.0846124,65.3012619,31.5830837,45.0095616,60.4907678,51.8593232,43.0074841,54.7947123,51.6598741,12.4804059,39.0331948,8.55247488,70.6634771,47.4564131,76.0219913,83.8246888,125.179222,80.972589,151.985595,113.690355,179.562641,84.0661986,99.8833425,112.22227,161.231239,133.82985,177.964938,107.491405,49.4409683,176.861666,157.588962,84.0601947,28.7003034,50.540776,109.63456,60.5204551,113.880107,110.404484,148.398192,69.7367556,98.811542,18.400946,57.4611751,26.9191885,32.6934265,99.2510726,,0.16586889,-0.8112505,7.44559818,5.07852395,0.06160898,1.05858275,5.93180742,5.81729422,-2.7850167,7.15260196,7.15054356,8.29678475,-1.1647016,25.6946601,2.72203489,5.75591865,-1.7721661,12.7631244,-0.2697434,2.45764561,5.97867636,-0.2746781,-14.961716,15.384144,-8.3657357,3.33407222,-5.1781132,-2.2716089,5.20580296,2.77207214,1.42937033,2.86669663,2.70274497,6.94068281,12.8114694,6.84286671,4.60509617,-0.5261414,-0.1932441,2.38060532,17.3020964,4.96263623,2.32450873,11.19313,1.37777236,18.1777211,3.46193304,6.12401942,20.5732864,6.47065754,24.8908331,,,1.333333,43.3428307,64.9173413,3.21839204,2.00787637,0.74230767,1.94167713,32.271942,98.3423313,168.680078,182.356982,110.134578,152.06992,118.078726,320.719014,113.594938,53.4325358,103.741768,21.6102923,18.0487345,81.5743448,50.6176098,34.6128092,79.4117346,149.260665,31.4747726,42.83251,43.8805787,26.2229451,,3.74129972,-0.3752384,-0.6844382,-0.3468499,5.22820078,-3.9687407,2.96786042,5.04962731,2.31422548,-4.2602828,9.61986424,15.8136501,-8.1187895,-7.7570228,13.3263728,9.92995295,21.2403614,4.79520432,0.47757196,2.89089072,-2.466322,-9.5522045,11.2125814,49.1641565,8.74117841,-0.6167292,-6.7655664,4.27697643
,1.666667,23.8809249,12.4829814,-3.1054032,18.3048164,16.3272192,57.1062336,3.13737724,16.7320449,43.7117379,63.4457975,25.3709206,5.60484221,13.4362255,65.5107419,44.2233612,51.2857543,80.394855,28.1269235,51.3036127,35.9229315,23.8689898,70.9078883,96.9554039,75.4011963,34.0384602,96.8119618,46.2924685,21.7483648,34.0487916,63.8577421,24.125835,67.0670339,41.4318277,60.5936266,32.8220492,30.8289242,4.65607444,46.7558374,47.6944129,-0.6575375,28.7701745,22.507505,60.2509505,35.6664389,51.4703517,12.8223779,4.56726821,62.512193,,24.8553482,11.4604595,12.3549861,0.45475358,-0.5499349,-10.061539,-4.7496745,4.67265671,-13.763891,15.1775587,4.25820129,9.28333694,-0.8375761,0.95723887,5.74835267,4.60624785,9.00852781,-12.725433,7.40630143,-3.5640005,-1.0598657,-13.54595,-3.9689476,6.31257307,9.05873023,1.53757696,-17.09057,11.3093724,7.87850397,5.07407427,-2.209472,6.23204697,11.4484626,8.53476786,-0.2128156,1.00341925,7.66836188,3.18009687,3.6258107,-2.8989801,15.2402169,10.2331438,26.4319948,28.861372,4.59559048,9.20646236,1.34621177,-15.354201,,,1.666667,71.9298095,44.3324704,49.1070939,54.9846633,56.8371161,51.4080604,80.6408084,64.4313708,61.2820954,108.616986,94.3002008,20.4073916,23.44534,33.6128284,66.9844744,72.8972819,71.6053882,37.6204439,118.513766,27.7268469,63.859593,51.7764343,47.1967668,92.9477316,44.6385647,72.9038247,70.6630493,42.296656,6.1232511,0.50407611,37.3079496,36.0668031,15.0586678,5.72902752,4.08903762,-1.6811685,7.90412209,7.81176241,2.78724613,4.1755009,,-5.9544895,1.30786204,-3.8106984,-1.2092705,-2.3348279,-4.3860336,-5.1751981,-1.7702718,-16.973442,-8.3353535,-8.9314567,-0.4189518,-5.9802357,-5.5592321,1.07210703,-0.909867,-9.4018725,-4.3637104,5.12765706,1.85666101,-0.5679834,-11.16217,-7.094805,-2.989986,-6.2715164,7.0090879,1.0711315,-22.157675,2.2699218,-2.0238648,-1.4043525,-21.839166,2.91773473,-3.5188414,-1.4690798,-10.37998,-0.3598132,-0.542827,-3.2475458,-1.3850292,,,1.666667,8.31487887,1.65216154,90.7045871,16.3670876,7.54798819,35.8727602,74.1666253,45.9591489,62.4825354,74.0149119,65.4644692,52.0727653,65.3543759,65.2034313,13.4266369,43.2595688,10.5707096,83.44685,54.0101204,84.8766607,90.0517828,131.161218,93.7647734,159.652628,115.984059,188.991498,95.05347,100.572004,125.283493,156.296987,132.299679,184.319725,117.366023,54.1785135,174.835811,154.465998,91.023613,35.2044307,52.3926673,112.227098,61.5148832,118.911321,107.254782,157.581414,59.9442805,99.9368296,18.8236489,62.5576125,19.8136855,42.4048627,123.546811,,1.43129918,-3.4044166,8.56457489,9.05852505,6.41377325,6.76902635,14.2056599,1.56694989,7.0189425,10.2002445,8.30950601,3.76095319,-4.354304,15.8596694,4.27369504,1.58399279,-0.4497549,20.0516701,-1.5287707,3.45609128,12.3331027,0.49613779,-1.9445414,-4.103137,-15.215127,-2.6145162,-0.2080285,4.48430677,7.65840928,2.40552459,8.35684085,7.47891933,4.49812649,8.2115515,8.85822649,6.0229814,-0.7199858,-0.9674401,7.44566756,-1.4867514,10.7307655,6.2068893,-0.080202,7.92075552,-3.0338747,-7.1932329,-0.6221517,5.02285597,20.684965,17.2891418,41.7520497,,,1.666667,50.0920912,70.1835325,0.85234824,0.96432692,-0.0904601,1.46410862,30.4590961,124.472799,193.870585,204.832081,121.672243,156.699652,126.34265,306.347753,128.352047,65.3917965,111.64454,19.898424,20.5668634,92.3804105,41.4147087,31.2984898,72.3248363,46.5851185,10.9166415,37.3902707,38.01965,33.4733743,,9.85552379,0.72195451,0.72179288,1.16529589,5.70496546,-2.4461903,-0.7113265,5.44520069,7.6809468,17.122408,6.97185411,5.77899277,-4.6204843,3.79647228,18.8902259,5.96270622,20.0426966,4.8589078,2.02883873,4.8084673,-11.052134,10.8860778,14.0681226,-43.005991,-10.019672,-1.7163377,-14.125728,7.36017706
,2,17.2922471,9.91554269,-5.9583487,23.4902498,20.9477249,62.0428817,1.32085075,17.2984356,57.4910676,74.7339086,34.7165819,9.28481606,21.6077085,70.7726036,51.0290853,57.0058876,80.8065319,28.7447857,57.1497071,37.8762695,29.6917766,67.9574392,99.2242544,82.7717294,38.9605016,106.009311,55.53507,22.7764852,35.8039441,70.929227,25.7238698,71.7312191,36.9442223,63.4000706,37.7502898,37.6126539,10.5117832,44.7377464,53.0346078,1.89818488,31.1938497,25.158715,20.3701132,33.2947629,59.536537,13.0135724,4.22161785,53.7334528,,7.38960101,0.15830299,-1.5351464,3.15538447,-1.7226596,-0.8417993,-2.3241379,0.52427653,-1.1094441,17.4176816,10.4798883,11.5278873,2.88750742,6.31844117,7.43310898,-1.6353689,4.09225463,-2.0051139,11.3125687,-1.1326772,3.08441048,26.6584524,-5.5685106,1.86745541,2.49671138,1.04975541,2.88064614,11.4161223,7.21973671,8.71379937,1.12265541,5.99763234,10.6647915,9.06294899,2.21693298,6.30079046,-2.5891215,-2.2524787,11.1660349,-0.1081192,2.21367583,10.7995093,-17.10491,34.3228775,4.65266929,10.7098799,0.0961979,-23.777408,,,2,77.2442177,52.477146,53.0264317,55.8216498,60.4785137,56.8479695,88.1386447,61.0367864,72.9649932,118.569845,94.6291352,24.2927813,26.4744942,33.6920047,80.0096483,80.1448092,74.6985408,41.22704,119.962169,30.5734735,67.5156955,50.6523041,45.8285409,92.0226824,42.4486218,77.7373203,70.6277002,43.7596381,4.97590462,-0.6514102,36.0935982,33.9020268,12.4995391,12.3373662,4.59955649,0.86858823,6.92235864,8.44137678,1.612153,4.83138225,,-3.0251532,1.00800612,-8.8000675,-2.2595481,-5.1248953,-2.2320185,-1.4449659,-5.2359304,-7.1516955,3.93080784,-4.3775436,0.66792414,-4.8009619,0.91715981,7.59973891,1.5923155,-5.1571139,-3.2343661,5.34337702,3.31776466,1.33373775,-10.810443,-1.9509427,-4.7546737,-6.1995812,1.08331518,-1.8547348,-23.629768,0.36337227,-2.8047234,-8.1006211,-20.531456,-4.4672552,-8.2794226,0.80783606,-5.3466702,-1.157351,-1.542368,-6.1011427,1.01062952,,,2,9.07435307,0.94295646,101.238478,21.7702859,7.62895488,42.5696135,77.3016592,54.5797372,69.0422318,81.7290367,64.028312,57.3868969,82.1163826,75.5325956,16.1374266,52.2271894,13.3425834,86.129795,60.8412971,94.6039084,98.0433397,127.263936,90.7947093,160.596139,115.460436,197.67126,100.283202,94.908186,134.875238,154.239071,135.957158,190.897395,118.006315,55.5687661,161.153264,146.988087,96.5504132,40.6471727,52.9270894,111.606105,64.5365839,119.695559,106.448524,164.177348,70.72555,105.175582,21.1626288,67.4203015,14.8779647,45.7879031,110.390437,,-0.8185453,-1.3435093,10.8764876,5.71414527,5.26091055,10.2531096,16.9105113,4.56979958,4.28457244,6.12712352,1.44986195,9.31964691,9.39137083,22.1847947,3.60039049,7.37398125,1.51407751,21.757292,2.8452181,3.35480247,13.7768958,-1.9703283,-6.6788974,-3.0204703,-6.0365271,3.95242826,6.87771508,0.42012822,8.90726327,5.25209415,9.15391178,3.33351928,5.8896544,6.77967675,0.11081166,3.77911261,-2.9242742,3.47753482,2.36592963,-0.5549774,8.3931079,10.0358739,1.1619187,10.7766669,0.98103309,-1.5947679,5.65461558,10.4554617,16.8867779,16.0437571,15.7007912,,,2,55.0901446,73.9621958,0.84199191,-1.8119853,-3.0265987,0.51213656,36.8699737,126.062468,194.302838,193.646849,127.593924,173.428597,127.963204,298.892413,133.3355,77.5765511,126.326992,22.4200884,21.7851079,98.7609546,38.2155525,29.170933,53.6658413,52.7894598,6.62914463,39.148434,39.2090882,37.5763772,,10.7492406,-2.4873771,4.07179392,-0.8422026,4.2202027,-3.9154205,1.06922719,4.67799458,8.04488849,10.6595251,6.86524839,19.2104191,-0.1731171,6.04492618,16.8037287,12.6955705,21.4989924,5.92060783,1.93363559,6.66898892,-13.473037,10.5103903,11.8919606,-29.736095,-20.269023,0.61543134,-9.4465872,11.1589333
,2.333333,23.9252062,12.7795555,3.70556736,24.1299087,23.5270544,68.8603621,6.47338434,17.9702507,57.20558,75.9140281,29.5673288,1.97785358,27.3111874,74.3167387,53.6703772,58.2474485,88.6625296,30.2911865,61.3779926,39.2168873,33.4764857,72.1743566,105.809611,83.4913331,38.8304095,104.723185,59.9022993,26.0656475,40.2779785,82.7191975,30.1881862,73.6884818,42.339052,71.077612,34.2274742,38.787086,11.722166,45.1995899,50.2103029,1.91926549,38.001093,30.0542072,38.4638271,18.674134,65.8242339,15.7526569,6.34694475,55.5590442,,10.9904603,0.8942999,3.28834741,4.53166169,1.3274388,6.19390513,3.84816296,-1.007047,-10.557406,20.3269629,9.26152484,7.36692695,7.47081598,9.0207574,13.3243229,9.802712,14.4418843,-11.004283,14.8065095,-3.4298799,4.86899707,24.5160191,2.76088544,5.69641682,1.00819576,6.19408216,-3.1762111,14.4416025,8.13768554,15.155481,2.01151514,5.45879543,9.76043327,10.8276353,3.03356267,5.19879669,10.1354248,-4.5996988,13.0106838,-1.6648532,8.54587433,11.1588894,-0.3577341,17.5398584,6.48659856,11.1256183,4.70207659,6.50658997,,,2.333333,79.6752971,54.4638145,58.983909,54.3488362,68.6446606,59.9788952,90.3781093,60.8759123,79.4382035,120.17786,78.1122332,22.6013597,27.8582005,34.9273192,76.9652686,86.2484229,69.9686176,42.2908074,116.073784,26.8545967,63.3331357,51.2706078,48.7883512,106.044927,42.7875657,78.5252552,71.6580357,56.8550491,8.24339253,0.67189445,40.0690516,41.898812,15.16695,12.9197396,7.91725741,1.3129082,13.3481901,13.5505803,1.13807884,7.53955636,,0.95023714,-5.7003264,-2.758901,-1.5413343,-6.995018,-5.4749329,-7.6970685,-8.4659771,-12.392576,-10.088165,-24.994554,-9.2150796,-7.3730311,5.84579098,6.57602329,-3.1689669,-16.056161,-3.644418,-6.6069671,-2.054987,-1.2556513,-11.615134,-1.4496524,-6.9981289,-8.5840883,-6.7384675,7.34943662,-28.188089,2.80807164,-3.698547,-3.7519953,-20.681712,2.71686919,-3.8136469,-0.1098031,-2.191625,-1.7443697,2.86877665,-6.2865491,-1.1475835,,,2.333333,14.7204984,4.40578452,99.439272,24.6043954,10.9597022,48.8928095,82.53205,61.3287966,79.9784843,96.833461,69.0342803,58.7103906,91.1249066,82.053921,20.3112957,55.3465856,14.4741336,86.5270369,64.353932,103.01489,99.2970827,140.946073,77.0246509,169.726642,108.265161,198.631566,106.394186,100.015623,144.15916,154.298022,134.943195,193.046523,116.010196,57.9603569,163.946677,148.560178,108.438586,47.9067101,56.1765032,114.62027,69.1788727,122.721917,105.103016,176.946505,72.9600587,114.021892,27.8465087,65.6344975,28.2635441,49.1379413,100.417641,,2.39637939,-0.3879662,9.18085936,8.77598593,9.5879034,8.53082115,15.0091553,3.76054438,3.67682879,8.17413852,7.47993075,1.97753628,6.81521329,15.8761893,3.71922637,0.40456935,2.01881177,12.567703,1.41415481,6.7718346,17.1724094,0.39090657,-2.6430812,11.0601496,-9.1290237,2.67535908,-0.5015048,5.1687582,6.53227629,4.12839086,5.0572511,5.11574943,2.50514068,9.52043814,3.6593293,5.61912838,18.6356274,4.93715406,1.32447742,3.50239335,14.6222134,7.71394234,-4.0068549,9.99567982,4.94634119,22.9824678,7.72196071,11.7760357,17.1913365,20.3190371,5.6154649,,,2.333333,58.3969982,79.3646256,-0.4438277,-1.5011941,-1.4937227,0.53503122,35.1638308,130.15113,189.960674,174.17695,139.233561,173.776675,130.947881,317.442772,143.723964,80.8718668,129.077351,27.0568819,23.9911694,101.037917,35.138392,23.8392249,47.6942516,81.1973246,7.30076971,39.6542764,55.3681586,39.0203476,,7.88467129,-4.1144229,-0.418149,-0.6515288,3.71685082,-2.8572627,2.3473445,3.36993964,4.05590892,-13.090247,19.2218409,14.3730008,2.13010371,1.0000337,23.8378849,7.24242511,19.6039234,7.91436193,2.1337426,1.10591607,-8.044416,0.07401052,16.5161807,10.201331,-22.744648,-1.756034,-6.7509194,7.09302993
,2.666667,24.5655555,15.355962,1.26969712,25.2140056,26.2595076,68.3186646,8.83448818,28.1704139,67.9345507,83.9093485,40.8866983,8.03636832,28.1452822,73.8548742,57.9016129,59.9174125,88.5645419,31.7722481,62.145685,39.8799837,36.1912607,68.1970902,98.5621699,91.9984715,40.4541104,103.33717,69.4520444,26.0534653,41.2676178,82.6947336,25.7088329,79.6181188,42.1002875,70.6044417,35.4844888,42.4787814,13.2968913,50.007911,51.1445938,4.40801287,44.3167426,31.3578431,45.3851584,13.3505792,73.7489353,17.3856743,11.4383876,57.0841992,,3.58394148,0.21521109,-2.6554958,3.69115242,4.59907982,2.3982373,1.23534814,11.2549883,-5.1313293,13.3347143,14.7905595,13.9388284,6.23674689,5.17835253,5.39857842,-0.6391716,14.8015625,-6.3800294,12.6351815,1.97678789,7.12705719,18.5174104,-2.8637103,18.2417932,-1.8446026,7.05424413,-0.4187692,9.30665461,4.29800766,3.3064259,-2.4509191,6.43882624,10.6909343,10.2351548,1.51019273,7.03262949,14.168039,0.11901475,6.38159445,0.16836655,6.60819856,16.4554192,3.7967037,15.5727552,9.02742192,10.2869974,14.809619,14.3036587,,,2.666667,78.8719965,58.42001,50.1966157,53.4714662,68.9386159,61.897572,83.3398691,59.8529846,84.6943777,114.986761,102.448204,25.4245381,31.2688434,39.5561944,81.8078108,93.1684756,73.4220364,47.1076038,129.121163,28.5848759,62.7718171,52.3290257,49.844131,114.179789,41.9844142,85.4998653,65.2662209,79.8422548,10.4895037,2.2692682,36.9168431,40.4371776,18.580762,23.2622239,8.1235281,-0.1192429,14.9638162,13.1403423,2.19890907,8.67785496,,-2.5848626,-5.3063848,-9.2016792,-2.0865659,-10.575903,-3.6406325,-17.067484,-3.5443232,-16.373644,-5.4112041,-1.5013332,-7.4970329,-5.2577156,-4.4201721,4.99208152,-3.6345644,-14.97541,-4.3605387,-0.0327554,-6.6204506,-1.1267082,-9.1049602,0.83189816,1.34574734,-1.6371344,10.0433337,-2.0402125,-11.319821,6.21868807,-1.3022658,0.58597336,-24.754604,4.05733013,3.27359074,-3.9888831,-6.1743033,0.46513926,3.03831702,-2.0421036,-3.2766674,,,2.666667,16.7381506,4.27650239,91.8500077,29.1723428,13.9178906,49.7509617,85.9735912,66.8860511,83.4156985,107.61432,75.2640726,62.143636,88.6816495,87.7774384,20.4127466,58.852302,15.928451,93.8436961,74.8189303,108.933614,105.358976,141.219156,75.3602542,163.396519,107.922097,192.771676,106.643134,96.57838,148.607059,150.962583,144.096705,191.883732,111.12914,60.993859,165.931994,145.13598,106.069808,50.8746978,55.6701051,115.93571,71.9283701,125.071085,102.296114,178.759176,76.7131658,120.576581,29.406987,62.1475419,26.7951267,51.6986915,133.847475,,4.3986402,-0.6394838,3.32079426,10.5543763,8.4560125,16.426851,20.1770156,5.85551472,8.25342567,8.27248161,9.47633043,5.93593774,5.06049479,7.05345275,5.72911962,7.15497272,2.39804949,18.0576189,7.28572581,7.86934218,10.3584583,-2.3026055,-1.5244877,-2.3256738,-9.8227535,4.99232388,1.35716915,1.96226739,10.1956081,-2.323585,7.18568071,6.32824404,0.26803082,7.44676508,9.81746348,4.12195425,11.1438981,3.05517225,4.99743694,-2.0590394,27.7555074,5.12562363,-7.6604199,8.27531585,5.67325257,12.4566174,4.06844032,3.90664723,19.0703302,21.2483294,25.0777131,,,2.666667,62.4615263,80.5440215,0.82384472,6.30647338,0.13714375,3.28929549,37.9931538,132.111667,192.120888,173.40858,142.124082,181.487344,128.138683,355.11619,150.553108,88.2923764,136.170187,25.8441097,25.0315665,105.310763,33.5807185,22.5859549,39.7204459,36.3445009,12.9213284,36.2904007,49.0474819,45.2576636,,7.64397882,4.28900556,-0.2478327,9.23992215,6.24875648,-1.5406698,0.2130031,3.77766287,3.29729057,-10.871599,16.8098047,15.4978615,7.50338929,-3.2090037,22.4338475,13.9440434,19.3632147,4.10880568,2.17105597,3.06479904,-13.29685,5.89096077,-2.1145769,-30.234095,-8.8587211,-6.6783872,-3.8799581,13.0617374
,3,22.802269,15.0102723,-0.2880907,26.5332406,23.7146551,70.9251488,9.6675907,25.1207298,69.8389049,85.1851686,45.0364642,11.2898958,32.410698,77.1963219,59.9060744,70.2999696,93.4064626,40.4904859,65.5745918,38.2987158,37.391493,72.2720961,106.897777,84.3231553,37.9962984,106.983344,68.5949227,29.2178709,47.2561649,96.7335819,29.7139016,80.6613795,38.3333105,72.4981844,35.3376761,42.8909205,13.6313168,48.8990895,47.3189664,4.85855072,45.1430385,36.8134035,48.5174671,14.975281,72.4486354,19.6949476,14.5447335,59.6625677,,-0.8703906,0.68769799,2.61755655,1.45198497,-2.3814531,1.92421399,0.2216763,-1.2732809,5.57071472,11.9635504,20.4361668,11.0961073,9.47493089,-0.8126868,6.09609033,0.25262318,3.75722571,7.02025952,18.4774626,0.37083656,5.71699998,-8.0537018,-5.3862384,9.91344525,-2.0638246,2.46464118,-4.2063303,13.9923144,17.475538,11.2765778,-0.6230512,3.86892407,2.98138221,8.53858001,3.54569953,6.46513427,8.51065787,-0.5115139,15.2279089,0.32453093,4.99170142,14.3471379,6.61976393,15.3660526,6.64103598,12.9285726,-0.4284687,10.2933719,,,3,82.5429738,62.1350641,52.5491901,57.2046401,69.8555445,60.7815864,82.7568647,62.157199,97.4449197,120.248209,104.723155,26.8323387,33.4941963,44.6080912,85.518401,96.5773075,75.5595299,50.3865167,137.319861,37.1612358,61.580316,50.4600524,51.7063052,124.694862,44.2801669,86.9441721,62.3494017,109.700027,10.7863464,3.22748462,39.7108908,39.9323949,17.5133519,14.0803514,9.1500247,-2.0967558,11.8400465,12.8049765,1.33652969,9.41118287,,-0.677307,-2.8117049,-11.216861,-2.0251413,-7.4515546,-10.526359,-25.295758,-6.582776,-10.457032,3.27624588,9.67410959,-4.132416,-7.0318483,3.42720099,3.08624385,-5.2972864,-9.0726522,-3.8707368,6.85312971,4.35243945,-2.2877277,-15.31241,-0.4141693,-0.741976,-5.6444028,5.28186278,-1.0639745,13.4262262,6.35113503,-2.1833251,-1.6580118,-24.710828,-2.3348514,-5.7560997,-3.8210263,-7.5397237,-1.3004692,0.10415542,-2.0528154,1.64628645,,,3,18.1611324,6.97529372,93.8365661,35.4248552,16.5221712,53.6671928,91.4129854,70.8701055,84.271351,107.537151,78.0161118,63.7720942,86.676596,89.1127424,23.8549169,62.7052017,14.1915369,100.739161,78.6903281,112.12312,111.583204,142.406576,81.2651289,163.109049,110.306544,190.940827,106.429184,98.9689967,145.383745,154.338068,142.664313,194.340088,108.747188,72.3544286,162.552428,144.983609,109.227096,54.3423914,55.0139407,115.46955,68.06827,130.536571,106.850571,186.236389,87.5583231,121.909139,31.4705523,50.8946923,29.489911,43.626796,82.8046745,,1.70540657,-0.1406281,7.12809668,11.4356889,5.49917327,11.1753844,20.1875982,8.71952503,5.73282881,9.89741698,12.5027044,6.29566094,9.09156115,4.40068972,4.02354472,5.58363577,3.78554187,18.5583856,5.82875143,9.30981716,16.4136693,0.4557164,-3.962174,0.11944044,-10.057271,8.76922562,-2.4157685,0.93784594,5.57485172,1.25382019,7.58529512,6.43696421,2.15215975,12.8324914,8.55751354,4.44635526,10.6987943,9.07721356,8.29753639,1.11875503,5.91775179,6.20751815,1.76170237,5.01659554,8.37567659,2.55413931,6.72962123,1.62710912,12.540944,19.2503085,-25.791335,,,3,63.9177387,80.0163881,0.3443382,6.07024696,-0.6847306,4.59483176,36.8501882,136.56091,195.393098,231.430052,145.583474,193.908092,131.039889,381.885517,147.993893,95.3246655,143.959509,26.9418414,27.7961418,106.691201,33.1861279,14.9717542,40.4632152,99.2356047,-8.6776838,45.7548284,55.2230662,49.249798,,8.48910681,5.07741821,3.63399549,5.38139406,3.42124046,-2.523049,2.6931855,5.95043932,8.86572933,43.2881234,17.3993922,29.1603386,-0.0541219,3.958076,18.5879432,3.59047511,13.790611,4.7918519,2.66233087,5.96924476,-8.2732611,-5.1052997,7.88553318,36.0754633,-26.209414,10.4876373,-1.621716,12.8495813
,3.333333,29.8806245,20.3624527,7.91656306,29.4198338,29.8357601,64.3379378,8.68149082,29.05112,77.6925448,86.3306787,51.2406606,7.68308372,35.4703991,79.4888886,62.2091473,68.3614694,87.7519721,39.2202057,59.8579851,42.8092281,38.4028237,79.2043466,120.514491,85.7086686,39.4912341,104.846628,74.6245403,33.0632144,49.352735,95.6392497,32.4584331,85.5354879,40.9356178,73.9405181,32.7093474,41.6067978,15.8380543,51.5919285,47.9553056,7.62638444,51.2515776,37.2020324,51.7237789,15.5132395,76.240924,23.2936169,14.0866384,55.7603601,,4.78372639,1.14417063,6.35737006,4.95845999,2.3562768,-9.4953911,0.74465126,-1.3135624,5.31146001,11.9374783,24.9746461,7.57562046,5.00957842,4.2997778,9.105584,3.97380598,7.47906094,2.14930054,13.574432,7.52199694,6.65857049,24.9273569,2.76991505,7.1873936,-3.2604607,2.95535323,-0.7281463,18.128363,13.9620316,10.1245362,2.57546088,3.9882898,7.00681323,7.58379725,4.62441522,5.80042617,11.56473,3.69505605,9.39267345,2.91480078,7.65817575,15.8249352,8.22682604,15.4051471,10.919059,11.8637785,8.14746278,13.5032256,,,3.333333,88.6420402,70.7956718,60.7743149,63.9922925,82.7350737,73.3276706,92.5432392,70.2240997,97.359564,115.416588,101.708713,26.0807429,33.049065,30.3582559,83.5018138,99.2841541,75.035256,52.3398846,133.216389,25.4420861,59.5998771,52.8076354,52.2550148,133.520999,46.1151462,86.3859782,69.3014968,87.4385191,12.6959342,4.44305842,38.5372893,49.7038481,20.4899545,15.9021424,10.652035,0.49109189,11.4662527,15.5806052,5.06579992,11.917336,,2.235546,-4.2308674,-5.0366407,1.66137501,-5.8238411,-0.1570199,-17.69065,-2.7517979,-12.398957,7.50411321,-2.5848508,-11.240033,-7.562954,-13.386567,3.98319761,-3.8110683,-14.555144,-5.6207274,-2.51449,-4.4823273,-4.7421687,-13.378446,-3.8850208,-0.7576713,-4.1700682,-2.5189638,-5.7175427,-24.231671,7.18363471,-1.6778157,-2.8802349,-21.597899,1.11260787,-6.6010115,-2.1333893,-4.5042248,-4.5194716,0.7246108,-2.1974926,1.96292806,,,3.333333,21.6654961,8.63227458,94.8120229,37.4643254,17.6497883,55.0400227,91.8647475,71.5392556,87.1563577,107.66415,77.938569,61.9682927,85.1075812,92.9011751,29.7257061,61.8126225,16.9334409,105.291658,83.0359004,116.770997,114.427095,147.252029,86.1220353,157.332608,107.479171,184.277941,107.496478,100.722221,152.339165,151.379786,145.054575,186.472031,106.798219,73.4871953,162.898071,142.594411,107.546773,58.1296279,55.5451158,112.776719,67.1548768,133.23928,106.321113,190.555949,75.6659252,123.929736,34.3063525,57.0217375,25.489493,50.0026739,104.222448,,4.75944412,1.05834138,1.98334735,14.5267838,9.72295672,10.5172546,4.00607526,9.75818889,9.3364483,11.1881073,12.6849017,5.26978646,-0.0164526,16.1704591,10.3902,21.6208031,3.08833508,15.9116353,3.4762022,5.45634988,13.8519431,-5.3781143,-3.5967217,2.96565433,-0.7712732,1.49482238,-1.0662652,-3.2947518,5.86946174,0.9837853,7.83816217,4.76708666,-3.7275487,11.4747893,1.81711751,4.76612708,-2.1714275,8.15340064,14.5133641,-2.2012945,7.0440311,7.37649115,3.40018733,8.64761885,-7.8836177,3.5279768,7.53307115,5.26330331,15.7524327,25.5818952,-2.8058918,,,3.333333,67.8611468,84.8946796,3.53104851,-1.005546,-7.3215852,0.4214489,37.067016,138.132453,195.639734,208.651894,146.802507,191.899946,133.326885,420.183095,148.762354,97.8111029,147.531684,29.9348159,29.2337408,107.671585,29.6638238,16.4608762,27.2628306,28.7316369,9.51746534,35.0017681,58.6012744,54.6927918,,6.99911283,1.08574604,4.65200251,-0.682254,-1.6585205,-4.8948458,8.50867173,2.5903779,4.54782583,32.9735831,19.4793848,18.2777616,11.6721416,1.16936317,19.6255444,0.95680046,14.7018748,7.42036093,2.37078738,3.88382596,-9.1275857,-5.1112215,-2.5200771,-42.42837,-15.486566,-5.5509316,4.0483442,10.8105433
,3.666667,31.7557129,21.3370673,9.78232572,31.9278567,30.6474325,71.023161,10.7617276,30.2457092,78.9561936,67.8137951,49.1265415,15.5382706,33.34716,75.9697652,60.7913267,70.4734545,89.197134,35.1343731,70.4382137,42.4134962,41.7904785,77.3424645,122.082918,83.2052361,41.8297649,109.067054,78.0730936,34.0135962,49.7427885,98.8209133,31.3001523,86.201536,42.5777848,77.9774952,35.8616753,43.4478004,19.7835907,51.0362192,47.1809441,7.46074289,52.3750206,38.0255013,53.9978349,16.2336244,77.4299269,25.8326549,16.8211379,56.5530224,,5.92257616,-0.2667164,3.73522613,4.70845338,0.08957566,-7.1429299,-2.3498968,8.17799636,2.69133849,9.4948532,16.4752849,12.9588782,2.16935887,0.36617571,10.6701276,4.1822496,-0.0364277,-5.1877125,18.3521347,-2.7932334,5.66695467,2.05205815,0.87860896,10.5579887,2.61210182,3.90424949,-0.5665992,18.39455,14.8490055,12.1983118,-1.2122178,6.72388702,5.39791622,15.0022513,4.57714597,6.0371239,6.7700523,0.34860302,10.7448494,4.67899119,3.57246604,15.3884131,10.749165,16.1701145,10.1918569,24.0656783,10.344244,-5.3436195,,,3.666667,89.0611228,79.80347,56.5280343,63.3719226,81.7163575,65.8964499,89.9149245,66.7482379,98.4920289,121.226908,111.605315,30.5180303,36.7268163,38.0157797,92.2429567,108.839172,84.6050782,56.9250804,139.633819,25.5268747,62.3973113,55.7165676,48.9326955,130.58602,46.6120612,87.2386102,70.5548511,100.010028,10.1307296,2.37809219,37.8734973,46.6204606,16.8551256,18.9170414,12.0941453,0.4274774,15.1644887,17.0097694,6.92742065,14.2378621,,-1.9441919,-0.5399729,-15.517061,-3.6685122,-7.2961461,-8.8600551,-22.186128,-11.166704,-9.5867689,5.67995009,2.59620386,-14.874443,-3.7620197,-7.5353594,-3.0539678,-0.7159463,-16.358854,-5.1692827,-3.5061364,-17.545992,-4.9616037,-12.359482,-7.3887073,-7.6223182,-1.0230182,-8.35328,-8.4871881,-22.205871,6.66695497,-2.6061186,-4.2501558,-25.680171,-13.399144,-6.2385181,-0.1538118,-2.7628426,-4.1659696,1.39738,-3.0577639,1.17728023,,,3.666667,24.2402581,8.29648348,95.6256884,41.1643979,19.658161,54.8383179,93.3727781,70.5004652,91.0206489,110.705289,83.3957361,63.9483876,86.600305,96.8415262,35.2028125,67.4477436,20.8244594,110.959879,85.6028962,122.620422,118.809461,149.584468,78.820686,146.501644,113.437669,182.868005,107.799987,94.9517571,153.412975,155.482763,142.492309,185.107321,106.968154,78.325193,164.476039,144.900369,115.184551,61.5074124,58.4364317,119.522887,73.5149459,137.069042,104.619464,192.511134,84.7890578,126.320613,34.1004174,59.8032035,24.967131,39.3848908,118.449499,,4.12465888,-0.9576034,7.33261701,17.7127829,8.37536847,13.283737,7.04599107,3.61198693,6.33503253,4.86934862,17.0212648,8.10396875,-3.3875797,-4.5666254,12.8617071,13.6205268,6.03038911,19.3145015,5.58638565,11.3942228,19.1731454,-1.0058986,-6.485902,1.62385599,-0.4750634,1.61488655,-4.8759496,2.16763135,6.64290389,6.37871604,7.43107302,7.67457754,-1.2719806,12.6713961,6.2476972,5.30837673,24.0846545,7.87158033,10.7287559,-1.0215791,-2.5254185,6.48960719,-6.9229992,11.0387666,3.77685774,-8.7459486,5.10470274,11.5222778,2.34365668,13.4371976,6.93370066,,,3.666667,68.7236322,84.4726715,2.76612622,0.86010465,1.19021802,2.43657747,37.3978865,141.38545,194.408842,183.615598,140.481518,192.954809,119.059704,482.482403,147.946161,99.7984695,157.209397,30.3759813,30.6599474,111.959297,34.0229142,20.3922714,33.0841027,110.306262,26.1948075,36.4475681,50.7255916,60.399876,,5.50546427,3.70042004,6.92565583,1.82196194,4.87896539,-5.6268902,-0.3646287,4.03023778,6.36215223,1.88094638,14.5234927,21.2095165,-0.2020319,19.1282052,19.6203209,6.66709244,15.094435,6.44578111,2.03582981,5.58588238,-0.338713,-3.611278,0.20179599,46.2785842,0.81996858,-3.9424272,-5.2106813,14.8186169
,4,32.7862429,22.9009411,12.4002682,32.8495339,33.7020765,72.6055514,10.7583686,32.1748352,88.4700829,55.3329622,54.654256,21.1839705,39.3001973,81.3847934,63.0435255,66.9953961,90.4056121,43.6490655,71.403273,42.8680419,44.7048107,81.9639471,122.121555,85.9775489,41.7063913,113.370505,81.8974585,33.6282375,47.7257503,104.339231,33.8143893,84.204768,55.19696,84.2006061,32.0856232,43.7837047,19.1396079,57.5093236,51.5154045,9.17499925,57.7255779,40.161699,55.0952558,17.3795064,77.7993882,28.6030745,20.1721007,60.879787,,2.35582018,4.2648762,3.30946157,2.83086186,3.04676904,-5.8783191,0.78943561,10.3403495,-0.0672434,8.15769566,18.5243211,14.8453166,6.77507064,0.45901813,12.7501744,1.7948083,10.7898628,-6.7753514,19.5875862,7.357587,11.7851877,30.3235135,-3.5737009,10.814903,2.19032287,4.60043036,1.84342656,23.8573417,19.9496507,14.8795079,5.68120144,3.7957871,5.12607269,17.9857593,6.92671186,6.39733894,14.4943313,6.3827279,9.94456936,4.80063062,6.79025207,17.020421,10.3162777,18.1258032,11.885842,16.679207,16.064884,-2.2784534,,,4,89.6587049,87.408147,76.3166393,64.0855914,80.8761243,68.4287485,94.3145939,68.2704155,103.007496,116.172654,108.050887,30.044727,37.6701245,36.8860551,85.8123866,108.026934,81.8887036,56.4920269,133.758766,25.4042709,67.1748836,59.1822304,51.4030999,129.538869,41.584191,90.8386026,74.5151978,71.2755789,10.8383549,2.88978058,36.0336504,45.5406211,16.8525186,25.1495407,12.5295574,-1.0154149,20.9292042,19.4026783,7.26291031,15.5059703,,-0.9151051,-1.1424134,-1.7404855,-0.2182044,-10.179094,-6.3393862,-21.614848,-9.3927153,-8.9440834,2.59350872,-9.8329407,-10.089173,-7.0774324,-9.1529749,-5.5910218,-4.2366879,-15.4031,-5.8916404,-1.3346524,-17.345572,-6.3664625,-14.103623,-9.5552319,-9.4043055,-6.9858009,-7.6905909,1.64865385,-40.682733,5.62644625,-1.1906631,-4.9919367,-26.027566,-4.8869343,-5.3620755,-4.113981,-6.7255524,-1.6283533,3.42737315,-0.7337696,-1.4842287,,,4,26.3630407,10.7976067,96.7717363,44.3364175,20.1417368,57.1679056,101.642474,74.8592629,95.2668198,108.845794,82.3815226,63.1927189,89.0332095,94.2614412,36.2020973,64.6403732,20.8575696,115.632421,84.3712567,124.00299,119.686169,153.313866,68.674666,149.504662,112.237066,177.951365,109.182875,98.7016231,154.350624,154.055286,142.937767,178.840105,108.951114,79.7905106,158.123291,141.631873,118.345627,64.2822677,56.1736915,114.116094,64.6742142,134.684704,103.441734,184.915986,73.8735728,124.6503,39.095077,55.5158537,16.3672963,44.4484747,112.572084,,3.65736851,0.24356723,4.59737238,15.1446451,5.98455169,20.4219687,25.3370973,8.61978999,11.3527127,2.85244992,7.35228019,13.4691903,5.85566812,15.7543459,12.932133,15.5658912,4.8713457,13.0432883,5.45379538,11.3655251,21.522093,4.92452005,-8.0760537,11.7974168,0.32473293,4.22262509,1.56032472,4.37469071,7.94103463,3.54889195,9.98082302,7.01551163,2.8780616,9.68356883,7.05509663,4.10528688,20.5315889,6.25808951,11.224202,-5.1167038,-0.6308734,9.15426932,-2.4886096,10.5315928,-5.3508104,2.78094198,15.7457266,-2.2985082,0.50175124,25.8526827,2.61640438,,,4,69.689931,88.717595,2.35287456,3.44377634,-0.6247631,4.48629676,39.8566653,141.530987,190.111556,194.6461,147.779665,198.830571,119.601748,491.535194,149.249975,105.281575,161.906073,28.7714119,30.8322847,115.725676,22.4418875,14.4904175,37.9203877,84.0274632,23.2116327,40.0909305,50.5982898,62.0243996,,7.50200895,-0.3421704,5.9952214,4.0074738,0.37482445,-5.8221137,4.27650093,1.79471362,2.08818915,16.8775487,23.1143968,23.2401375,4.00648157,-4.8133123,19.9980455,-0.4408948,17.8275863,5.49473614,2.54384645,5.98561857,-12.518896,-3.6984542,10.6516009,15.5212192,-0.4946575,0.04537998,-7.7541452,15.8374504
,4.333334,31.7047362,25.9178861,13.8985784,33.6437051,34.4006538,75.9596055,12.3411365,36.5009324,88.395025,35.7832325,53.2229098,14.3156715,40.2250985,84.3559749,65.5632431,76.8293618,93.6487782,50.2966607,77.200372,43.839954,46.7748923,78.9301401,119.209037,87.4727114,42.7194686,117.117313,80.2327653,39.3740606,51.4115028,109.64227,33.3243722,85.5386781,61.8893264,88.73104,32.1668479,40.9453604,16.7845337,56.1138032,45.3382955,6.87869282,55.8157644,41.9355529,55.3580034,16.2786219,75.8099701,28.6320424,20.0158168,59.8378444,,1.8515009,3.08444666,3.36705012,4.6981059,-0.9705504,-3.677935,0.37190483,2.32569263,-2.4800085,7.59666328,20.0377255,7.35955289,8.01765976,7.93651394,6.5082115,9.54157723,5.84711598,7.68285528,14.0736277,-1.4384301,10.1483636,23.0292712,-2.8211513,0.08743444,1.29547136,1.92715368,-1.2175928,18.2128941,12.0446631,12.6089962,-2.6386605,5.84344289,8.20902138,14.1106371,2.83332506,1.40220373,2.54078308,0.3994942,5.12228351,1.36339066,-3.4274635,21.3936636,11.3825816,15.2082069,9.70300729,18.6463299,5.7259507,9.88420407,,,4.333334,90.3981124,96.1973622,82.9951778,64.0270038,89.0834576,69.4575876,100.248602,72.1430196,117.370693,121.146486,128.215643,31.9391952,39.9617269,43.8580109,90.3732658,112.378335,83.2870155,59.232757,131.260212,31.0536717,67.9634229,59.9384082,50.0746435,131.456564,45.4778537,93.7439393,72.7430697,134.007609,12.9187875,3.18266542,34.197125,46.3743217,15.7393884,17.1058685,15.390338,-0.0063096,21.0109131,20.1256833,7.51347567,16.9873003,,0.24228839,0.6508704,0.52274979,0.75428793,-10.864499,-3.0150796,-16.844699,-0.9897131,-7.4826318,-1.3130671,19.6754558,-8.5523476,-4.7704624,-5.1576624,-5.1468952,-2.5188121,-11.016074,-6.7234151,5.03614843,-11.96465,-7.8089545,-7.7492907,-6.0201688,-3.7551756,-7.3115002,10.2343387,-3.888289,23.2766493,5.98381729,-0.0929678,-10.149924,-26.832104,-9.3359385,-10.433271,-1.8313064,-4.5577628,-2.2309692,-0.4269571,-4.5535765,-2.9247808,,,4.333334,29.4293017,11.9186623,98.5987242,46.4531205,25.5200035,53.0785295,99.0430912,77.1850503,97.7644416,112.815129,82.7305872,65.2684384,86.2082673,95.1349875,35.706574,59.5133644,22.4352387,117.304129,86.3136713,131.259386,120.962068,159.713143,66.8784357,150.932667,103.601036,172.596219,111.406521,92.6787085,151.937584,157.838112,150.585752,187.174832,110.934162,81.57631,161.791574,145.15732,121.546124,66.7081653,63.6259416,120.206511,72.5786763,139.818793,111.177294,188.844431,76.2393124,123.713055,47.5436676,64.0861638,19.5912607,37.4184146,124.232412,,6.45470767,-1.1186716,10.0241143,17.2861787,14.7340121,11.556649,12.1810994,6.83999806,9.35067418,3.39371829,7.11480632,7.10751136,-0.6972932,4.33991472,10.0384446,2.57683276,4.77048975,17.4770821,6.09944934,12.8192577,17.9581042,0.08454637,-3.9043436,3.33855212,-14.665413,3.98344621,3.27838,2.10635777,3.33142236,1.51466653,11.3880477,6.64334262,-0.5324089,9.94414542,7.08812779,8.59863385,22.4310539,7.34167172,8.65177809,-3.9781528,6.67466847,14.884076,5.11057518,9.08510899,4.42995682,5.25769729,13.4175074,6.53060262,-3.0853965,21.4757186,18.3659919,,,4.333334,71.9226575,91.7579359,3.89404042,3.73032208,-4.09931,4.29664978,40.4219649,141.47986,189.123375,193.429697,144.759772,194.186726,118.015011,521.251979,152.729531,113.306133,166.217873,34.9771254,33.5190113,119.706554,29.7451314,24.6612412,42.8796761,126.916111,32.1305168,37.5388493,63.045951,65.6108944,,5.38495038,5.7878727,10.0629898,2.01892266,-0.4155687,-2.9462203,2.39490745,2.14618337,3.21925027,24.7224842,17.3483296,20.3980518,4.02867103,-7.0957151,19.194502,12.3515917,21.703928,7.96431402,2.82503778,8.92998081,-5.2500459,4.47001722,14.5872793,57.9553618,9.65305397,1.21572337,17.1315108,17.9362525
,4.666667,32.5338099,24.8025015,12.4221701,34.1044915,35.3659559,76.9380981,11.121102,36.6972292,101.832186,35.3543025,52.3070762,16.6098496,41.058756,77.0322286,58.673246,75.3766599,94.1093713,39.4686911,78.064749,45.1977642,48.7185671,77.1820183,122.0161,94.1163028,44.9816957,123.642032,78.609302,36.6280029,50.7911087,112.160476,37.1824152,94.3013645,62.8105151,93.282902,30.8887588,40.9961647,19.5861707,55.9952955,42.3955553,6.74916301,58.8723178,44.4743709,57.7714022,19.3659002,75.3968761,30.2587195,19.7091027,61.0302405,,4.99806177,1.84825429,4.09488634,5.84315747,0.3529493,2.43527071,1.7765948,7.87079603,-0.9963456,19.0922795,19.530145,9.88897337,12.6186428,4.9729509,-1.0006404,8.7146408,3.23617362,6.48777862,16.2284631,0.33868399,8.23836971,34.8638058,8.69812336,6.79260136,4.90734438,5.53764389,4.6512667,22.2722035,10.6889802,22.794381,2.18814529,6.94254666,1.20862321,13.403622,1.2650427,0.73293069,7.48841324,0.58250888,6.21170455,4.51815449,5.3026878,22.7742595,12.2889566,13.7744162,11.5388933,12.614727,12.2387201,-1.8900183,,,4.666667,89.4362127,100.776993,79.7880061,64.3996569,87.3921688,65.7621786,93.870368,69.3514949,123.342758,126.751194,120.900211,32.1799772,41.7566744,41.104505,92.9139548,112.443238,86.7695518,61.8677801,130.076385,27.5526913,65.1792493,61.7583791,52.3544649,129.850854,45.1834152,90.4182563,70.4878875,123.79691,11.4696881,2.09658895,33.9391568,51.6100595,16.7004373,21.3256326,16.5359104,2.07211911,24.8673003,21.7534214,7.7854303,17.4107892,,-2.8322153,-5.4445972,-2.2368309,-3.4724753,-6.5961205,-11.702219,-19.456587,-11.098761,-7.9745788,-2.0959274,-3.4019945,-8.4809839,-6.659268,-13.383569,-9.7862243,-6.0219817,-13.61037,-4.4511175,-7.6517189,-22.244743,-10.170867,-10.178933,-7.6962937,2.37723521,-8.2323218,2.8213689,-1.2698516,-12.162532,2.9564506,-4.959619,-14.176173,-29.657709,-12.881073,-3.9289722,2.82516309,-3.9502683,-2.3694177,0.8794472,-3.7834787,-2.6076907,,,4.666667,32.6759436,12.3996653,95.6006117,48.5766076,27.6019876,60.1121608,100.287239,76.927958,99.2979563,111.916413,88.9006799,63.9843338,86.7978203,100.029209,38.9007319,68.6328939,25.2608454,118.699038,92.9813074,138.296837,127.00966,165.014949,68.2587843,147.661641,107.806499,169.129328,113.541353,95.7093657,155.128798,157.9761,140.914892,188.67321,109.514238,85.2993699,162.179076,143.208783,121.906132,71.370449,59.8450284,122.6325,72.8532746,137.733777,103.718594,199.534989,86.5473565,126.196592,40.644893,56.2420556,18.0892232,37.9209023,111.334358,,6.91766353,0.92821327,7.15420508,15.1850639,11.2163747,14.7212934,10.6331122,6.45430022,7.89667592,8.54853289,13.9961077,5.70644647,5.50573571,17.1424449,12.2720997,16.2758638,5.27162188,17.2070817,4.61364148,12.309662,17.7969383,1.45689322,-0.0568727,10.9459052,-4.3146461,4.26520956,4.897029,2.45081475,5.09656907,1.31331563,5.88702453,13.1155614,3.24284671,11.4981247,7.88014233,7.90833013,26.3358846,10.9180181,21.3395481,-0.0757008,12.8699044,8.27280605,-0.9849758,15.7970255,8.99137622,8.38143378,10.9047489,2.90035633,-5.7318291,25.774909,8.39021597,,,4.666667,72.6576934,88.9174078,5.54597426,6.69714467,-3.0914881,3.41174347,45.8811935,140.580847,187.134584,202.091544,146.21126,208.944284,126.877897,444.929337,156.388778,115.678558,171.187587,34.5728904,33.0346671,122.385792,23.6121457,16.7380847,48.3021281,20.5510707,32.3743056,41.9588881,64.113453,64.6504388,,1.88242603,-0.818162,4.18083917,3.17470214,0.09191819,-1.1871373,2.89392392,2.49665973,1.61716207,15.9049039,22.9831142,33.3583402,11.4038329,-1.9044359,25.9653694,14.8730165,12.6593157,5.19140943,3.23971552,8.4691605,-4.434762,-5.4497407,14.1802714,-38.951234,7.96763847,-1.1833918,3.06651565,17.5646764
,5,32.056638,24.3783975,12.0286358,35.7249193,36.1833263,73.1106804,11.9844449,39.6219034,113.376686,37.3920445,54.2305292,14.0999159,47.5544893,78.9866524,62.5537038,65.1068849,89.7184358,48.6449596,81.7066431,49.2879088,50.8765936,79.9054785,119.084419,88.4145259,43.1603353,119.697377,79.4407127,41.6271041,51.3885804,122.15431,38.4131893,95.1812997,66.5617417,99.6558141,34.1853315,41.2511876,19.7010725,59.8919758,41.098052,7.47494228,57.970831,52.9079225,56.007191,19.8168946,68.1907264,29.2172227,18.7648223,62.4412955,,2.76572411,0.40716023,4.00615354,3.94619586,-0.2303511,-4.1170662,2.16149992,8.54375352,6.76831126,14.5783104,23.2535763,5.29109043,13.4927422,1.31703224,3.27025137,-0.1546055,-2.2425966,5.71437222,13.8243758,7.1623536,13.8147879,11.8763027,3.89184906,5.87726165,0.98864282,3.70226466,8.91757995,22.8321951,14.9899688,29.5055999,5.61756684,6.45451775,4.00860336,12.5073423,7.81806349,4.5632785,4.01253988,-0.1147715,13.5692244,3.36254056,3.99863867,22.0629824,6.15825148,14.6645266,8.93165721,9.21361191,7.54027459,-7.4174891,,,5,88.1038664,105.800773,84.1301881,67.0231184,83.5048897,69.5177579,95.2110522,70.2485215,119.662283,131.66304,130.828615,41.2017391,44.7300421,48.6239945,101.290746,119.670333,89.4291056,67.4576487,142.449909,36.0068908,72.1264897,67.9347959,52.0074516,141.808182,51.9145724,85.5067688,76.7585383,102.69863,10.8296248,2.34948119,36.347533,52.7196149,19.1987642,27.0373437,21.5209821,4.1426442,30.9771653,24.7100668,9.76205258,19.5212664,,-2.0851511,-4.3156981,5.58687637,0.36863186,-11.958209,-7.6540873,-17.552473,-1.1043457,-7.2359903,1.72502734,14.6798383,-9.1555844,-6.722261,-7.7622126,-5.1690126,-1.2390537,-9.6064201,-2.3158832,6.56314425,-4.4833643,-7.4641535,-6.7086929,-6.8311418,6.64526796,-3.3222811,-6.9172971,-4.5298906,-22.614874,4.02416667,-4.6300068,-12.542944,-28.194975,-10.092571,-9.8855274,1.67134237,-12.011625,1.50546725,-3.9640771,-1.4610987,-2.1236225,,,5,35.6683711,15.0187934,93.1062733,49.0857606,28.4603174,52.9848946,96.5895191,76.9111714,98.6774784,110.74065,95.4267085,68.0601723,90.1148085,104.222538,47.4741865,79.636901,22.5604537,116.446421,91.1245075,138.883212,124.561883,165.258852,79.4909052,144.087527,114.080013,171.326479,115.234053,98.4045506,158.306082,161.467498,148.473985,186.065043,105.973567,84.8348736,168.208375,143.033012,125.960956,74.8530615,61.4681766,117.611717,69.5745508,140.416189,109.888724,196.993702,87.8536308,121.877506,42.8582211,59.0716634,18.6302275,32.8471015,121.656426,,8.2407934,3.88402052,4.20570661,14.6332544,15.0164236,6.01312755,9.57639091,6.62052768,6.50908122,10.0355974,17.0741384,8.85991026,8.82258447,9.26690804,15.6708697,21.7905487,4.61871774,17.514379,4.26563821,14.0065823,16.5420826,2.08058063,4.60442893,-3.6714171,-10.691854,1.95996985,4.57548118,1.01972946,7.04335435,3.4382267,6.33477625,9.81746721,2.42102636,12.431611,7.0854908,9.20425445,16.3634123,7.91613734,12.1443024,-2.447068,7.22341945,10.07234,-0.1306411,22.3364433,2.11977239,8.81943362,11.1794491,4.13463219,-3.4155308,19.3675324,14.7740372,,,5,73.9390261,93.1057099,7.42803342,9.03586691,-0.6163002,1.35264575,45.4009302,142.849736,184.674085,141.097841,147.858812,214.948838,124.510892,448.555675,156.515656,120.882685,166.393653,35.1823736,34.0046983,122.232234,27.6011879,17.924609,38.9108454,82.8006248,46.7771964,38.4640146,57.9659194,60.8478153,,7.63774207,-2.9332259,4.01666418,5.43571085,3.5421627,-4.7451335,4.18604682,3.64137061,3.34407285,-35.722989,31.4727198,38.0933723,10.1572657,10.178176,30.0405397,13.1228974,18.42205,9.51255121,3.95200236,7.27879563,-4.056492,0.32281284,2.96484616,16.2627106,21.5143001,-2.1611525,-2.3190954,16.7752844
,5.333334,35.1707682,25.1742556,13.6951758,35.3962735,40.9708907,81.6529711,12.774272,43.0199495,110.042114,27.624836,54.8089309,14.7614817,44.8441199,73.729919,58.3248008,68.8516393,96.4421822,50.9321982,84.8792836,54.1299325,48.1760261,71.1745762,122.796036,87.9530724,43.5693148,117.097051,84.3110652,45.3311518,54.7260619,123.667089,38.627189,96.7426705,74.4953598,100.764283,33.5528294,40.6121107,16.5704207,60.5816163,37.3279397,7.01865581,59.8696049,52.4835784,61.6074134,22.2115628,73.304854,33.9546339,23.951943,65.8785495,,8.38683483,1.54172922,3.63444798,4.86902142,1.54574529,6.984571,9.51540864,16.6626764,4.63309993,18.7993026,23.7406778,2.72552062,6.01169888,1.99062085,5.78035117,6.07902204,1.76384902,6.31908083,11.5157266,3.80608874,9.39166269,17.3410296,10.1801035,9.38058949,-1.0112638,0.34330908,0.75325323,19.3178032,12.6511611,23.8574813,0.27955363,5.49799051,4.44211575,9.91202221,4.49859138,5.81128193,6.02159826,9.19892338,15.6448203,2.85297126,13.3734691,22.3768535,9.95184093,10.1664681,7.45210237,7.21256934,12.5222716,13.541083,,,5.333334,96.0397826,111.357931,88.1310062,65.567024,88.7865791,70.3155694,97.5076609,77.5057225,121.630668,135.609811,139.738249,40.2928499,43.6332603,52.7502329,99.9699331,117.115712,86.8426193,64.7572975,142.281013,33.2768697,66.9439822,66.7168658,54.5693484,133.711339,50.7465561,89.8345667,80.0044734,122.169088,12.9633869,1.43430004,34.8023693,55.2222858,23.6532719,24.5114635,20.6532221,3.83487704,29.7451117,27.5142535,11.4496369,20.7347344,,-0.7560027,-1.6210313,1.28352096,0.06864712,-7.3405559,-8.3522233,-15.534479,0.99016502,-1.1059545,7.71951874,17.0811523,-4.7978096,-10.475659,-1.3491329,-0.2357082,-5.534468,-10.00942,-5.8438029,3.79644687,-12.207865,-9.2056598,-10.659593,-3.3470875,2.16998566,-4.1849112,1.71622166,1.16756465,0.71149434,5.45371838,-5.6888915,-9.634087,-23.765664,-6.8359641,-13.408456,2.97042033,-5.467289,0.7745163,0.75056524,0.2102869,-3.0597012,,,5.333334,36.8211472,13.7931761,96.4152496,50.0292528,30.2378916,58.6788487,97.3960998,78.9956638,98.8240755,111.391516,91.9991806,67.645898,88.7730193,100.821854,49.8036108,75.3259725,23.7898923,116.460283,93.331258,142.448917,128.266824,163.798705,64.4699206,139.536685,115.191208,172.037576,117.059537,93.8654833,157.092474,158.729572,150.341147,192.910203,103.855073,86.9724486,174.846546,143.12133,127.30614,76.8044205,56.79309,125.523944,66.7120453,140.858672,106.84713,197.536752,81.691652,125.417361,37.2757373,50.6969667,20.1483739,35.0417993,134.136312,,7.06326812,5.57707469,7.50420063,14.0280747,11.2104788,8.72486418,6.09390243,5.53477775,7.75500812,9.3219892,11.2704568,7.39368119,6.47333244,16.4481221,16.0949773,14.9962998,5.18095781,10.2670033,4.81821702,13.1103388,18.5660091,3.09500981,-5.7349633,-8.5963463,-7.762242,-1.8544123,1.70477988,5.27267897,5.06910636,1.28967134,10.4909285,14.5475504,0.38324117,12.1842516,7.56621523,7.16353653,23.189383,10.0997984,-2.9242263,1.90184459,15.5758129,9.24339948,0.86275912,15.1668413,2.06883248,-5.8068953,5.08047717,-11.842649,-1.888058,20.820923,28.4106043,,,5.333334,77.435,92.6372657,8.11551628,6.92386047,-0.451842,1.0417742,48.7975658,144.846852,179.093738,163.085786,149.40293,202.066133,123.676824,414.49857,160.279352,129.944645,171.061024,32.7923934,32.5549072,122.209143,23.8920887,13.77956,44.4559985,38.5801088,27.5747154,40.6211363,56.1585626,61.6217802,,4.00962017,0.74814971,2.74761875,2.40267478,1.83505147,-4.7225324,2.47691726,2.94440178,1.12647211,-9.2683085,30.3479634,30.5385289,2.97390849,-2.3050148,31.7550689,18.7709624,14.5990202,4.6217917,1.75095343,6.46361354,-3.6009659,4.72330239,10.5176181,-25.852533,3.93991823,4.10538152,5.56924863,12.9467613
,5.666667,33.394602,24.3815208,21.5287821,35.406618,41.0717584,82.7578171,11.5670213,43.8529608,112.749105,21.5877261,57.2087071,17.9212505,39.8033444,73.8588644,47.970328,70.8777004,99.3530673,46.7304607,90.1870513,58.718578,52.9152678,78.7789997,124.320648,91.6421327,45.2817738,116.931285,87.373536,44.0680617,54.8897606,123.367381,43.6800095,98.7557709,75.1164147,104.805514,33.1837048,39.5265332,17.8209766,61.175227,37.2578236,6.18697719,56.2807693,52.4695021,61.4835431,17.4327598,71.7392719,33.5394409,24.1649753,65.6294624,,-0.4547704,-2.2326349,5.77564597,5.89767877,2.92914505,8.70824278,-0.0933254,3.99534517,13.8802984,15.48834,19.4653095,5.04534573,8.82154673,1.76516935,-1.7294049,8.29379434,-3.4333968,-0.7283605,20.7201849,3.60059636,10.7133822,31.6729011,-1.3055794,10.1194221,0.08100656,1.77057071,-1.8390344,16.6692404,8.95981128,12.115013,4.68090935,8.5141584,3.30753839,11.4768406,9.71628581,2.28196836,-1.5088332,6.3927401,11.7785861,2.1028248,5.67998977,24.7920609,8.86063949,14.1006684,5.66159815,8.89152099,9.15351793,1.11362607,,,5.666667,98.0424839,114.578555,93.8939011,65.7261572,88.7341295,69.0910284,94.5346033,76.160188,114.395416,123.768448,111.736938,43.8789367,45.3740163,60.3024201,101.038097,120.459929,91.2959535,67.3972116,143.448415,37.9407205,65.7323144,70.2867023,53.6173748,136.121826,52.5319411,90.2410543,82.3508567,118.995338,14.0989431,-0.1897199,33.7662727,52.7585062,27.7078164,30.2187021,22.5489539,4.78472394,34.4048053,27.6017285,12.6850385,23.8085797,,-0.9485256,7.66195976,2.16181332,-0.391204,-10.809711,-3.3083245,-13.429412,-7.0041192,-5.0728777,4.51284431,-5.3595652,-1.4403509,-12.534676,0.59085901,-7.1617887,-6.5074485,-14.003137,-4.9702625,5.02205735,-12.387832,-7.5495139,-9.5756457,-7.2073061,1.35073208,-7.363725,-19.682669,-3.419986,4.81211653,6.08434073,-2.2668949,-8.6871517,-28.824233,-3.135146,-6.0646673,2.57328602,-7.4882761,-0.1357667,-2.9848114,1.51454588,0.04187502,,,5.666667,40.0509816,16.0368205,96.4572114,49.6461929,31.6643983,61.0448361,108.169232,81.6498851,97.5884313,110.380385,106.14198,67.3128836,91.0693055,107.235495,56.7266446,78.7870945,23.8881674,115.379996,93.9289523,142.208177,129.154937,165.177143,67.7340243,146.074682,116.136978,172.706967,119.011731,90.0992889,156.599743,160.740536,153.910022,187.514384,108.943097,84.9065745,168.465142,143.510087,132.115739,78.9314339,63.913363,123.521317,69.0201972,142.068416,113.406864,200.991662,87.3869875,136.962959,42.9192164,65.7884357,27.7036865,40.0513744,55.1494578,,6.002426,5.57082797,10.2187907,19.6271107,13.0944626,6.60504706,10.7990355,7.62178278,5.37157745,9.82893853,19.8326142,11.4080691,6.38777494,20.5388173,18.6937366,14.766779,6.9822345,9.04008523,7.94616067,11.832266,13.6267997,2.24440371,5.1093947,8.41350156,-10.510043,2.05819347,0.22975074,4.35133162,9.14765823,1.12828433,12.8115431,16.5529235,-1.5950811,10.2289893,3.03225866,9.63444888,25.3109806,7.44705783,0.19156842,2.25893365,13.3319582,7.71759696,6.77243598,17.4510168,-0.8964399,16.8727123,18.2582811,6.48694385,13.253953,21.7365723,-48.363076,,,5.666667,80.3759319,93.8678629,8.59836636,8.64885236,-0.6265785,5.61140012,45.3284195,143.724106,177.446562,213.023229,147.729626,201.970543,128.04783,490.1406,163.022526,131.234588,169.425631,34.9007331,35.018657,125.51047,19.7353952,15.4600187,24.0228872,-7.3161778,6.07930935,37.4168751,49.569204,59.5347236,,4.13754737,2.25020104,2.23005352,1.93512715,-0.3516434,-0.9726286,2.07712327,2.50941225,1.78464535,36.424065,26.8339999,21.7380415,15.0053943,21.9361285,34.3957796,9.26371692,18.4205787,7.71053664,3.00499563,7.51948585,-7.8989403,1.31715336,-9.9126483,-68.031428,-22.419719,0.1596574,-7.3902086,10.6595832
,6,35.0456553,27.6166683,22.4556601,34.897639,44.1600018,78.4528412,16.5525837,47.1225801,110.758111,35.5860255,60.5209267,22.1169069,41.2333338,73.7006544,58.1270619,76.5858735,108.882544,46.4571386,90.0725122,57.0965639,50.8445438,83.3508576,136.49413,95.0459876,46.3522947,121.591959,86.3199707,47.5180801,58.5991948,132.420884,45.6251987,97.2681985,75.074704,101.571789,32.2529066,38.2544829,16.7475537,60.8149129,31.6922225,5.45373045,60.380123,53.4190593,66.7787488,21.5269073,75.143777,38.2103848,23.3732268,67.3146707,,3.13832332,-1.8818597,6.93486869,6.25156501,1.17887576,1.64362053,-1.9390715,-1.3799255,-4.4193007,12.9958658,20.5487656,5.09031401,9.66131071,0.23968725,5.55413281,1.71337466,-1.6980564,2.16244357,21.7886811,5.85813995,11.949503,24.7788001,-2.1515621,16.2967401,-1.2752375,4.73327372,-5.2042522,22.6369444,8.31638593,13.5870204,5.31034888,5.25563862,1.91565037,10.3015966,10.2947807,5.52367312,18.623715,10.7542679,20.5647488,6.83606939,24.1719788,24.9228827,13.5845626,15.7393624,12.7544508,13.6423693,16.0541176,1.93561692,,,6,101.204265,105.659491,94.6326374,68.1890858,94.3286177,70.716711,101.361776,77.4732425,115.083372,124.196252,111.161031,38.5903378,45.9167803,49.0420621,105.894928,125.548833,92.0157492,69.2043206,139.807487,33.6358179,66.7669746,76.0911057,55.4302776,142.357613,53.6563694,89.5117151,79.6269777,120.603003,14.8459127,-0.0939484,35.5939058,49.9862113,28.7683615,35.2376565,21.1159828,4.49935906,36.6262291,29.9308651,12.0066223,23.9630738,,-0.4724836,1.23460621,0.7391872,0.80471264,-10.603767,-4.2521127,-11.261143,2.28671372,-4.2535713,4.85627399,-5.7050742,-11.367689,-7.6717265,-8.355602,6.25566386,-2.1342772,-8.5632911,-5.9537536,-6.2493814,-15.43442,-6.6695527,-11.281278,0.95625065,2.86957413,-3.8979491,-2.5642491,-2.7065454,-0.6547174,5.74714539,-3.1754945,-12.603709,-22.525335,-6.367359,-10.161608,1.79976652,-7.2205357,-3.1857922,-1.6005963,0.46913458,-4.5150133,,,6,43.0624126,18.3436092,93.273842,48.9501293,36.0792571,59.3871661,105.436142,82.0011484,105.776124,116.550097,101.352176,71.1751567,88.7959928,105.596397,62.6813841,83.3222167,21.0303636,122.506528,94.5273249,142.108397,131.717715,165.751266,67.227241,141.625533,116.475014,170.048912,116.207835,90.4376851,156.747989,157.958647,151.139218,192.560505,108.424052,86.2754078,166.958177,142.158821,131.222628,81.9728883,64.252355,119.195858,76.1155961,142.150866,111.408423,203.21027,84.5523848,136.486238,48.360484,49.8490001,15.4648841,38.6030328,122.148175,,12.1591178,1.56735572,6.91926999,16.9067181,13.2813606,10.3386432,8.68498092,3.86911228,8.59236948,12.9755438,21.4253293,9.90782235,2.40389942,12.2252717,21.4628189,19.3434553,2.65291148,19.4670138,6.08444725,11.6777337,15.8499306,0.78959808,-1.8911735,1.54627184,-11.430834,-5.9643691,-8.5534624,1.55252381,5.25135627,-1.3022924,9.68450996,12.7647349,-1.0414476,11.5783244,10.7673059,10.0587657,28.7203944,11.3667243,1.23481492,2.09583386,23.8297183,14.1056783,9.10321394,20.8248296,12.1032618,0.36323398,13.069616,-5.5609345,-11.546515,22.2843991,20.6262538,,,6,81.2089989,90.3271283,9.68019928,9.13157226,-1.2708538,5.65380655,48.5866055,145.560023,173.818097,171.321929,143.963732,217.843247,132.031951,470.573923,153.142575,133.727209,175.630004,35.4139853,35.4066925,123.140893,22.093619,20.6850461,37.3785386,77.4782663,25.3931495,42.5397973,64.3739095,59.2240368,,4.85008782,-0.3466329,3.58083182,0.19651633,-1.7226101,0.39764795,3.58537114,2.05749218,-0.9954834,-11.663737,27.0311466,41.0129301,18.6977882,10.0607631,28.0979347,9.69724202,26.4639042,7.04431179,2.67662763,7.67823042,-10.328418,3.86620558,4.27880495,13.7088633,-0.7107288,5.46926931,-0.875343,15.5164603
,6.333334,39.5893269,31.2736529,22.1658723,34.8916015,42.5982247,83.0461308,13.8362473,47.2507608,118.951505,49.1045564,61.9927653,22.0255599,43.2127842,74.1677648,52.2624286,77.3831885,111.536,42.7894417,85.9670168,55.6472015,52.9963324,74.9992894,148.244105,96.3242543,46.0549453,126.211653,90.0369148,46.5702345,58.4720793,133.637856,45.0609757,99.4992061,81.1785284,103.355737,31.4872345,43.1711473,20.3679514,65.7443344,37.9258663,9.04865488,59.290249,56.090594,66.1583913,23.5113699,73.3102695,35.4693744,24.9747814,68.0891748,,12.3303633,2.32051549,5.89352324,7.99605065,3.56948549,-0.1019409,-1.5303958,2.69294105,2.89303566,12.2084908,14.8346621,4.595883,10.7180515,0.8781939,1.87393275,9.72231291,7.78908646,-3.2702842,16.8762043,4.88969663,16.0677328,9.08954182,1.45097535,16.0056406,0.50290472,5.21916746,11.0351828,22.3867293,8.58007464,6.31946401,4.13651986,6.85585385,5.43031882,10.5346614,0.05441428,-0.2599879,6.53703497,0.20060247,18.2784727,4.45676862,11.2257153,26.8039785,15.1792462,14.4446792,10.1772647,10.6260853,6.54980756,3.19767548,,,6.333334,104.736025,102.286331,100.058009,70.5924613,94.3582797,73.0895419,98.342687,88.1737198,118.645303,130.556273,106.015938,39.818865,46.1414664,43.1132196,102.031699,124.70302,91.3004376,71.4832835,141.643916,38.2738967,65.00161,73.1984568,52.1164526,143.541351,60.9487656,97.0186804,74.6662055,113.65359,15.1145847,-2.6581222,39.1361762,53.210882,29.6271872,43.6958645,24.4406643,6.45597313,37.8679509,32.1132685,14.6418972,26.8959566,,-0.9332307,3.13452156,-4.2168101,4.76455211,-7.1767004,-4.862371,-9.84945,-3.6047247,-4.1087996,10.6777931,-6.3957637,-11.211543,-9.9947221,-12.562015,1.66544624,-4.0182698,-8.382314,-5.0391487,-1.1299545,-10.315269,-13.359386,-6.3144454,-9.705755,9.03418802,-1.2686324,25.4259185,-2.3260902,0.47859258,7.12609371,-5.4941554,-10.210414,-29.462916,-7.5947331,-13.089567,0.83695589,-11.046876,0.36432136,-2.4140658,-2.3872981,-3.083334,,,6.333334,42.8858253,19.8568855,98.9147752,49.7620899,39.4191922,65.1107045,108.320674,87.4428191,100.860026,121.26217,102.124972,74.1867436,87.9739698,108.300731,66.5975718,89.8760911,21.9242132,132.532344,99.7444412,146.576866,132.575637,172.858019,57.0827957,134.748116,122.816337,169.361422,120.792265,92.4595559,161.097999,160.32824,148.289864,189.725484,107.521504,92.886053,169.43276,144.523845,131.891893,83.4885615,63.5315113,123.543496,77.076464,143.653417,109.812187,199.891057,79.5110701,136.19562,36.0225781,50.4331614,12.5304339,36.7093083,79.6037756,,10.1668936,0.93934856,12.8471235,23.0604302,22.7371384,24.6142732,13.2872444,11.7097086,12.0978097,15.5705724,19.5818265,9.87171677,3.92384645,19.5573641,22.4845741,18.8694175,3.00981623,11.4647162,8.25605406,12.8666937,16.2805632,5.62645319,-1.8801193,2.18683856,-11.990422,-9.6461677,4.99948158,2.79304419,9.67214032,-0.8089178,12.9197785,13.801381,-6.3262314,12.4230047,12.3875776,8.4826124,29.8655454,12.0520159,-2.414139,-1.8234232,27.2159854,7.3082596,-3.1951209,13.1535014,0.12622449,-1.5991015,6.15244556,-7.7722577,-8.6127775,24.4369823,-19.452009,,,6.333334,83.6182073,89.6709032,11.1208272,12.7560146,0.70534288,5.04387334,48.8390335,142.27655,174.84008,136.391803,141.938803,200.739231,132.064142,516.657946,153.067671,133.749778,171.244078,38.3555192,37.2921932,126.234699,24.9183153,7.43427187,37.0788745,76.8401478,20.207926,38.7033945,64.0627094,61.006713,,7.66737008,0.07032499,6.22412145,2.29879412,-1.8004864,0.7922456,9.15547407,4.02572201,6.17044542,-44.32057,26.5872725,28.250673,10.3301628,-9.1008594,31.5872252,8.35402071,23.0625092,7.58087117,3.77299475,6.11155114,0.15488293,-0.795652,-1.2313253,5.88284881,9.22789718,-0.309083,1.1869795,15.2090484
,6.666667,37.6933554,33.3689403,20.9298508,33.6233897,42.7679967,75.5642749,16.2998793,50.1513323,125.196695,69.7521869,73.0512777,28.5968198,47.4431532,76.0348373,48.4095321,75.6400764,109.039158,43.2430733,92.4840087,52.6605873,56.2919757,70.9394187,141.943734,93.7134784,49.6982281,120.325124,87.1240309,52.8810037,60.2113938,136.329605,44.8703404,100.796453,82.2991476,102.688327,32.3931231,40.8325555,19.6520221,63.0718182,36.6687327,4.24123342,60.0470346,59.2097552,65.5243952,26.8520513,76.7192335,32.4970191,25.8366365,71.4106665,,8.56190019,2.48483924,3.42854669,4.73489785,-1.3139893,-1.5977968,-0.0114328,3.214645,-1.4878925,16.390978,26.8320876,7.30921146,12.5246426,3.96743697,-0.1354862,7.85423016,8.56347363,18.4735904,14.2349501,-0.5047282,15.6254655,30.8370592,-4.5911665,11.427907,2.09415741,4.0363533,-2.3188853,18.916964,11.6268499,14.1456514,2.91907948,6.64918016,2.00698839,10.1522198,2.48283944,-0.4881297,-1.3863788,7.59125,21.277671,3.40599169,13.9992516,26.1551596,11.169303,15.2911624,11.8388302,5.91284244,9.7187224,10.8874992,,,6.666667,101.896238,106.634781,103.56408,68.1887553,92.676188,72.3932922,103.055391,84.9209473,115.296202,131.042892,119.68975,39.8344154,46.1592579,46.6082646,99.4375417,128.643088,93.8420058,73.8657139,142.686087,33.1972564,63.6300739,73.7867282,54.7165608,147.213155,63.4130923,92.0372615,79.893903,111.701399,16.2745614,-0.1346503,36.612629,55.4939137,28.9447466,48.2410399,27.7168795,8.64491681,46.7923198,37.8775121,19.3028986,32.8900443,,-2.6184524,9.20057343,0.78940905,5.68495685,-13.358306,-7.6467291,-12.986153,-2.835743,-6.6262068,-2.2939254,8.34393371,-13.047406,-11.168168,-9.3027792,-5.4317528,-3.9357793,-9.5309178,-3.4910931,-6.3815594,-23.20412,-12.600536,-9.3012967,-5.7849862,7.40753944,-2.3720388,7.61954054,-0.7434959,-19.42435,7.47674239,-4.5816165,-14.530268,-25.037273,-7.2428807,-4.8405807,2.91784059,1.93591324,-1.3580113,-0.5193578,-0.278688,-0.333506,,,6.666667,48.0356367,23.5894049,100.083817,48.4997718,42.9355886,69.4925354,110.897558,84.4976759,101.124101,122.368687,107.782328,72.1248611,90.1172515,113.337057,69.2668071,92.8042784,25.0182315,132.764525,102.777076,146.45473,136.284262,173.175305,61.9137688,130.746319,127.307485,168.21117,119.429473,94.1997793,158.662328,161.554222,156.039636,194.578879,107.665581,95.59508,168.351368,144.243505,130.510913,86.7914836,62.5774257,124.344841,76.3704187,146.579124,114.202386,202.810475,90.7169203,139.447188,43.0405706,60.6555623,27.0206054,33.9505307,84.4876952,,10.4574435,2.07953298,8.1568988,22.5919919,20.2148199,18.6247358,10.8365508,9.66401166,7.46341887,9.92591199,24.8806208,9.33503602,5.3882898,9.33718578,23.9676413,20.9107927,4.19846649,12.037377,11.01745,9.46624996,14.2475248,9.60943464,-0.5775586,-4.7356583,-13.257169,-6.0144121,2.66893934,4.21483353,7.55556462,-0.6087824,8.64145506,12.979343,-5.0864987,16.2385417,14.1613893,2.7521796,25.3478147,12.0046971,1.66908394,1.25158731,11.0361029,10.8697523,8.43687401,17.6080232,10.8423172,23.2952312,11.2362726,4.68888762,1.07136034,23.4977793,-18.598579,,,6.666667,85.7934887,95.1780932,11.9210189,9.83665298,0.00857279,4.40800835,49.8280555,138.606931,170.677688,183.217014,140.613587,221.293951,129.473009,545.428244,154.370847,144.196241,176.369201,36.1000956,37.2156804,125.771092,30.408261,10.1795623,35.2996964,81.3169598,24.3302927,42.3123842,68.1960451,60.156281,,10.5469438,1.75711256,4.54616392,-2.5191712,-1.747259,-4.9912044,2.93451424,2.98213786,0.53872189,12.4436558,24.3645212,44.189424,2.54193422,5.89873355,27.6425458,19.8360486,21.9149483,3.49109446,4.53781224,5.30547917,-2.5885914,-4.4044647,5.28329615,16.3805485,1.47745885,6.74482533,11.1791398,15.6015437
,7,39.8357021,34.0509067,21.9541708,36.1994929,42.640397,83.4021135,16.2644143,52.4319158,131.913083,60.1794879,71.4705987,22.6263393,41.9934413,75.0470203,47.0858572,71.3827741,106.250773,44.8930428,95.8957134,56.5233674,54.422306,77.2902106,148.809168,97.8288402,49.5709061,119.517091,89.4958051,54.6577751,54.2838089,142.758945,46.9245181,102.271582,76.1489738,100.960975,30.7012887,45.7806833,21.4196963,64.775981,40.4502162,5.44806541,61.4523797,59.9852858,68.9653306,26.1039999,76.1802745,34.9781058,28.8046495,63.5917372,,6.69170829,1.07914401,8.3266182,8.51116911,3.20210314,-2.1752005,2.23326699,15.9032459,2.30285163,18.3498184,27.7663829,4.24139619,11.0251684,0.41139857,5.54114025,2.70176671,5.17880918,7.534841,13.6736284,5.79520861,16.2695829,48.3917397,2.2666596,15.5787595,4.43487212,3.44714562,3.65544469,20.1613782,6.64699301,20.2282203,1.788341,3.80841441,-1.0339214,8.65929833,5.57867297,2.75429781,3.42619489,0.76607935,11.8386113,3.10723978,9.65704404,31.3972585,12.5720782,15.3215167,12.1011849,8.1259191,13.2854539,-2.5173353,,,7,103.350248,94.9217013,105.127076,70.2971312,94.6847048,75.2327917,101.035481,83.8008944,112.817125,143.679073,110.490854,42.5505267,49.7314481,43.2781683,96.4267326,130.936977,92.7679991,75.4351522,137.801945,40.6244887,66.6625621,75.26736,59.0523999,136.104192,64.7416365,94.9060971,78.9118645,129.406197,17.666832,1.62024813,38.1189185,61.1483209,31.4453608,47.5741449,25.5069416,9.58197359,43.5303027,38.8409497,15.6241461,33.8910345,,-2.9044235,2.03719086,4.0592494,2.06955271,-10.482208,-3.9785192,-13.681941,-1.6116087,-4.6708722,5.83903515,2.13019945,-13.052813,-8.3809192,-7.5259045,3.7435653,-0.7844593,-9.2929169,-2.4866217,-10.032595,-10.916364,-15.629436,-7.014235,0.20443178,8.10270385,3.21560662,17.7781005,6.37279136,18.1963521,10.0314259,-4.6105233,-11.598705,-27.493302,-11.645482,-7.0645364,1.23815095,-3.2782952,-3.252371,-0.4782829,-0.4141819,-3.2765295,,,7,52.001346,25.2188796,109.987568,46.4676023,43.2518658,65.8694874,114.903289,88.8346467,105.701851,115.394773,106.811424,71.8460044,86.9684899,110.2632,70.3127335,96.862057,27.4809131,138.557099,104.698065,152.37397,140.896726,173.852701,84.7920393,151.144755,114.602887,159.981654,118.535351,98.1711388,162.198352,161.906895,152.683132,195.744644,112.380313,97.5854123,166.010001,142.934517,121.429836,85.0344556,63.2304917,120.487412,76.3915648,145.692725,103.89867,204.008311,87.203853,138.974287,33.1999501,52.3801587,15.3822421,29.1413313,98.8422345,,11.0128135,2.99350134,8.55719261,25.1233555,18.6436526,17.056821,11.1644557,11.0768757,10.5555788,6.9036627,26.085706,11.9880847,2.74552738,11.5650147,23.5291019,22.1216942,6.04462019,17.0621571,13.5776498,14.1607956,13.5749556,0.75824092,24.4354412,11.4039849,-22.188781,-10.776888,-7.436556,3.37902702,8.84796968,-3.0496067,12.199895,15.5074909,0.77234633,15.4114179,10.7687683,4.96637844,14.9062069,11.1015398,-1.8112022,-2.8554741,6.03929734,7.29055856,-2.3056591,18.3007905,3.91866658,6.48277735,13.5593756,-0.3894175,-5.982054,19.0621837,2.52988063,,,7,87.7394531,94.7834659,11.3421918,8.73143042,2.22229812,7.24637587,53.1596579,141.818167,173.622044,118.727725,138.724506,201.64346,134.190953,540.458488,154.318663,145.853251,179.34441,37.7699002,38.3188337,126.213983,23.4587123,17.7951291,43.217594,67.2830845,36.482217,41.7355816,63.7779501,57.6610528,,6.90978187,-4.8273838,6.73488284,-1.6849021,0.98468845,-2.1808932,6.53924321,4.21964181,4.51204469,-50.064558,17.6497877,31.0825716,11.6919851,13.4364316,25.2065159,12.764386,20.3375239,5.49323403,4.04960839,4.84109084,-3.9639519,0.27155339,10.7633197,4.48415646,18.9781249,1.67459191,3.53492885,12.8965778
,7.333334,39.1218523,35.1740453,24.5768882,36.2835742,43.4066313,84.7312855,16.1524055,51.1968309,126.790133,43.7066503,66.4007664,18.3780647,39.1200782,73.4611812,52.0422736,75.2025786,107.981136,47.0150148,95.354262,54.5748556,57.3135906,68.9244731,153.304683,97.6256034,52.6969285,117.888913,92.4116526,54.3717287,56.7049913,144.430391,44.9084943,103.507694,80.1875912,98.3691104,27.8617499,45.0272336,18.3243044,69.6574599,38.7490262,5.04620606,61.7971408,57.8096395,70.4889132,24.5940488,77.4315081,34.1533192,30.1548425,63.9888345,,8.4542513,4.36432656,10.8927904,5.68942419,1.19695602,-1.9658459,-0.2660042,7.24111383,-0.7639557,5.87443349,20.9875466,5.44771478,11.5854441,3.54652881,11.4243885,-8.8284234,-0.7821025,0.31647511,15.1550996,2.28368319,17.7725474,50.0008407,7.78612797,14.4758851,9.17952038,4.58018354,7.02884598,20.483743,5.93428908,12.7017289,1.57513219,5.61093727,0.37642172,7.93351249,2.1016606,-2.4751302,-5.7123727,6.52876668,10.1994723,0.09272818,4.99719206,30.8074614,12.9030354,12.8056348,10.7700243,4.45590672,14.84391,-7.681227,,,7.333334,107.952271,92.3571274,82.3245557,70.819083,97.7600784,73.0708444,104.045678,90.3936684,118.008686,143.225328,110.595255,44.723699,49.0232456,45.1249116,105.138568,130.240215,95.8049719,75.2651295,145.022129,49.454053,69.9421268,79.4347651,59.4437115,138.941575,61.5697073,91.9990951,73.0594379,112.494442,18.0449696,-0.2533637,40.1935052,70.4209341,32.2196026,55.0498441,27.0131573,11.8265655,51.1941075,42.9938176,20.2171604,39.403655,,-3.406189,1.62147892,-11.134828,2.30809794,-7.5503407,-5.000145,-19.036933,1.54114748,-5.232992,-2.3874671,-7.4207989,-10.340823,-6.7695367,-0.4390348,4.46308527,-2.037766,-6.8113703,-3.7652392,-4.1523823,-4.278395,-8.8065681,-3.3993496,-3.1164643,9.74504876,-5.8835862,8.69611579,-0.1511006,-11.441291,8.15587053,-6.9671623,-10.056124,-22.794123,-7.0647089,-6.7179043,1.15144098,-1.4830176,-1.9325361,1.03936316,1.21016118,0.33089458,,,7.333334,53.3374604,27.1989971,108.135389,44.596235,47.1296901,68.6183683,106.045647,89.5745894,108.346829,117.873849,103.781606,74.3536398,87.3606954,111.6359,74.9334801,95.651721,28.5655529,136.046109,106.525987,158.338556,140.833674,176.824283,80.4132369,144.082613,114.087886,159.619804,116.365698,98.0166738,160.881957,159.070243,152.163142,197.435173,109.528704,97.2674365,171.778776,147.604687,126.203589,87.4281255,60.6189261,122.298339,78.3456344,149.644276,103.06845,197.96114,77.4002197,139.071303,37.4764407,68.7294627,26.0443742,37.8660244,142.87787,,13.8873894,3.49527749,8.41151521,22.8334583,19.6238375,18.1182204,3.12043526,6.4016506,9.13962318,10.8467914,20.3926965,9.97606822,5.74187585,16.403249,28.022033,21.1756839,6.62669153,7.52437414,11.5584148,17.4615826,15.3830181,3.92562119,14.9076117,3.2998135,-18.584815,-13.22047,-11.892621,4.94030554,10.9514707,0.04149396,10.2731942,14.3182431,-0.5808142,16.3168075,6.21440483,6.59911644,5.33204222,14.5576997,-3.850365,4.89416163,9.25738729,13.3520153,-2.1321809,14.7398402,-6.147967,11.3086493,11.2542165,18.6648639,11.6616882,38.4543237,51.0431368,,,7.333334,88.2023199,102.284557,12.0565491,8.71737165,2.86111466,7.50491804,49.7223053,138.08151,166.549568,195.570583,140.52647,221.235533,129.643358,461.969547,152.660243,152.710978,178.433807,40.1686657,38.8693122,127.532748,22.9918694,8.02961568,36.834523,28.7402748,7.18495586,39.8551648,58.1494,57.3777742,,10.2143338,2.91446992,2.16109467,-3.7478843,1.26127246,-3.3728067,1.55611143,1.63151229,0.84610197,30.8340036,18.5412372,51.6851172,13.3580105,8.87749198,20.20725,8.92447211,16.4763209,7.53547626,4.94618699,5.01187718,-10.005703,4.78546056,0.08436215,-35.7353,-16.757338,4.22563698,13.2348268,12.5328773
,7.666667,44.2261487,38.5664783,29.6091831,35.9762924,46.396644,87.7237628,14.59496,53.4276492,131.083278,40.2605151,73.7424793,19.3869659,42.1526058,75.2774683,52.4555977,87.1984522,107.607612,51.249,95.6180864,58.6214016,57.6177008,69.9007612,134.705933,100.023102,51.2267013,120.104215,98.1558684,58.4842332,63.2833044,153.696684,48.2721382,101.987506,77.7346917,97.7657524,29.5467193,48.8926476,23.4397228,70.310848,45.2330193,6.81438332,64.2255505,62.2473121,74.3760707,26.9221712,78.7832713,36.1451768,33.2316606,71.6854799,,15.9852004,1.5718709,7.40510304,6.77087714,0.02675956,9.0958934,2.66267681,6.24441933,0.83264972,8.62945006,23.8819603,3.3708264,9.69610239,3.75299821,2.88795301,5.30579009,3.23485064,15.2192555,20.1840336,0.29755137,13.3252347,27.2512048,-1.5607792,5.20868381,4.7162677,2.01415646,13.4742924,20.1725297,13.1710919,8.06069291,1.12462256,5.78896129,3.27524715,8.67763138,4.15893004,-0.8403772,6.23066977,12.780377,11.9498828,2.51430465,4.31871581,31.9694855,14.9171565,16.2036192,10.6862222,3.57188092,13.7601587,-7.6212262,,,7.666667,110.857474,92.1984832,96.7522852,77.3307565,99.9353288,75.9277122,105.756923,93.2960494,112.84281,154.184343,117.221337,43.8438892,49.3593283,43.3139262,101.42786,126.440972,91.6353048,74.1444031,149.023233,51.8192512,65.444659,75.7343904,58.89049,138.021807,64.6890889,93.9757298,78.8902078,123.445535,17.9848439,-2.177642,39.6172679,73.950154,30.6661598,58.970954,25.4612172,14.2682546,49.990308,44.2077316,21.3605082,39.2066303,,1.75503373,-1.4993214,5.64616016,5.26982147,-7.2266777,-2.0605013,-9.6452629,4.81759757,-1.186513,7.31209001,4.72970331,-12.818052,-6.9178295,-10.59787,-0.4387279,-5.6014319,-10.060566,-4.3985714,-4.0014896,-11.685682,-15.687048,-12.724269,-4.3686342,10.0862339,-0.2791931,-0.0689158,1.33228197,-4.5172677,9.3129546,-8.8068494,-9.9767027,-26.501709,-6.8412402,-6.6829266,1.23741974,-3.3773766,-3.8498964,-1.24069,-0.3143675,-3.3800782,,,7.666667,55.5172781,28.9351756,108.081974,44.2550278,44.7466749,73.7035937,103.503675,90.4396531,108.252178,120.164608,102.67543,73.5978134,87.7123496,115.780027,75.3859773,97.8052712,29.0543804,135.392898,106.674709,159.504617,140.212136,177.372525,65.9116669,134.259621,119.684482,158.873199,122.559212,95.6026832,159.297871,155.745915,147.097741,192.961839,109.795295,96.7832222,170.152291,147.397585,132.65968,90.1266359,58.2964754,121.335314,80.6804201,147.88699,102.688894,206.647403,91.2647028,139.756478,40.4484804,56.5884758,23.5447053,24.1570947,79.2219173,,12.2756513,3.99215005,7.51493387,22.9615711,23.2349796,15.8850213,6.53670132,8.56124023,7.66117873,14.8944126,15.9929216,6.22416102,11.6209815,8.03008852,27.6547521,25.1050079,5.58966185,9.6607647,12.0440904,13.9712194,12.0047963,7.55913033,3.50364408,6.84018042,-5.4617969,-10.250299,-4.9784287,0.34664338,7.19186768,-2.6224028,13.3877738,15.4337651,-0.4545521,14.5931271,10.1265485,3.47660917,9.76452099,18.3193319,-4.5029667,3.69655839,7.43656503,11.3002518,4.91922953,20.6782981,12.8850608,12.7711942,20.6281945,-1.2091122,3.94072319,22.879782,-13.745184,,,7.666667,92.225721,102.547474,13.556208,16.2007329,5.85565334,7.01496376,50.4208404,140.670293,164.471216,190.069697,142.189607,212.636988,123.209624,458.676764,153.369931,158.822727,181.948341,39.1932928,39.3510128,130.949167,36.423369,2.35691362,45.1355733,102.034598,12.6796064,32.7480779,54.2595918,56.0584898,,9.514991,5.01458304,3.86714967,-0.2993536,1.98847488,-4.8052022,2.20038338,3.49186343,-3.7994803,27.3213755,18.0141041,40.985382,3.39480152,17.6418865,19.8483707,22.0777408,20.7777818,7.05036593,4.58278503,4.79896172,5.13056778,-3.3035225,12.7754394,34.7644931,-8.2001409,-4.007307,-8.404432,16.605599
,8,40.7610125,39.4826652,30.4896663,41.0822916,47.9753385,91.5516174,18.27748,58.3689899,121.010802,50.8813579,69.2206767,24.8957639,41.8800027,80.6031287,50.3120579,90.633437,109.709854,47.1714681,97.2183327,61.1802532,63.0781962,73.655836,133.683938,96.934784,50.4883157,111.434917,95.7817242,59.493005,61.378069,156.515054,51.0143631,101.389394,80.0127554,98.7053406,30.3816074,49.2977777,22.4681671,68.0182376,46.329472,8.5661439,67.5807024,64.2863732,75.3159144,23.5901536,80.6836311,36.3097107,36.6294334,65.5494957,,7.13135325,0.84320722,7.05994948,9.91962049,1.15339208,1.6424486,5.14190618,10.3895649,-12.251904,4.2294213,20.8238672,3.74048349,12.2200848,3.3780392,1.17280602,5.67674578,1.46223144,5.63740171,11.7097599,6.47936924,16.2221488,31.7505429,5.31337652,6.93776987,5.1585667,10.9127003,10.1028375,22.0859586,13.6390073,12.3473418,3.83815908,4.33580414,4.04364577,7.75687909,1.07165868,0.02487834,-1.6378996,2.88439413,11.9939861,1.90072505,6.9106239,29.9379144,12.75494,12.0401295,13.0841037,7.60176071,16.7837617,-1.5424436,,,8,106.198359,81.6912457,85.7230166,76.7743452,104.606696,70.6475829,102.923901,89.0462749,114.79841,154.746132,117.956028,47.9350728,49.0302221,43.1128135,100.92982,131.388236,91.4904913,78.0070022,145.108541,51.8245646,63.2992974,80.9355447,56.2334833,136.337308,61.4057052,97.9355498,79.1905846,101.065082,20.1952838,-2.3171054,45.5297122,80.2009384,35.8413343,60.0833452,25.8868834,17.745034,51.4631145,48.5964458,23.1244522,43.0240401,,1.12359039,-1.9304722,-2.3901668,6.60263929,-11.20173,-11.161274,-13.604299,-6.9114459,-1.4285052,10.6749341,20.5859113,-9.3286189,-9.7636522,-11.950399,1.28226759,-4.7184428,-13.349947,-3.6457596,-3.7309758,-6.0755171,-13.645311,-8.7141279,-3.2818342,4.70512401,-0.0277285,5.5798312,-2.5650507,-8.9649718,11.5267421,-10.047522,-10.414145,-22.591529,-4.5369629,-6.6974182,-1.1119312,-4.2943158,-1.185097,-0.3063288,0.29429597,-5.648513,,,8,59.1405915,29.5063307,115.285526,49.1296441,48.3219366,70.7379621,100.518195,89.5459957,109.750343,115.969287,100.894194,74.142155,90.086058,118.049053,75.2558757,101.273814,30.4099207,138.523327,107.001542,158.12771,144.527881,179.397663,59.5011913,136.283461,116.802648,158.289573,126.135997,95.7021581,159.841946,155.388542,145.535278,194.515423,113.876399,98.7200415,172.282695,150.484518,131.859167,91.488539,56.0732669,121.102096,71.3428522,147.226386,105.37083,206.652355,89.5229109,143.841283,32.3626975,56.4871159,14.3872539,30.0806502,115.411411,,12.4902997,7.19222952,11.2207183,27.4274329,21.7557748,12.4998983,5.51238171,10.544172,12.8484562,14.4677927,21.8080429,13.3676491,7.89788875,16.9559872,28.7854534,43.2308342,6.72448365,3.91579849,6.43661357,14.4909504,13.3022498,6.00398078,3.15731301,10.7275222,-13.495036,-13.448466,0.90856191,4.67611066,4.26795469,1.67182696,5.51422991,10.6127784,-3.7012445,13.2860159,8.52417582,6.28917213,17.9232881,16.9386282,-0.3106373,1.26254617,-3.8153289,12.9791493,3.17373035,16.4121959,9.04270001,13.4564976,4.71100621,-2.0054747,-4.0484465,25.9626237,26.2688692,,,8,94.9611362,103.542782,14.3107239,20.8610171,6.50973706,11.4944382,53.9499973,141.293127,164.650879,179.30317,145.404659,218.884891,133.680252,464.218873,158.073664,155.45439,178.853738,41.974177,39.9598047,131.245735,29.4666853,13.4478088,37.4513557,54.9915743,13.6899647,40.7521142,54.19343,56.6422959,,7.22301435,1.21290931,1.90258958,-0.6914363,4.01539049,-3.1158044,-1.9127029,2.6223235,-0.2669861,6.04861992,18.9506274,40.5162497,14.7585428,0.40100075,25.3981405,7.53109451,9.78971355,6.75069123,3.45381822,7.39887139,-0.9223125,9.98434194,4.45035397,-11.138039,-9.4623927,-1.350556,-11.727281,15.5852688
,8.333333,47.4554712,44.5049065,29.3210522,39.6224324,46.6120374,92.8647883,18.8403106,58.3331491,120.356516,63.8278201,69.5346104,32.6077495,42.5413163,76.8461805,50.9292616,93.2674482,112.736883,54.5039985,96.6125144,61.0996679,60.3475823,73.0078374,150.599731,99.9842872,53.0985313,116.110061,96.6582626,63.404941,64.4135998,164.529945,51.404031,101.674264,77.3976695,101.391558,30.3877678,52.2207555,20.5560243,66.4134106,47.0706849,9.67589197,70.0858514,65.0645237,77.0449843,26.8195016,77.3161148,37.5658123,34.526868,63.8181854,,9.65798993,1.54449042,9.39763326,5.29188768,-6.068502,-2.8870266,3.34704008,7.49552516,5.4571337,7.67258271,20.6911508,7.00827138,14.1667389,-0.4908109,2.78685793,4.29116838,5.30817535,8.97381656,16.1665477,11.3010696,18.2511839,8.06901335,10.5619817,8.73724737,7.0318553,7.28771295,8.50577554,23.5239895,14.3965209,19.7587312,2.27547383,5.23058439,3.87028868,9.57602909,3.14036639,4.58066377,-2.4299842,5.02603412,14.338157,4.49289453,5.87732116,40.9163044,19.5697877,23.4347688,18.9359696,10.6058907,21.7698958,-0.0148973,,,8.333333,104.875539,80.8345559,76.5808568,74.4968345,101.158898,72.6504849,108.901533,92.5341201,114.702767,150.5113,111.421707,46.3766115,48.5701041,45.1563426,98.6490124,129.196134,93.1243069,77.7656063,146.750783,52.1788319,62.9556259,80.9128689,57.992536,130.363999,63.3576224,88.0043989,76.7138407,94.3194913,18.913038,-1.5727346,43.9917265,76.1166334,34.3133048,60.2962092,27.5432848,17.0431314,59.0854677,48.378875,22.7041707,43.9895065,,-0.3575032,0.5330556,-9.2854382,3.82553228,-9.6511266,-9.5752306,-16.88665,0.32476109,-2.9925923,6.42986303,-1.3308507,-9.6897015,-9.3378109,-3.3775113,3.14297022,-5.1322082,-10.794547,-5.4557861,-2.3759834,-8.8066621,-12.846305,-3.7362838,-2.7711846,12.3325649,1.57487933,4.17561073,0.31181114,-27.061185,10.0283585,-9.216053,-12.390802,-25.337242,-1.4129876,-10.809332,1.15124474,-8.7649544,-0.3494258,0.33245957,-0.1125262,-5.6884055,,,8.333333,60.5097547,32.4104198,115.533763,45.4192887,51.2793668,71.736977,97.5467966,88.587153,108.530953,117.020288,100.092214,72.4541045,89.1679271,119.124882,74.8255658,97.4592792,29.8839779,142.535822,106.547196,160.74177,144.151165,174.882796,65.0252195,118.104764,115.495347,159.550971,119.950316,91.1073434,161.903581,160.267649,150.97698,200.3993,122.46471,102.366764,172.562949,152.098917,132.731131,96.9328262,58.5143962,126.991909,75.0794767,151.373621,107.510218,209.048659,90.6601937,148.599887,34.8599931,55.849864,17.566552,30.6415893,78.9302927,,12.0710626,8.24584422,12.9218184,25.9801209,21.1605555,18.4511271,4.96966495,8.97365394,4.68222253,13.4215927,22.6612685,10.8895157,1.19131704,20.4170234,30.4737726,34.5926904,13.2121222,17.6912705,19.6778413,24.2824698,28.8479731,4.07938814,2.454531,0.82577692,-20.344851,-17.516501,2.08416563,4.16641426,7.28003264,1.06228143,11.8345093,12.7259416,2.48974047,15.4591478,7.07756782,3.90322991,5.02342731,20.2536295,-2.9345937,0.54782625,13.7796214,5.7414165,10.9894984,12.3873886,5.55917957,2.2495035,15.039571,3.66476914,-16.505839,27.8856646,-13.563992,,,8.333333,97.1455766,105.082489,18.5926454,20.4825081,8.85215965,11.6710227,52.7330782,137.280536,154.893533,151.538723,146.47314,215.806762,124.844061,412.692119,159.743386,151.314277,175.533181,39.9190245,40.7214266,131.008691,34.0559332,19.3452893,32.6711799,87.200127,39.2505531,38.8091427,53.2053182,53.2759103,,5.31851138,1.69962738,2.77366646,-0.3818305,3.76493609,-3.3747107,1.93115,1.81564401,-2.7717707,-17.790368,20.5448736,42.3876331,12.5900797,1.53724903,24.5173232,7.12623549,14.8640218,6.54635961,3.66305797,2.06244872,5.61522596,4.51257129,-3.1027934,25.5497695,20.9039339,-1.6508925,-0.9737451,12.9705544
,8.666667,45.0042541,42.5161877,26.326989,43.6753579,52.9619321,95.5147268,19.6196338,59.3759045,109.052193,81.295084,75.3811573,30.7007229,47.8297637,81.7478412,48.6956613,101.357313,107.066169,52.4729712,96.5537892,60.4080899,60.0619519,75.4115098,151.642156,93.681993,50.5785254,119.257092,103.520168,60.6512327,62.5248907,160.004635,49.1097645,103.977958,85.6653371,99.2408478,28.2557524,49.3323114,21.6293537,67.4768165,45.1267687,11.8593323,71.4753981,66.2000586,77.3499972,25.2512271,73.0293034,37.8159977,32.161197,57.3886391,,7.43051283,0.90725562,5.53759335,7.12433368,3.52903744,-4.8091602,-1.8242376,1.60665794,-7.4735873,12.6916102,24.0624059,7.06804614,14.0478068,0.2848401,-0.1598809,5.57327574,2.17236954,7.25710283,13.1802628,13.169385,15.9906447,48.136973,5.97173576,15.5688633,5.55429783,8.49259168,13.3864381,25.1687755,11.4350036,14.41708,0.30101552,2.95816018,-2.220329,6.76013594,-0.9920489,0.21161113,-1.2190592,5.55065741,11.935276,3.82917339,14.3646306,28.1809909,11.8260748,13.8096803,10.568884,1.74371896,9.31172165,-9.7999124,,,8.666667,105.374289,83.5289958,74.0747762,74.2939324,100.444773,76.2218361,107.384047,98.34238,113.445256,152.550076,97.0817592,44.7415392,52.0907853,51.213307,101.918413,129.466457,95.3736314,77.9108118,147.118578,57.1442904,62.9970753,84.802099,56.4918037,131.139897,62.403944,91.6255532,81.900944,114.880669,18.2650103,-3.7064257,40.4579966,68.1534381,33.4988585,63.1516929,25.4449942,17.3303989,60.5667363,50.541465,26.2272462,46.3895675,,-2.4909757,-1.5393115,-14.481571,2.16133653,-8.5801845,-4.9285236,-12.977356,1.47951003,-4.7756105,3.53179299,-12.488676,-13.390105,-11.154816,-1.8827938,6.51986702,-6.6911069,-11.758833,-6.3380883,-2.1832998,2.93066652,-8.9478188,-4.7342092,-9.7524099,8.7881579,-1.2231837,3.80021515,3.63391857,-5.7735032,7.70668661,-12.756145,-18.442918,-30.734278,-4.8543108,-12.698312,-3.0128816,-10.243421,-5.9369054,-3.6879859,3.15801895,-6.5482135,,,8.666667,63.1907433,35.236271,118.070155,45.5850134,53.7794277,76.5616694,100.983083,94.0169028,110.475193,123.231462,102.37152,72.172708,91.2533031,123.978628,74.0839791,93.9987725,30.8854435,138.033709,103.027648,163.625667,142.488577,176.974719,78.3519698,132.961042,111.90225,155.098548,121.824961,90.0918062,158.614551,160.304593,154.921349,197.978758,119.690689,99.292001,171.894218,152.408942,135.090313,99.1549236,59.9607317,125.192846,75.1569769,152.220633,102.439005,202.017745,80.6180205,145.377335,38.078794,50.6937757,16.1439528,27.8930355,42.8269863,,13.6400793,10.0038768,12.3315329,27.8668271,22.6372446,18.4414701,8.54140894,8.69953971,7.11423042,13.8014146,22.7956314,12.8366748,11.9072427,20.6283322,28.0607189,27.8503844,4.53137586,10.4879217,7.20145958,15.9225974,16.5316305,8.23354964,13.6080535,11.2523973,-13.97351,-9.985021,2.96647957,2.65409621,8.11690752,-0.5022164,4.06086391,9.7630024,4.12042774,15.2759803,6.89013213,10.0629447,4.12507416,20.3349918,3.15620608,6.76012553,1.98422235,12.1593726,2.92704341,11.8303567,5.55890565,1.77632207,14.7271834,-3.7022619,-7.3470827,21.7019573,-47.810616,,,8.666667,101.384013,104.140866,18.5210001,20.1666085,9.85387057,12.6450144,48.6507197,139.487628,154.450602,136.408887,145.306856,217.909961,116.449776,435.999593,156.890145,158.636542,179.727597,43.1078865,40.6338569,132.307616,36.2036805,21.1925421,44.8111662,113.262191,16.9550337,39.4455885,49.194805,53.7856304,,11.370523,-5.3200714,1.22127958,-5.7163629,2.1251925,-3.3188041,-1.9023317,2.05504219,-1.5588982,-34.446722,17.7609325,39.0298841,2.27514735,-4.1940008,19.9916794,11.0923463,20.0640068,6.08172533,3.22121638,4.8797053,-1.3265336,10.8355032,11.2876571,43.877935,-8.1874649,3.81857447,-5.486139,10.6871213
,9,40.6838311,42.5421645,25.1918026,43.0622911,50.2085689,104.462297,17.4965842,64.9668732,121.10903,89.9906332,83.8401497,25.3840823,44.5419611,83.8995353,49.4143307,102.355466,105.452372,52.3260722,99.7067866,61.3764822,63.4311172,78.975232,139.810325,96.4508572,50.6988009,114.1667,102.474437,63.2313058,62.3630067,161.425497,49.2059914,102.281534,90.441287,98.2287328,28.4429177,48.5042912,18.704357,66.7762162,46.1152467,9.42623639,71.7016824,64.8925728,80.9534627,28.6657035,79.0069346,43.2949621,43.5157928,70.0176862,,-1.2190391,2.33926973,5.15036172,10.7612172,-0.1500731,11.1023205,-0.6023853,7.45528425,8.44925345,16.0320497,26.0588403,4.87162775,16.4634919,2.77678183,-4.4263417,6.06717514,2.90846561,13.5748061,26.2857611,13.5374373,17.6509474,24.7553836,-3.256556,16.1565099,3.71639285,3.67679165,15.9272021,21.1933723,10.6948205,16.1281693,-2.2466648,1.91448519,2.18246326,6.1387705,0.3011036,-6.8443811,-7.7980757,5.38153973,6.93044274,1.35921285,0.25037686,31.815737,16.967645,19.8649229,14.1441872,3.48703252,14.7725659,-0.0625932,,,9,104.865594,87.9018738,87.3535587,76.9949337,110.967087,80.9301913,111.36684,104.640897,112.033426,148.662598,93.1339962,48.0638435,51.5360612,50.61338,105.906031,130.16236,95.7268784,77.8595603,148.564309,60.2388527,62.1173883,84.7075252,61.0344626,135.113334,61.7111241,93.2691434,87.8866831,104.355503,19.8010912,-2.5926246,50.2427652,73.1514707,32.9351435,66.636628,29.3891829,20.5873415,64.8969425,51.9256545,25.254798,51.1494924,,-0.3735067,2.16935569,-2.3406009,6.04589651,-7.578488,-3.2977245,-12.501954,5.82648823,1.61234647,6.76273409,-16.756491,-12.199818,-9.6776243,1.04302791,1.60988822,-5.6544796,-14.715666,-5.2655276,-1.002556,-2.1796359,-8.5805504,-4.0075049,-6.901369,11.5033281,-6.1850003,-5.08817,9.96859041,14.1101352,8.95969712,-10.501657,-11.542606,-23.707845,-0.425311,-5.6572836,-3.3176784,0.56414588,-0.2985283,-2.5533517,-3.0033907,-6.805084,,,9,66.2607479,35.4318622,122.889079,45.4829422,54.8329226,69.718465,98.3822355,94.4195172,112.534611,117.111369,95.5964335,72.1481548,93.0289539,123.125164,75.2685245,98.7834672,29.2943936,141.65051,103.957921,164.343975,145.768379,179.220624,84.7311212,132.825048,110.153883,150.983497,120.113979,88.4136584,164.148538,159.201481,152.728627,193.495857,120.48864,100.084979,174.005921,154.086494,139.456037,100.516625,61.4379798,124.480729,79.2657156,152.76444,108.582422,199.958718,81.5425009,149.724775,35.0062248,59.893553,22.0997562,20.212938,94.5088779,,12.9279335,7.89103946,12.4880611,23.1508587,22.4409294,11.2464201,10.0051987,10.7437475,7.91960349,8.69328428,17.0803353,6.92366634,14.4924498,22.020629,24.4051696,26.0834031,5.54401705,13.6124928,7.61214126,14.3343289,16.0200923,6.68640989,19.6452077,17.1162993,-9.4041953,-10.395698,7.38354476,5.08744884,12.7498711,-1.4561354,9.47853338,16.7886551,-2.3595975,12.4094611,8.83083247,9.05948836,15.9810037,17.4681073,14.0579007,3.08287872,10.3533371,13.0618207,-1.4161149,7.31021815,3.28831253,6.43429115,12.0427732,2.64645493,26.3092636,16.8583834,4.65348474,,,9,104.52806,103.371404,20.1016679,25.8292606,9.69614026,15.0849784,50.5662623,138.18703,159.636681,225.577733,151.443581,207.794372,125.637048,415.046787,162.909022,151.515043,179.835748,45.1241624,43.9006987,133.004455,27.9719403,19.6454423,37.0188367,-7.8888385,20.2735363,48.2302414,60.2955074,60.3229388,,14.198953,-0.1492005,11.1261005,-0.3611677,1.38677768,1.31818701,-1.9350433,2.37255944,3.229713,56.0527034,25.6820557,33.9860476,8.76228717,4.57484629,28.8721214,6.28606396,24.2045737,8.06720529,4.79831022,5.27311828,0.02747242,15.3578876,-0.9945878,-68.047816,-5.8679798,6.21277684,2.01757156,24.7441537
,9.333333,45.2972896,46.0231541,26.9034323,43.9629965,51.0888976,104.521719,20.5064407,64.6708705,106.660084,92.7136474,84.9190447,40.5960952,46.8169797,80.4579716,50.3724365,106.465416,108.88423,65.9828517,100.316707,62.8702083,64.8033359,72.2701431,153.726302,100.998286,51.9013214,125.696666,108.275815,64.108614,62.6968051,160.729306,52.4293059,106.05678,91.7925026,97.8222318,28.341136,46.701138,19.2058349,72.1643034,43.2035182,14.2385137,72.9871183,64.1875,79.4572265,27.093058,75.4688638,43.5013762,41.5767929,73.5065533,,4.24318138,4.31034648,5.50236087,11.047453,0.81449996,10.2885049,0.48141783,10.1941091,2.1448551,16.1407563,24.4173426,11.3269338,14.0131142,3.42365197,-1.7653129,3.20631973,6.7602203,19.0883826,20.8733609,14.3051833,17.3956571,14.1274814,8.75616683,18.6574781,5.56396178,3.17582152,14.0847807,23.3252996,12.980743,13.3035724,-1.5413762,6.73823663,0.30688428,11.5229545,4.12603496,-3.9207038,-3.2217192,4.45833621,6.40766418,6.86386154,10.3491426,30.3396524,12.9950066,18.281095,15.1645942,4.13396649,18.9032825,-6.5246693,,,9.333333,93.4395624,88.7207239,88.5777458,76.0134043,105.057702,80.0275914,112.007737,106.449674,112.936091,150.024225,64.9311388,48.5694116,51.7227874,51.4299943,104.522963,133.216326,96.415036,83.8646848,158.821382,63.8487609,58.905522,88.7168166,61.7623102,140.356703,63.2716237,95.5916432,79.4133184,136.204379,19.5673401,-4.067905,48.2367993,72.9018734,38.3462495,67.4495757,33.320072,20.1198064,59.7310131,51.8944659,25.5840045,54.5068608,,-3.0029859,-0.8988523,-2.5510992,3.05380873,-9.5483587,-7.2137724,-11.677397,3.61655337,-1.7538262,7.98844292,-48.175258,-10.917094,-8.9081553,-6.09359,-0.8475024,-2.4385825,-14.651333,-4.1001027,3.69588965,-9.7639337,-12.127753,-0.544652,-3.9070963,10.5331217,-5.6534134,1.47046378,-3.9065375,8.05003672,7.8641164,-12.020704,-13.303721,-24.141191,0.67904109,-7.4220236,0.31886973,-10.959413,-9.8586738,-6.7853258,-1.4975215,-5.5410032,,,9.333333,70.6127015,38.3435216,123.221637,45.2794894,58.7002996,71.4955381,103.873205,93.7484914,111.453498,122.160856,103.636208,72.7450099,92.5024749,124.179062,74.0147273,97.5087391,30.3136274,141.274269,107.578168,163.112399,145.499667,178.717895,74.1602741,125.54977,108.251327,153.835397,116.709924,84.721387,162.430563,159.008942,153.978951,197.791226,124.665296,94.9324667,173.287471,151.503106,137.266758,107.446519,61.2322415,127.933562,76.6249419,157.629135,112.655028,204.661615,90.971461,145.191777,33.6004691,49.7220765,18.9443938,28.7473892,94.0547699,,15.6513533,7.98646326,12.9907451,23.9533536,22.3906663,15.6997069,17.2632617,11.4390038,11.4979123,12.8191383,26.9750037,5.19452298,5.62836543,11.7915044,29.2799013,29.8130904,4.92081498,6.96469972,6.80099916,16.3240997,20.2158437,12.1186582,7.17543454,9.54607267,-16.075951,-14.167085,-0.0725295,4.70068018,9.31997672,-2.51932,9.47723147,9.33025364,0.91821028,11.2455965,13.8262741,7.18736454,11.810754,23.0349711,4.34576905,5.799485,3.73793688,14.5453684,5.81247794,14.560467,11.2003098,16.0207284,11.9474001,1.73861934,2.81751052,23.8056889,2.7141669,,,9.333333,106.463294,105.593019,22.9052353,35.1138996,13.9367576,21.4070013,45.0925068,134.439398,148.564898,104.284989,145.777091,189.707801,115.603192,478.599972,158.40124,157.84494,181.754548,46.6706506,45.9488488,134.779173,33.6953098,4.86665418,27.081172,92.6625076,29.5178304,46.8537859,53.0341335,55.1955321,,11.4543131,1.16161456,5.46006182,4.01855677,3.34362799,2.25990397,-4.5064082,2.69565212,-0.7264441,-54.186559,15.5028853,24.2216615,-0.4028399,-2.9149689,20.3547366,10.3804073,22.6252629,8.76017734,6.02950281,2.84139997,4.86280362,-0.1774236,-9.2507439,39.4271922,8.99432435,3.38781429,-7.4540387,15.0192225
,9.666667,47.2990908,46.3497036,29.6346528,41.5998028,50.7946379,99.4571299,19.9693523,64.5682244,115.476581,82.532722,81.1208592,34.0311511,47.1014962,82.9098964,47.3837065,102.026594,100.400729,62.6922263,93.6054531,61.7280209,68.5384284,75.2256324,145.290282,96.7869369,52.1544329,121.058818,107.562978,65.2437491,67.0415614,161.776299,55.1021496,104.84697,91.6832108,96.0364799,31.6100545,51.7866776,22.2636588,71.2142736,48.8580273,14.9899809,75.3421202,68.7738088,80.0721965,29.0295228,74.533089,39.5160349,40.3057459,66.9923455,,22.6286744,13.1666201,19.4324005,9.00684766,-2.1578418,20.9136505,1.9356004,7.10394192,4.87867547,5.50757029,19.4683545,3.99137503,12.9943547,5.4546171,-2.0852072,1.31603098,4.59170668,1.2746253,18.8121194,11.872722,20.2093835,28.7066599,7.61819114,16.2495033,4.84404064,3.87997146,8.99834409,24.5430223,13.2113505,6.57504635,4.09272163,2.92757167,0.54101962,6.687055,3.05213137,4.22872529,-6.2217443,2.14985561,18.0112221,6.41858129,13.9494174,32.786977,11.5166238,16.1056697,13.7501403,5.87582305,17.0999371,-0.9689158,,,9.666667,95.3616663,86.1210601,87.0744237,77.3685546,107.046741,83.8549542,114.005121,109.388351,108.709904,158.661316,109.705219,46.2205295,54.2319972,46.0363767,105.628526,131.458498,98.5255548,86.0481146,145.406078,67.1906095,60.230748,85.2229892,58.9170352,138.173356,60.3755151,93.2267215,78.1560271,95.6460612,20.5330395,-4.6477246,47.18565,78.4221539,38.386497,66.8909945,34.2441678,19.2816902,62.2197099,55.3379122,27.563343,59.9797135,,-3.0015142,-4.4629625,-3.5826853,5.0873318,-10.837474,-4.871145,-13.397779,6.04879328,-2.5684365,5.46499147,-2.6476191,-14.762794,-6.4339168,-1.4367982,-0.3201054,-4.3186262,-10.679835,-4.2686824,-6.5000152,-5.1410635,-7.4242452,-0.9400797,-5.8020858,6.14947616,-4.6683697,-0.3374927,4.80825678,-16.553194,8.64090054,-12.483192,-11.122197,-25.283122,3.17414502,-5.177326,-0.5243381,-8.9367827,-8.0450827,-4.1462501,-1.5618758,-7.9214671,,,9.666667,75.5488716,40.0691107,125.158192,44.960738,61.1306009,68.2662949,107.856682,94.5485696,115.753938,127.773993,109.784643,75.9094747,92.8338923,127.145991,71.7037515,97.8433018,31.8567584,145.58359,110.781026,164.637805,142.93868,178.933279,74.1109421,133.686893,118.927149,158.828741,122.135563,82.3232014,165.62519,161.294102,148.310448,196.547254,128.247016,93.9911425,166.984284,152.867422,135.471694,103.466288,55.3917795,124.693349,72.6634887,148.729253,105.145065,200.154665,90.7998065,140.004879,31.4341986,57.2404391,23.1395336,23.5999244,94.4694137,,18.4545588,6.07896982,12.0868677,25.7780469,19.5237462,12.5639238,20.0566398,9.88816116,11.3729122,21.4906626,24.7300239,11.8027565,9.21908529,12.8531486,25.5571691,25.5104415,7.23050687,9.09547371,9.39885368,14.6553423,16.0838899,8.67480292,9.65757917,22.4996855,-3.9118623,-6.7813575,5.30289356,0.03136861,7.03429051,-0.0684442,4.43725153,18.2870607,7.46739609,12.0844527,12.4422304,5.5794494,14.2491867,20.8477857,-0.5001671,5.41388166,11.2488782,6.53320435,-3.9818665,6.61119016,6.94052394,4.14564902,13.2401338,6.83609218,0.04108341,19.7012184,11.8789086,,,9.666667,111.904426,107.567324,24.8181177,37.0744218,11.7820187,22.4487777,49.9580088,135.075082,148.315224,153.492168,143.431291,225.398281,115.809605,448.645036,157.582635,158.605627,177.038675,47.0282209,45.599701,134.766786,31.2246356,18.8291535,35.1675264,35.7956955,31.6730858,45.9960934,43.6104376,55.8961743,,13.2311356,-5.5114293,5.93164236,1.9000981,3.02532368,2.49937119,0.05907425,3.14372455,-2.0292818,-11.117433,20.7556175,55.9556757,3.06693212,5.14572815,25.5750077,14.7262807,25.4177435,7.18816809,3.76537016,3.76422236,-0.9518928,-0.7554109,-2.4126779,-17.58029,7.26407134,4.83821823,-13.700594,16.9985311
,10,47.6293168,45.478297,28.7703888,42.3405765,49.88846,102.144399,18.3510932,67.1336904,108.822738,79.7733221,85.8772837,25.0631695,51.0456484,84.3025123,50.1025337,102.527086,104.978907,59.2276262,89.1813919,62.1522097,68.1124017,76.2159195,145.132855,101.190957,55.1751409,117.757052,105.39134,67.8256757,66.0421845,162.008254,52.1556152,108.398473,90.2177169,91.7187912,31.6117858,50.4410096,20.4389296,68.6955426,53.0754143,13.6713153,75.9988335,67.6450432,83.9062113,29.3172902,75.0183832,40.3512495,46.6427614,69.2363875,,3.29209144,-0.8300527,4.20406419,13.1139719,-0.0789939,27.5228009,2.07785875,6.76251104,-3.3903217,9.46278491,23.5432849,2.50807978,10.7615367,0.45407615,5.15811854,11.7858248,-1.7932684,9.46174222,14.3401203,12.9612756,16.6032321,39.9495838,9.78815095,11.384309,3.37610238,3.20223551,7.94443615,32.9312724,11.860618,11.9456517,1.27832479,3.26729624,-1.1442082,8.39090222,1.11531914,-6.5693057,-3.8885453,3.01291307,10.2209029,0.6756948,9.07939025,31.8585513,13.031178,14.1194342,15.5977601,1.43320073,14.0707358,-3.3648178,,,10,89.0799852,81.6240002,81.1190619,76.173248,103.634221,76.8531401,111.483173,105.787343,112.006371,157.034992,84.1924487,51.937573,51.6371241,47.0634762,100.652485,131.397638,94.4070258,88.965413,151.921675,56.2651077,58.6972807,88.1408963,60.0854853,140.12875,62.3805242,87.6015649,76.1976746,111.298385,19.8124115,-4.0318163,45.351879,80.3458602,38.7831033,71.837628,34.4374444,21.7727466,63.2247021,57.0367666,28.9681378,63.7214666,,-4.3737394,-1.5776345,-6.338048,6.91126096,-8.2601465,-7.8148733,-18.859883,-4.5532407,-6.5068492,5.1183118,-23.850149,-9.9659212,-9.8515048,-1.8578887,-3.9285587,-4.6292225,-18.917751,-4.692259,2.43031333,-12.304574,-10.346725,-2.4925611,-10.815183,4.00087333,-1.0275079,-7.3808926,3.38904384,0.31442217,6.43589835,-10.132258,-11.618726,-20.600386,2.26031674,-7.3769064,-3.3701491,-4.6271714,-8.7363464,-4.9635476,-4.3075775,-6.9844049,,,10,83.3004566,43.9182935,125.36998,42.2984003,63.9392701,71.5042321,111.71726,94.052819,115.281988,126.099859,104.361963,73.6015747,91.8021197,128.105542,72.9519939,102.082174,33.4251463,148.071419,110.678043,166.601919,144.524101,181.276165,69.2306158,127.652055,121.592695,154.347618,121.710178,86.5122004,162.740786,157.653991,146.075783,195.242483,130.051676,88.7787576,172.452714,156.472783,134.338628,103.247841,57.3342701,124.409972,83.7630517,150.502719,106.910921,204.998496,86.6376378,141.359708,23.6467002,43.0183644,8.96981198,29.1250111,91.7438514,,25.8355966,8.061671,10.3012384,27.0983542,30.2059185,21.0747101,14.6767574,10.459469,11.5641056,20.7529772,17.4732034,8.68419265,-0.0578248,7.06909913,28.7167287,23.1184682,4.96888555,15.6003864,7.86241929,12.1255512,18.198907,9.49638875,4.53099819,8.18116409,-7.0907245,-15.76635,1.60075412,2.30091137,10.8990946,3.09591695,11.9552261,21.1769684,5.38057101,11.4423559,14.0596424,3.24160487,-0.361865,19.4788475,-2.5655426,-2.0428982,12.629141,10.834249,-1.6467657,15.4994843,5.26460139,8.91436084,10.0570223,-5.5703902,1.54838348,20.9713074,-1.4176928,,,10,115.816441,108.663459,25.6897865,41.3412869,13.2690905,25.7222836,49.3541553,133.819729,143.664818,157.824157,149.509164,205.759906,117.482051,437.53473,156.526704,158.68367,179.250868,46.9093134,45.0755232,133.139866,31.4216266,22.6222681,30.6970572,4.19482365,36.7713601,45.6643334,52.8378168,54.3679382,,11.4289433,0.33830096,1.84810465,3.17419336,-0.2670763,5.23736357,-2.5997106,-0.0724576,-10.209966,-3.6660117,21.036666,38.5658787,-2.8227853,-5.2843886,21.4940667,9.32549999,17.8886333,9.51996379,3.92092213,7.01909898,-0.9754205,10.1893768,-1.9626853,-51.069449,18.9563702,4.86866011,-5.0805766,14.6824658
,10.33333,48.1087488,46.4180151,28.6649665,45.0505251,52.4430689,98.7185568,19.5584002,65.0099964,108.420719,77.5972893,84.0507776,29.0318013,54.9634205,90.4970985,48.1876055,107.721174,111.724845,58.1658786,87.6346129,66.0323814,70.9315264,78.1159238,151.217905,99.2848015,54.1418455,121.523417,103.640862,66.7176595,68.5733231,164.043473,54.394599,108.427221,87.4799739,97.8319572,31.4196073,47.1863041,22.14867,66.7309505,56.6918009,12.1566193,75.6251458,71.6322811,83.8511038,28.7573695,70.0262609,35.4580593,45.3673244,66.6377648,,6.98240526,3.79985319,6.16076605,9.73637535,-1.8415285,15.0451257,1.52111779,7.96534394,-7.050279,16.3396268,23.9455893,1.69515903,13.0145785,4.27702658,0.48240707,11.5823726,10.9622829,10.2643737,11.3016059,2.6975399,16.2081978,16.3609506,12.874911,11.1360291,9.12962524,2.88707344,9.38573817,22.5625618,12.0581117,12.200624,-2.2231724,3.15771455,2.82401186,8.50542944,4.64122372,-2.9537154,-1.2697917,3.71095177,17.2295737,2.86419151,2.51890221,29.5520149,6.71622455,12.1979176,7.62939091,-2.015963,19.4964714,-11.176959,,,10.33333,89.1832278,78.0070233,77.6193415,76.7725809,104.747433,81.2261451,109.002623,106.942041,115.50064,157.533555,91.5975799,50.0080317,53.9338337,42.0137782,107.248495,130.179371,95.316443,89.8541548,141.360208,61.6273549,55.9568023,88.0007795,61.0702342,134.068274,60.1725529,85.5261728,75.4351704,98.2613134,20.7270739,-1.7065347,40.4800876,76.5219714,35.8982778,76.5280554,37.0769435,29.1359447,62.293135,61.0656044,32.1462475,69.8521448,,-5.5974631,-0.275406,-14.923999,4.14570692,-7.5499816,-11.382172,-18.159472,-5.9033724,-4.6572523,4.45547089,-29.325511,-11.998583,-5.231407,-6.4940169,1.80232469,-5.4598835,-10.505146,-4.7448567,-7.4423546,-4.4019329,-1.2603901,-4.8293141,-11.967779,4.96234609,-7.0262868,-6.1372963,4.35142393,-3.9843197,5.30686325,-7.3603494,-11.285645,-17.92097,-3.4113917,-8.7713223,-2.4943419,-9.7798715,-6.7846549,-2.095032,-3.3758167,-7.8003944,,,10.33333,82.2244098,46.0618814,125.829032,40.0359258,64.57034,72.6483166,99.6129501,93.8264123,111.354291,123.407562,103.913023,74.7774919,94.9692611,127.752261,76.9882524,99.6107146,34.3307968,148.418377,110.720439,168.415749,148.383659,183.542927,78.9692313,142.166791,116.03015,159.469066,122.791891,83.7332837,167.733164,161.017192,150.512539,197.412034,131.136316,88.6839642,175.838173,157.916971,142.386471,106.852615,57.5466432,127.938535,80.8790616,153.048653,107.501563,205.592711,81.3911244,143.155293,29.4003139,55.0818448,7.87935831,31.9256628,85.7867449,,25.2917301,4.24272166,9.64333071,24.0606549,22.4302554,13.9740511,3.69440716,7.10274166,7.59089623,11.1591076,24.9803752,9.60238444,4.60022438,-2.1065573,32.7729492,36.7928575,7.31054241,16.1415966,11.3789661,14.4928177,17.3669597,8.3168198,19.0840594,20.6776956,-11.893307,-15.079545,3.00546743,5.79292185,9.11190877,4.72671371,4.39912089,19.7318489,4.67418605,11.294132,17.6066951,4.30329325,10.3632833,19.6159411,-0.7606564,2.02255382,3.51846289,10.5747017,2.16602606,3.91405698,1.46619103,5.94721798,15.4727434,7.13485959,14.9243727,29.5106942,1.90629729,,,10.33333,117.824966,107.850652,27.373264,42.7010444,14.4582539,26.9593648,47.4665647,138.057808,150.588537,170.130776,149.452257,209.393402,113.910207,455.94104,158.324204,162.07948,182.480652,49.2781989,47.000618,135.876477,34.2622319,22.7819922,45.0624575,53.9229245,29.4631063,46.3472159,60.107257,53.2367686,,7.57009051,-1.2603527,3.20246757,2.77282774,-2.1034645,2.71682065,-3.9334807,3.39525285,-0.9236101,0.78397418,21.6942524,30.1392707,-1.6991332,-4.3752401,23.4321427,14.115004,21.7455353,9.83590712,5.48228327,6.6858721,2.08691408,4.79376134,9.45546872,-14.16668,5.74136931,-0.4621908,11.7751197,16.9183546
,10.66667,48.4511662,49.0685759,27.5299152,45.6408669,50.9420472,96.1737406,22.2675342,66.4617916,112.08738,76.2818592,77.5840027,28.5434916,52.9498446,83.9301482,42.3269737,105.793908,114.646228,60.3537461,95.387826,66.4122431,69.9506136,77.4982266,143.028727,100.859277,54.2181429,117.601968,106.708395,68.3377071,68.9438065,170.612066,55.9692388,109.797763,87.4785822,103.922874,30.7226787,51.2993,25.4005763,66.1155289,54.2958923,13.7474701,75.0987669,70.2575588,84.1949595,28.5261035,74.2971724,38.1691354,43.1458918,63.8674143,,7.92477745,4.21853666,2.58475293,12.9637357,2.21642457,16.288714,-1.5456319,0.31996691,-2.5794746,14.3139359,21.3569806,6.15006135,13.9074357,2.39447111,-1.7281762,4.1144703,16.1700247,12.357831,20.4747304,4.44851016,14.8463356,1.57636832,-3.1834642,8.70425293,10.6461716,3.10459429,13.9850656,25.4167792,14.8759255,19.5495689,0.83659295,5.22176692,3.94419669,10.7054826,5.18564426,5.0283014,3.32395112,5.99733069,13.7454415,4.86424744,8.44543299,32.8964761,8.92378019,15.0963383,11.1533418,-2.6827033,21.4244715,-9.6528969,,,10.66667,86.10744,71.4706123,84.7796653,73.8305187,107.206559,83.1314342,109.322546,106.535166,115.682301,164.721776,96.8213208,49.1348382,53.4676063,50.3130271,113.754757,130.948077,92.3165362,92.7787579,147.676164,58.9570914,53.8135637,87.8922878,60.5943977,141.353036,67.0793496,88.9227749,76.4309649,122.712861,19.6662256,-2.9963924,41.5472601,73.0991902,37.9461654,76.0271858,39.4631588,33.0144111,57.4325631,63.9048144,34.0317162,70.0233437,,-6.6655043,-9.0050465,-4.8792253,2.58568038,-10.560854,-9.5379188,-14.547084,-1.9715966,-4.7732354,9.79901555,-27.590026,-13.663439,-5.1905541,0.3625665,-1.6996109,-5.2823477,-17.403601,-6.0755345,1.83042408,-1.8895403,-7.4175316,-1.6633416,-12.612749,8.52236888,-1.5275208,-8.4008953,3.33213509,1.84321662,4.08082008,-12.318029,-14.634051,-19.52615,0.11504063,-6.7381932,-2.8644514,-8.1213847,-11.721276,-5.1089691,-1.7236104,-8.321668,,,10.66667,83.6015616,46.302153,127.621132,41.8594354,64.1752405,73.5366882,107.301297,96.4463304,119.478304,118.925171,109.613978,72.2209741,92.2075898,123.878604,75.349593,94.4031427,34.9899404,148.386891,111.932242,164.89027,147.118789,179.925818,75.3689657,127.415137,118.01617,160.239096,120.678373,86.2919516,166.169214,155.827075,155.62969,199.745757,127.606842,87.3630579,171.141452,158.48119,145.431501,109.105457,56.6004545,130.585173,79.9612925,151.723626,103.022022,206.548771,82.9626963,144.63361,24.1112939,48.9425089,22.9172325,26.3717907,95.0380012,,21.8633322,6.40206465,11.6517025,26.6569484,24.0363714,8.97508418,8.30159849,9.47749749,12.581013,7.18208703,20.9901233,9.76088431,15.9961865,6.03259904,31.997154,36.5818754,4.74066175,11.5145525,9.06275978,12.1001272,19.5169438,7.28265861,11.1546373,2.8959123,-4.2055973,-13.375167,-0.8749634,4.43575852,12.3484238,-2.7024783,2.23698639,13.4388946,-0.8353786,9.47183802,18.600033,8.40476031,16.9919708,18.6347988,-3.3027447,1.04898041,9.7790409,8.35593154,0.22187698,3.16809246,-0.4888343,7.23239657,13.0775446,-0.0677497,22.1747649,19.1670653,14.7760551,,,10.66667,121.69724,109.037732,29.504186,50.490488,19.3175982,28.1131389,48.4618667,137.313514,141.804607,156.338946,151.778966,211.774325,109.805656,462.372459,157.470577,164.256926,193.962018,50.9815521,48.4534003,136.919808,33.3348913,9.11813166,34.6616372,3.81774426,18.2815029,43.3724076,38.1075767,52.8647648,,9.54207863,-2.1035791,4.87933172,4.6618824,1.76082681,3.16139955,-0.7733254,0.86503385,-3.1412016,-5.445051,21.933843,34.3400637,-9.0838259,-3.108672,23.5728883,6.00517072,18.0860797,10.287721,6.40683714,7.38406248,1.65493721,-5.0939804,-2.6794718,-67.620671,-1.8428504,6.68143059,-14.811764,15.6884415
,11,49.6435216,49.8317521,29.5218296,48.6615151,53.1445134,103.640103,22.806036,68.8703053,113.719956,73.0897327,82.4188471,42.4689315,57.024268,79.9318529,43.3543972,107.268826,107.212973,67.4155868,91.3219754,70.6489846,72.4104649,77.0320366,149.324612,102.998191,55.5718066,117.467199,110.392892,67.872974,71.6483434,176.645126,55.511363,108.369334,84.8362997,105.666664,31.1856249,55.9181753,25.4952364,66.2306923,52.7585991,15.8370018,79.9201674,68.9187663,86.6156503,28.6865088,74.2787874,43.5832589,49.2366705,72.9384821,,8.62938175,1.05681844,5.68411606,15.8893372,-2.2247502,22.354493,1.3056474,5.38739835,4.41418425,10.2908046,28.0865731,5.23180899,11.261866,-1.2493355,-4.3282604,4.19865687,-0.774232,12.0861455,14.5913021,6.18275746,15.5317002,28.2687836,5.63581189,6.37271066,9.00722552,2.2305752,13.7487492,24.3491229,10.7313054,16.59457,2.29188519,2.95503967,4.79999641,8.86739396,6.67145685,4.13534329,-0.3812406,10.2056445,3.99307291,3.62721231,11.1339853,36.1513935,12.7163922,16.4892799,11.5751634,-1.8656262,19.3947914,-2.7760056,,,11,83.8320357,72.7565885,80.1997864,76.2461854,109.927491,83.2795788,111.06754,110.434845,115.003457,164.998376,104.314976,50.8052916,56.0725875,47.5501358,117.525062,134.858699,95.1326119,99.1433861,154.205969,61.611293,59.1953644,87.0672872,62.2296708,134.753953,65.7945814,91.701427,78.6361125,106.560949,20.7965167,-3.8123312,43.6799365,76.0428004,42.5273155,71.8581868,44.6070192,34.8082242,59.6177446,64.8741444,33.9887117,73.6848515,,-4.4845693,-3.662975,-16.282879,4.82592709,-9.8013625,-6.9045739,-18.890819,-1.3316784,-1.4788723,4.89571129,-6.9002512,-9.1784787,-5.8817726,-2.8456311,2.20326305,-2.2082643,-17.329528,-4.9381499,-6.6253073,-5.6116955,-9.2455894,-3.4587711,-12.499956,9.72752844,1.15184353,2.65383544,9.93491308,-4.0619142,6.54227193,-10.682408,-10.699391,-19.152346,2.98971666,-2.1265933,1.77419726,-9.2290448,-12.947465,-6.2030932,-0.3655451,-9.5267758,,,11,83.1632146,47.9604464,128.504427,41.5102499,67.6057461,76.0623277,106.408491,93.38907,115.927547,124.138191,106.969491,71.5527403,91.9044228,126.871871,76.0053687,90.9032448,36.0929771,149.474376,116.153582,168.259462,152.156703,185.521314,72.7303349,132.617272,115.572077,157.766435,124.47905,85.1331263,163.376682,157.970408,152.937683,195.657806,125.79578,89.6064307,171.482497,158.005726,140.205398,109.145227,56.7228662,125.424507,76.4889622,157.82559,108.968033,211.254428,82.6264685,153.839052,27.788929,49.8496448,20.2295005,30.0944188,69.8401814,,21.5913683,5.42453141,7.82571489,27.6944156,27.0113049,17.6719395,6.5876155,5.27951245,10.8221877,13.1389328,21.8284502,11.5092221,12.641154,8.03383745,31.7779679,37.0038174,7.00941965,17.5745788,9.57178455,11.7526402,19.1671137,8.49309748,9.19371332,-2.4187178,-10.976785,-11.546623,-6.9227435,17.0550006,15.8025244,-0.99337,2.63683022,17.1212078,5.91395051,10.653609,18.8121912,8.17609384,17.8998135,16.8836486,-6.0733746,-1.3266276,-0.9659323,11.1269964,6.95488242,9.17501167,2.70942011,26.8149135,11.106407,-0.3070114,21.2432377,24.3726081,-17.039245,,,11,123.039335,110.011345,29.2650737,57.7482736,20.6727445,29.9119254,47.1200531,137.303023,145.570088,178.443475,158.765261,209.418711,125.75632,483.457233,168.926724,175.342658,195.230891,51.0539836,50.1044255,136.885817,37.7525805,6.67936473,27.341456,37.1820591,18.4016968,38.0848111,45.7066397,52.6193068,,10.5912301,-1.5097738,4.68718388,4.12216473,-1.9074995,0.51267358,0.63385594,2.31844865,1.17747107,16.8512992,25.6994646,33.58508,9.56212408,1.67370823,28.257053,27.5477951,20.654776,9.52207949,6.15511897,5.09240394,-3.8136971,-12.296304,-7.3193896,-28.585326,4.29576335,-2.8080155,-9.7585864,17.7599873
,11.33333,47.7545587,46.8936404,29.159117,48.4550913,54.4463313,98.7385621,25.9499896,66.152841,112.061192,74.8688164,75.654167,43.1365731,56.5426776,91.0371628,47.4045479,108.285563,114.753495,62.1362332,96.3704842,67.6751117,74.7360251,71.7488544,148.123818,106.162261,57.5421891,118.894462,111.999847,73.9643899,76.0651952,172.13775,54.9631078,108.410966,87.1094539,104.580485,29.1107822,53.992683,24.2023653,66.2801822,50.4604787,17.0808643,80.6328401,69.572119,87.340783,28.4868422,75.7204721,43.5497179,50.9329396,69.7139213,,5.26718943,0.80648255,6.70590282,11.0190799,1.46716793,13.5416676,4.86326838,-0.2884775,-2.0046793,10.079478,19.7581953,7.82042242,14.0828344,3.07926898,-2.7922057,5.40403037,10.1125754,10.3632311,20.3168055,7.33936058,14.756477,44.6398221,3.58379751,8.73775181,10.7739141,1.96874526,-4.9579831,30.8627257,16.0360488,12.15918,1.35012688,3.21162028,0.81505364,6.91746741,3.80577101,1.85381794,-1.3021002,5.6514072,4.97725318,5.95800026,6.58681707,34.1659774,14.3374056,14.6613886,14.7892837,-0.9497696,17.3304118,12.9235067,,,11.33333,81.1318697,70.7191227,88.7902392,70.0028275,109.543562,82.2748187,114.23624,101.334749,109.600132,163.352672,94.9514169,52.3025393,58.288238,51.6395168,112.864878,137.17435,92.7980782,106.1806,167.057879,62.9659997,57.0136748,85.5229034,62.6628795,132.737682,68.5904112,80.5055139,79.0987668,132.115021,21.7536614,-3.6070238,38.6687036,86.2346161,38.8642407,79.5949221,53.2455646,38.2981133,65.1628232,66.8679473,35.2894883,77.4622005,,-3.2149331,-0.9357763,-3.710767,3.06328307,-7.6211012,-6.7448906,-4.5004039,-1.4654842,-0.1968383,3.16979196,-24.817971,-5.848006,-5.668433,-4.0501848,3.55111799,-2.2764961,-10.337316,-4.0872765,15.8571501,0.87021895,-16.330397,-4.1320667,-12.371322,6.1493579,2.6210612,-9.2188024,13.3764174,14.25268,6.63960782,-12.02635,-10.369695,-9.2965063,0.49322961,-8.6512251,1.05031428,-5.7983109,-6.8107831,-5.5984554,-1.614311,-6.8262396,,,11.33333,83.4597047,52.7775244,127.166408,38.5599745,63.5448146,77.2842566,105.738077,96.2108458,114.860119,123.211128,105.985131,72.5853926,92.2535121,123.425255,77.8314764,90.0363109,36.2875796,148.713488,112.85189,166.595055,154.007732,184.342267,64.2952067,125.666471,113.261106,158.084001,126.54653,88.706213,166.641399,159.888708,160.509323,202.833904,124.891627,93.1268051,172.663763,161.264292,144.136335,108.318872,54.0317769,128.359898,69.152018,156.644782,106.982285,207.448688,81.2206332,146.514056,25.2404538,50.8824692,14.9327154,28.4561968,118.727755,,25.0539104,11.8534526,3.79804941,25.9913289,25.7339074,18.129546,3.32813803,8.31680877,14.5050184,9.70762706,23.0822487,7.69326733,5.11458654,12.5280435,30.8706659,25.8997916,6.05553017,14.3816941,10.0367582,9.98165717,19.6359017,2.46968065,2.48993589,5.18983231,-4.4697793,-5.3188658,-8.7024769,6.09843145,9.29338053,3.24380867,1.68896393,20.7082645,5.42165064,14.994666,14.7124712,10.3905699,11.6754012,17.5189241,-9.7515665,-0.1811354,-0.3749273,10.3486223,6.42957529,9.27414889,-2.1073167,3.1748658,16.2726957,-2.9719026,31.6816227,22.8655952,36.4759348,,,11.33333,127.25424,115.101394,32.7498355,59.9683031,21.2553127,31.5307747,48.3315121,135.638985,137.513837,65.4362893,158.001577,208.443431,120.267539,451.07124,167.195708,169.226817,191.3596,52.9263593,52.0477474,136.982287,35.0326118,10.7953595,40.5744036,90.8598831,12.0804456,37.4008376,42.4866025,49.9102762,,8.7408791,-1.1922049,7.35790875,4.38627492,1.25623046,2.90005943,-3.7427379,0.60379879,-4.6456752,-84.727322,20.5656207,34.2177754,0.96081817,5.91581364,21.126521,16.9370276,22.1175755,12.1524688,7.34802562,7.30416117,0.86684839,-2.0921106,6.46307061,26.2816478,-4.1882764,1.72983668,-6.8384136,16.8308653
,11.66667,50.3978113,51.9191155,30.4529737,48.8788448,51.0905509,91.7089856,25.0519269,65.5673281,105.465341,74.8217558,73.4777588,42.0012728,57.1312788,88.609561,42.1837593,109.510127,104.739337,54.0244035,101.459444,67.6124138,73.3518478,77.9005512,132.976955,101.925612,55.3042268,120.118601,110.328442,73.1551751,76.251471,175.761771,57.6013879,111.497606,89.3626502,102.46792,34.4891764,53.6913438,24.0982798,64.8231054,50.2549584,17.6461533,80.9939274,71.9184753,88.577388,25.9356154,72.3505881,39.8026013,48.2753196,71.8422516,,1.58336757,2.54249884,3.08182532,14.6321271,-0.5380932,8.64064262,0.32748954,6.77601875,-1.1496755,12.0976042,16.4167409,4.16497473,14.0247274,-1.587319,-4.6824831,7.64553312,3.472163,-2.0778948,6.47971465,2.19244566,14.5473635,40.6468499,2.6945187,17.8176109,5.16163015,5.44119515,8.13864647,26.5260542,19.331389,8.50136675,2.34262782,3.58714107,3.36764238,7.47579223,5.57200419,1.69007608,-2.580018,8.83642912,2.01512616,6.49676304,2.43717457,33.040744,12.5408316,9.51714877,12.7508155,1.70126982,12.2539897,-2.0549748,,,11.66667,81.5134747,68.3031585,79.1964826,70.4709099,110.487462,80.6927233,112.155607,102.142698,119.613508,173.208684,124.92851,52.4122015,58.0203333,51.1865807,106.769682,130.689691,91.8425966,103.540491,141.568348,60.9793368,59.845628,88.835932,62.2953911,143.881978,66.6357873,78.8243438,80.1179433,91.2840046,21.5058329,-3.0355938,45.7279955,86.6773318,42.5800284,78.2804365,67.2387946,40.9025926,68.7115942,71.1388134,35.6109616,78.7473293,,-1.4425327,-2.0790792,-16.833304,4.81832618,-3.7223058,-8.1084379,-9.2844494,-0.1708294,-1.0861739,4.84358369,13.3420244,-3.7901253,-6.2503501,-3.3751377,-4.6393009,-5.9085055,-16.865226,-6.7941715,-4.6622663,-7.4457918,-10.560622,-1.21438,-15.164889,6.69296724,7.4018353,-15.070225,3.73112076,-17.931731,7.32924687,-10.163191,-7.5144779,-14.264441,3.44313929,-5.9869705,2.3235106,-7.7702799,-7.3136172,-7.3105838,-2.4505735,-8.6728488,,,11.66667,82.4354225,55.7616749,126.644989,36.2163344,61.2772238,77.4179509,100.929255,92.0091774,110.484312,124.519875,107.06029,71.8639273,92.6058734,124.613359,77.5378353,92.0512067,36.4662243,152.596656,117.096558,166.327114,153.445086,181.843527,65.0156596,128.942372,121.874273,163.895533,129.297899,84.9761876,168.677437,159.269181,155.995158,197.543979,130.987667,91.7763905,176.33813,164.041213,150.598059,113.544011,53.5714075,128.541383,67.6446462,159.731638,113.31761,211.946696,83.0867084,152.172434,25.7316042,55.4053933,12.5468282,25.9406183,80.8778266,,24.6473159,11.0352192,5.21265815,24.1784614,24.3514875,13.9081621,6.38163752,9.84675415,9.92768823,8.42550863,27.6094173,26.8491734,9.35502279,2.2766926,30.7839555,28.0801758,4.60319216,20.9988541,6.54752128,10.1835537,20.2332839,5.15179184,7.74580544,8.9171632,-9.300107,-8.2131092,-3.2087205,8.23140849,10.0041639,0.68265508,3.9752343,19.844032,12.2491489,14.3453358,20.8462235,8.97259983,18.2610813,14.6615893,-2.9294324,2.33033454,2.70304535,8.92801541,0.77730936,6.03250761,-3.3382187,6.44913913,17.501357,6.35685868,19.5467055,23.5472605,-0.8307372,,,11.66667,128.917536,111.757622,35.0649682,65.6757815,23.3167661,36.5424903,46.3461698,137.721038,140.948611,177.967937,150.015653,214.809653,117.89867,473.525006,160.907022,169.385018,190.661109,55.5843925,53.4966026,138.83714,36.2007135,10.9905116,30.4398835,-19.453551,2.68510212,41.4993372,51.5882016,49.7241092,,8.53550092,-0.8448021,1.9811844,5.3242668,0.09612633,3.40489651,-2.6133909,2.4921382,-0.719789,26.0601585,20.8533498,38.3897549,-2.4936147,-1.0638346,19.4073328,7.44802558,14.2848438,10.4187199,5.85543721,4.21156552,-0.4475299,-8.7270982,-0.7292389,-88.730497,-16.581268,4.88588188,7.79738481,13.2812991
,12,54.9154747,50.7244899,30.8630232,51.7836733,51.7544285,93.1855311,26.2412128,66.9229551,110.360301,74.3367263,77.8400497,48.0042545,58.4626797,79.1269722,43.2028701,102.839109,103.084765,51.8556673,100.409089,68.1983485,75.9448484,75.1637025,148.928977,101.622815,54.6569083,116.416089,113.340124,68.0211236,72.1839597,181.341059,59.9548353,112.515025,96.8638623,104.187218,33.8902506,52.6909709,22.6794805,63.3945831,52.5160208,18.498249,81.8834727,71.8857417,92.9024967,24.0407003,74.6218183,42.0045071,51.3497517,80.9013883,,15.0280637,10.3300382,13.8379641,16.5326122,-3.1622912,9.55680528,-0.6251901,7.71562287,1.01081162,12.9807587,21.4231533,6.75643702,13.4313159,-1.7483473,2.42459279,-4.5061031,1.00679523,11.7346356,16.3620988,7.89877099,15.0276971,8.29324799,7.19900468,13.5110727,6.24392719,3.65414896,8.97691486,23.5761385,14.1891827,11.5314374,2.36495268,3.49606029,-0.7660766,11.6280962,3.92142165,1.5431221,-3.4293809,7.26573578,0.40757521,6.69253408,11.5585342,33.3039918,14.2038719,16.3602895,14.1322695,3.94845258,16.0136494,16.2614721,,,12,82.4832566,65.791974,87.202218,69.5037118,111.436109,86.5744127,115.603709,108.62705,125.632256,177.129387,116.959246,53.9770574,58.3232375,48.2679548,112.428491,131.989191,95.9042853,106.981409,163.067701,64.9244393,64.9195317,94.1253933,61.663548,135.693656,63.7192902,71.7498938,73.596334,98.75685,22.1600089,-3.4765628,45.4212796,92.9190028,40.6154298,81.8535409,76.4702926,44.712231,71.3877555,79.7459694,38.9485962,83.4535789,,-3.0940049,-3.5460299,-6.1968541,1.94177509,-9.8645339,-6.1572537,-2.1145435,8.92204853,0.6097332,9.32281288,-3.0535952,-6.662506,-5.4494129,-0.7155305,7.64958645,-4.795048,-16.516938,-5.5283255,7.86858569,-5.4722335,-6.2811497,-1.0374582,-10.334771,-2.9750119,0.49134719,-17.113294,0.28501623,-18.110381,5.77100086,-11.726666,-8.3541515,-6.5433758,-4.6738019,-6.1912025,4.87883914,-8.4593355,-6.4132375,-2.4134013,-0.5409155,-7.4676588,,,12,81.5292968,58.5026028,132.757213,38.3100702,62.2901937,79.0144365,102.32756,95.3022475,118.748861,125.869304,99.3991367,70.7223944,93.4037122,128.507193,75.6157604,87.757524,37.4602245,150.449695,115.930655,168.594607,151.363559,185.703762,67.5523268,111.64658,105.164755,154.96411,129.794956,85.0673674,169.109838,162.644209,163.279471,204.424295,131.052396,91.5146901,173.68772,162.804106,148.943255,114.211491,54.1257038,125.676783,71.0310147,157.591938,110.879566,209.191455,85.3666676,152.296971,24.0627049,54.668985,10.1804988,28.2934159,110.26612,,27.8322103,12.3533982,6.91125468,22.2371181,20.3358419,13.6158354,8.72297339,7.75788057,6.97240915,13.8155521,20.9006705,19.1959393,6.92652723,7.31093057,30.8240701,17.9297173,7.84594349,21.0049462,6.67603985,12.2495891,21.8256838,9.40363851,8.19851708,-3.7409159,-8.500297,-12.206759,0.98300589,3.61868161,11.7529435,3.07009286,1.29545811,20.3529817,6.68972511,18.2896972,21.6340749,11.5753447,35.6346684,15.7508977,-6.7014226,0.7400655,0.30899921,8.16125785,-1.8837934,0.12349216,-0.3418341,10.2582699,17.7392896,4.66302443,13.5905097,19.8061293,28.3206737,,,12,131.33439,116.355324,39.3648125,68.0276002,25.8082674,41.1471031,49.8921724,137.965332,140.367055,170.070079,156.092537,220.074877,121.029329,515.359781,171.159174,169.66707,193.719007,56.504794,54.5986203,140.512176,35.1109557,4.68097749,45.7176011,73.3994795,37.4704393,44.7475351,51.1025645,51.809259,,14.3105945,-1.379124,1.12097436,5.15119497,-1.1391127,5.1182924,-3.4358186,0.55607135,-0.5035808,3.51650896,20.9256116,45.3571161,-3.2788124,-0.2343419,21.9428155,8.85173726,19.0595258,12.956457,6.54723148,5.17888718,-0.8292914,7.48621648,4.48366402,5.0709191,16.2690721,3.46713565,-4.4293845,17.3394172
,12.33333,54.6217179,49.488352,33.1055924,51.4081711,52.5039638,93.7126666,25.9506776,67.6996848,109.607374,66.9715012,76.2275772,48.6370295,67.0026541,79.1060579,54.5125831,110.306026,105.402578,58.1001359,97.5221211,66.7743657,78.5564906,76.1491918,143.453751,99.4396373,54.1900633,120.941772,112.865082,67.9017821,71.562081,186.025458,60.6845058,110.304515,98.4544536,104.642545,31.3371251,52.8319727,24.8563894,66.7380798,60.135166,19.0437729,82.6306315,74.1328905,91.7443618,25.0507507,72.4630535,43.8223287,51.424898,70.8682141,,7.69695846,0.33204976,6.375264,14.9251034,0.54841902,15.910497,0.29272845,2.65358348,2.73586206,5.33743026,19.911854,8.64468356,12.1867422,1.24699447,4.12095451,7.65058399,3.60598432,-5.0972448,14.9469602,11.1276539,16.8384956,7.10652471,6.04649741,9.64781897,3.67892311,4.08977247,10.0051828,25.9800577,14.9959616,19.464066,3.05940735,3.29505554,-1.2625116,10.3075601,4.28073059,3.8608562,0.12710537,1.9526442,10.0915341,7.49955063,14.039702,33.1484839,13.2724285,9.31689579,12.1672006,1.69298222,15.7198353,-10.207417,,,12.33333,82.6380812,63.8192283,82.3647075,69.1028016,117.2362,83.6271763,110.701353,110.334505,128.188008,163.126323,104.15731,48.3554926,56.6185189,42.0209336,113.178557,131.184985,91.8411757,111.279801,160.872644,64.8691993,63.0445896,95.7115709,63.2078466,130.775324,67.6005889,77.2199279,79.0488764,134.209498,22.9883445,-3.0504062,44.3459757,94.7401536,44.097864,70.7730989,86.0992273,50.6165588,72.068719,82.4504514,42.8042673,88.5325466,,-3.2176187,-5.908242,-11.384138,-0.7115108,-7.8354184,-7.2446601,-3.5212264,7.58676239,-2.1049826,3.54829934,-10.054741,-17.981322,-4.0294402,-4.968531,3.754687,-6.7463731,-16.382747,-4.1337458,7.83241449,-7.0650201,-13.268793,-1.786549,-3.5333798,5.81556128,5.70991866,-7.9302521,6.42590723,1.56627458,6.29344191,-11.020146,-11.059101,-12.48802,-0.0687533,-6.1930728,6.67448385,-3.3806887,-10.315196,-4.4035077,-1.9454817,-7.109328,,,12.33333,78.3387213,57.9467291,133.339626,37.4738025,62.5407658,74.3576172,105.370258,96.20203,118.482807,123.254085,105.858857,74.0899904,98.2193102,131.482422,76.9240649,87.5398823,37.6177522,148.949206,115.770286,167.045619,152.98071,188.337827,71.2828299,124.946507,114.671485,163.602744,130.914727,85.7105344,171.866918,160.555407,160.882576,204.826412,128.723358,93.6632908,174.773108,161.758126,147.617449,115.26744,54.1138651,125.039809,68.1562655,153.922637,108.930377,215.944323,81.6824423,144.866139,25.1594432,43.0421748,11.9390242,26.4998717,121.287,,27.3291067,14.5000477,14.8645919,24.8376661,28.6401401,10.5098054,8.51847909,9.61634352,8.78674001,8.14174227,23.3046758,22.8054135,11.9739348,11.2124245,33.1427989,20.953151,9.66580977,21.486002,13.5805015,10.6365624,21.9980583,2.49677629,10.5483932,-0.3484895,0.84827072,-4.4153172,1.16484961,5.84765789,13.1211641,-0.1841966,-2.4583331,13.4345899,7.36593891,12.2156021,16.7820607,9.38636353,31.0444902,12.4395158,-2.4730701,0.50768177,-2.0886594,7.01394692,1.99398091,7.27084655,-3.8876222,7.97710629,15.5752078,-6.0127509,5.12608165,22.0965402,31.9454722,,,12.33333,134.889417,114.124623,41.1572461,75.6234517,29.440126,42.7289218,53.070176,134.430057,138.510315,126.748533,152.608155,206.955457,122.07856,473.84463,169.899547,171.621565,197.548235,57.0351433,54.1795936,137.64451,41.3960881,21.7355685,37.1689091,57.9235272,25.2594458,38.5366798,52.1698979,49.0412921,,9.86866006,2.31054012,1.77616246,3.75034916,1.04524347,6.9972927,-1.8621241,-0.5151881,-3.4286819,-36.472586,18.385515,35.7601202,-8.4459121,-1.4561005,22.882267,12.7165048,20.7606441,10.1097834,6.64617872,1.98020599,9.43244938,12.5657117,-2.0552011,-9.5422296,3.36057296,-9.1899317,6.91603578,13.1309052
,12.66667,56.2276717,49.3488395,31.8196123,52.483921,54.7413315,93.4783275,34.3307682,70.8325145,115.057543,62.0304546,82.7047624,45.7814113,67.4326817,88.9618243,51.0743797,109.747742,108.452772,59.223931,99.3844923,65.8017847,79.8329696,77.592345,134.490906,97.3294092,52.8736954,119.770272,114.672493,63.6256474,68.4236596,179.733989,62.3061074,118.80687,100.541669,98.2011251,28.5474648,55.8163814,25.2367931,66.65506,55.7196263,22.1466982,86.4875939,72.6817398,95.1225965,28.2244852,70.834408,48.372675,54.8611038,75.4619677,,3.59083447,0.24977535,8.97344315,15.8966653,4.10331811,6.21552566,5.35502449,7.72921262,5.1737601,7.45446662,23.3501804,9.44757215,13.9458902,1.60690829,6.96701662,15.0519744,14.0161945,9.08696528,7.02129526,-3.3572951,15.1377274,25.2506014,-3.8671874,12.1992746,5.39816437,5.04558597,2.86742936,19.8461765,15.3208013,12.6752922,1.79763776,5.52445847,0.73363424,9.32990599,-2.890464,1.12281208,0.017503,5.33513853,10.4092807,7.85595579,11.5569151,33.5342476,14.5161798,14.4323672,13.7199954,2.17736812,16.2761982,1.93805353,,,12.66667,76.0410058,62.879401,79.8737395,69.9110183,112.622709,83.907076,111.172666,103.512876,130.139394,172.027638,115.832389,53.0962721,57.5632431,49.5064312,115.604127,134.363017,92.6033214,114.775802,162.784063,63.4338079,72.4935152,91.5596841,64.0730703,131.258046,68.6672439,71.5877336,78.0364611,122.14804,23.8962535,-3.0458376,46.9540601,87.0503894,48.2630377,73.460505,91.346287,48.5205634,74.3084935,85.293132,45.8668756,92.9254521,,-4.2621976,-2.9806425,-6.4371825,4.14497817,-5.8644113,-6.2769369,6.47676591,4.33114595,3.02034734,2.08918958,1.56930869,-8.2353685,-1.3754665,4.51189238,6.37882298,-1.7895206,-14.702014,-3.040887,5.99305026,-8.0694268,-7.2071584,-5.4933864,-7.0679847,2.70784777,7.44989911,-1.2013283,11.9886937,4.34148027,5.89102241,-10.773485,-7.9873644,-10.297224,-0.3106956,-2.9996433,9.85521202,-9.6550087,-8.3480174,-2.4864887,1.96995742,-7.4621675,,,12.66667,79.0711283,59.3423445,140.057174,38.1463146,62.5227819,77.0602287,104.327263,93.6413253,116.61505,127.239213,106.897732,72.8918289,94.9212898,132.674972,74.0084006,89.5417781,36.9672464,149.489709,117.697311,167.709015,153.652316,186.869132,69.6853113,110.923886,119.793044,161.508549,126.236426,85.9755018,163.620506,158.018113,155.138266,203.574331,121.923028,88.797143,178.052657,161.703499,144.296731,116.745659,47.7265266,121.764975,70.8046494,153.575364,110.319653,214.14108,76.3927729,142.901357,22.5930614,51.883634,7.70465323,25.3984719,98.5132162,,24.0477803,14.7409267,11.2428083,23.2670861,19.8513472,15.3978424,13.2864277,7.29591985,10.0614967,11.0829049,26.5022644,19.7582026,6.75174188,9.97198853,29.9016773,27.7979485,7.55273709,18.7981715,9.75727979,11.4751889,18.6325186,10.3733417,8.85646943,-2.5855524,1.32376271,-7.2924969,-4.9940053,7.49739702,9.97820244,3.19952011,-7.558072,16.3707822,1.07202317,10.0134857,10.3574705,5.11223249,9.03822551,13.816338,-3.1349786,-0.8098765,-6.0147624,9.44172309,-1.827073,8.64836498,-5.3889959,14.8510881,13.7898207,13.4930476,12.1005054,19.5615041,18.5372291,,,12.66667,137.508442,115.071193,42.8695379,84.0152484,31.9141678,47.1574206,51.4500986,135.328618,142.345737,158.830055,156.42567,209.703455,125.227377,494.802426,171.928144,171.076764,199.155654,56.022675,53.7276326,138.788142,38.3708131,27.5799818,45.4477565,91.0579322,7.4843634,42.9962131,51.6433905,48.9218657,,10.5754708,-1.6100687,0.74988089,7.31279361,1.64090676,3.22667054,-0.8111956,-1.0746303,0.4354179,12.0473712,19.2539992,39.4070981,2.51007733,-16.18852,20.9340279,9.15602959,17.2459844,11.031182,6.92892531,3.44855131,3.13527248,14.6257259,10.4713642,24.3765526,-7.7797706,-0.2714348,0.81346421,15.8407949
,13,58.5826698,49.8556023,32.3492033,51.8731739,53.5435214,89.9531093,31.530086,69.6931247,106.794972,62.594945,76.4305337,39.6721119,67.0132063,87.358678,47.3811462,98.8579726,107.267483,61.0001742,101.286547,65.2640286,81.9040169,71.7807677,142.334796,105.054848,58.6375434,118.841296,109.736772,69.2095542,70.3561474,188.406736,64.2311046,119.907596,96.62175,103.083981,28.3577564,53.3018551,24.8750228,66.3928956,57.2818476,19.2745114,85.1544141,71.8375271,97.2221313,24.2147571,71.0165938,45.8393177,54.0999557,75.9410246,,9.65786366,0.17803274,7.83418232,16.0194372,2.58465145,10.7489416,1.73117745,20.7647324,8.5018839,3.19623024,15.5190646,10.6017053,12.5139046,0.83373531,10.326123,3.45894094,1.39222518,1.986105,12.3875114,7.80113225,17.8101423,27.2668585,11.9836535,20.8376246,10.0369739,2.99686028,3.77402366,30.3065679,15.3820317,29.4307177,7.57496095,3.52110278,0.32425998,10.2555909,3.89094437,5.07326822,-1.2115987,9.88378227,4.25421128,6.54410103,12.5462883,29.589584,15.5964167,10.4792936,12.1185635,1.93717542,13.0447643,-3.6097213,,,13,78.4145266,65.6964204,73.2768639,66.9307751,110.019879,87.1492558,110.878842,99.0488133,134.299545,176.584274,97.8242409,54.0153909,57.1666681,50.0940486,123.272728,133.650034,92.3132153,115.111304,149.366193,61.7855837,71.995289,92.5755605,64.2826493,134.814363,68.8498903,79.8983785,79.3039781,140.529808,23.7017965,-2.238548,44.1363721,88.6927325,47.4191473,72.6042782,96.6074596,48.9352076,76.6100315,86.632854,48.9003313,95.9594089,,-8.1848971,-2.9742966,-12.72093,4.78558145,-7.644957,-8.7149278,-7.2234793,-2.4876652,5.01291974,6.32327023,-10.106237,-9.552237,1.05484123,2.01460637,2.97719331,-1.7325275,-17.591364,-2.6860105,-12.831413,-9.8161994,-13.982059,0.70290358,1.3358364,17.9963047,14.5310516,2.34015498,23.1750308,22.19584,6.46852166,-10.65133,-9.5901461,-14.23057,-3.3985154,0.21794495,7.36481582,-11.567217,-4.8626484,-4.5889107,5.16295578,-7.6441584,,,13,78.1780008,58.943399,134.392053,36.0432404,61.877835,69.173229,101.904792,94.3186897,118.788112,127.175319,102.822169,70.2408738,94.5015964,130.069582,73.7191533,89.7651305,38.7392909,157.141052,122.859306,167.461829,153.043181,191.751332,69.7918946,132.756019,113.120511,162.91361,129.00603,88.4636713,169.360271,160.616184,159.170088,205.958911,121.366534,91.4444381,177.808316,161.311089,146.085475,115.298187,49.5560742,119.835056,68.2775404,159.302764,114.51313,206.946952,80.0753498,149.449663,19.9889981,53.6017799,17.5353576,27.7149721,61.3095598,,26.5939057,12.8030792,12.4635672,25.3055417,26.6591872,10.5409425,22.454198,9.87398336,15.0946551,12.8279952,24.318087,13.0490574,9.56807507,6.19120936,33.1275386,26.0393701,6.46109543,15.633787,11.6739098,11.9633657,21.1933965,4.41661487,11.6162184,10.8701159,-2.4686721,-3.3020278,1.61160014,6.82133736,11.769709,2.89788556,-1.3464109,13.51249,4.68916416,11.9766691,11.8639491,6.50031639,15.3212671,10.5478081,-11.650496,-0.7226066,-1.3954648,10.7061903,5.16405505,9.65004447,-5.9015841,10.2465852,11.062336,-0.6700204,29.2993881,19.6219511,-15.650625,,,13,142.673771,116.524734,43.2943824,87.4868029,34.6795977,47.9083896,50.8539194,136.462363,137.54565,163.019104,163.271755,223.624036,122.834712,520.704467,169.608489,177.660983,204.484706,59.0854152,58.1491257,141.354334,43.3368855,18.5664917,51.0658954,113.617276,17.4454242,46.9073582,46.7646227,49.7770035,,13.9173497,-1.0718978,1.42921684,3.71042045,1.22921014,7.72573877,-1.1469067,0.45113855,-1.5508129,13.1706732,26.0923162,44.2294867,2.33588627,1.39058778,24.2151105,13.920031,22.5353248,11.3443463,9.64946365,2.22267307,4.99158172,-11.743482,13.8488022,45.8630523,0.57260696,3.28159978,2.41552284,17.8727429
,13.33333,56.0089004,52.3824797,32.5152263,49.9834322,53.6215894,91.8247029,26.7478671,66.8352066,109.487695,69.4897578,85.5649974,31.4384093,69.2927752,83.281791,34.6420794,95.4945178,98.6752886,71.4284791,102.237461,63.7724314,82.9703159,70.063379,129.195053,99.8322125,57.8532933,124.16569,111.554631,66.7733978,66.9995913,177.930087,63.8283506,117.903373,99.5359001,102.963015,31.340612,52.6497361,24.7131478,67.1153344,57.5682186,20.4627342,85.8936897,73.9230159,101.210132,26.3159103,70.5223912,48.2825499,56.0132063,80.267596,,5.88138032,2.09185346,6.59860534,13.3012482,-0.8103283,-1.892825,-4.9916177,18.0310688,9.04940169,0.7496838,15.9293555,5.61043079,16.6832485,3.71972614,8.00218045,1.79241429,3.53773076,12.5024897,5.26261147,6.26824957,14.5339392,7.8052816,-1.6325418,8.40791572,5.02665471,4.23996152,10.1606933,29.3615455,13.9035587,15.0780277,4.19100569,4.36773003,-0.3027475,10.0967465,12.2063261,3.80827536,-7.3135441,4.14673935,8.72069606,4.20916739,9.96346608,32.0574038,16.3466192,12.0599209,13.2261189,5.23684154,13.4046159,6.01504314,,,13.33333,78.1635524,65.5353156,85.7200161,63.1953144,115.809003,90.8661089,105.406929,103.608841,139.812525,170.27101,110.566102,53.1734611,59.359145,49.9523781,127.918307,134.868033,96.6020491,120.722195,166.060383,69.1849872,68.9652776,90.3822572,61.2580982,132.917159,68.6648904,80.7796899,76.4187127,124.566265,23.912269,-2.0243616,43.1855489,89.7135155,45.3869755,73.8060493,98.8006183,51.2611386,75.2870456,87.4279013,48.4235479,98.7552671,,-1.190605,5.9112732,6.29295546,0.16653837,-5.8751624,-2.7952401,-11.897272,3.01052963,5.48372969,9.63746646,2.30763251,-4.2433503,-1.4658198,3.16404111,-2.1724173,-1.6207726,-15.150167,-2.9855025,5.41815177,-3.9173668,-9.5960366,2.12564285,-15.047953,5.94918238,3.34307683,-5.0540058,-1.1011698,11.4667446,3.60241644,-8.9657251,-8.2024739,-12.172129,-0.0140743,-3.2811701,6.53786278,-3.9586736,-6.6427496,-5.4805421,-1.121871,-9.3602147,,,13.33333,77.673394,61.7925231,135.150089,35.186338,63.0363826,69.3490993,102.086291,91.7282324,116.716038,126.769139,94.1051194,68.9830554,92.3110086,126.709568,71.3666659,87.0034253,41.3379059,156.58881,122.592019,167.741977,156.932602,184.512592,66.9065136,126.867161,110.408401,159.779883,126.633935,87.4318019,167.827998,158.159894,155.428995,209.478788,122.762922,89.454451,179.682768,158.559987,148.954316,120.767411,51.9871971,126.033296,70.6277671,156.648932,119.841413,217.135538,85.0139243,157.478239,21.5304594,57.1060218,19.1252473,27.1415558,105.682649,,26.2539464,13.8808887,4.28465274,24.8493559,30.5736131,11.747192,25.3001411,10.7538951,11.2022652,10.2806592,20.2519821,15.5474944,14.1892483,13.6420343,30.2666565,19.3465671,9.01932053,18.0181091,16.1851515,14.1652818,19.386594,1.27530676,18.9101062,13.2949764,-5.8358832,-7.9668114,-8.3521129,2.23248333,12.7039844,-1.175076,-1.5644447,18.7218504,1.46996008,9.49766466,13.3821725,1.44782927,5.51814866,14.6832529,-10.088842,1.56762703,5.57544433,7.56949905,4.51580989,10.6265601,1.18727438,9.17743705,4.50220784,1.86956467,21.4690652,14.8180723,29.1669171,,,13.33333,142.735236,114.611112,50.2744866,93.1125842,36.3195467,52.4958508,46.3945315,138.257954,134.734819,119.490802,159.036222,218.246143,120.259353,531.645392,171.085322,174.194817,201.309117,60.2312424,57.8398307,140.076955,35.0166959,13.440833,34.4886692,65.7328404,22.5824399,40.4795373,52.562603,45.0183611,,11.6052609,-3.055806,0.90775918,8.04958938,-2.5716642,3.83462258,-4.8600277,-0.8905971,-7.4651339,-31.633797,20.5968512,41.8579405,-10.788767,0.56127605,18.7218879,16.8498861,22.3021554,10.4556413,8.67475248,6.02570707,-1.0721732,-4.8186643,-7.8699893,6.2949086,0.88098978,0.26146898,3.5072177,11.9734346
,13.66667,56.5846641,56.0680377,32.7862934,52.4102019,55.8425284,98.2697859,36.2769667,66.887512,108.1278,73.2363679,93.2165455,39.6729412,67.4724476,87.2929467,34.9244972,97.0524396,94.0738596,48.1588453,92.7259129,63.2986402,81.6046029,67.1167415,122.802606,98.6469078,58.0742217,118.654881,110.210792,67.4072975,68.0822697,177.496956,61.6987886,117.9375,93.4338867,100.218305,32.5064688,52.0486844,24.9678008,62.998921,57.3974415,18.0150828,82.5714351,74.4044772,101.203299,27.0971614,70.32428,49.8036669,55.0281402,70.6083504,,5.72894976,4.81413103,6.65069858,17.0309322,0.5210511,10.0239051,1.07137417,-0.2940553,8.90468166,0.01698158,25.3330756,11.4778235,23.5432289,2.19162947,-2.2427184,3.51369709,5.78282964,-6.630571,5.04141708,2.69038985,13.8016012,13.3139076,5.60126985,6.82834388,2.45580502,5.52525554,2.21238275,31.2495785,16.8207596,17.9172753,5.42640509,3.4269035,-1.2821249,8.49871856,10.2918685,-2.1693211,-3.4523948,4.93865882,2.22923205,4.22460532,7.16163008,32.0748219,15.042531,14.214969,11.9629468,4.02734307,12.0592818,-1.673614,,,13.66667,73.9847011,64.4852059,73.9200488,58.2714506,115.191101,91.0694958,108.725592,106.392909,141.805684,161.608844,121.921527,53.9985615,56.3816758,48.7294634,123.730955,136.748248,95.1198679,120.604312,142.75813,64.8926537,63.4063297,91.89863,58.3559063,126.911299,67.2253908,73.9482345,72.6649872,118.26668,23.0143068,-2.5873557,43.2976416,96.2861298,49.5165778,71.5076918,101.771979,54.8542738,73.1807523,87.9704711,48.4370623,98.1772692,,-5.4582572,-1.4516901,-3.5903764,-0.1276008,-7.3420978,-1.4875149,-14.548218,3.57935676,10.3276584,9.06532601,14.9132517,-8.9591994,-0.9403985,-0.4903976,-0.6131834,-1.9487488,-15.929209,-3.9574514,-11.389733,-9.2219949,-14.483494,-1.5573306,-17.110335,4.25915416,0.8065129,-21.660197,-7.1626256,14.1003784,0.99832024,-8.1628703,-13.027157,-9.1311057,6.0356659,-0.5168879,8.36581646,-11.776341,-14.023138,-5.5022649,0.9636325,-11.306393,,,13.66667,75.315851,61.2592918,136.430419,33.8577583,62.5341493,70.0776004,98.2078283,91.9496509,120.518521,125.44698,96.2504276,70.8625303,91.0761347,127.223541,69.0202687,87.7576562,39.8538881,153.406876,122.546657,164.236442,156.018377,190.261056,42.155117,100.624041,114.897894,160.064775,128.940922,88.8605703,164.580711,160.350221,155.381928,209.501292,122.128009,92.7008171,181.795898,160.388194,148.19887,116.289342,49.8113963,127.223865,73.3607052,156.628245,115.678826,217.757872,89.1673729,159.090426,15.6063371,52.9143588,14.5363978,29.7489708,59.3841122,,28.5872503,11.3920239,8.75564805,21.5523917,23.5374236,8.27984026,15.1466024,6.46347665,11.2083692,13.0530103,21.0598253,15.6181324,14.7088254,12.7845253,30.5619021,18.9428819,7.47343263,16.3607502,10.494086,10.5452658,18.7248593,15.0848324,1.24715249,2.8872769,8.07331831,7.36370481,11.2439255,4.57161208,8.81037177,3.92329413,-2.1274185,16.0531188,-0.0461971,12.7198757,12.4260492,3.26969035,21.1003647,12.0027652,-11.372149,-5.0849784,0.56176483,9.29404517,2.27085186,11.3378538,5.68217097,4.95793107,2.85284865,2.69870464,23.7413622,13.6462236,-9.065247,,,13.66667,142.713793,120.168856,51.4674864,96.3602417,38.132259,52.4548397,49.0977596,138.159981,133.926969,142.905205,149.173592,229.725987,110.035452,556.73124,165.54773,180.471451,204.940073,60.8781666,59.924188,144.326367,43.622052,17.2829187,57.6407278,9.34083999,27.5532434,48.4224493,53.0281414,46.2566828,,15.0715101,3.12417819,7.71460371,5.0949961,-0.1674484,4.10574116,-4.4834677,-1.8555249,-12.225174,-12.74381,10.0993725,46.3824298,-11.751722,0.66939681,13.6423946,13.5243474,21.2293668,9.78488726,8.32765023,9.11106935,6.80910611,-7.633309,15.3164695,-59.440169,12.5745608,8.06208254,-5.1521321,12.9335272
,14,53.1090972,52.6640949,33.0356798,51.7616475,55.7743871,99.6358174,33.4030259,65.2538066,99.0055338,80.1164398,90.9280218,43.4452066,71.255785,99.7949494,43.0460952,100.767216,104.537144,46.1802018,93.5697513,66.8654455,83.5290371,66.5078548,136.456308,100.724836,59.8538454,113.928196,114.430087,70.5584568,70.6888619,173.781739,61.522666,115.989642,89.932277,95.0992517,33.67312,51.9638661,23.504939,63.284045,50.2431223,17.4280465,85.2562487,73.2964443,104.01213,27.007978,70.0078447,48.7449193,59.2601435,69.9493154,,17.5751591,11.97987,14.955238,11.8695903,-2.0189747,4.66227192,3.15207887,10.8445066,-2.4289178,3.97471672,25.9512805,17.1599838,25.1028113,5.27293608,-0.71131,31.7064852,16.8342815,4.96078743,18.6853999,4.21852944,14.2355377,37.677174,5.51389255,11.8707916,3.90740297,5.9410781,10.1519857,26.4884909,14.900547,12.7407951,-0.6505007,13.0764253,10.2496619,16.5659729,17.1569644,9.7035881,4.04565904,11.087514,9.94411622,14.9893724,14.7627756,31.7733833,20.1919971,10.3776599,14.1483219,1.6440658,17.8734897,-3.9958008,,,14,71.9163584,56.4492233,72.4914363,50.8475506,114.013035,89.8001195,103.456846,102.430584,135.261295,160.496563,93.5798791,55.5129069,54.0183482,46.3814537,117.143916,137.851516,99.95488,118.671339,157.891137,64.3343133,62.7659694,88.0572803,59.3852985,131.313974,72.9567624,76.7335756,75.6950915,114.873357,23.0846815,-3.8992796,43.5447327,85.4677949,49.4819205,76.0238188,105.461919,60.6135332,70.7934212,92.5147533,49.7557898,100.658949,,-1.6728722,-10.392155,-6.4552779,-4.4149992,-6.4554734,-2.0353678,-6.7165477,2.16787073,4.51887552,11.1506306,-7.6505692,-3.8221211,-4.267604,-2.5496584,-0.1045218,-2.3002419,-15.95691,-3.0731609,4.1033295,-13.641863,-11.772053,-1.1355878,-18.244759,-0.099084,6.45925869,-7.7249808,-7.0579156,3.81660116,1.03124411,-10.908263,-15.728418,-18.543855,4.1600783,-2.9941605,9.02592442,-10.858291,-12.608375,-5.7030918,0.32634719,-11.880171,,,14,76.3482359,66.0274586,133.027238,31.8705357,61.1860692,73.7167941,93.4186653,89.4048209,123.693511,119.813881,93.2362637,73.0185352,93.7023854,124.529959,71.2170727,87.7335148,42.9320388,157.195963,124.310111,164.633767,155.93044,194.216071,71.8381094,126.298982,114.26296,160.810664,130.485702,88.7581124,166.888323,160.302088,162.388721,202.566227,125.663736,93.223596,189.043385,160.153671,150.607726,116.92359,49.1327667,130.879015,74.269935,155.875317,115.04199,218.698658,88.8734939,162.37203,17.3719296,47.7821656,13.0372111,27.2547201,86.9156409,,25.4359019,15.5499945,2.99759148,25.0869548,24.3119989,7.86141178,8.43055556,2.9705912,10.2043579,8.69046926,14.0354431,15.2890519,14.854484,10.8326399,29.8670334,24.705229,9.59742535,15.7238871,9.86490478,11.7269444,20.3215752,9.12595314,4.68414847,16.4496694,-4.32237,-8.6513611,2.10294309,6.87353334,10.297405,7.0311432,-5.1594924,15.7102196,1.87119546,13.3809618,24.0901033,3.60671144,18.618984,13.9432216,-2.34978,0.32076593,8.51931783,8.93422051,-2.1619416,4.09249222,4.65808876,-1.9139398,3.0452637,-2.6241103,33.8932405,19.5936514,10.2468875,,,14,145.053073,117.741568,54.7730475,108.022182,42.3298592,58.3664523,50.3075951,140.109053,134.421273,148.573297,155.025658,228.757783,125.645071,553.804229,170.852434,176.65703,190.688332,63.6450511,61.1766611,139.035117,44.1397844,15.1187772,46.5982932,103.891865,17.3282128,41.1125437,48.9239994,45.9452071,,8.91659586,-2.4308397,7.72760157,5.93082763,0.16181113,2.30525004,-4.211299,0.40374607,-10.270417,-7.0113097,15.1209137,48.0113043,-6.4836413,-1.2380926,20.6684455,15.1626645,14.5530931,10.4844894,9.07737035,5.26978685,9.18522877,-6.4221733,3.52730546,33.6264578,-2.1659255,0.58690361,-2.8503048,14.6030514
,14.33333,55.0038526,54.707768,31.8861364,52.6345756,59.0668384,93.7792141,35.5439951,69.6839003,104.804647,87.2245177,92.1195786,41.7331766,73.6658321,100.196096,55.4452234,95.8764495,109.042297,39.6249733,98.0896838,64.2459186,86.3670971,69.7887253,127.66493,98.0195044,56.495158,118.014758,118.541968,63.5482543,71.6110165,182.307056,61.6672108,116.635301,91.5870502,100.438705,33.603132,52.9804467,27.0400895,66.7069979,53.2623339,16.2357015,85.8755029,76.5096456,105.244486,29.0844603,69.8797594,51.4609405,62.1032561,67.98003,,4.21432915,2.74858413,5.64670851,10.7218624,2.46421179,-1.0253976,3.24518947,14.7916192,1.41514425,4.4934762,31.3844727,16.1889433,23.0333356,1.16528634,-0.267108,32.5506279,17.5488729,-7.1140538,12.0104962,10.5873653,14.7756857,19.3160658,1.50740747,12.1229643,4.81044521,7.71789107,15.6501336,25.4810669,15.9491936,19.8475301,1.99504935,5.48731583,0.42274327,12.2819725,9.88683274,3.8584534,0.76644578,2.23476156,13.4541224,1.58417134,3.91730248,40.205626,22.0212169,20.7756056,19.876204,10.4528818,18.9576651,9.63856625,,,14.33333,68.5622749,54.6289713,82.4221935,36.861824,109.800687,81.5328227,96.136605,88.7869831,125.658221,144.874864,88.554486,54.1896758,52.8493344,57.4352299,123.481862,141.854752,95.3445109,118.710585,146.345702,67.406843,71.7531422,92.8055608,61.9933122,131.650044,77.3800392,80.4877197,78.1938429,124.277704,24.4913065,-0.8179177,46.7929411,84.6220149,51.8880536,76.8184718,107.11891,61.1868956,72.9486651,94.5428975,51.3792301,102.519669,,-3.2643256,-10.017197,-0.788462,-2.8785011,-4.0446177,-5.7626532,-8.3263203,-6.2755296,4.53951894,5.97772364,-17.889499,-3.3068145,-2.2894541,3.96890785,2.4208366,1.49317859,-17.776799,-5.4609018,-7.4133836,-10.397068,-9.7318862,-1.8619507,-15.253325,3.69478318,11.7025647,-16.153361,2.81958304,18.2510332,2.77982016,-8.5668179,-9.1262836,-16.782188,4.50352763,2.11749158,5.07826428,-8.3608765,-12.179237,-6.1990285,0.630444,-10.939238,,,14.33333,72.8081087,62.090963,136.930431,31.0226595,61.5328123,76.1463089,92.8485643,90.7816631,119.891698,122.20324,94.4739749,71.2262744,92.5729092,127.548514,71.4172439,85.5298597,43.3704809,153.20914,121.5516,166.411299,155.086979,187.954224,64.2764703,119.253886,116.032887,162.238135,136.982262,87.9147154,165.013976,158.903151,164.508783,202.777084,122.489481,86.8070651,187.259108,163.165239,151.427846,117.67936,49.0372953,123.833853,74.7150293,154.765512,118.166087,218.328405,89.0114248,163.568335,20.4535007,48.7316491,12.3202567,25.4135929,75.9153404,,24.5785469,12.6194688,8.91240491,24.0131082,22.9299159,12.1964312,0.50087208,6.87911284,13.0235223,10.3720292,11.6183359,11.0022113,4.29843422,13.9750893,29.205654,18.2141083,14.0875583,18.1278824,15.2369108,17.4475915,23.1591097,4.09096949,6.90583361,12.4363786,3.31481786,-8.9661005,11.4923933,5.57046485,9.68792462,-1.9093895,1.74103389,11.551785,-0.5579466,13.9797351,15.341671,4.05084037,10.0059592,13.8279474,-10.708162,-1.9334732,9.09629415,10.9177872,1.51079964,12.8297807,9.33322332,3.79876904,17.7520153,5.83037816,16.8823592,21.3799897,1.13648122,,,14.33333,151.657422,116.445209,55.8717585,112.083433,44.8861412,65.1128795,53.3642588,137.525958,133.683001,74.1870154,147.705606,210.63997,117.090895,571.768441,164.787049,181.317656,188.236558,64.5169033,63.2590948,138.139713,45.2666626,20.5922654,45.3622133,42.4278552,34.9634156,45.403026,46.8603603,44.3387253,,11.9560895,-0.5594742,5.23200691,5.54549047,1.7879094,6.05965384,-3.7218966,0.15810095,-12.775212,-87.765367,14.9154718,30.4461519,-4.3223731,-5.2358914,16.6079686,23.2596936,15.0684917,11.1281944,10.5227226,2.90815274,6.05450028,-4.4519211,5.51587014,-23.771957,16.0188217,2.66162981,2.15917756,13.6109908
,14.66667,55.6950626,54.4524738,32.0300338,52.3044174,55.3846919,94.3135715,35.963935,64.667776,102.314492,76.5233208,88.4933984,39.3513214,73.9086483,88.2760298,60.7970772,94.8946833,104.349746,53.0641921,95.6000277,66.3070249,90.1773728,69.4964246,138.230087,98.2985919,61.0001024,113.517327,120.476688,63.3147548,69.708925,184.34052,62.5003579,116.005454,87.9432435,98.6670898,34.2315009,51.5002948,30.6281778,67.3040147,51.410909,17.2728028,84.4247037,76.2696379,102.642476,28.2389194,69.6523628,50.5313299,59.9513016,68.2525746,,10.8555382,2.89916903,6.47770156,13.5034342,2.04878452,3.45850606,3.47949261,13.2069114,-2.7865066,3.65162287,19.7421143,14.2196859,24.9054025,4.30759544,0.69899458,-1.8911218,6.12210687,4.58591465,20.1978355,5.33742487,14.7245229,15.8251468,10.5518542,22.6586545,7.99092678,3.98309564,15.1234223,24.1181089,16.1029178,18.6151505,2.1560237,2.56629852,0.5667462,6.77235085,11.865942,1.02218867,8.98364169,11.1550047,-0.0230214,5.53897395,5.64384377,33.0068568,17.0090326,13.6346152,15.6022938,1.42463058,13.1759798,0.37982614,,,14.66667,70.4605933,62.3858118,74.3887385,33.277254,111.647209,86.2844355,95.31758,93.2901089,123.880666,144.822655,106.586927,54.154488,52.9750187,55.8493288,117.266075,141.406521,98.6609379,118.096133,155.190652,75.8398309,71.1774163,94.2693709,61.1487047,125.620613,76.6850826,77.4322852,79.9408304,140.300256,26.2844839,-0.5255468,52.3763647,91.4601623,49.593708,77.7924713,109.434095,61.8811973,67.4151524,94.4287183,50.9183712,104.136027,,-5.3682414,-4.1176174,-15.215776,-8.1171563,-2.3538234,-1.3093101,-9.6537639,3.47909921,1.96739299,13.9035386,-6.7474135,0.26334926,-3.4393437,3.5042721,9.24146915,0.48886697,-14.78333,-3.4632218,2.94377279,-3.0169261,-9.4111796,-7.1754859,-18.284558,6.12636072,11.4394227,-26.697736,4.65713291,27.7535547,5.91750899,-9.2346134,-7.1687552,-10.694185,-2.0124456,-4.185066,6.4760351,-10.961589,-11.783186,-5.6865595,-1.1592482,-11.58914,,,14.66667,73.8401471,61.7800569,133.643656,30.7622658,60.9094294,63.750655,90.1438797,91.7723552,119.393051,117.900435,101.981925,74.8286825,97.4297079,126.811289,74.4146836,86.2840365,43.6314813,156.622579,115.637411,165.882205,155.161621,189.808106,67.2881752,116.54929,112.078693,164.330473,138.948803,84.1112783,164.061022,162.056315,161.535635,201.630677,122.326693,88.0179304,185.437938,163.53726,153.766225,120.93358,47.8800085,128.968903,72.0840002,155.742584,118.439106,217.406122,83.0686825,155.017142,17.8376021,43.6289139,12.5321867,33.0308939,87.7630882,,26.0861388,15.3555898,7.80074193,24.4473733,25.5965771,10.6841904,4.37446904,12.2134982,18.8668278,8.62942336,19.3848527,22.5812901,3.70074681,21.6086275,32.6198786,19.0720287,11.3022453,20.4468002,11.5391407,13.6513237,18.5422157,6.79307064,9.31037997,14.5117945,-2.3370694,-4.7510094,8.8805882,6.59944513,8.00210597,2.53789999,-4.7157287,18.9123785,-2.8778347,12.3555004,15.9732182,4.89925554,12.0415714,9.2071733,-1.4978291,-8.2197905,-11.712462,8.35405848,0.17466089,2.37568465,3.48641551,-5.7602302,13.7527439,-4.8051444,-1.3882378,28.3656882,13.6872585,,,14.66667,151.768195,116.745308,53.9655261,122.99062,48.6279785,62.7909267,57.3976908,137.28997,132.748727,136.854686,146.038578,218.70285,116.296513,617.209018,165.483711,182.769326,196.344134,65.8838545,67.2550875,143.866268,41.6389431,11.2593075,41.5792428,87.5029502,33.0803019,45.3161877,37.8491439,44.4990909,,12.347242,-2.9840232,3.79668364,7.45353167,0.84400081,3.81374049,-0.4669957,-0.7440584,-12.266104,-28.324708,8.42674539,42.9620005,-6.2243007,-3.2511355,14.718199,23.3073849,23.5707793,11.1764911,11.1704565,8.13261119,4.15188277,-16.414468,-1.929634,19.3014292,10.6465872,1.84592745,-11.447968,12.850715
,15,56.869928,53.2556563,33.0645844,53.4846285,55.2297083,92.3229142,37.9183919,66.2989071,111.173165,81.5415978,87.885507,52.2722872,81.0212204,83.0624096,58.0761288,91.5112371,104.136676,46.0067648,88.888338,64.2306792,88.2206089,62.0194583,136.554479,102.189162,61.7683397,112.428437,122.274411,59.521378,71.6737945,180.666659,59.3190872,114.680216,95.0011301,101.467785,31.9649475,53.9417745,28.0756572,68.5780297,50.8780315,16.7929615,83.6047539,76.7878858,100.666187,27.9959839,69.83052,50.0514658,61.2903266,71.9816177,,12.9402041,5.23585386,6.24597507,12.2983603,0.16430943,4.06534859,2.42879773,7.15216833,-0.0802136,12.0149169,21.3469493,16.7055128,18.9188909,2.31278839,-1.0389827,-6.9354049,5.15014355,0.59528691,24.2315794,5.083436,12.5830994,28.7210034,1.34876927,14.7891624,7.7387585,2.93478621,19.9525739,17.5156833,21.6804795,14.1881367,1.36002971,5.00130224,3.63804911,9.83710729,8.72175037,3.01748102,-1.4694934,2.70262758,8.75331812,1.64632438,-1.6221574,34.0454507,16.5931399,11.2665591,15.3791014,4.5693999,18.304822,-4.5939093,,,15,70.6630181,64.9122773,85.9777408,31.2806213,110.634214,86.5050016,93.1292073,90.1110895,116.368522,157.10299,115.812475,51.3099699,53.4755729,56.7462778,116.100288,140.636612,96.3660631,121.852907,147.967737,69.0191707,73.3878565,94.1432005,62.4337384,133.733872,75.0636565,77.172707,76.4750453,129.19401,26.8219552,0.17061854,51.5146507,92.1349976,52.8619595,72.2381711,107.602144,63.1511906,71.4268442,94.4322454,52.8630115,104.033421,,-1.8474479,-5.1191594,1.832133,-5.541802,-3.5682096,-3.8332584,-9.5362921,-4.5117078,1.51445223,17.4435212,3.32247168,-4.5505634,-4.1151897,1.93356205,1.63401018,-1.9620193,-17.138845,-2.7201946,-4.2598327,-16.640494,-7.9226787,-3.6804837,-20.216393,2.00892377,9.45147548,-21.731008,4.21292031,17.1700016,3.84738672,-9.6083818,-13.494693,-8.8258631,2.98621642,-1.4752867,5.80049799,-11.997629,-14.249418,-5.6967094,-0.5054656,-11.624392,,,15,72.8872697,64.5443066,134.420548,31.4439043,62.7982799,61.9510756,90.1789133,92.0650716,119.877614,118.62236,102.964318,73.804829,98.091374,128.174528,75.08448,90.4748898,44.6083638,164.571254,117.454151,168.892356,158.389288,187.75323,69.62896,117.39479,114.023905,158.701682,138.791135,84.2844092,161.914627,159.417275,164.921235,203.59472,121.825172,85.4101457,186.039792,162.066495,147.408528,116.203138,48.4902284,125.690731,71.70268,152.087087,118.816891,219.040383,79.8633136,157.949521,19.522601,40.4728038,22.770088,28.1688785,89.4976835,,26.7309254,16.0646235,13.6542294,31.3213068,29.4664832,15.4661213,5.7554559,7.68159244,17.9206946,5.35147556,16.0323136,5.89366885,7.56103947,11.0003903,32.6694076,25.561608,9.3205402,24.1590649,8.16951022,11.6463177,17.1703685,6.55188831,11.162289,6.57680782,-1.5916001,-4.488825,12.1135708,3.46426517,7.55997817,3.0503489,-3.8987696,15.8024087,-2.4790516,11.7740789,17.1447058,6.91100013,20.2745331,8.55354242,6.50968821,-6.5322303,1.90024422,6.16868828,-3.7082592,5.89115409,-1.012047,1.3983002,19.2759994,-0.9337576,9.25271502,22.8599312,11.5313242,,,15,153.247903,118.428957,58.26929,124.540517,49.0893858,66.0853576,52.8514288,141.561877,137.342366,155.910273,156.974269,217.166265,120.479469,553.643641,167.61896,180.86989,195.429196,65.7293884,69.7931199,141.319381,52.8622542,24.1283035,55.488247,88.9070164,28.2204719,47.5254866,54.1166531,43.2746388,,13.5937121,1.66610026,2.49652687,7.77232516,-0.0114332,2.15087986,-1.8041187,0.16361928,-5.4698325,-9.8724063,14.0963351,33.8660338,0.46638477,-8.5721513,15.7283687,15.8808984,22.1104368,11.1835063,11.2384297,8.42364757,11.0450803,-0.5847963,12.8378273,16.7167223,10.6740597,-0.2906707,4.70649248,11.5434089
,15.33333,59.4224653,51.5373763,34.5461725,56.2506368,54.3897566,95.2539613,40.869142,68.2664243,109.922223,83.2473136,95.3735775,55.0036332,85.6313367,82.8172956,63.1619952,92.3881461,103.206493,54.9912852,89.9441642,67.3455941,90.9308679,59.5677546,136.694938,103.769119,60.7712604,115.667938,125.38749,60.0169605,72.2586456,185.874081,63.5550799,114.68275,96.1402437,100.105158,33.2802164,55.2721241,29.0504365,76.5562897,55.454918,18.4492898,84.5402277,76.4054574,106.649442,29.7578063,71.9037736,50.6726316,62.7992143,76.4990421,,24.0620821,14.0992584,17.4994687,14.2176741,-1.1805249,3.43378374,3.06425145,9.14515938,-0.5477321,14.305966,24.6186246,13.5050069,17.9009393,4.20413939,-5.9954758,0.07224537,5.58065714,7.24753691,20.683916,12.456236,14.3816251,49.4650223,3.08886438,15.2715795,10.2468899,3.44315382,20.774765,17.9316266,20.2953341,14.2053228,2.72235252,3.71082954,7.69483367,9.01203634,7.84076109,5.31950349,-1.9522044,11.7764488,7.97459021,2.23182805,6.08024255,42.9792299,25.7522822,25.9706566,24.9632309,13.6525916,23.4941279,3.96134479,,,15.33333,74.5552392,63.9610474,83.8806292,32.5589354,118.075172,88.0805895,96.4818992,90.9500847,101.03629,142.284564,94.3779693,51.5909287,50.1751571,46.8265043,121.801926,142.571293,102.303407,122.069421,162.233214,78.0092017,67.3503558,94.3661712,62.003508,131.323221,74.1554179,84.8225854,76.4361084,131.589423,26.4990433,-0.8292111,55.3725428,89.1660033,52.8733038,74.9091087,114.298425,66.8716141,71.3044811,95.9362904,54.9254048,108.617246,,0.86817974,-4.8494253,-4.6395581,-4.3619869,-2.6336221,-3.7069521,5.04231605,-6.9821832,4.61671809,13.2810479,-17.839605,-7.6517538,-2.4114352,2.91953303,10.3082975,2.46887035,-15.522199,-1.6151588,5.82446019,-4.632883,-12.979276,-0.1021182,-18.217491,6.64718336,8.91481997,-22.791827,10.2072046,12.7168026,5.39784005,-10.813754,-8.2619656,-0.8129436,1.52846769,-3.3062777,5.4816134,-3.8288563,-12.289384,-8.8904891,2.74487232,-9.4319987,,,15.33333,68.2533733,61.4581194,133.616892,31.5750116,65.9869597,70.0218829,95.697007,90.8743746,122.925416,118.397407,99.0954212,72.1046776,94.0877197,125.452555,71.4146496,89.1605291,43.2852877,159.900432,119.343447,168.907874,156.474732,195.983177,77.9517183,132.808479,116.083943,167.027267,139.903887,80.5654207,158.016663,159.1575,159.594505,203.759986,121.927103,84.6237745,190.258946,163.073379,153.645396,117.12791,47.2758806,129.32126,73.0077766,157.123252,119.189135,218.071696,85.7585587,160.64214,19.0071243,45.2787264,3.53984839,27.0765306,42.2276517,,24.756505,17.9097957,11.0620433,24.2568858,27.3853674,17.7590499,16.9068525,7.64407478,12.8547261,9.01960027,16.4724819,11.7459684,11.5056925,5.89955212,30.9208296,26.998424,10.2469565,23.6996385,9.2491431,11.5155558,21.1138585,7.31398178,14.1622674,6.80628629,3.49162235,-1.4111174,4.22919253,-3.5992823,7.14854605,3.04106408,0.32777495,20.7866703,-0.5128145,12.745033,19.4119124,3.7239157,15.3397955,6.27667381,-6.6007501,-1.0219343,-1.1713362,9.15391907,-1.9818901,-0.9074532,3.26462593,3.95385068,13.495742,5.11296667,-3.5362725,20.5948416,-38.301527,,,15.33333,154.29188,117.614835,64.62267,127.882164,55.5422944,71.904559,56.1946148,141.748418,136.873972,159.777237,149.146425,218.290242,119.539712,593.050863,165.195903,173.151637,195.527149,65.7847688,69.8324566,138.455879,44.4716944,17.1984462,52.0775269,82.8926179,13.7739465,42.5138134,41.2752431,41.7288873,,12.5923622,1.31839726,10.854721,6.35156395,-0.3932805,4.79121259,-3.6877841,-2.0244066,-7.3403835,5.92590223,9.03123996,39.2458337,0.73582617,-6.2854584,15.2541878,14.0881,18.8062876,12.6483864,10.6766334,0.74770066,4.50718304,-11.657942,13.5202408,13.9902994,-0.9991957,0.70401407,-5.591644,9.22058602
,15.66667,59.4410202,53.9904441,34.9977188,56.4222119,56.3075559,87.7238411,40.0053979,66.0531817,116.497712,86.6405623,90.0989073,46.5163082,78.3984032,95.4504559,62.1907898,99.1291639,107.837048,41.4660573,97.851172,68.3490893,89.1520415,65.3163272,144.977901,105.131674,62.799018,110.123934,118.586999,59.8692988,70.6990622,190.009765,67.5473515,110.967284,94.0089015,97.2892769,33.6049633,54.0179716,30.2900726,74.0773056,58.4179732,19.7882497,79.8152129,76.124856,106.373162,31.1353771,74.5334749,51.7335496,65.4905841,69.8225977,,10.6542595,2.554385,5.6798647,16.4360018,-1.379503,-2.1769526,1.47684963,0.33627545,6.03120704,11.3793887,19.537074,8.97058469,22.8492793,0.37455212,-3.1106512,-0.7311972,7.65559631,-6.3494762,21.2240718,15.7691832,15.2492137,57.7435771,-0.3987704,18.2558881,6.92134156,1.03529293,15.6278025,19.2586667,22.6933884,17.3844876,8.89639368,5.51702119,7.17100813,8.55053958,7.82595033,1.23442896,4.46935129,9.29380467,6.57999658,4.19890591,2.08359613,32.8324109,21.0559371,16.700428,16.4717807,10.1879315,18.6825799,-10.193625,,,15.66667,71.7809252,63.1408873,86.014122,29.9184199,125.071104,89.7256926,98.4830034,95.6880684,101.267435,155.650834,103.549215,50.4434222,50.230245,49.7121522,119.152342,141.935499,99.1308091,122.463449,147.779543,75.1188527,68.4479188,91.8033526,59.9362119,124.488685,71.6982715,81.7084293,68.3326253,123.328378,25.2472637,-1.761238,53.8939066,95.53265,54.4511125,84.2834478,121.520515,71.1729284,68.3061117,95.2679003,54.5935516,110.811156,,-2.0970855,-5.3368527,-6.0468659,-7.18956,-5.4049012,-6.9443679,8.35777675,-0.939903,2.68443246,9.13096568,-17.947784,-9.6858136,-1.1757051,-1.815039,7.77563355,-1.2972838,-20.843455,-1.1627253,-5.8206259,-1.6911037,-13.077179,-5.9734663,-20.155703,0.62442512,6.69181041,-13.070676,1.21928099,10.4244244,2.94726263,-13.052463,-6.0942598,6.84477963,1.37007129,2.70193087,5.63411754,-7.0707182,-15.179727,-10.625799,2.65418106,-9.6534945,,,15.66667,69.0702987,59.3397345,131.871644,31.714751,64.0685456,68.5966184,93.0860898,92.9854256,118.163238,120.031271,98.7505828,74.3420218,91.6540342,125.553537,72.3466205,87.3056515,40.8240604,154.68974,118.608703,166.844134,154.646757,196.209575,79.3767954,121.944561,108.029479,165.729647,138.359165,88.123525,160.716141,158.98276,161.889498,206.517832,124.173184,84.4033835,191.954425,164.128566,152.338632,119.256823,45.6798847,133.797227,64.3046205,155.233264,122.275918,212.597891,75.5118189,164.723922,24.6755173,48.4029017,15.3537348,26.3505549,92.503135,,24.4104771,15.1430623,12.2707403,24.4729853,24.032501,13.9357325,10.4652853,6.91391151,12.5972761,14.2955807,21.5600986,19.1694936,8.40977157,14.1492844,30.8017477,31.2042152,9.78015851,22.4452726,6.56970885,11.6298871,20.6568644,12.7117552,21.6792817,14.2646133,1.42146536,-6.1367236,2.83088558,3.45221859,9.30257762,0.95167984,-6.7792851,13.9595196,1.92351831,9.48637503,16.3979341,5.64193072,23.2117175,8.98046921,2.23554007,-6.0865818,-0.1147124,8.97673135,0.87576884,4.78089949,-10.214395,1.6969651,21.3514691,1.84641892,11.1507588,15.6195154,15.037068,,,15.66667,156.053558,123.232183,64.5745214,136.824606,58.4875188,72.4125012,55.6347603,139.655326,133.039126,64.2237626,145.566644,193.569188,106.624683,545.354639,154.672718,176.768341,195.457157,68.9866154,72.2190217,138.500205,51.2340155,19.3863549,44.1154617,62.2819972,21.0468254,47.3305584,40.8276518,45.0119983,,14.4724984,3.63341432,3.60089381,11.6878914,0.12640768,3.37136632,-1.0266305,-2.19284,-11.012934,-106.24803,14.5872921,17.1922105,-12.948662,-17.382374,15.9026556,19.0560286,17.5245252,12.0838669,10.0121829,-0.7630416,9.80676816,5.0597935,14.2356733,-10.702647,2.715474,-1.1635902,3.43634225,14.1255291
,16,58.224364,56.6570367,35.9187122,53.1262977,55.4109108,90.921898,45.3121109,67.3039812,120.484079,83.5726988,83.72518,47.7945737,68.1453303,106.782294,57.8255485,98.8051053,101.137254,66.5005917,102.032983,69.7805882,92.004566,60.1901821,158.317208,102.437194,61.6200085,116.768389,123.463849,58.2792839,71.1423967,187.984064,68.5678434,114.258242,97.823526,102.433704,35.7636939,53.9281229,29.3867896,76.7406668,58.1446123,20.3518444,81.9566462,76.2074434,109.693825,31.7687557,77.4751568,54.00561,66.8736761,70.3467945,,3.17951813,2.3214502,5.92644952,11.0642289,-1.0099272,1.4912979,5.53050791,7.20437682,2.14658862,3.39560582,23.6887062,8.563729,21.566801,2.97353318,3.32992079,1.86541164,5.50108578,9.64681413,18.4481576,8.03596778,16.287719,33.1088178,-3.0610983,13.9018,10.3153404,2.41891593,30.3292309,10.1484524,23.4734181,14.3817485,6.51011229,7.32482324,6.10917562,16.2847398,12.1977991,15.0270212,8.58494649,19.9973619,33.5303195,14.8215842,11.2338248,34.731908,25.3422438,21.0502755,17.4806254,4.11919516,19.7900051,6.87604422,,,16,72.9297286,63.5294828,85.7284047,26.9714703,122.376111,90.5038172,98.2645938,95.2711754,98.328738,160.193305,116.248893,51.1977338,51.0269812,60.1045593,114.099197,143.521476,103.457529,124.095238,153.090635,82.1291829,74.2629373,93.593164,64.7212115,131.082725,73.7679234,90.1323697,73.5759519,140.186918,27.1467973,1.16511089,54.0968139,95.9408737,55.5483564,80.9190464,123.091696,73.1871434,70.3986342,92.482815,54.8180191,108.489813,,-1.5113584,-8.7330435,-10.982973,-8.7528388,-3.0152464,-2.9436766,-8.1213847,-3.140187,4.23387861,13.5774284,-8.5923145,-11.396,-4.7711509,4.4358706,0.98718947,1.64289849,-14.337776,0.89164621,-0.6398781,-0.4291912,-4.7946326,-6.3217723,-20.011684,6.58603939,9.11019192,-3.3006719,2.21520991,28.4385507,2.44297818,-8.4712502,-4.8270261,3.23528603,1.14344961,5.04769951,4.90743951,-4.4637507,-15.265253,-8.8326522,-0.2891962,-9.8972626,,,16,69.1710589,61.537752,132.937862,30.6900111,61.6898377,72.3957139,90.0127677,92.6637949,114.936015,120.410682,98.2513782,74.5698685,94.9590045,122.870475,74.049958,82.7209521,44.1924127,156.230165,119.705483,166.682396,149.32361,197.588778,75.4413616,124.629879,109.837367,166.25495,136.688053,82.9045879,160.363945,158.871363,160.868985,203.775995,120.861139,86.7577037,192.218891,166.666979,152.108551,120.141408,48.5742559,133.115348,64.1694469,156.391219,124.058301,211.63219,81.3341531,161.810309,20.6952589,44.0896702,8.74126964,27.7496468,101.975327,,22.2698264,15.8631802,15.3000797,24.4973983,26.6949886,9.8090709,21.7825328,7.73889078,11.3184018,6.90672551,19.1886351,10.3134994,11.2789533,15.1688539,33.6716635,19.2057887,12.2375199,15.010025,10.1309628,14.2718393,19.8500111,1.86009024,6.18635163,8.18962774,-3.4606919,-9.6478529,3.3125747,0.9132316,8.80980792,2.41084902,-5.4295838,16.2511503,1.5258879,11.9068963,15.7316475,6.76021822,8.44140082,7.58772835,-2.9955375,-6.0712517,-4.1917074,9.50489502,2.29995081,3.23134239,-7.4013993,6.57830107,16.8484179,-2.2390876,-6.7595875,15.7414426,34.1014306,,,16,157.057426,126.003922,65.6269667,140.388879,62.6027795,73.2791374,57.2198527,142.177129,132.837523,121.96992,144.707259,206.408283,117.396015,543.513726,158.020948,179.678974,199.410261,74.0290557,75.4270906,139.479131,44.1168273,21.9295129,34.9942156,43.5037147,1.56496808,42.657847,43.8338247,40.8769169,,19.9186581,7.85687564,9.25146607,11.4937837,0.95277627,3.21456209,-3.8340925,-1.5917819,-12.686118,-34.35754,12.6530029,29.5030573,-2.2652676,-22.80419,12.2788606,18.0152317,16.2559488,12.686366,11.6809507,1.90604575,3.38222241,-5.4534852,0.42970772,-22.270107,-9.1560877,-5.8488228,6.31440721,10.5668458
,16.33333,54.4411949,58.8489057,35.7795816,51.8455302,51.8988352,92.2646544,46.6206187,68.7688353,125.888124,77.5131459,73.3953607,46.4974507,54.3462896,111.134568,52.2404897,90.8918751,104.975754,60.6275388,99.5765076,67.4697497,96.1525807,58.6704429,156.906782,107.750659,62.8507009,117.967406,122.11849,52.9292105,68.2133557,191.843998,67.2403177,113.504031,98.321583,106.025173,35.1265946,52.8163298,31.8755434,74.4237491,57.4138026,22.9077993,81.3297184,78.160346,107.285005,30.0280762,73.082145,52.3281455,68.8199307,65.5159746,,12.0845044,4.83209707,6.79689701,11.5470689,-0.2997757,3.96590028,8.27622068,7.67870661,3.70291191,6.35544741,18.8048264,13.1740497,19.041157,1.42981101,0.76292832,-1.5765972,5.04741482,13.777551,19.3434576,4.29223356,15.4660088,4.85892694,-0.9724041,17.7908545,8.15833285,1.8555057,14.6591882,7.70512888,21.2245928,20.2454369,4.41337395,5.55963428,3.54728905,14.2483787,4.48518403,5.90716387,-2.7956169,7.97534914,21.4113394,5.51650336,2.55771482,31.3238274,19.2336006,16.2789832,14.2702809,6.77909206,18.3018096,8.96658074,,,16.33333,71.0189116,66.248175,94.1648288,24.3816561,118.629231,88.0816374,98.6611436,103.989703,98.409249,158.141639,71.3039497,52.3507785,55.1333443,59.5803125,124.391382,145.354147,107.068574,127.083335,158.12985,88.195677,64.9057261,88.4619146,65.0482004,124.41531,76.6959356,87.9506781,79.019116,138.939875,28.7193918,1.37308098,56.1949339,91.1874185,55.3953983,72.6143275,125.963249,74.3924062,71.3799636,96.1714092,56.9238362,109.768147,,-0.1424546,-2.0995212,6.47321688,-9.0272936,-4.4097425,-3.2536578,-3.3812055,4.38346232,3.86625668,10.7977395,-42.253281,-9.7539907,-4.7446251,6.93267192,8.07393737,0.64523062,-14.158498,0.40243191,6.68958104,-1.5606556,-12.220473,-7.3890783,-17.45107,4.25673357,8.2247272,-19.650919,0.6579389,12.416292,2.63809691,-8.5141147,-10.732604,-9.7961906,7.02021296,9.47329294,5.48075666,-13.104776,-15.503376,-9.8109263,0.45012631,-8.0251671,,,16.33333,68.6597943,61.2247928,126.695645,30.9152647,65.1808945,71.0270817,88.4807539,92.8260916,118.762379,119.887685,105.684661,75.0392184,92.6607716,125.156245,72.3063463,90.5299213,43.9055966,152.212121,122.669159,168.627773,148.834758,194.783966,63.2106906,126.620191,108.231691,163.371431,134.849182,78.8682481,160.988531,162.262741,160.374208,207.399475,125.607868,82.329525,195.922228,166.716899,154.132036,119.955139,44.9725682,136.600735,68.4615205,158.514418,124.840063,212.444716,88.6015681,166.215937,16.7081973,36.5444402,16.1004257,30.6924322,104.030768,,25.8847706,14.4818158,8.92768233,24.675814,26.6303683,12.5134834,3.92370116,11.9838017,12.9258552,9.97511973,24.9896888,12.5178076,2.75844685,24.4100136,32.0851494,19.8313721,13.3332288,13.2698609,8.52473354,11.7879464,20.2085041,6.08128274,12.6629424,18.1130071,-0.0842272,-8.0198532,0.73522276,3.72332273,8.51874428,3.51640142,-10.370385,16.8118309,1.09431355,9.45842629,12.2935053,6.98824935,2.48371776,8.00399217,0.25961677,-1.7803598,3.10996116,10.4585178,4.48757879,3.38810569,1.10571584,-0.0932547,11.850387,-8.3310833,10.2793146,19.2395752,30.0344591,,,16.33333,160.766116,120.058176,64.6725066,142.504427,67.3273147,74.9689298,63.3758373,142.463767,133.80138,149.821914,146.804576,222.524596,119.29368,588.969265,152.761408,176.362018,203.287212,70.5060552,77.1514125,141.72093,46.4948148,20.4165987,38.911425,100.104193,31.2190324,45.5841389,52.0452518,43.7276526,,17.1792391,4.41593532,6.62100848,6.30187148,1.47228087,3.57923029,0.83388538,0.06280183,-13.919641,-9.286891,12.6411829,42.058405,-5.0508466,-24.053574,8.84963261,21.2038203,18.0749078,11.8867485,10.8081944,2.1627167,6.94287745,4.36698693,6.37621164,33.5953985,18.7854107,-2.3579322,15.835762,15.0486825
,16.66667,53.2836085,56.2740378,31.7816296,55.9441339,54.0550058,99.5282798,48.4680965,69.5102005,130.401642,86.1148765,81.5215737,50.3950001,69.692436,112.841864,39.5727219,90.3298615,107.053734,56.8140428,99.2745816,70.75414,98.1332289,57.0967412,167.767741,102.983275,63.2398313,122.161661,119.75551,52.6828841,67.7342391,194.028504,64.2100955,114.623478,97.8995493,101.499841,35.2742068,51.2879165,28.262669,71.5462925,59.8876852,21.6746812,85.5285015,76.5267104,106.65716,31.3551226,71.944263,53.471339,68.8789231,67.5220842,,22.6362501,11.6297812,15.5457244,13.0346486,1.00827235,7.9182259,6.93203647,14.8629372,13.6231424,16.2613423,24.696714,13.6359843,20.5058123,2.89261571,4.51527238,-0.8616832,6.67834571,-1.9733747,18.3718212,8.66785559,19.5421492,42.0140583,2.75909634,10.7585481,4.16600746,1.59752208,19.4214134,6.72489237,20.306314,17.2726231,1.77662372,5.20295251,3.84513291,10.9930032,3.63632861,2.97621507,-7.3078312,5.49166313,16.0083299,7.07635334,1.50701273,33.9534888,19.5654442,21.7316825,14.7542782,5.13726463,12.4593894,-8.4481475,,,16.66667,73.9662856,63.1995486,77.350241,22.9790746,121.378802,89.1368262,93.0152526,101.867002,97.8376802,158.405155,106.356759,53.5879811,56.4245503,60.8696475,119.918221,144.958274,109.925687,125.74139,157.745228,86.7906292,66.0350067,92.1151333,62.7416853,115.030961,70.8753346,81.0150303,73.0824851,107.567118,28.4027467,-0.4971029,61.4881153,87.8519348,58.8154702,71.5661601,123.57211,78.2349819,70.8087549,92.1682259,58.6692572,107.541604,,-0.3509134,-6.9584919,-11.863389,-10.653374,-3.6421686,-4.3219387,-5.742081,2.94967892,6.60024543,15.6386489,-11.305101,-1.9526968,0.61670264,5.47382219,10.678845,1.94098641,-16.411998,0.6747844,4.4612844,2.01244873,-11.750929,-8.5180421,-17.670351,-0.2039459,8.97165335,-18.58469,5.93640543,-15.475216,-1.0625142,-11.159139,-11.960285,-16.227585,2.03863889,-1.0034762,2.84290251,-7.2073212,-14.79026,-7.0637163,2.69013064,-10.856445,,,16.66667,68.0600209,62.5121487,132.042302,32.2461688,67.9430921,69.7444163,98.3146311,92.1519707,117.198131,120.119368,102.146307,73.2072731,92.1980368,124.359677,70.6050416,89.1705893,45.3299074,156.269219,120.264962,169.161996,151.04439,196.698275,78.6037037,117.823038,115.864274,167.585409,138.036824,73.0259974,159.455663,163.189263,165.389359,207.301814,124.136942,85.2616393,188.524564,166.385752,154.250121,119.467554,38.6051028,132.433259,65.8932827,154.130367,124.321974,207.436895,94.4639394,160.175687,23.0099296,51.7357842,7.41712895,33.6386067,71.0709481,,25.3532325,15.1328722,11.785166,25.4289083,23.5819462,12.0615535,16.3528776,12.8313907,12.1223751,16.3719078,17.3557674,11.4842397,11.6290984,18.5186887,33.8170383,40.0625382,11.2009222,17.4230273,11.1976524,14.0822007,21.4038145,8.44570401,16.219062,10.3263897,-0.6599626,-7.5368098,-3.5390411,4.75147562,12.2588563,6.1226147,-9.6316308,17.5088883,1.4828145,10.1832445,13.5956321,8.65527515,7.3395369,10.0772675,0.13747215,-1.0392064,5.05099662,8.50324244,8.87861679,3.6522878,3.90740479,7.60208528,24.6997769,4.96454724,-10.425134,25.4706085,-1.3837852,,,16.66667,163.993041,128.504976,66.5176696,146.230009,70.9186093,78.8087074,58.7530458,144.843,141.370659,168.989093,144.141259,223.918601,124.961442,472.150955,152.704432,174.623483,206.924963,71.4713928,76.5796178,140.052107,46.7942349,23.9087508,39.3695286,71.5782278,39.7041954,49.4556709,47.0094436,44.3657915,,14.1786727,2.73964858,7.02047462,6.17321882,3.57864324,2.33450643,-3.9169929,0.80510676,-8.5533348,5.03606979,11.5080289,46.2001907,-0.857309,-18.414497,15.2532157,21.8841658,17.7102822,11.4811886,10.0040895,3.9177269,3.00886741,4.13506509,11.5538434,2.19738624,22.993778,1.45849242,-4.9966902,12.6371862
,17,58.4043142,56.5413552,31.9347948,54.6620549,54.3520632,93.7493765,46.5751816,70.4776291,127.763075,84.8327619,96.4551039,55.0001913,88.6961509,110.363177,36.0534247,97.8084203,110.333585,46.4124061,105.627154,71.6368342,103.109098,62.4795687,169.475915,102.711536,64.0522056,121.796587,116.035285,51.3220852,65.0750079,200.44519,68.7159808,115.245742,95.6684953,101.305026,32.629937,50.7001794,29.1034374,70.5524029,49.4884421,21.0526348,87.1324646,76.2422763,105.54036,31.7326372,73.2313824,53.2611969,69.5807973,69.1714038,,10.4858222,4.66768494,3.83938896,9.5632211,-0.8443867,-0.8247057,9.70195725,15.5412441,11.1339697,14.3401012,27.5798272,14.8510664,23.7368561,2.06861985,4.84691675,6.88889595,12.1378121,13.1609566,19.8944267,4.07328776,18.6788547,26.278178,6.19900442,9.45779798,10.3468725,2.79340418,8.18494883,0.82624279,18.1553593,27.4738741,5.25229428,6.68043095,4.38251015,10.3167198,6.96453281,2.4270513,-5.0180066,15.4035166,11.8662861,6.2680477,10.020296,33.8616948,22.3411803,21.2583721,18.9342097,3.86462122,13.3809643,-2.3144618,,,17,75.2763834,65.3569511,82.9628072,22.7075227,123.440124,95.0186403,93.9255332,102.950779,102.367195,148.751513,107.077071,54.209723,53.6525206,58.1202627,124.746148,146.508988,109.13668,123.465055,168.425751,84.8784334,68.1607656,91.9292266,65.8622253,119.178848,75.525082,85.3867879,76.4528087,129.634873,29.4548825,1.58285429,61.6482663,94.1780358,56.7432572,74.62223,125.707659,78.5304419,73.8863795,90.7707936,61.2250548,109.206799,,-1.1678176,-0.5747825,-5.9995308,-10.329977,-1.663298,-2.0856956,-1.8277889,-4.6539856,11.5750886,16.42044,-0.6757334,-6.6649362,-0.7813646,2.45674296,7.19061961,1.56814752,-17.911035,-1.6798952,11.1770568,0.4823378,-8.4284485,-5.327303,-19.623256,3.333907,8.48676685,-9.3470275,8.6988577,8.24761155,1.08831051,-11.300425,-4.9834518,-4.5231987,6.04714578,-6.7670194,3.84367625,-11.119466,-9.4049362,-6.4849971,4.58134799,-10.133653,,,17,64.7784773,60.6339836,134.713781,29.6870132,65.2585426,71.6758324,93.8599476,92.2241525,118.216769,118.500193,104.243627,73.5913886,91.2219656,123.796318,70.5465072,83.2900496,46.9382022,155.707384,120.658192,171.395331,152.414343,193.328228,60.7841302,129.762841,113.247127,166.492499,139.300838,78.8081842,162.193816,162.930967,165.367,207.663643,121.241038,81.6201754,192.660523,169.358671,154.086343,117.309014,38.8836432,133.856763,66.9247524,153.386,127.158122,201.985546,88.8274272,155.11648,17.3743167,40.9882935,15.5430357,32.6973065,65.115641,,24.1315028,13.5580806,11.5926352,24.6398896,21.8444667,14.5791484,13.9891216,8.20411036,13.6730706,16.8511711,21.7335945,11.5600186,6.9144118,17.7530639,30.97222,32.1223341,11.554258,10.9828249,10.0286059,10.9945441,16.2341882,8.27110761,8.35570762,6.54998423,1.28536792,-8.1131627,-3.3781134,8.96716005,14.0828916,3.35170484,-12.407579,9.5304887,-4.2857974,7.82894998,17.0020473,10.1721642,4.85721108,10.1320053,-5.4736498,3.38173533,-3.1008756,7.37028909,2.96934879,-2.0157539,-2.8436833,-7.4559403,11.0554663,-3.3266413,5.86041987,20.5763621,-8.9713451,,,17,164.850326,122.805055,66.5042181,147.54253,73.5627971,82.7888546,59.266685,145.349927,147.63807,186.794169,142.339034,217.288087,128.871355,469.138264,153.916336,172.691054,199.867279,74.0895247,78.6758626,143.566914,54.9241307,17.8973792,50.9666941,126.293736,32.5434749,46.0995931,49.3645527,42.5208371,,14.6788943,3.82014245,6.64193433,10.5694897,1.72289791,2.1727873,0.6688704,0.3252718,-3.5654369,26.3428242,11.4606592,44.961059,-2.1469297,-12.674733,14.6283418,29.0268977,20.3816322,11.9691799,10.601161,2.71839803,11.8342481,-1.9457417,16.0364311,62.0064051,18.9441475,3.52022296,6.35184284,12.0937977
,17.33333,56.6305676,56.006057,32.2514581,57.5693986,52.785632,95.5708736,47.0044396,66.6947395,119.676235,73.6643794,110.440555,50.8694266,79.6012724,109.502984,40.4676789,91.65803,107.024273,46.8504789,106.09399,70.7991115,101.552078,63.0803335,163.423367,104.952994,66.8721029,122.894797,119.260849,56.1489009,67.6289308,200.184272,70.414935,117.884741,91.9047146,100.350867,34.1334575,54.626212,31.6067303,73.5146573,57.5088829,19.9952234,86.4035273,76.8626444,103.323611,28.8276168,68.3164338,52.0687817,69.4637175,66.7939516,,15.9231541,0.73424956,4.98410366,11.277201,-4.0830934,0.27842542,4.55831707,-4.2207243,-2.2687191,15.5189882,34.0090636,9.3277738,19.105222,3.24373254,-6.3351115,-2.3944914,16.1950977,-4.4967159,17.9900658,2.69348557,16.4061205,16.4418444,2.05429869,8.74890339,10.7803701,2.1782836,3.40196434,13.074308,16.1774503,21.3697135,6.4013254,6.87882024,4.29107098,10.1830687,0.01116458,3.40815208,-3.306019,10.1009349,6.56788291,1.07615189,-2.5289272,34.3892324,20.9426078,20.3929307,15.7954493,6.95759121,15.1748431,-1.942946,,,17.33333,71.1962676,62.9098342,84.1592385,16.379652,117.396641,88.6376284,93.8638821,96.9665742,107.535193,138.484516,121.683298,53.4331492,55.0059619,62.6020306,120.234104,146.409303,108.689143,122.627378,159.802699,79.9313946,69.2377349,94.0898337,63.9590503,117.867085,75.1226358,82.1315265,72.4083239,140.977627,29.8398054,1.32689226,60.398426,94.5418486,58.8191483,76.4764795,125.149944,76.7990159,75.6759964,92.0697902,59.3608844,107.968139,,-2.9518041,2.89249997,-4.1279521,-12.594526,-2.1687865,-4.4498438,5.05915715,0.0895314,4.22200723,16.1373213,10.680796,-7.8366296,0.83033055,0.97476453,1.86073199,0.29750756,-17.961207,-0.8936269,4.50942229,2.77892226,-8.6965385,-6.8711098,-16.044955,7.73309132,10.8069028,-3.1016491,3.29722784,22.5010011,-0.9678023,-13.093258,-12.209391,-11.882274,0.5754218,0.25152383,4.91649207,-8.6549075,-10.083134,-3.5106801,2.40661354,-8.4279849,,,17.33333,64.7284897,62.4146072,131.276871,28.1586948,66.4852971,71.3026974,90.9719103,92.2707191,118.733908,115.801782,101.21968,69.7067303,90.5968572,120.420045,73.8687874,87.4393425,47.3311434,154.33978,120.067348,170.747855,150.108637,190.366459,53.5458456,134.329019,108.204899,161.742094,134.993034,82.9991895,156.9104,165.635889,165.988665,214.701014,125.838099,82.1515106,195.299683,165.18898,152.715919,119.903678,41.6469631,139.864829,66.3037399,151.89338,124.388531,198.961344,89.6209299,159.493505,17.9164967,39.7089284,22.0345646,35.6395697,64.9755618,,23.3955993,14.5915655,11.9038252,23.4375212,24.2894585,8.88248679,2.24018629,5.62845188,13.426392,13.9671467,23.4703766,10.8940755,16.3843216,9.7384642,36.8112157,46.1483434,11.6005051,12.3794602,5.31680673,9.67739882,18.4581645,3.26382922,-7.803559,20.4345868,-9.5522633,-11.397483,-10.955531,3.64939496,10.3398459,3.4136435,-2.8424446,13.6444834,4.50160737,9.17820067,18.4364186,9.35273512,7.04772207,8.00408688,0.60071792,4.05294332,7.43330835,5.34816106,2.6628624,-1.1215134,-1.8482542,4.98144914,17.3387507,-0.3662022,8.34841638,24.1316903,-1.4458416,,,17.33333,163.916734,126.202296,67.2373739,148.729202,76.7426657,80.5806771,59.3678534,145.58029,144.152216,174.62974,138.049133,223.048559,129.595165,467.698713,143.727018,167.305057,204.288743,76.8779619,81.0375198,143.724596,42.9109426,15.8301576,32.2748888,-2.5654854,-10.465667,48.5050105,40.9610399,40.0251235,,10.0123054,6.25589953,4.93797713,10.7751554,4.06919052,1.49411278,-1.9321853,-0.4492237,-3.413671,4.2868136,9.09948783,45.2699343,-6.136463,-14.133597,7.93038558,17.6384502,15.6560125,10.8039894,12.0525962,3.73261109,-0.7101484,2.55242644,-0.1295543,-76.191853,-27.066408,3.97080035,-5.7744843,11.0115906
,17.66667,53.8539564,55.8667969,30.9060129,54.0821639,53.5325529,88.1632519,48.7375336,70.210239,128.888704,65.2151232,107.901178,53.2050089,66.1330691,96.6666398,50.0671504,83.9348497,101.408566,40.4829202,105.837291,71.1587546,99.2724475,56.9117104,162.925858,103.865697,65.3966341,120.804201,118.93742,58.5078989,68.0091129,198.966458,69.5766892,117.572766,90.6940838,97.5300148,38.2220628,55.2490247,34.3059242,75.1044695,61.1415742,20.6591126,86.0915414,77.478393,103.783499,28.0934123,69.9086559,54.8666659,70.2151196,67.3856425,,12.1208026,-0.8599422,1.50278791,10.4215116,2.5680491,-6.5193535,5.26586757,17.6618787,16.3884783,15.7340135,28.4212332,9.01062252,14.5906972,4.23259241,-9.4417748,-3.8640128,8.16993392,-7.8697213,17.5367684,3.5500571,18.0258021,-0.5397951,-3.2106675,11.0448447,4.69728928,2.80542062,8.60980159,13.5043631,13.189557,25.8592243,7.17725914,6.5697471,0.17474956,8.61950051,5.65533703,1.05811635,0.57669121,16.1390045,9.69206645,5.28824613,13.5273494,33.6472329,21.2350668,18.1127938,16.5398178,4.69493294,14.5838319,-2.575398,,,17.66667,74.9552862,68.2181829,95.4373588,14.8794584,123.91322,88.8213468,102.153669,94.1649523,110.47994,144.150203,142.642965,57.2618306,57.7410957,72.4112237,122.727651,146.911398,110.350726,127.441007,161.10087,86.3622958,66.5362122,91.8818607,66.847764,120.937546,78.7606796,77.9776499,79.3833664,138.002344,30.8473146,-0.2903167,60.1872329,90.2066035,60.7488141,67.8000877,128.989505,79.574418,78.3405276,91.7996895,60.5879491,110.183076,,2.03956798,-1.8174085,7.54477215,-5.8320921,-0.4545158,-2.3342921,11.4520126,0.38136161,6.38191041,16.2157794,23.9905524,-4.2443988,2.07110366,6.74384962,3.20516212,-1.2494216,-16.436582,0.34079621,3.72618384,5.91478262,-6.6669709,-6.0683873,-13.282708,6.0546542,10.1869201,-9.1249355,15.5064838,5.36550561,0.2587216,-13.455882,-9.3270208,-15.67367,2.93755823,3.96913722,4.56564737,-12.682204,-10.205811,-7.8724947,0.82418633,-7.9354832,,,17.66667,61.9642251,61.1052678,133.057254,27.9301401,67.6405791,69.729055,95.5647205,93.8965696,120.316973,116.635675,100.078048,71.2560143,93.8082906,124.21673,75.3860421,85.561738,47.0509035,156.781323,123.657965,172.818758,153.284882,196.444086,71.2719651,132.956408,109.390283,161.250386,130.385782,77.8530391,157.031353,168.259185,165.421236,221.331882,121.030693,83.9316064,191.436144,160.653357,149.700179,119.331426,39.3808186,140.678778,68.038153,155.417055,122.908516,198.242422,88.7270113,160.556313,19.7584582,46.0838795,8.25866994,32.8094921,93.7443487,,23.2971128,14.6023897,14.9022102,23.4115764,28.5721951,17.7293722,10.3709451,15.7622887,16.6614203,15.3453113,17.641686,14.7836116,11.2660222,18.6472628,36.2675764,40.6199788,11.79002,12.014308,7.2173148,11.1825095,18.6625496,7.03258426,11.7449836,15.012631,-3.1736681,-6.4659081,-13.274908,-2.7118559,11.1675278,3.14999666,-8.6729393,15.8937236,-1.0442296,9.86261291,10.4220645,8.35314202,3.08138153,6.24998678,-1.5482807,1.32468192,7.6927819,7.66036863,4.53484705,3.56696363,0.17102873,4.93934728,14.6324743,7.67780637,-7.3940172,23.7455465,23.1998561,,,17.66667,168.675239,127.869559,68.6425263,150.970602,77.2967181,81.00511,58.4663857,146.731815,144.014857,116.003649,140.507504,216.473321,133.726258,498.23564,148.994843,162.848947,196.791278,75.6752456,81.1796776,143.909547,47.5672834,25.7490956,43.4258491,100.134721,20.5698503,51.3404369,53.0633021,42.3347615,,16.8126402,3.3277717,4.5871808,7.79909301,1.70578084,3.89095501,-2.6849238,0.02373627,-7.2974791,-53.249676,14.8343034,35.636942,-3.0061671,-26.05547,14.3146857,12.3169476,13.8240635,12.4740128,11.022725,3.58459393,8.44606273,3.90786903,11.867307,32.2597708,2.38845284,0.15792622,-2.1672557,13.1892818
,18,53.5729408,56.036806,28.3422933,53.4167575,54.4878726,90.7839941,54.5134815,69.9900963,124.256985,68.6370616,117.837342,46.9213592,80.8706172,85.8277521,62.6486552,70.0153387,100.590563,46.5670257,101.291243,72.9354464,99.7875529,58.0893202,165.875883,105.164143,66.2127689,123.070841,123.508575,58.7111473,66.9901712,202.617875,71.1262227,118.298525,90.8009577,99.8897529,36.0425831,53.8968589,36.3495918,73.2423522,58.0516437,20.9579825,81.5264169,78.1293129,104.24312,29.1335198,74.1020579,55.9061439,73.0304815,70.630758,,6.26623623,2.88463306,1.60654301,22.7661418,12.0191061,10.548018,4.9168402,12.6599971,4.36891139,20.4660525,39.1958037,8.2905446,22.1517594,2.82272229,-0.3189116,-3.6055941,7.05016233,9.68177538,22.4977672,6.4404883,16.7741971,-0.1423429,0.17369043,10.8428648,9.75289539,2.67298497,13.598591,7.48630861,10.8048835,25.1117031,7.30640482,5.83312544,6.52707338,8.90006366,4.11643257,4.89459147,1.45439732,14.9076,20.4514934,5.86224278,8.04267831,32.0021806,21.053754,20.5906598,16.6757348,8.18241865,12.8433205,-11.667645,,,18,74.5586424,68.5290452,77.9732769,8.70742452,118.851308,88.1283453,100.700958,94.2066442,112.665627,148.388972,100.678026,56.5554295,58.1212531,74.0476041,123.222249,149.761203,112.506815,128.125949,160.506059,91.1469652,64.8667256,93.4832944,64.6204671,119.066015,80.399407,84.749281,73.6670324,131.563328,31.3123318,0.01865894,64.4959305,94.3659637,58.9661797,75.9493162,130.629584,82.4807275,80.9300842,93.2008839,63.0479468,113.209394,,0.81110084,-5.1181735,-7.7114904,-12.666443,-4.4878745,-3.1063204,8.07763228,-6.9268206,5.75299671,20.8242381,-16.586932,-0.245625,2.99838469,10.9424417,11.3984359,1.43619555,-10.484731,0.69355333,4.71366011,17.5930522,-8.6359658,-3.9489707,-7.6757002,8.47494824,17.7066889,5.8902394,9.73992655,2.66767698,-0.0456571,-14.494069,-8.5429155,-6.1756876,5.6224369,6.05219166,4.35921281,-17.255674,-12.977714,-2.9838225,3.59342225,-6.58486,,,18,62.8221986,63.5259941,130.484495,29.6154679,66.3424718,65.742983,92.6371977,93.0535587,118.705851,116.283718,91.4120847,69.589548,92.7827775,119.089851,74.8916856,80.4494549,48.9114641,159.415528,126.005991,174.430277,156.442156,195.392135,56.1841688,119.847354,101.607512,161.388451,128.385395,83.883788,156.240154,167.368978,158.124685,225.341346,121.083195,82.6478564,195.472768,165.693136,153.733969,119.201478,33.6950765,135.599802,70.5369547,156.044259,122.972425,199.277915,90.191094,159.085839,18.3864045,43.0913113,8.90292294,28.0732661,101.517404,,24.0212801,18.5925882,12.6856158,25.7516813,25.3084019,10.3245239,-6.2514818,10.6017344,14.2169181,10.0083312,14.4104125,13.0197656,12.1011114,14.2880061,35.918814,40.7408284,15.3065506,23.5761038,17.2764927,15.4079376,23.954626,2.75611944,0.06632922,7.82611576,-8.0101215,-10.557508,-15.944181,0.12936322,13.9281765,4.51196794,-5.7277607,21.357654,-2.2078428,11.0768044,18.4018977,12.6268426,21.3364686,8.93802427,-7.8429971,-3.4719866,11.9329346,5.21086154,-0.1719972,-2.4594885,-1.7963128,5.94094512,20.4804096,5.95604246,0.38647508,23.5282576,27.8051918,,,18,167.85057,127.659464,72.9078265,159.048652,82.5396767,84.8416839,59.5214395,147.166526,137.613645,150.14803,142.322139,217.799027,129.522418,504.684312,150.957594,165.315399,199.915162,77.6879813,83.9581875,142.263025,45.5744501,25.9091605,42.4592047,96.504027,27.6164669,46.4682324,55.4989778,41.7775837,,15.4439023,3.31398923,4.72139898,10.7741199,4.6768169,5.37965871,0.43159363,0.55092585,-9.8385162,-18.279609,11.298418,36.3815159,5.68326459,-8.8508035,12.452937,16.8474874,20.1323814,16.1224027,13.1145769,1.53480686,7.19489403,-1.2502626,3.67103573,34.7149686,20.268354,-2.76732,-4.8118437,11.8032605
,18.33333,54.8251035,57.8924915,31.239845,55.1395035,55.9641862,89.7687416,54.7784987,73.075045,113.658094,69.2655972,119.688962,46.7986053,79.0209927,79.1982439,51.0363254,76.5771461,97.679686,58.234486,95.9071682,74.7936992,100.414035,57.1286185,168.359351,100.893662,66.9325374,115.647418,120.305158,61.8888501,68.3031927,200.089519,69.8389839,119.363401,89.7504342,100.406046,38.1081946,52.5933537,33.3416252,71.7272672,52.6587653,17.8585564,75.4112052,81.9964076,102.635101,28.6114637,71.5561288,53.7158973,71.4461573,68.2511876,,15.2846612,4.60440542,6.89457945,11.4366734,-1.4677626,11.4071541,6.1019157,24.508059,-3.163515,24.6154501,42.504263,7.66099965,23.917871,7.75360441,1.17413556,7.23235046,13.7930388,15.4779972,21.5997944,7.90933048,17.0433612,30.7806051,0.955019,5.14152311,6.20898765,3.42081904,23.9532432,14.5739018,12.8914926,24.4637189,4.55078292,4.86899698,0.10168103,11.3066975,8.47072616,-0.4030038,-4.929396,3.8526053,9.79792572,4.5557847,4.51841931,36.2440333,19.0089329,19.9000112,19.0059506,7.89839453,14.5704845,-8.1345871,,,18.33333,64.4735734,71.8110487,89.8864196,4.72614379,118.520492,87.5096218,100.131489,88.6083767,114.338714,146.888701,113.498591,56.6244576,56.8440666,67.0753091,122.700516,151.998737,108.395767,129.7441,152.061645,84.9918483,61.579999,92.828016,69.3853545,122.31613,81.1707637,78.9832951,77.3357434,132.667019,32.9079329,1.5677266,63.107236,92.6118392,65.6598674,72.8218184,125.177334,82.170074,78.806627,90.1361827,61.7536292,108.167859,,-0.2391101,2.44181934,2.87079459,-10.576389,-2.3909072,-5.1689514,-7.162934,-10.085203,5.86040394,15.7413479,6.826528,-5.6584546,1.29730455,5.08852825,-0.9679571,1.23152815,-14.635667,-0.4164133,-2.6142521,7.48050795,-11.596617,-8.8172298,-8.8040412,2.44909531,12.7432966,-0.5876267,10.6993563,-3.1954927,1.43352985,-13.716502,-11.405536,-13.973208,4.79391959,-7.2235001,3.46983053,-15.428662,-14.962866,-6.1091804,3.36597162,-8.0290833,,,18.33333,66.2433026,64.0160523,123.385707,28.0371875,64.7166243,65.4516473,93.0694031,90.0480274,120.11154,117.168941,92.1504934,68.1391728,94.9033359,117.088629,72.8846544,82.5693935,47.4771033,162.324979,130.921209,176.899504,156.220731,194.561338,58.4404387,125.237219,106.041091,163.78877,127.496166,83.0214198,160.714014,169.308486,165.937423,225.55983,130.333261,82.4166287,192.146357,167.642922,160.591418,118.429415,29.0175381,133.557246,69.4133522,154.123973,115.564757,203.440688,81.5872332,156.81779,18.2786776,38.8243803,4.44965445,30.3001134,53.9360008,,25.7046386,16.348101,13.9675293,24.8753446,27.5648319,11.9103313,0.68412807,10.3168287,14.4969016,14.2571843,14.4691437,11.4776141,7.53848064,21.3176097,32.2453983,33.7408368,14.5376781,17.3397936,14.1032114,14.1021661,21.2177759,4.1129872,10.6283673,8.86614009,-9.4361245,-15.541159,-12.455833,0.11679959,12.5494519,4.99396561,-5.869162,21.2611433,-3.2878893,10.4136289,16.4675129,10.2080596,13.2429591,5.60881186,-14.718223,-4.9346912,0.99110452,4.61668123,-3.1536513,5.42792931,-13.440721,-2.0459198,18.643259,-0.6990446,-5.9908751,22.1123207,-18.00529,,,18.33333,171.141474,125.896116,70.9571565,161.751516,86.754202,89.2723029,58.6697402,146.052814,137.382304,102.252858,143.160083,213.30873,122.277843,504.638617,151.253662,166.85659,200.103505,78.1737306,86.2470813,141.815486,40.9864523,17.4871594,40.0255681,25.0250434,7.2863929,41.2012626,42.018553,42.3563391,,14.9150298,8.82479813,2.18009036,9.51859487,3.77303433,6.79013085,1.16333173,-0.5140049,-10.616567,-69.742482,10.0907528,41.3881825,2.22167917,-30.350814,14.2819742,15.9172451,15.7684285,13.1839918,12.2308911,0.74448409,7.58130402,-7.2788373,1.75965662,-37.38642,-9.381383,-2.2834016,-13.1969,15.5465043
,18.66667,56.2610693,57.6829215,32.7362941,54.5883451,57.0173214,89.2378252,51.9923457,69.4784657,108.794244,65.4942715,115.496634,46.3699071,84.5186956,78.2578152,55.240499,84.3008078,98.4691233,46.212047,100.909748,75.8426548,101.502982,53.01308,169.577054,103.279982,67.8238914,107.198532,121.517677,61.3893649,68.9174939,205.024622,71.373589,118.368837,88.4655431,97.1630013,33.5992054,51.3750654,34.0706358,75.9919287,50.3659907,18.846224,74.8443515,82.583149,103.637898,31.8681488,72.8655541,54.6679873,75.2655229,78.3884166,,19.6987593,1.78984131,1.85783898,9.34915141,0.05415159,9.71061659,0.20994443,14.4985879,-2.6816044,16.2497125,44.5681248,8.6086803,31.3149885,4.27433856,6.99177193,-3.4874952,5.66458915,18.7158671,19.3457761,12.2672668,15.2552497,36.7329622,0.9687781,17.7898801,10.5736771,4.39320838,15.7064319,11.4589911,9.22054948,20.3641781,5.31704619,4.3740942,4.05386168,11.1671125,5.10174966,1.17679873,-3.6107933,6.36402545,8.90666144,6.14189631,5.51896801,37.9557256,18.2668646,21.0800964,17.8637281,6.32109567,14.678602,15.2475838,,,18.66667,66.2176442,66.9839189,84.4581022,2.82355182,127.263058,91.8076407,100.604567,90.6073366,116.372483,150.596099,120.650297,58.7519567,55.3127465,67.5051487,130.246931,153.825025,102.184676,128.980987,146.400122,76.4681541,62.1952403,91.5774848,67.6039169,121.927197,78.8572844,78.054035,71.1335326,140.066401,33.9906101,2.47041659,62.5931804,93.3147906,66.434195,77.6835498,127.336158,81.7908609,83.9903023,87.7524583,62.657358,109.970482,,-2.2918021,-1.2173666,0.66905561,-8.6440553,-2.1359567,-4.4127243,-7.9544661,-0.0830812,6.67558133,15.1735098,14.2132976,-0.2358513,0.23107885,5.34217355,1.97089152,2.29019936,-21.723908,1.53649835,-3.6817021,4.37029215,-11.348849,-9.2156295,-15.191967,2.53290292,9.86484398,-12.617021,12.2840453,8.65973541,1.43608002,-13.14536,-9.7429163,-8.0307989,7.02643518,4.40018572,1.50450967,-12.466728,-11.836241,-7.0936606,3.25632208,-8.7171706,,,18.66667,64.9774948,62.4622576,126.651954,28.2646845,63.8663299,65.9033929,88.8170867,88.882494,117.742193,119.493927,90.05546,67.9224386,91.844415,119.877488,73.8899226,81.575824,45.0209663,159.203385,128.75343,173.77351,155.84719,196.488759,68.3059889,114.292864,106.546516,166.13268,129.345541,78.1720617,157.875963,169.384962,157.97125,226.957056,126.871083,80.8726917,197.199076,165.767646,157.11755,122.586335,28.6171985,134.025956,74.8721133,153.157133,113.000142,203.819673,87.2818442,156.383633,20.0282983,43.0256159,9.46233288,27.4878912,32.2206212,,22.8463476,16.8445458,22.7863409,23.4222092,19.7803407,10.4052494,0.53724882,6.74260787,16.912374,12.6781771,11.7939124,11.4164525,12.8280079,23.5302085,34.0460677,26.5809603,13.8686988,20.9244988,13.6935492,13.6247993,16.866181,6.23875132,8.55972139,2.89588303,-6.0698718,-8.3847393,-15.498207,-2.0800173,13.4319912,1.82721255,-9.4654036,18.0523733,-3.1007005,8.16176565,15.0080968,7.73980586,8.54906488,10.9904509,-8.6150681,-3.6491085,11.0706131,6.26799049,-0.8888121,2.50478329,-4.63139,11.429466,16.5573302,-0.6691981,-1.7271319,19.5767882,-41.703572,,,18.66667,170.871588,126.954671,70.8259953,169.147374,93.2849455,90.3026429,57.6236143,147.897449,140.303598,192.026022,152.512717,213.053314,124.878857,481.676708,155.142526,171.072632,199.458903,81.4924115,87.8002024,142.015426,48.7465256,26.8103348,41.9364433,75.5759642,31.3321345,47.1117578,45.2524727,40.922565,,13.0769111,3.36997338,-0.036638,14.026068,7.87902371,4.62601648,-0.3989402,-0.8318786,-8.8708986,14.8757528,18.4950653,35.532321,1.50659378,-32.728701,16.999041,15.0513571,18.9209803,12.6112104,12.2163399,0.57342837,8.10971098,10.2294119,7.14386107,17.2892201,18.8989323,5.4967238,6.70125682,15.6216483
,19,52.9138927,57.1498385,31.2995257,55.3326569,56.0614187,84.1170524,51.2820472,70.2938761,105.346504,45.0917537,100.822122,46.227019,80.3602513,80.5400207,60.1318052,103.516754,103.890603,53.1200502,96.5840898,74.6826208,104.444327,49.5985376,172.319664,104.188343,67.9610554,105.683575,127.008629,65.0638871,65.3164607,205.601065,66.6023676,114.41966,82.4952047,98.8417209,35.585253,52.7655984,37.7592963,73.4278384,57.3620486,21.9254734,75.1625267,81.8413396,102.569712,30.941169,74.860674,55.4003656,75.7184641,73.7522851,,15.6925383,0.57381119,1.45910867,6.34241889,-1.2945831,4.51104333,4.83671533,19.8091606,7.24266842,2.12646605,23.1367063,1.37167053,18.5098278,0.79304672,7.00349207,4.00015021,6.39426039,14.1666028,18.3472221,7.93923716,16.5249765,22.7616614,1.88572008,10.4809754,8.16228505,2.81743639,29.1825765,14.7950669,12.806801,15.3232758,2.37816929,3.99817069,3.78489432,10.5377279,-0.0785965,3.30910756,-0.9322304,10.489733,7.99828503,5.37795112,5.14100572,38.853212,21.9626186,19.901557,18.5473849,5.26019991,19.15586,2.11388397,,,19,60.8110428,66.7022309,80.5848624,-3.3990548,138.210003,89.0960676,102.07436,86.7709031,117.563716,149.027535,100.287964,57.2750769,56.1602037,60.4780527,126.676474,152.795662,109.559806,130.16087,145.384714,70.9334517,63.0931269,93.0817108,69.8865015,118.930375,84.2379723,76.7109468,73.365436,116.881906,33.463116,3.65863192,60.8350088,93.5912096,65.6684328,84.7851264,128.112624,84.4412356,78.0338139,85.6841719,63.1687079,111.576104,,2.72197902,-3.1930845,10.6710709,-11.504379,-0.4800424,-1.0660927,6.91455311,7.02247172,5.60313991,13.4818362,-8.5660668,-3.3033984,-0.0600728,0.13877093,2.51749879,3.84637169,-12.567975,2.11697953,-3.1300999,13.1232038,-11.83936,-6.4873153,-2.664743,9.00620132,16.0729161,0.69440859,29.1619378,-1.1105545,-0.5527295,-11.622216,-6.5025613,-4.1470564,7.50659588,-2.8327924,0.39477185,-10.201829,-13.338966,-6.681205,2.73789779,-4.9130897,,,19,62.6728412,59.4365792,123.228493,27.6500688,65.2126173,63.7809857,88.6573298,93.0984651,118.276667,119.092876,87.3069384,73.3516104,94.3545694,121.622551,73.9273589,79.8994005,44.4666923,158.543742,127.888696,169.235418,156.375773,197.114097,67.6638557,110.835598,110.850789,165.709794,131.428465,83.2379999,163.525162,172.020168,162.912112,223.247218,124.349456,77.615117,193.97471,164.121151,157.656792,124.475372,33.4222379,131.82519,76.2319255,153.750778,117.402651,196.790593,88.6096446,153.210838,23.8177994,38.5870202,14.793625,31.8684986,79.3152385,,19.0518529,15.6030893,16.6939494,21.6277721,26.6362137,12.8007799,0.6770802,11.3558754,12.3075207,11.4082503,9.94608434,15.3516239,15.8084711,21.166969,32.8836355,22.2632014,13.1031455,24.5915012,12.3315987,10.9838025,20.0335619,6.91605454,15.4867412,5.63399454,-5.181303,-7.6183898,-9.8072689,-1.234946,12.6339396,2.63785645,-5.8229068,20.4890091,-6.0582605,7.13284494,15.7289675,5.31340286,14.2204355,5.53875722,-9.750529,-4.5481365,12.2267305,5.53557528,-5.6159341,-2.7472706,-4.7790385,-11.313084,26.8363529,-0.1338228,-1.9976374,26.2042063,8.3514925,,,19,172.725058,128.635138,66.3909636,166.142492,93.0520061,86.1110043,57.4758141,148.085994,142.240078,156.69752,146.287137,217.943286,130.342119,512.686007,154.318018,172.058469,200.156626,81.7200656,91.7283663,142.986622,44.855723,28.0466574,32.2367748,64.2127512,7.1463277,44.8146526,46.9868852,35.2747263,,13.1112599,5.91414819,0.48065201,8.92727507,7.95119694,4.54967805,-1.8134793,0.45331311,-4.1265876,-9.3231094,15.6080053,39.4926204,-0.1637024,-35.298625,14.282641,11.6193473,17.7668398,14.1453704,14.2129198,3.03717087,8.69824846,10.3185791,-2.1937894,6.66131543,-3.520669,6.21051396,2.96222231,12.7928281
,19.33333,52.9053473,56.9024273,32.8674837,56.3108162,57.0755848,88.1813477,54.7282043,70.8711481,98.1826985,57.5927013,91.4266042,49.9575989,78.0828986,88.6317885,50.5974075,96.0694452,101.466212,50.8333081,88.8689376,75.0357633,109.47593,45.5666616,175.947885,103.714321,66.5932625,105.081534,125.613135,63.2142314,62.1483103,203.047919,65.1784133,115.517946,83.5296503,99.0406242,37.6843661,53.8747132,38.6615468,71.9832903,54.7408035,21.6894512,77.629284,81.9465021,102.683284,30.5041252,74.6345474,54.7485357,71.7358639,70.3798752,,14.598513,0.04481803,7.85626507,9.75131354,0.89673121,1.87786102,5.93270231,20.4461648,8.87938418,3.73131788,26.7156746,4.58956903,22.0418754,3.59945044,-2.9168849,-2.870818,16.8823601,6.8976251,17.8723704,10.3732295,18.9196159,16.9900856,2.16201754,1.0391614,3.74262182,6.45219716,16.8139102,18.9105478,11.9236082,21.3117829,3.36917835,4.9867995,3.77734575,11.9110756,0.94388831,3.55359533,-1.0700439,15.2572892,11.9092785,6.35159579,5.21629617,38.5053589,20.2634321,13.6275962,18.2966379,4.15686054,12.9744494,3.6732625,,,19.33333,59.4516892,74.5878383,79.0852575,-3.5887701,133.857576,95.1121818,106.845659,93.3542843,123.660854,148.19502,114.22474,56.8466563,53.85025,63.5092429,128.411204,154.465728,109.483791,129.193986,170.716996,76.6677334,64.3257683,94.2460361,69.518159,112.692098,83.1299065,85.1357105,74.3565008,144.261253,34.7461809,3.41804734,65.3511519,87.6229718,65.5207164,80.7760052,125.730218,84.57241,77.9876703,89.6730992,64.3097443,109.695206,,3.81482504,7.35454239,-1.0750905,-8.471679,2.90143135,-2.7513888,-1.7392339,6.45369517,7.086296,17.2041678,0.95657086,-0.4431982,6.31103511,6.87051356,8.91490928,2.63784987,-8.3935164,2.32749005,17.7527556,8.35442453,-14.220587,-5.5123356,-7.8468729,5.25486538,13.3360509,-2.1147876,6.73829643,16.2922122,-0.9823264,-12.323353,-7.1716371,6.22034202,5.42724186,-5.6626894,0.13740181,-14.565241,-9.4296659,-5.69139,2.49733581,-4.7286049,,,19.33333,64.6865449,62.531178,123.238079,25.3499035,61.5987906,59.5643548,82.3509137,91.8470658,112.891553,120.337165,85.5792578,69.5452748,92.2862821,121.540651,73.9675593,76.162679,45.8935418,157.678432,129.826584,173.413132,157.11405,193.867542,65.2037196,122.781147,110.133256,163.898867,127.69785,80.4815932,160.68964,174.317354,161.107159,226.202723,127.135656,79.4952945,199.578456,166.689087,153.860792,124.902421,35.0170847,127.637259,71.5532903,155.843947,116.881294,199.209317,89.4426011,149.305267,19.172294,34.7338736,10.8112784,30.9284681,94.9559574,,23.5390837,19.789543,16.8681381,21.932472,19.974538,4.65056336,-1.0030154,13.1205076,7.30846505,8.53664414,13.1975222,13.8123745,11.9713169,28.564926,33.9154833,25.9921611,13.1901042,14.4921344,13.9209049,13.6514385,19.5214776,7.9607631,12.0393502,22.2848717,-7.3415869,-11.257497,-9.3832565,-2.1576932,10.0565636,1.92602849,-5.3984161,15.3185379,-3.7158021,7.67278046,14.9643004,1.59030405,2.87903253,8.8477501,-9.8310676,-8.8760607,7.31823429,6.87786277,-0.4125033,3.99127836,-7.3117687,-11.030076,14.837614,-4.4301221,-1.2487234,26.7666525,22.0945769,,,19.33333,171.135177,127.327617,69.802653,168.944846,96.4065646,84.5315603,56.2203421,154.751257,139.691031,164.407777,146.683231,232.03911,118.896113,491.549151,154.838706,172.273409,202.658758,82.1601535,94.5366158,146.142072,48.2291428,27.9741788,37.036418,-22.408398,10.6017572,40.182796,36.8705364,37.2998596,,13.5441324,2.65779834,1.41699667,10.3335313,9.09747343,8.25905307,2.70913048,1.27015926,-9.2771717,-16.025096,12.9228464,51.2298649,-4.0316726,-10.565521,13.3721027,13.9789669,13.8883957,12.5937993,15.6523868,5.00748444,2.56523107,11.9748895,11.7280122,-89.483272,1.94510305,-0.820516,-16.233392,11.7212698
,19.66667,53.1750647,58.8416139,40.0800022,59.0789447,54.8796081,92.7754537,56.1295137,68.3169454,96.0560692,65.5501784,96.2286312,59.9234883,75.6851888,89.2815223,53.9197368,105.16235,106.891456,52.675101,95.1988774,70.320795,106.152153,57.0525636,181.879184,109.358003,69.4550436,106.018544,118.853719,64.232355,59.9416207,207.863846,71.0447214,117.433612,85.3543489,97.1495428,38.4221073,54.8009997,37.6592975,73.8141711,53.5680839,20.5561199,78.3813755,81.2264224,104.721266,33.1713777,76.8431992,55.9295024,72.0726831,74.3288272,,13.1747945,1.55323147,6.16162042,12.9756488,-2.9606809,-1.5081122,4.60937369,9.46139817,5.41855588,20.030919,38.4324591,14.2677508,22.2800549,3.17984807,1.53289888,-0.3591709,7.35042404,-0.1870915,16.6161491,12.5690627,19.9467693,26.4497561,8.77913181,11.4273394,11.2618541,6.03294363,17.9012041,19.4430582,11.1771926,23.366888,4.6430468,6.25282795,4.48791268,10.5711442,3.42430575,0.95551605,0.49058664,12.6369153,18.8900996,5.26837605,7.52167156,39.607619,22.3859076,17.2391149,20.6572913,10.7050454,17.2189905,1.01155522,,,19.66667,60.1695159,69.5514992,77.2544102,-9.2192848,130.499478,94.8780783,107.497088,89.7073921,131.980036,154.686217,116.05528,59.7309114,55.2336423,64.3930284,123.456922,154.639925,108.939346,129.693732,156.150485,70.5176279,65.6786587,89.8059373,69.8640541,109.699264,82.8137546,77.6883081,78.958737,137.719503,34.8971389,2.67344136,63.105124,92.3976352,64.0486116,82.3706041,129.53883,87.5060411,78.7959362,86.2159528,62.4708162,113.563585,,2.37358652,8.19703498,6.70628561,-15.547168,-0.4833813,-0.4440113,-5.4569061,25.3866232,8.87481668,15.5036465,1.4578312,7.10587652,3.46953311,4.58443913,2.77905266,3.06592795,-14.632402,3.42039188,9.2291294,0.26745507,-8.6364444,-0.8588514,-5.0035152,2.20971068,11.2149686,-2.0785183,14.623678,19.3781933,-1.2625009,-14.195037,-10.665603,3.4158707,5.55574948,-3.3475912,2.81375857,-14.453027,-15.258916,-7.2045618,1.69728011,-6.2662266,,,19.66667,63.283022,62.391368,125.318602,29.7942529,63.1630621,63.9633333,81.7360901,93.5141098,118.437135,128.915161,90.0202203,70.2398507,89.9147358,124.107949,72.5932257,73.7589754,47.3766478,158.544064,128.48199,175.00729,156.682257,195.161868,56.3547626,126.839332,103.316841,156.955803,124.102827,81.5785697,158.037536,178.575614,156.042488,227.584575,126.839651,78.1919874,195.402288,164.035766,152.992643,125.035608,34.0931753,131.041521,74.243809,155.596369,116.500626,201.80769,94.496128,150.138571,24.328868,48.1352423,2.33483382,28.0895514,57.1982279,,22.6280479,19.7395098,17.2507164,21.3327321,26.5164131,8.41121264,-5.9526808,12.6131717,9.03033254,16.4229763,11.9475334,9.73600718,3.38398265,26.2631238,33.0325249,20.730629,12.9724444,14.4060572,9.42086094,11.7206906,17.0799415,4.27474539,0.21969434,20.0730959,-2.7195906,-17.295476,-17.399446,0.48716349,15.1194002,3.78259477,-9.0464583,19.448327,-0.63424,8.85256247,13.705592,5.40515893,-1.9262231,6.89808395,-3.7461888,-1.8943822,5.99112104,6.48812073,-7.7123876,0.53957444,-0.0276516,-7.200124,22.3901262,6.57911524,-4.6798788,22.9220344,-16.626353,,,19.66667,172.042305,126.633753,71.3124247,168.614941,99.3739842,93.2552483,58.4625963,153.832607,147.560789,188.630793,145.724737,243.921314,136.306483,548.554141,158.682571,171.187088,204.885549,84.3836667,98.0538631,144.634315,48.8217124,23.339024,29.7854385,88.5250468,27.8151475,40.3537447,43.3801584,34.1162415,,11.1021586,3.87487488,-2.7191455,8.7244301,5.5237777,6.39115141,2.26159961,0.94929698,-1.0851338,6.90235492,11.6730727,60.8904439,4.68417293,-12.429155,12.8059212,10.3273782,19.1623274,17.2213133,17.1933281,2.54153929,8.63823695,0.40353394,-2.4091523,22.4925528,19.6703716,1.66920462,-5.9333757,7.57088502
,20,51.1664611,55.6341914,40.5968594,60.2331121,57.3195588,89.6659351,53.9578958,70.9483131,94.3818666,72.9357434,73.1728678,60.3175003,77.3798629,91.1580187,47.2403211,94.4193972,104.096567,59.7266826,91.7311539,71.7060247,108.312244,61.9514804,183.613842,112.179851,68.356951,101.40106,122.312364,62.7578272,63.1258176,200.54901,71.9929467,116.957997,87.4058275,98.692725,35.0288324,51.5753946,34.5877648,71.5666346,53.0602346,22.7392185,79.0841629,81.634553,103.95709,31.4736126,77.6755189,56.1264218,73.6266187,70.1562429,,14.327644,1.14804673,9.35812911,14.629593,-0.9770411,9.49144032,4.3415596,18.0659918,13.3233226,15.282338,21.6022648,11.8901053,19.0599163,1.20244255,-10.557775,-2.3616244,2.51289079,4.91097468,19.6447041,14.2930921,17.5381379,51.0793549,-0.8573931,10.538049,10.7792217,1.9800388,28.16519,14.326592,9.89663966,17.5828589,7.06482165,7.06351967,1.39167598,10.5965668,6.91415223,4.93270926,-0.6569453,13.9850062,17.6616272,6.76123988,8.63896826,39.3768881,21.7688974,14.5050447,20.0012665,10.6690898,22.5646504,-2.0972125,,,20,63.0648475,68.9954611,70.9295006,-16.804825,130.885735,90.5674404,106.988055,90.4701707,131.212835,151.983666,126.702732,57.8352456,56.0447812,68.4070209,120.471324,156.027038,109.706171,131.958902,154.887282,71.9369749,67.2091588,88.8086965,74.1045342,111.1188,83.7369749,75.2272236,71.286763,126.140818,34.4472717,2.88597859,71.0841796,91.3494312,65.4643054,82.3454815,130.652958,90.8783541,76.5639685,90.0600207,62.6813643,112.258853,,2.07536911,1.25527829,-1.9586436,-19.994896,-0.455158,-5.4981315,-9.0097975,12.4468765,10.9953739,16.9402368,6.54816356,0.91662839,3.55936389,7.20761104,0.42895157,0.61674513,-13.792479,3.2748869,3.70956944,4.23976576,-9.1515061,-5.303121,0.7549216,10.4009795,19.0209658,1.91243901,11.1753728,21.8287356,-0.6146782,-14.495701,-9.1432125,-4.4360699,4.37352684,-2.4632305,2.73792469,-9.7025421,-15.090327,-7.2035214,2.60634763,-5.5099072,,,20,63.1941679,60.3609863,123.509716,28.3149478,64.1412296,63.1649244,89.9654169,91.2017948,121.263907,128.17891,93.0237905,71.6759159,92.8433083,123.467461,70.6409862,74.3180682,47.9493304,157.908923,125.231122,173.406136,156.638331,197.966927,76.0123114,127.362447,106.698161,159.722251,122.85401,80.2643966,163.14332,176.514778,159.696686,229.356132,127.963522,79.344568,194.402456,161.771942,150.980305,124.172135,39.1824866,133.178406,74.1437556,156.110984,118.552964,211.429839,96.9525299,150.098365,20.0815735,38.5400682,6.19768727,29.2484316,87.2004599,,23.4592934,18.4430699,13.8273948,20.598446,25.2493317,10.1143702,7.05082046,14.1140992,11.622945,15.8894986,25.6892767,17.7493655,7.61244511,37.992281,32.650938,28.4530702,14.6202052,12.6769481,9.50706339,12.7818241,17.9893724,6.89083295,17.1995598,12.4713156,-6.184,-13.929759,-12.232472,-7.4164587,11.6504647,6.52907042,-11.242384,24.3305458,0.94611025,11.4670464,9.22186802,2.39072624,5.4168488,12.0120676,-2.8764928,-0.2156001,16.3726131,7.43914319,-5.3917912,-0.7437048,2.56672936,-1.6507956,19.8157355,-5.0264554,11.2290672,26.7655006,10.3084763,,,20,176.262737,127.919949,71.9332474,169.580022,97.7068342,95.7449723,58.6602687,152.08256,141.220146,178.818024,139.522553,234.677359,118.916208,536.408315,152.790849,173.997832,208.686764,87.4373395,98.783756,144.304475,49.962815,18.6154647,49.558207,64.1711706,33.9058064,36.7085134,48.198979,33.6946454,,13.8479448,5.34761676,1.94972337,5.85881298,3.00975685,5.01899772,0.57010661,-0.5074034,-6.4335335,-5.873006,8.67848503,49.5427241,-2.6957976,-12.735265,6.72024371,8.58522153,14.7256057,16.1465203,16.6787,3.56931639,8.67703235,1.91179692,20.7730184,-2.0393191,26.9983793,-2.9649279,-4.0713599,8.19909907
,20.33333,54.1510963,53.5255468,36.3194861,59.0039771,45.7836012,81.1480079,67.1855218,61.7714574,64.0836772,90.5528418,88.011952,75.022272,71.5020977,81.775762,37.9727112,76.8773701,94.6245154,52.1017888,101.335995,63.8629796,96.6247194,53.3917134,176.9374,108.030925,63.7390725,99.2445443,100.869372,58.2651349,57.7363099,181.307245,58.7823613,112.375709,79.3797829,84.814867,35.0895129,48.3210682,31.1245782,67.8663354,44.317089,20.1240673,69.1428893,77.8599204,99.3857462,29.2542586,67.766788,54.7437314,67.5866051,63.5482948,,23.4644607,3.52907383,13.1926847,19.3440766,-4.1565681,6.12603681,10.2889388,12.5245544,4.15692291,20.8684891,43.5300149,26.9672398,15.4131348,-3.0185444,-5.5679302,8.82307944,3.15242473,0.78089653,14.3149271,9.14612309,15.4583288,45.1833425,-10.300259,0.61949858,11.9300374,-0.4849299,8.22953669,11.6525453,9.52119254,18.4029004,2.88245403,2.98504121,-0.8518275,11.3727907,8.79984735,4.9722104,-5.3728746,13.9727357,17.1016173,6.1077013,6.87042035,40.7796946,20.5384272,11.5928585,17.0308992,10.3223013,18.2230087,3.79423489,,,20.33333,74.0278518,57.4560762,74.7051003,-41.117111,103.821688,104.134649,100.496263,83.8544799,111.991195,143.15834,122.089674,71.2123273,55.5029302,77.7515468,112.777921,142.419827,115.259212,138.05877,139.805693,57.8524635,64.160515,83.536072,68.8224509,107.013409,76.8443607,71.3256454,69.2630392,112.897746,32.7444481,1.15090907,69.5116425,86.0450135,68.651642,70.6571008,121.013429,88.1845514,69.8874223,85.0747199,59.0529468,104.552764,,13.3347012,12.3636548,5.78144832,-22.482092,-1.8787785,-7.578704,-12.168467,-1.8658908,3.42732303,9.89788472,8.19100605,11.4527232,-0.0658316,2.82775409,0.62789389,2.09690193,-10.102424,-0.749917,-3.4223823,-5.4340037,-10.715843,-4.384507,1.15831294,2.68183459,14.5765947,-21.13516,5.80083971,1.66323965,-3.5126032,-18.891425,-18.459457,-14.547348,5.19397113,-9.8323428,0.83562856,-13.932147,-17.903986,-11.206181,1.28716095,-7.6666605,,,20.33333,55.9067779,72.5875529,115.745157,20.265507,64.2729598,61.1159928,83.9214986,86.8379608,118.334418,122.496446,86.8030348,70.0711973,86.6024351,112.803092,73.6026007,81.9882427,44.7787676,147.650019,121.965633,166.457901,141.938583,198.843048,57.0222849,120.938137,106.827279,156.513485,121.814875,72.4250959,159.059914,154.036697,167.543659,207.992601,119.725892,68.8334409,187.918407,155.998288,141.917716,107.537655,37.2051926,118.710866,64.7297455,137.753377,105.424284,177.760578,81.7642829,132.381855,21.3918614,37.8368337,8.87898051,22.0132885,38.805476,,25.2176351,19.0154376,6.02954033,20.517933,34.701604,9.39548238,0.66332362,12.7324975,19.0147303,17.1266034,16.1281897,11.1565685,4.34861252,31.3460794,35.9400648,33.4564459,9.65174999,18.5586718,8.7484627,13.227022,16.1126834,5.42895944,2.96707996,12.1369528,-15.912163,-12.154116,-11.177987,-3.9795052,11.4053383,-3.8653398,-10.105776,8.70022763,-7.5053584,4.97435008,12.0467034,2.73536424,14.3609052,2.18499455,-2.9630153,-6.6854386,26.2662109,6.71126786,-9.6984803,-3.1046811,-12.310594,-1.5255332,19.575215,3.08656767,-1.5753102,14.4761419,-29.682321,,,20.33333,176.05763,128.621473,70.6915975,171.972852,106.093856,89.3427541,49.3335362,143.522937,135.277923,144.258974,147.493097,214.674803,129.732832,559.977558,156.872975,176.395467,199.988278,82.7495213,87.9267652,130.095988,44.7355261,15.4036307,36.0009625,8.3770487,15.206607,40.394373,33.1900812,26.4237001,,10.4200149,8.65727088,-1.8659894,9.77788789,5.19264796,4.70596829,2.06084022,-2.5946415,-0.0407886,-25.724426,21.3166078,40.1077619,6.19725562,-14.150424,18.5537065,13.2113055,14.589184,13.7725247,9.90360083,0.54815703,3.21020595,-8.2197736,0.87959602,-41.694137,3.5728025,4.4710063,-10.655452,5.7576462
,20.66667,50.2708319,55.5881868,37.5640985,57.2214716,41.4570784,82.4040929,62.2774172,58.2924818,58.9375727,66.4758959,91.9934136,51.895914,71.4550658,80.1074607,35.467225,55.3676506,91.0458126,64.2933019,98.7758534,61.5511019,89.0843396,63.4698882,168.143353,107.132788,62.7022912,98.0621153,100.769795,55.8120485,55.009981,175.072409,60.0732508,108.66489,77.4407086,79.3005936,34.567183,46.3141375,29.4736717,66.1745168,37.3902679,17.3496432,66.0041419,76.8355016,98.8394255,27.1808967,66.8135855,52.5099566,67.7200813,65.5910925,,24.4077227,6.21827737,15.4079543,20.2009612,-3.0932942,3.90154184,7.72718184,15.4908421,-2.1492017,15.0594329,31.67518,10.3818795,17.7223834,-0.1788945,-6.2229041,-2.8175742,10.0463181,7.20335894,12.5103261,8.5605017,15.7478958,52.370664,-7.3894738,6.37792434,14.6526254,1.15228716,13.8490743,12.728368,8.92732783,24.0126285,5.07444761,4.22277684,4.32514423,10.5334323,6.05539167,-1.1269874,1.42929388,12.3512368,10.2991516,4.56120442,3.86126624,36.9745724,20.7192747,17.6148169,18.918292,9.4924035,20.8966401,-2.0943722,,,20.66667,71.7874038,56.0199496,87.5000648,-48.007479,96.9303822,99.0740362,98.5881433,85.0723413,104.128737,135.391935,117.201075,67.2260948,50.5634996,74.8567973,101.692219,131.521536,100.911354,130.22991,126.283678,46.6291784,59.9194326,80.2533184,69.1832483,104.792771,73.4291395,68.5575996,68.2726459,99.5579369,33.3877442,1.79844338,63.3555586,84.0103806,65.1245504,63.8737853,120.542705,77.9153783,59.9059883,77.3725186,58.8971687,98.7140654,,14.1775811,6.15700473,14.57561,-29.365007,-1.7651038,-11.851837,-6.3790586,1.78613854,3.28249973,10.2724072,3.05097917,5.54466204,-2.6271355,3.48568834,-4.0654231,1.92065458,-20.311277,-1.5946902,-14.98906,-6.5047411,-13.40011,-2.7532257,3.95654685,3.36574806,11.6703443,-10.622888,0.9284476,-3.3606337,-0.9000954,-19.05549,-17.66613,-8.9090084,1.74301893,-4.6438284,0.1780072,-8.3481412,-18.452721,-9.6716383,2.6241625,-9.6803071,,,20.66667,54.700033,64.5377714,111.45769,19.7277107,60.9626519,56.793142,76.8430875,84.9240987,114.650114,122.950906,94.0613721,67.1976991,84.5452103,112.93666,69.9163259,82.2843066,41.3821882,141.090936,116.959346,154.316044,133.181207,193.119426,49.5069051,106.938306,104.599079,153.482407,115.779039,70.2896054,145.431227,155.106338,151.70218,203.754566,124.34557,68.9604024,184.696238,151.04607,133.073597,99.207682,29.1939561,109.402564,62.9443335,125.453771,102.868335,177.01481,86.7911444,131.667861,15.0045101,31.5890444,-1.2971522,23.9149643,67.699422,,22.7989573,14.1693654,2.01143906,19.8033833,36.6250205,10.3977042,2.76907273,11.8165314,13.7870974,18.4492798,26.297599,4.67799909,4.98523894,24.4146417,33.5594581,34.7738536,7.99768866,12.2139204,8.66351088,9.63348624,14.6875034,4.05731148,3.84221301,11.314701,-8.3313594,-11.292762,-12.4366,-4.2074602,10.7059505,-1.3313765,-9.6368392,7.59073177,-4.5466506,7.40353419,15.973353,-0.5852664,2.23258008,4.56586706,-8.7743237,-11.258895,34.3777706,5.78285926,-3.1151739,0.7612431,0.95153615,8.88964568,14.7750994,-3.3391459,-8.0411617,19.8564452,8.62478813,,,20.66667,173.429965,116.086411,64.7403349,159.329017,97.2337234,87.0088671,46.6880515,130.268135,128.578,125.359594,135.999225,196.075583,111.482229,545.550937,144.772338,166.826762,190.175826,77.7852661,80.1525006,124.272787,35.607977,16.4509778,35.3441359,69.3764937,16.1951323,42.557744,36.79279,27.0441401,,13.0455734,9.79527149,-3.1215614,6.81408663,4.95680902,7.66965203,2.78639368,-2.4486643,-1.0431282,-44.612786,17.5398742,29.3587444,-0.1503713,-17.746488,15.3154899,7.06364932,8.72432776,11.1937633,9.99476617,-4.1628268,1.62992919,-1.7570379,10.4553682,13.0679571,9.21611443,5.24950823,-8.8475831,7.28324333
,21,47.9854756,55.9170848,38.798191,53.294971,38.8753405,81.6776137,61.4831265,56.3160164,67.8962128,66.5972115,89.5562831,45.8411034,71.986413,74.0025799,34.2962179,45.8253263,86.2823066,51.5507114,103.913133,58.3085755,90.6210613,62.9704619,168.030164,102.033067,60.6967208,94.3270979,93.6502753,56.6374382,51.3448656,166.702259,55.870097,105.784701,70.6533959,74.9773183,38.8855977,44.2743023,29.2780177,65.7273081,36.9115392,16.4419242,63.0851705,74.9035813,96.8708652,31.0551399,64.5264153,51.7500903,65.7248832,65.6637505,,20.8417525,7.56091923,12.5934267,16.575207,-0.2442809,14.9431158,5.1604883,17.2823427,-0.3409645,10.0183772,36.3620642,8.52249583,24.8745093,-3.1834124,2.3804492,-4.4320018,4.61767923,9.81664358,23.4078377,3.90415243,19.411647,37.1698098,-8.2058585,8.27336809,15.4762366,2.27754241,16.1299161,21.2801656,12.6157919,19.3135713,5.36342837,3.72109249,2.27456374,8.16956723,5.8368127,3.90257381,6.78386553,19.4263586,18.0137169,5.72949461,0.3170087,36.7728063,21.2430215,20.7174456,19.141487,11.6295625,17.824631,19.3739862,,,21,66.4224755,55.8165005,88.0574573,-49.994094,98.1802619,95.3296303,98.7155203,80.9178646,97.8067978,134.849251,105.300453,68.8538055,50.42576,74.965395,105.604008,124.621586,100.977257,130.970328,137.777405,53.0452656,52.2164339,78.6435798,61.3247378,100.761247,73.8494765,63.9727666,66.2929553,118.780326,32.669286,1.53737714,57.6725194,72.5693577,61.0698705,54.3652036,115.444825,73.1430592,56.343129,73.3934873,57.3865627,94.06941,,11.8151846,9.59776224,15.321344,-28.174578,-1.5568452,-8.1043492,-3.7746623,-6.0602133,-3.2507849,5.8670949,-1.0192769,3.12423385,-1.0459853,6.52174132,-2.4180234,2.34874476,-12.489819,-0.4944438,-6.3206592,-2.7597899,-16.409421,-1.9412332,3.20625887,5.91328185,15.007501,-13.564386,-2.6960982,4.85767997,1.2664976,-16.626597,-16.166845,-12.927339,2.18353797,-6.9338202,0.01874668,-19.799925,-22.418842,-9.9419793,3.10157697,-10.579424,,,21,53.7742316,61.8519668,112.76024,16.7760075,56.7154824,59.3338588,73.1019719,81.3763088,112.908811,115.700516,94.9753572,66.6051892,85.9513013,106.520968,69.1590103,79.7288773,41.0501628,135.778582,110.337003,145.813889,122.704201,187.492702,55.8966706,97.4940237,102.756719,149.022006,112.461049,71.0226876,140.687206,155.254635,146.246801,205.337292,126.683453,64.577645,179.275519,151.267434,125.400065,94.840519,26.4832241,100.113103,59.9933009,117.302163,99.8120189,163.403738,75.2936042,128.198264,21.3678932,45.0929893,5.87481929,19.7329796,45.452656,,23.7135004,16.4814381,7.87896433,19.795754,35.5072977,8.97800007,-10.884949,8.55438022,11.8124438,14.4137708,22.7415627,9.43620831,13.6849748,28.1749038,30.8466292,39.3325369,8.58340026,11.9037736,9.7794515,7.71051608,9.74444109,5.44155627,-0.3066718,2.51754432,-7.1267421,-8.4087855,1.75610507,-5.6247864,11.0969781,0.67509846,-8.3445369,12.3073117,2.55153846,5.76505242,16.65709,-1.8512778,-3.6282739,4.86753413,-6.0888031,-4.7665127,11.2442673,6.0871871,-4.7326714,-1.583252,-5.1197537,-3.1002704,26.2370379,14.6151627,4.19820705,21.2160447,-13.418798,,,21,163.794682,113.814968,60.0658683,146.821996,88.2809701,84.5460686,40.5549203,119.478962,121.451678,160.067707,131.700091,196.075279,93.4192901,531.635377,141.98081,161.796954,176.347319,74.9737617,70.5234009,118.183662,33.7415281,14.4828477,27.8497098,-23.467072,-1.3242335,42.8475426,38.2607845,27.5825953,,11.4201233,9.32092407,-5.1824308,9.3292179,2.57906016,5.27491963,-1.7502397,-4.4681279,-2.3137046,6.63129542,17.6741665,36.2049473,-1.5197575,-22.723958,18.3427897,8.65369676,13.0886964,10.2023886,8.27814452,-5.9813143,-2.3069909,-4.8023898,1.11170449,-72.460543,-9.4868224,4.46429813,-0.3639174,12.2322152
,21.33333,46.8949592,52.3350898,33.4043888,51.15174,36.1168171,80.7366281,62.0541088,54.1455201,56.3280432,66.723936,75.4622826,44.1335747,65.7876444,70.4837513,33.5652356,57.3716905,76.185383,57.555802,98.8329719,57.8439248,85.8036857,61.9404842,158.060211,97.1100308,56.9224904,92.7941153,94.6554838,44.1382063,47.0003717,155.032646,49.3262728,104.191447,69.1404246,70.1365706,34.1650266,43.3289244,28.6834827,66.443682,38.5159797,14.9276096,57.0894861,68.9443899,94.6800924,27.9891404,65.3948126,46.663,62.504927,62.9990092,,25.4093621,7.51859357,10.2543046,19.9850181,3.82952641,3.34381222,10.8343677,12.7094573,-5.7794678,7.05923374,31.1278891,9.48077957,27.6038668,0.84368819,-0.8562974,3.06226093,5.01628971,16.0457074,17.5730257,9.97833019,15.2383519,36.6150793,-3.8939586,6.35757811,11.8598003,4.71576001,17.7034078,10.4717174,8.37752053,18.4835363,5.41868593,3.38923237,2.93918376,7.59504379,3.2069008,2.04652368,1.42679724,18.7421694,17.2649232,4.59797735,0.78688531,33.7107273,20.0671474,17.5584964,20.3448597,4.49443881,22.7600293,6.64195699,,,21.33333,63.5593712,48.9334109,68.8850647,-53.284981,88.5066482,94.0385628,93.2672203,86.0182818,86.8228997,130.381034,109.463577,62.6957339,47.1015828,72.0896468,106.125404,112.398811,98.0268468,125.415694,141.990798,51.8951317,48.8821784,72.024299,59.7170214,97.6400887,68.3441084,58.1972483,60.1631334,85.0910242,31.747399,1.24499911,58.8851111,70.2994795,58.7779359,51.4498146,106.939933,69.2718185,52.8865132,72.271359,55.8371766,89.8994361,,14.1807836,6.15783938,7.15135404,-27.725625,3.04150175,-3.9706541,-7.0334491,3.14212138,-4.0861513,2.57284531,10.7344548,4.68648366,-4.1976736,4.73841843,0.71376993,1.50167059,-10.991439,-1.3014419,0.67594595,-8.8427141,-12.389436,-4.8708838,1.41125309,10.5147513,12.3169521,-5.1373248,4.31578587,-15.379252,1.97897323,-17.34346,-9.6481728,-9.8002622,1.83878094,-9.5899174,0.54019782,-12.92653,-20.480774,-9.7839953,0.93143046,-9.3466211,,,21.33333,51.7333135,58.2666225,102.182746,15.9435263,51.5377173,55.0547365,71.7331445,80.4662205,109.791224,110.375128,98.6133532,65.3648126,82.6408777,104.274691,67.228412,83.2487913,42.1259705,132.401168,105.377278,139.95891,123.034326,180.584797,61.4749209,100.482997,103.439842,142.20146,115.994279,70.1722365,136.498819,144.118616,139.806095,195.276779,120.452139,60.4629958,171.818227,143.281083,119.90845,89.2416878,27.4039379,92.9668124,66.6748913,109.959307,89.1989862,158.983674,83.3702353,123.376968,15.9636423,31.8717469,0.39913111,18.8725627,57.0887885,,20.6088442,15.6394855,3.68820285,20.4225519,35.7409397,4.49879359,-9.2775515,9.94713548,12.3260472,12.7503581,24.6684005,3.76426017,9.64255408,31.1147708,33.6282611,40.5883143,11.1385875,9.9332577,6.06754482,9.45232841,17.6611919,2.88628915,1.25183156,-4.5812002,-7.6228027,-12.93464,-3.8716523,-1.8946482,14.2343175,4.3189097,-3.7371437,5.02291182,-1.4028582,4.56707678,8.71994435,-4.1457052,-5.3213508,4.14124102,1.748299,-8.5942079,16.041271,-0.652208,-6.3071447,-6.1594737,1.75117583,-0.9086188,23.4963629,-6.181481,10.990644,14.613751,-5.3979117,,,21.33333,158.434934,109.921673,54.0844119,133.248296,81.9044918,79.2313666,38.4181379,108.515305,114.514036,134.430351,124.90758,201.716444,100.696197,530.297673,135.252356,152.819998,162.053877,69.476783,61.3727703,109.831479,31.4614667,11.3239135,23.7460047,28.5272752,-26.729977,42.5497734,37.2302549,28.0908934,,6.6437658,8.65639041,-3.3363893,7.83162394,4.68704239,3.79313771,1.21775784,-3.4835361,4.05266318,-13.931405,15.1199863,55.5157332,5.55581005,-23.526333,12.1576845,12.0743845,10.9390501,9.67670046,7.24091166,-7.1078012,-2.183685,-6.3881098,7.6474222,-18.420491,-39.638555,10.1236733,0.68263052,16.8553319
,21.66667,40.4933418,50.784136,29.3535354,46.1060268,35.1556106,81.3195612,59.5750179,48.5166495,59.6132798,58.455106,68.8437423,44.3770576,61.5269028,66.211782,34.6239697,58.634229,71.6750005,47.7191348,96.4388644,53.2064736,80.1481938,66.1803432,144.939984,90.2116305,52.6073492,92.580354,86.1195202,43.5196241,41.6753148,148.46955,51.7881083,99.7562654,65.1787727,66.5955875,36.8095506,44.6805169,30.005923,66.5951565,40.8477562,15.754901,55.7306959,67.7292104,91.8609287,29.4461885,61.1449396,44.9927301,58.6754329,62.8939747,,19.7071288,9.27907296,12.1280146,17.1201354,7.87840365,2.15347115,7.50919614,0.62923724,-7.0814571,-1.8934063,15.2678456,10.0125996,14.9076914,0.54196967,1.83901834,5.58284417,10.2013539,21.4024185,11.8457751,5.15063054,15.0858819,34.0635443,-5.8147967,6.29621333,10.3929068,5.41929107,9.70221452,12.7836284,9.0167418,15.7130806,6.71124732,2.82817301,4.13365265,6.28850578,4.50612949,0.38366683,1.75876116,3.93740964,5.30290638,3.85678103,2.39622252,36.1932335,19.750247,13.7596998,19.1572505,8.50410482,20.58781,12.3302618,,,21.66667,66.9675893,48.7185845,72.8207218,-55.188397,82.9770697,89.7065114,89.6100451,86.4460321,81.6569791,133.406735,99.5249519,59.958874,48.4434766,63.5568692,101.654299,105.238425,89.8231425,122.875116,121.705876,57.7473524,42.0156396,68.3414325,55.5242351,94.1708452,61.2621233,52.8734172,55.4589782,84.0152844,30.8786391,0.14441563,52.6018268,70.0447896,57.9628481,52.6622658,99.8400376,65.475274,51.1029618,69.8068147,53.5795921,86.0394489,,11.8464191,2.16812067,5.53263797,-30.248822,-2.2431644,-6.9389562,-15.462112,0.308193,-0.5451505,10.408617,11.1403861,5.43909791,-0.276119,2.54633681,-0.1159437,1.19866596,-18.342042,-0.7147716,-11.999992,-3.5691132,-17.896358,-5.4104432,3.30792561,7.19433048,11.7072024,-24.12273,-10.482865,-9.5014506,2.2642705,-17.811509,-14.375468,-13.153283,0.98252386,-8.3289621,-1.1797671,-12.962667,-16.20317,-9.0497079,0.25735471,-8.1167962,,,21.66667,49.7005712,58.1112536,97.7581935,15.2979154,46.487041,53.2377897,72.0071043,76.9930004,113.854952,106.325107,92.1860323,62.8673534,88.236343,102.412887,64.1371919,82.1818298,39.8071644,128.32913,101.154405,132.086249,118.441244,182.548953,63.29171,115.593265,95.2300507,135.939719,110.201106,70.2359981,126.737939,131.528935,135.350095,187.082656,118.269331,60.9560444,161.237776,142.738061,114.675043,87.1127213,27.3474699,86.489865,58.1218118,105.171592,87.2960114,147.118303,74.366079,116.551222,12.0684125,36.3606712,-3.8419591,20.436039,29.1603894,,21.4568398,14.0220604,7.71500315,21.910051,30.6872868,1.12600471,-10.477131,8.59582563,11.264115,10.1408855,26.2755112,21.1127023,19.2048127,33.7311736,31.6764308,36.9435673,9.35617644,11.529852,8.56693833,9.43319762,15.4900434,6.24179993,8.20380276,8.77079193,-8.0392941,-7.5250356,-1.8806716,-3.7611158,12.6649281,2.20969545,-4.9783776,15.5196684,0.38841228,8.62224441,11.3244256,-2.7008553,5.60717318,3.67773264,3.65469102,-12.323515,3.59816023,-1.0590699,-7.8878138,-7.6259932,-1.5243757,4.26439958,18.6258205,6.53314952,-0.7386607,18.2649759,-28.506366,,,21.66667,149.467491,101.460517,52.0693052,113.383959,75.8466963,72.3366216,36.9325434,102.201954,106.741285,106.484106,124.922742,185.063472,87.8048781,436.544777,128.23075,149.231688,167.277536,67.0993987,56.3814022,108.006562,26.8571761,5.98495497,24.9688438,64.7162873,17.9883238,36.2852865,30.3645136,21.7932385,,10.0819659,2.51135132,-5.1333067,2.87960305,1.76235855,-0.248568,-0.150497,-2.2207389,0.77277645,-25.116185,20.0633791,50.5029651,0.46020913,-15.882673,15.3007326,5.7397147,10.3186047,6.98956222,6.4647081,-6.3982699,-5.3835931,-10.116312,3.94981621,24.457009,13.03811,7.40632683,-9.0564091,9.63675335
,22,41.8715345,48.2945355,32.1774253,46.3888334,35.8653047,81.2890139,58.9576464,48.4337522,51.7017526,66.3702484,80.2059169,47.6651867,59.2219562,65.1521908,26.6698376,61.2740479,66.3043925,45.3023052,101.621482,51.0724817,77.6804976,61.8072177,137.646293,81.7512934,50.3487684,83.9226959,81.9550578,39.2743985,41.8812496,137.972903,45.7616225,97.5099065,67.9320778,68.6301845,36.2127261,41.9929833,25.8513882,67.2769849,41.5614533,11.8533723,52.6061027,62.5507498,90.4074467,29.0858542,59.164461,42.8535155,58.2257352,63.6751428,,18.8663037,4.70751346,16.5065363,18.7661038,8.75720313,7.6326473,7.97932405,18.4890285,-7.9753232,0.83992092,18.6589507,12.3905144,17.4752503,1.41966305,1.24205346,0.04841088,6.85498311,7.18373661,5.07107398,2.30067355,13.6486576,49.2721737,-9.4163783,10.3773217,9.50969157,2.70299357,12.0755645,5.8863896,10.7303509,16.5522836,5.18600983,3.93442432,3.65685529,6.10944052,3.57279293,-2.0515081,-7.0895872,16.8051891,3.40761088,4.75697117,-4.9366235,31.5863751,18.3544598,11.9499455,19.8855986,4.76841132,11.9960331,1.31723662,,,22,63.4299781,46.7109003,73.0837589,-58.776229,82.3553358,87.3178718,83.6656674,85.2559233,74.5312319,139.079889,90.8667749,59.8493327,46.8495688,57.6805018,93.6554352,98.7118693,86.6748023,115.723866,114.491266,49.5757548,40.0441061,65.1195621,53.6455371,88.5215741,59.4678513,52.7907665,51.84325,80.6895998,32.0501141,0.34740493,47.0223064,62.1018947,53.2527563,44.7465408,94.9740952,60.4602394,52.1062726,68.316688,49.9625207,82.1525988,,10.4975917,7.27441575,12.0506988,-28.458057,-0.9761846,-2.9150817,-9.8350093,-6.203257,-0.2178852,5.55209758,1.79325099,1.06678957,-4.0602255,3.16831806,3.78472343,1.02170697,-14.245896,-0.3794007,-14.539909,-8.8292405,-15.893131,-0.926321,-1.596596,8.4969335,11.8466807,-7.0965437,-5.4621858,-5.133117,4.0540239,-16.834956,-14.968191,-11.728406,4.95979474,-7.8063955,-0.0177438,-13.636788,-12.823216,-9.5474506,1.399462,-8.5167659,,,22,48.0649958,55.5584008,98.3531905,15.8137052,44.9813828,50.9469589,66.5852382,76.6045046,110.719151,111.370158,95.7301519,60.7571748,88.087566,97.1476984,64.622058,81.2392296,39.4874109,124.072849,94.0290992,122.764648,112.728426,178.451692,62.9824424,102.266316,91.222796,129.332644,109.656395,64.1380929,117.37699,128.489161,125.209623,177.119532,120.620664,60.1134844,154.695243,143.191559,113.641684,80.5036739,26.7493774,78.4938081,54.067637,100.167823,86.0105506,131.375333,63.8734662,109.322546,12.6892997,32.0932003,-2.2324373,13.3629748,9.20299202,,20.8145534,16.2665445,6.22710452,20.7908343,29.0576127,5.40720687,1.40722325,10.1522441,15.6067751,9.66464767,32.4300556,7.1034154,10.3525755,19.8676627,32.8979197,40.8880555,9.47891343,9.54763193,7.11092915,8.84693404,14.670054,3.31575051,3.65853828,3.3103193,-8.4909463,-12.312787,4.37979882,-5.8371969,9.95516874,-1.606266,-10.97705,7.56745352,1.45308599,6.47889327,4.34718795,-4.2381113,6.62742235,1.35215783,3.95094515,-9.9488154,6.46132651,-1.5597518,-9.4967107,-5.0667306,-8.056361,11.9460485,25.1700539,6.24228398,-11.341455,11.2139592,-39.644869,,,22,143.194121,93.6924442,49.2678829,105.032309,70.8891495,65.3246619,31.9335606,96.6612827,95.5138,81.2805366,117.449024,173.191706,91.1967205,413.597216,121.875812,144.003203,155.1704,59.3663803,46.5738224,98.9779451,29.5876604,5.47993169,22.6430031,50.8900348,4.2253771,35.6643587,39.9274938,20.9041016,,7.07482211,1.98854961,0.80635781,-2.8649998,2.39467591,3.20448409,0.21663884,-1.3739643,0.50919204,-40.071364,16.9170414,43.5516542,8.68242082,-15.340082,13.7882967,4.73864572,5.64810241,4.39618892,3.15973906,-6.9019828,1.56809324,-19.458348,-0.3848893,7.82266332,3.83507687,4.76866578,3.57371256,7.62657396
,22.33333,35.7348757,46.8178129,28.4992447,44.6551234,31.9431188,68.4587949,61.2271951,46.1679712,51.0401635,58.3384787,77.9184703,47.1201104,53.7630385,60.1365061,23.3381761,52.0233854,55.4787051,53.8586209,98.528162,47.3517962,75.7560474,64.8171288,124.605023,74.3498455,48.1522475,82.0177623,74.8641332,38.4263056,39.2289122,137.374533,45.3910855,91.8519913,62.6098139,66.9638195,30.6426701,41.1308906,24.3200683,66.2446464,37.4988684,12.7081826,48.6114886,63.966505,87.0661608,30.9402405,56.6983854,42.3989864,55.4825734,59.4192133,,21.5824856,6.56343632,10.6932086,17.0692737,4.63541509,-0.4609041,7.99431305,19.3070283,1.71972558,3.68807389,29.7738762,8.39477217,17.2995081,0.72796641,-0.0564136,8.40161523,6.56404204,12.9793462,12.2519743,8.1379506,12.5485743,39.4644056,-5.4021152,0.28252087,14.0537043,3.1509871,5.59313257,10.529936,11.5699657,31.4357854,3.36832784,4.17075584,3.64207529,10.3546165,2.6645902,3.61101046,3.1247483,9.62110188,1.36307498,3.62124438,-4.7688563,35.8252922,19.4714246,19.0392627,20.671364,3.34457302,18.0124052,7.99081013,,,22.33333,63.9485387,47.6589818,76.6234557,-59.499754,76.3308922,84.3181786,85.4375584,90.2378178,71.5355085,130.283181,78.5612067,55.7671415,43.700438,52.4916726,85.087589,92.5504599,86.2686009,110.731387,121.14568,46.0626235,36.5325157,67.3154518,51.153986,81.9904699,57.9525415,56.2289544,59.8542607,103.306856,28.8272441,-0.7855129,45.2382597,67.4015013,52.9340251,38.5613046,84.9948474,57.0933445,44.3844573,64.3567301,47.6838406,75.0214309,,12.1782733,7.88996757,13.1885382,-25.391016,2.57794261,-6.2469931,-16.561132,1.13750669,-2.7646573,4.98015266,5.23929295,1.68587255,-4.1017063,0.75358692,3.27106782,0.39829367,-11.242817,-1.4300514,-12.078709,-7.5409837,-16.305562,-5.0389736,0.54348754,8.79961035,13.0364502,-10.389096,-4.0735403,15.8304983,3.39070394,-15.6449,-11.315419,-4.0832927,4.30230583,-7.6629011,-1.6857058,-11.371934,-17.328582,-8.0365111,4.28659219,-9.7224396,,,22.33333,45.5955223,52.4867835,94.3393857,13.3672977,44.1830048,52.4762217,70.9224709,75.7367527,105.797345,105.741033,94.5210291,61.0967108,90.6263029,95.2557879,60.9053375,84.4270731,40.2874107,115.349604,90.100741,119.142901,111.438538,173.665036,62.4119968,102.793838,91.1532823,125.183391,105.074493,67.0558747,113.874294,124.306052,122.311236,168.672029,112.677548,54.1697711,149.720998,139.388566,102.037446,75.76232,23.7412616,77.4881375,54.4686921,98.697847,82.7004765,125.657425,64.4052886,100.043451,10.0465047,35.4993176,4.74919826,16.9145328,18.8081776,,18.3675789,13.0106034,4.87705748,14.1913328,39.3549254,14.4310393,3.78586433,7.84942912,14.5889991,13.1367351,29.8063226,9.57613051,16.7081902,25.0644169,31.9590828,38.4743315,9.81774417,10.317324,6.01698129,5.97726024,15.1734692,3.14572043,-2.2331568,-0.4416707,-8.1269081,-14.177739,-12.893224,-3.1080735,12.3826095,1.71936378,-8.481489,7.90840013,0.54459116,5.00151789,11.5001508,-3.6848565,7.76487532,2.26388589,4.3837866,-12.18997,4.17438767,1.33350742,-10.871824,-5.8129132,-6.4435145,-5.5520292,19.1089166,4.88548363,-6.1694559,12.7624189,-38.354467,,,22.33333,135.345214,92.7481845,42.6286345,96.5938572,63.8477391,58.2042814,22.8519146,86.1046118,95.119836,95.8900037,108.941263,173.591777,74.5354039,372.022911,113.675842,143.096875,139.158495,54.1284345,42.6778365,96.8526303,28.1023827,1.1825297,19.8557872,72.8792035,2.54611946,34.5227491,25.3452645,19.1692834,,3.84094636,5.9939279,-3.0200446,-0.2085957,1.48803124,-2.5237218,-4.9078162,-3.529425,3.77351426,-13.191781,19.1163855,49.0166717,2.79750119,-15.025843,12.1683572,4.777322,4.79405741,3.95500389,3.51528953,-4.8501269,1.50520709,-5.623206,-0.6492436,27.989935,-3.9470917,6.67069054,-7.2135743,11.281162
,22.66667,34.7378395,47.2515438,28.7464652,44.6058323,28.6540409,68.2774029,58.3240914,44.4835345,40.0196199,57.6576728,82.8841412,47.2918492,52.1046456,60.6954271,23.083328,45.574497,59.0885315,49.2081047,91.9996675,45.1279168,71.0620405,63.0362948,124.333651,71.4520294,49.0188042,74.3266544,73.3902956,41.0587363,36.6624923,126.754448,41.4980564,91.0679656,61.9901715,61.3164479,35.3389695,43.0000379,22.8556918,67.6157928,35.5589612,13.7797342,45.6613056,60.6119618,82.0506048,30.1583916,52.8490508,40.7052359,53.6308424,60.4616189,,25.8739993,9.14439782,13.3237267,18.0620472,6.66058613,3.24570408,6.25093322,14.6053146,-15.654268,9.88752186,36.5944713,11.1399494,20.4244551,2.31979351,-2.8953011,3.53499113,11.3459112,12.2542435,12.2165063,4.64655819,12.0420651,45.5745452,-0.5188196,0.83908985,12.9869284,0.37967661,-4.3800737,18.853063,9.03730115,23.4348672,1.69071303,4.24395431,2.88099297,3.61519897,0.68576782,4.04956619,-1.6458878,11.0735548,9.93253308,3.47110055,0.10453615,35.9420021,20.3634058,19.573763,19.5273883,3.2317084,17.2058166,-4.3704751,,,22.66667,65.1752999,42.2441055,66.7576552,-67.293736,68.2541621,81.1585308,78.4762807,92.1277196,70.6860613,136.104473,77.6633309,53.8798926,40.6712488,51.938584,80.0537007,87.0929015,80.8926871,105.520597,109.499533,45.2477492,39.6614834,65.7360044,48.7157133,75.7128743,54.6789444,54.7141278,51.8310357,97.549601,25.5638417,-3.3647529,33.3524482,58.6338964,50.5406823,37.1288879,82.0548868,52.3909622,45.4854821,59.4326985,43.8490502,69.5934141,,10.1307599,2.37622582,-4.2087907,-35.587602,-4.4249745,-9.1170432,-17.913988,-6.5370177,0.09574668,10.4213237,12.4322398,5.39338088,-4.9306102,3.70031531,-5.1793162,1.42606627,-14.051897,0.58006257,-18.273757,1.3987864,-12.785018,-7.4612502,-3.8306229,2.1551793,11.8285738,-19.055935,-6.3710751,16.5061978,3.11312285,-15.646066,-16.916525,-12.26897,2.47546235,-4.0519453,-1.6242097,-9.5304743,-14.045237,-7.7837681,2.47215129,-8.6627187,,,22.66667,45.1914441,51.9624394,94.5410055,14.5323442,44.1594395,52.0665807,65.2956957,76.6908126,105.729451,107.604935,91.353257,61.9601915,90.2759561,94.5163878,61.1140824,84.4811006,35.705524,104.809958,86.4651637,111.691127,104.307375,169.111821,50.2601978,101.144772,85.2924492,114.165516,103.252548,59.5783926,109.196125,119.794279,116.412999,151.846508,110.167834,48.9309758,144.440971,137.141985,95.3597111,68.1872941,19.166659,73.6856403,57.4947592,88.9904596,75.5387527,119.826824,61.6853,97.4041347,11.6422431,34.1092886,4.42415006,15.3175057,18.1897543,,18.7182368,15.8072839,9.31436252,20.6407813,32.3247336,13.5129189,-4.097092,10.0856207,18.9072007,13.6199155,29.3441069,9.39877909,12.9874927,22.0550101,31.6188558,43.88869,9.25261366,1.76765333,4.25404092,5.65137284,9.01945832,-0.8536653,-8.0961678,-1.469159,-10.87574,-19.502839,-6.4850372,-3.3381885,13.253957,1.70373109,-12.739033,10.0975573,0.76036884,3.37532102,11.6816097,-2.8402978,8.3232388,1.66570397,2.32465839,-10.045855,5.63634444,-0.4087513,-8.5487383,-6.240778,-0.9785526,-11.914752,20.9247345,-2.9508978,-2.1837252,17.0401129,-27.435855,,,22.66667,123.722913,83.7248632,39.1669473,88.9265252,60.3255731,51.5787408,21.8526815,82.7908444,89.1329099,90.1832995,100.632968,157.617339,68.2413795,449.446736,105.20593,136.029021,139.730794,53.1012831,37.3538962,88.8719392,31.3323004,-0.449215,10.3524545,-44.25111,7.78771861,30.4165334,28.6098993,17.079623,,4.5945349,0.12088164,-3.3507332,-2.1670434,0.31757827,-4.2370115,-2.8123857,-3.470291,1.88810226,-15.91986,9.97469598,46.9810912,3.25225282,-22.344207,9.4891332,5.95249215,6.91754505,4.73241864,2.94605922,-9.6319509,6.82948309,-3.2556806,-3.8136239,-88.435765,0.11267794,8.03673067,-11.769101,8.89779658
,23,32.8180753,44.6980406,24.8406978,43.7207261,28.7345948,73.1419889,57.4745276,41.4303533,51.5289613,48.9360118,76.748278,43.3472219,48.6221501,58.9057217,25.2692254,45.2315829,55.423172,51.9006948,85.4417395,46.5851386,67.4047036,58.5136518,110.918125,71.0897195,44.4749142,84.1178466,68.4767687,39.1199368,33.6863973,118.916381,39.64186,88.9457745,60.645326,63.9436289,35.8589293,44.2975905,21.3835065,65.2010747,34.2392708,14.1044998,43.3810843,62.1902486,82.0853821,31.1468957,50.8238304,36.5890161,52.8447128,56.5485294,,16.4285077,11.5797331,12.4317616,19.555849,8.79176603,-3.9371859,7.07298441,10.2061846,-2.1295786,10.4369828,32.3654769,9.19801027,14.9722269,2.58676377,2.34351336,-0.773056,2.34523134,8.90603295,7.57977035,8.29024181,12.2447458,51.4276457,-2.5086711,-2.747644,12.4521093,7.67223493,11.4834798,16.2644206,8.64238857,28.0554019,3.3322669,4.44530996,0.77447109,6.82147253,1.93524323,0.56879455,-6.9679911,7.39274339,3.05281977,2.16952753,1.49579907,36.2903204,15.8505849,21.0205228,20.5183037,3.67519538,20.539215,2.72640592,,,23,67.4578743,49.1575268,82.8586035,-68.658195,69.0097554,80.5429399,80.412341,89.4590532,64.4251898,127.443897,90.6986484,53.9211279,43.1274564,56.8745296,80.2833309,85.3011822,83.0805048,101.267863,106.576051,45.8072219,33.4440021,60.279586,51.3687616,69.9123659,55.6181405,59.7772329,59.2086215,107.641925,24.6497912,-6.0706087,29.7355049,51.5076762,48.154192,34.1206114,77.0209428,47.4081359,41.3867534,55.41187,40.6583928,65.2514351,,8.27866399,12.8873042,18.7796717,-28.252933,1.82487289,-1.8353884,-5.339894,-3.1562603,0.83650265,6.88446367,17.9526913,4.73281817,-1.3269635,10.5842834,-6.4680871,2.742343,-8.846638,0.48305481,-12.146206,7.28083601,-10.849082,-4.4769413,0.78795357,6.98951562,13.2287255,-13.097484,0.73850808,31.7533307,1.91297536,-16.146664,-17.826166,-5.9289377,1.00932263,-10.839874,-1.7877919,-13.517878,-12.516638,-6.817139,4.58451794,-8.6890164,,,23,44.0856917,49.5576105,95.2919318,12.9429092,39.7668953,47.7461114,62.1828809,69.5043224,99.7749301,99.4577059,88.7543393,62.1541041,89.6345991,91.2312068,57.7221462,80.579695,35.7361771,106.552515,84.438086,109.114928,103.256994,169.245745,67.7563286,107.551767,84.4666143,109.178355,104.649194,63.101417,104.685975,117.04467,109.44379,148.505253,109.772187,43.7601609,140.064172,133.406759,91.0945677,64.151496,18.8224343,64.5520961,54.5543417,89.3088208,81.9255927,109.15037,62.9796855,90.0556495,8.15090269,44.5285575,-3.6822311,12.3346904,42.9620114,,17.115314,13.3225713,10.8662049,19.944774,25.6174267,10.9775789,-15.454277,8.89711171,15.7735023,8.55712404,25.3937649,14.1519296,12.321766,19.415794,30.3040642,38.2706567,9.21929017,10.6283517,6.77425855,5.02305397,11.9333332,0.1459704,4.04059801,6.00784571,-14.303958,-18.182967,-7.623213,-3.2521955,11.5271926,0.11836885,-10.563654,8.01807882,4.365281,0.50561305,7.20706847,-1.8844331,10.8577758,2.64258529,4.57334062,-16.03546,-1.8483991,-1.6121129,-9.2072234,-8.2566067,-0.7473683,-7.2593662,21.0363877,9.23199888,-17.796154,11.9882298,-6.5249441,,,23,119.405149,83.9912808,38.4607352,81.4678078,55.4176814,44.1626658,20.4124559,77.9268915,81.7854846,101.414729,92.9461273,158.479319,58.7827111,426.555294,99.0220702,127.273237,135.899624,50.0239914,30.8711326,86.2156818,27.0793715,2.08362385,25.8514325,84.4842571,17.3921116,34.7356099,20.6099169,17.3429285,,1.78599461,2.9147171,-0.3714895,0.82969536,-0.1500888,-0.6401839,-4.7021624,-4.0647717,0.67861518,-2.1210695,11.3312759,48.1758658,-0.1438323,-15.061258,11.9243965,2.48822563,4.59704356,4.27882502,1.40525071,-8.5679293,4.13671758,5.40185478,19.7362104,36.1017563,16.9659327,12.2152748,-17.877286,12.4637523
,23.33333,30.1985686,37.1327173,22.9236135,42.6602983,27.7335125,75.2416509,56.3592362,39.8333506,42.6940342,49.5060241,83.4207393,44.2305871,51.5338334,52.8295433,16.5951632,37.4470283,48.58843,49.2779347,80.7123888,46.6825072,62.8911467,60.311744,105.907296,67.8690756,45.2977503,80.7238655,63.5898702,32.0066661,33.3926918,112.408034,35.5785663,85.3680769,55.1155204,63.2913498,34.8732093,43.8100729,18.7322582,62.9141665,40.0797576,13.1381264,39.3457752,60.0692113,82.3198565,29.3945866,49.0053815,37.548929,51.0252367,53.1988759,,12.7848897,6.84711566,12.674237,18.0664493,6.99162398,-4.0794622,4.82751858,20.5826765,-0.7424564,11.1903715,36.9334139,10.8399176,19.4045294,2.19861024,-2.0024796,-4.6213412,-0.5923886,19.0579262,10.7762442,16.1714378,10.196885,44.9510679,-7.4641999,-1.7938447,14.2860172,7.48742185,10.3058684,16.625337,13.8307072,22.7606127,1.92206011,2.4137848,1.29006763,9.15944868,4.56792688,0.78864643,-8.9687351,8.51739655,14.2221901,2.59275908,-2.9162273,36.0907709,20.2627019,13.9042358,20.6583458,8.30107437,18.666153,-5.9237875,,,23.33333,66.2596786,45.9702381,85.7221874,-73.043322,63.4588924,74.4457972,78.9700764,84.3209596,60.8796215,124.894211,57.0927105,50.2886607,41.2652366,53.1087331,74.2863387,83.8730644,78.3523478,95.8231118,100.721522,37.386996,38.4606971,60.9074334,43.7837446,71.4039194,52.3119652,51.4592288,50.5289456,77.0097723,22.7712798,-6.029824,33.7325042,54.5667033,45.5071714,37.1193939,74.4617954,40.8528252,42.0256758,53.767286,38.4751729,61.3719669,,11.1909761,15.0931987,14.4585432,-34.852495,-2.8113373,-4.6643087,-11.25126,5.43120703,6.22444796,6.85866658,-8.6714106,-1.3039006,-2.7227985,7.60491645,-1.5940507,0.73379331,-10.198297,0.82730804,-19.229017,-1.5578419,-9.6530955,-4.3124785,2.93820257,15.589415,20.7744947,-8.7627338,-9.6171606,-2.1351491,-1.1383119,-10.781193,-14.886062,-11.355959,0.42006578,-6.7472461,-4.0778134,-11.138521,-12.291878,-6.6573579,-1.0548854,-9.5105757,,,23.33333,42.7394211,47.3494149,94.5740189,14.7444273,37.7932135,44.5237572,57.7834666,72.9230434,99.997825,103.292602,87.8906426,58.6968359,87.0342409,88.0196523,52.0757251,78.7067202,32.1794123,105.832952,79.2074908,102.708238,97.7690024,164.588719,61.6420073,107.666613,72.4994676,100.451685,96.6820348,60.0424116,99.2315502,110.4393,106.959243,137.141913,110.399037,38.3767971,139.29969,130.11214,86.3474345,63.1075459,19.1111722,61.9868236,53.1849695,87.8901373,78.7366924,101.868211,61.9137087,85.639031,7.78246437,27.383601,1.01136711,7.92387791,-14.332232,,17.070406,14.3710845,5.49190395,18.3267598,29.682376,7.60903915,-19.770888,6.71178233,12.8663856,12.700404,22.8117894,10.7016667,4.97907507,21.6962696,26.4422414,31.938371,7.36327722,15.4891114,5.89963649,4.57450246,13.7927387,-2.1169427,-1.7945368,2.1878294,-13.065403,-20.897297,-10.588164,0.76603266,11.9588607,-0.7230146,-10.563179,5.67856404,0.36293061,1.44705253,10.2240378,-3.8039742,16.8421427,4.06600255,4.672484,-8.8538212,6.06184668,0.73773677,-5.9977016,-7.2550934,-3.0712036,-11.725587,20.2948015,-1.8878835,-6.4769624,7.86163847,-61.369456,,,23.33333,112.46464,77.244834,32.3243169,81.334574,51.6728731,44.7739101,15.1702063,72.5021057,79.1624993,121.495286,88.2689258,149.720495,50.4198233,486.041323,97.2695513,123.338254,128.164892,46.756556,26.5644095,80.5467992,21.0781857,8.48527644,7.53635165,-30.22772,29.0376391,26.6629875,20.9948544,14.1428288,,1.14130182,1.22752823,-3.8990307,2.61678377,-1.7689705,2.10606987,-2.7004108,-5.2381851,2.60777934,27.3216051,14.2775737,46.400634,-1.4960574,-9.9813041,14.5217248,2.02604853,2.10710873,2.67178677,0.18618637,-9.818309,6.32645133,5.99586997,-3.2101109,-76.06449,27.3268702,4.08627802,-12.371397,6.53198363
,23.66667,28.997491,40.4421208,13.5618729,42.5659952,24.4597371,77.9110745,51.6413111,33.1288404,30.1922522,43.8710315,80.7597699,41.0846237,48.5566291,47.3082513,17.3653358,35.739989,44.8944804,37.4893791,79.8984742,41.7887342,61.1539703,58.5800046,99.7918628,64.2249965,44.6474787,80.110411,61.7608702,29.5345464,28.8323039,106.541242,32.1947358,82.438091,55.7054432,58.7811653,35.5802052,43.1289494,16.579956,61.8644845,44.7741003,14.8442352,37.0755369,57.5201737,78.4033399,27.7359635,47.0683235,33.4352612,47.3881387,55.6011749,,13.6370945,13.0786876,7.76853989,20.6473928,7.6209436,-0.0244047,4.73675689,9.71848354,-16.000847,12.2055746,35.8695017,9.23660549,20.2574001,-1.1619852,-5.2694481,-13.003551,3.85775762,5.60967604,8.35957442,10.7743379,10.5311717,45.5014892,-5.2214142,3.73356355,7.75400814,5.32372225,14.2190239,10.7385438,9.45673391,17.7217158,0.10413081,2.856916,1.1143973,8.39888192,6.98938393,2.45785913,-5.716169,12.5140766,12.9755963,7.38607964,1.06198569,33.9594272,22.6485961,12.1392992,20.1233752,5.63589734,13.0168647,-1.3400422,,,23.66667,67.3736734,37.3756589,93.3877576,-75.750181,66.1340006,69.0749681,76.580234,73.8344851,56.8319059,126.974436,57.6294356,48.523644,43.5259623,53.1810044,69.2738571,81.4755564,77.4268235,90.792993,105.126902,44.9733572,37.3159656,55.6846487,43.1139209,64.1636584,49.4627977,51.1647733,54.0979476,82.8793452,21.5434062,-8.2292477,29.4397574,53.689419,44.0973464,25.1121137,72.6489133,35.2100893,36.0048071,51.392374,37.0003531,56.8936159,,9.81219984,5.95422559,15.0503467,-34.214751,-1.2119841,-6.9049859,-8.5282849,-2.1806277,6.25746213,14.0446745,-7.5230837,-1.6824069,0.43937139,10.9296999,-5.8026729,1.06084132,-13.400886,0.96378752,-10.83377,16.9039954,-6.9886064,-1.5856948,-6.6143723,3.61852795,4.27092192,-19.541894,-3.5186693,1.00427855,-0.68461,-11.918922,-11.445474,-3.0651457,2.98686925,-12.021407,-3.7422495,-17.168301,-19.028342,-7.3452538,-0.4729618,-14.115381,,,23.66667,42.8531832,46.3272879,87.6854425,14.0384058,37.1122239,47.5932689,62.1289433,71.656689,100.99515,96.2274105,83.1394074,57.9943301,85.5389389,86.4873968,52.1545595,73.4501762,28.900489,98.1336419,76.3695869,95.875585,94.2944993,157.060898,58.9750455,101.410722,74.5497602,99.9206325,97.8417625,60.9816886,95.3084124,105.385645,96.2986416,126.120083,105.429596,36.0695026,134.697922,124.954519,77.8219735,59.025001,16.1189105,60.4763939,50.1308881,83.2950997,71.719315,95.5166342,55.1598987,77.2388387,7.38056706,25.9833907,-0.6919788,5.61031838,45.6012132,,17.807687,15.3015115,13.1547231,16.0789167,25.074441,15.1276761,-5.0135654,6.96287084,17.9472532,9.07156688,16.4271444,8.87817576,9.52734064,16.6236556,27.5289085,38.808613,6.69614187,11.6713711,7.44282227,2.32509481,9.32109732,2.57985871,-3.1244218,2.21919784,-15.323072,-19.090919,-6.9086585,-6.2543919,10.8857673,1.1330231,-10.454132,8.60071547,1.96984637,-0.5452526,11.1279008,-2.3249397,9.78365609,4.79582776,6.92065059,-8.2084879,8.09954494,1.99197222,-7.0168924,-14.934275,-2.959564,6.04385485,18.1812456,1.6646713,-5.3430912,5.15527641,1.17385141,,,23.66667,104.051054,70.6829375,33.0191521,72.6909079,45.7235541,41.0022355,15.3071137,66.1528216,70.7372633,83.260329,79.5477817,134.91479,50.4865586,526.597751,91.8988679,116.558934,125.109594,42.3800628,21.5185754,75.5570108,21.859284,2.6850989,7.49589122,52.8249385,27.5179457,26.2259511,20.7042205,14.1050399,,-0.4839842,-4.3926491,-0.0998413,2.21532352,-0.6656261,3.59651956,-4.7849257,-4.9306938,0.43617293,-10.471009,5.00845825,39.8900808,-0.4283823,-6.9698434,9.30004509,1.72214036,1.1005643,1.51568344,-0.1002736,-9.3450013,11.1241064,11.8386531,-9.1696829,22.7667257,21.3149002,6.58575644,-9.091909,8.27716925
,24,33.9593332,36.942957,19.4701653,39.5445783,20.9824233,71.3795213,51.4694564,32.2723516,26.0676343,41.5774661,72.4777129,36.3273617,40.7025027,47.944949,11.8520078,45.1441792,47.8813428,28.1675914,74.6751812,34.7887922,55.7985543,56.3463072,92.9848727,59.7442233,40.7576411,76.1791436,55.2926502,27.5805313,28.8788023,95.2189263,31.5818279,79.0395745,50.8613045,58.9827782,32.3101963,41.5720988,17.2367375,61.1909139,45.6204471,11.9712813,37.4073439,58.0965629,75.9182455,30.0537277,45.9721463,34.6597682,46.3685286,52.6922,,14.4911684,7.62569971,10.1136682,17.512718,8.52755668,-3.0081608,11.7662254,4.87213624,-20.601236,14.6574647,35.5293801,8.54105254,12.8687506,4.35048547,1.87967262,5.49996447,8.05887373,-0.0279713,6.05860251,9.42024568,10.8131994,58.2762685,-5.1541617,-1.7246136,8.82848225,4.86390415,9.44082687,11.207491,13.2183072,19.0245613,-0.2851111,2.495848,3.50000995,9.80956192,5.99027808,1.46469565,-8.0234587,11.7498133,14.4280228,4.4887908,-3.3272025,34.5337779,25.6290032,9.16361161,20.8516051,4.20841542,13.63559,-6.7725815,,,24,69.1307206,41.6824854,92.3813473,-77.692508,61.8677211,66.7832712,75.961883,80.3078164,51.3851533,122.287342,59.6890067,47.1675246,40.5138743,51.1718167,68.8756881,77.5168878,72.3362663,87.1939104,106.084131,38.7000648,35.6742786,51.2285342,37.4301298,60.2741809,49.1877587,52.2138178,49.726351,69.9376562,21.4354151,-8.8850803,30.5240443,47.2550628,44.8931854,24.9111299,68.3485241,34.9315408,31.2499032,49.0214444,35.616447,55.0261904,,13.8489338,4.08408437,17.1490082,-31.42698,-0.3315589,-7.41963,-18.033495,14.5497526,2.65697895,11.7128257,1.99738174,0.12545489,2.37467869,7.57721211,-4.8016352,2.71019414,-12.865047,1.39271014,-6.0205921,5.91055323,-9.4246819,-8.0402721,-3.3216939,3.4879813,9.83828643,-3.8595062,-12.51818,-17.308358,2.02566861,-12.990062,-15.952725,-5.9926658,4.11928571,-12.849054,-4.7692637,-10.882452,-20.709836,-6.0794473,-0.0278868,-8.0893861,,,24,41.2770309,44.7690269,81.7284286,12.6279244,34.9077356,46.1970175,63.7772043,67.7396983,94.6786744,92.3831647,78.8121225,56.7829074,85.7209316,81.8400952,49.1747614,71.9887266,29.5085901,93.9828944,78.7349714,97.4601894,89.295847,159.537903,80.472668,99.7227031,77.0797392,102.2897,97.8950915,60.6837491,91.9335978,104.684476,94.8358056,122.497858,101.059736,34.8841928,132.876529,121.115546,75.558257,54.8128506,14.3521861,55.6110405,53.8067622,79.431956,70.2198504,97.1071657,61.8673619,72.3288443,3.72303939,26.6345894,-2.6304798,7.60424009,4.85801948,,17.8667775,12.0829224,6.98669468,19.3487196,20.616858,13.9039096,-3.7103258,9.23432216,17.1605085,10.0748197,13.8869767,5.22494718,8.30992328,34.082054,27.0719525,25.0457716,7.37268802,8.28297681,8.01837663,3.51683249,5.79834635,7.39325978,11.1874923,-7.9460108,-14.359597,-14.903603,5.5709663,-0.816507,15.9431872,1.72100007,-9.0866325,5.46742152,0.58522852,1.86395544,12.5015935,-4.4404463,10.2914508,3.27767505,13.3293524,-7.4995641,8.62007825,2.11035047,-10.403962,-12.927294,5.52297446,3.83692563,17.4789376,-5.3197872,-7.1998992,9.60601419,-31.773347,,,24,101.582318,71.8429027,27.3658584,65.5984753,41.1429242,37.9088682,15.5177487,64.3209625,68.9504089,46.5062467,79.1517884,129.251271,47.1469046,484.155587,89.8962471,101.901021,113.505646,40.7727777,18.6203651,70.4644487,27.2204983,8.51707138,12.8079406,56.3640839,-5.6238789,19.6062707,18.4587851,7.00817077,,0.95895112,1.87401405,-7.90388,0.15278568,-2.803707,-1.9230436,-0.13332,-4.7381949,-2.187061,-33.275949,7.65948583,34.9042489,2.20183017,-6.7160794,9.53419343,-6.0232127,-1.3274256,2.63574437,0.7613936,-10.695801,16.2128117,12.7547812,0.91531512,26.6411852,-7.5176327,1.08445822,-19.204148,-0.609131
,24.33333,37.0619834,36.416827,25.0069796,35.9284645,16.9038123,68.982282,54.8976355,30.1827721,22.161553,39.5416616,73.4045665,39.0382059,46.0341569,44.4434817,10.8882544,42.1825998,47.2450379,37.2742443,74.5745603,34.0915329,53.0898201,56.3550037,83.5010642,56.2026317,38.1980727,69.4053315,55.1777258,26.7658539,28.0182339,91.8360405,27.9367578,77.0098577,47.9053648,57.0549602,32.6623245,39.9420971,17.5950572,60.4680807,45.4216137,10.5992922,34.2377871,55.7048636,74.7041971,29.0597309,45.6923121,32.5806811,45.660226,52.3627243,,17.8870813,7.45698005,17.4759523,17.1284406,9.77942984,0.18372172,7.502493,-2.643508,-24.073576,6.05129309,34.8537798,10.5801484,16.8630227,0.43369483,-7.156795,-3.0304835,3.28505838,11.0898506,12.1319282,8.24865023,10.7087468,57.0210965,-5.0888295,-5.4231267,7.3785596,2.92294387,7.72100179,9.30316094,8.98580972,16.5638888,-1.0035721,2.56744648,1.2910547,9.44322672,10.7916169,-1.6930639,-3.8986233,10.9009881,17.3147491,2.2250032,-3.6484319,35.7721542,23.0742674,13.7962454,20.8807759,2.57891269,14.6622523,27.7205793,,,24.33333,67.8103174,38.7181654,80.2497707,-79.750675,57.3482735,64.1331308,70.6310696,72.7124075,47.8365166,107.870967,70.0181151,43.8996837,39.0593554,45.2172651,66.7601958,73.1609449,65.8372159,80.8776702,85.4652167,31.3736766,38.7638102,51.1825048,36.9117119,56.9724289,49.6390773,50.3373671,54.3308103,67.2382382,19.1109387,-12.319878,24.5660232,45.0116313,41.4093,22.2039846,63.3133608,30.8224899,30.4357658,48.3036633,35.0515376,51.0212463,,9.22341943,8.70246375,4.81055205,-35.70334,-1.2348471,-10.595034,-13.670874,1.4161622,-0.1322834,6.49605385,13.8586503,-1.2885476,0.57987123,6.9526393,-5.9959553,2.94588485,-14.400392,0.97795314,-17.344509,-8.882313,-4.9424054,-7.4548957,-3.5984051,4.36527061,12.7160332,-14.954772,4.14644303,-3.8793567,2.35464864,-13.550012,-12.019506,-6.0610695,6.26340961,-13.702957,-3.7361136,-17.113549,-16.244637,-6.4220797,0.4764874,-7.645559,,,24.33333,40.1561377,41.7943744,81.0280164,11.3032362,31.8598687,45.838443,63.3443847,65.0912654,98.6808291,90.5734576,74.8994144,54.2343065,82.5965522,75.8946775,48.5516184,67.2319199,26.6026803,89.1355773,72.3213487,93.5800831,84.4971221,152.236608,59.5232029,94.8290885,70.3842425,93.829825,89.102786,60.0211282,87.1458509,102.096283,92.9830846,118.121262,99.7482142,33.6813064,128.293254,118.492261,71.6751977,53.0104815,12.2034635,50.769435,48.0458127,76.8336983,68.6137982,89.8462302,51.7464141,66.1527088,10.2880396,24.6251914,-5.3002221,8.87860517,20.6096232,,15.5529605,12.404139,8.07131427,13.6766075,21.9168897,7.07788068,-1.6828685,8.68432135,17.7693001,11.0076627,20.3986412,12.9120149,6.81442197,16.9582268,28.2065245,27.9358896,6.06336435,9.43225987,6.75079138,4.3849029,7.73935775,-2.6625937,-5.4993794,-11.9337,-15.911515,-19.39276,-3.5895479,-2.0279546,11.9806694,1.8268222,-7.3202717,7.00319529,1.27810922,1.94071379,9.47993477,-6.3890564,6.98072741,4.64765028,6.17686659,-13.855306,4.3890736,-1.1506652,-5.2916757,-8.895747,-3.3423377,-7.6084249,22.0297657,-1.1589178,-15.385363,5.42058888,-20.012773,,,24.33333,96.1347392,66.1842706,24.5874248,63.4141719,36.653083,31.8062735,14.075011,61.5986302,66.8606093,90.4245013,77.8265042,127.055939,46.358201,524.977575,83.0338282,98.1902444,112.346287,35.0401787,13.7673482,67.3530573,19.3411283,1.81923232,7.0676181,-22.763806,9.41515295,18.9849479,20.7385598,7.61628348,,2.03424506,2.50530941,-4.8891986,-2.4723462,-3.3764872,-0.6242864,-4.7639726,-5.2781493,-0.1691595,8.35712728,4.75433226,32.3600766,-2.640398,-10.496941,3.49533019,-3.4883142,-3.8632239,-1.666863,-2.1176307,-14.457544,6.79212036,3.03403529,-0.5850232,-59.349511,4.41529669,1.5677344,-12.793467,5.4820894
,24.66667,34.7280341,33.9109403,25.4999347,38.05233,17.4697395,69.4033319,48.4579791,26.4297534,16.2589438,35.6197145,71.8161427,35.9853229,45.2127198,44.9469421,12.1230104,45.8286767,47.3303016,40.0368719,66.5260987,30.8880546,52.6970278,60.0028858,77.6914727,55.0614494,36.5747399,68.8448025,52.7483435,26.4772058,24.4721044,89.0865614,24.0187637,71.5232257,47.2264464,52.4388307,33.0453681,41.7275438,16.5879494,62.086381,41.9791352,9.52015148,33.6687033,52.8873398,71.9140701,27.6476501,43.1461091,28.7415201,43.4406453,53.6359304,,11.1708387,5.26970995,13.2482933,17.435774,5.93973477,-7.2355514,8.47107112,14.7934231,-23.062596,1.71303976,34.6797478,11.1942926,18.011869,-0.2102116,4.79512006,-5.5427025,-1.1516092,2.45865007,8.10265667,5.2582013,12.1732571,30.44369,3.83378772,2.59558296,12.564248,3.81350214,15.9474975,10.9748166,13.183595,25.3820901,-2.6242523,1.33834555,-1.1500344,7.6344293,-0.1749984,0.08707298,-14.504382,1.89382746,-3.018225,0.73677126,-4.2937556,35.9826333,22.6723148,12.6325068,20.1023775,0.86300353,19.7697628,6.72898127,,,24.66667,63.7372165,35.8159567,72.10863,-82.165684,54.5879343,57.8610782,67.4354896,61.733152,48.4282427,106.733118,56.5641605,41.3918103,38.3384616,45.251147,61.7385897,72.5601651,65.4619847,77.0928253,85.8244639,35.4468269,41.7510554,48.6209509,33.4584555,53.5152353,47.9638223,54.2784427,57.4143446,71.6178116,17.6166626,-15.929358,20.070812,40.2170504,40.2458869,24.0523091,60.0147111,27.0873072,25.1658202,44.0448146,32.6650194,46.7390445,,9.63884668,7.99353725,0.69730512,-25.925893,0.06984046,-10.845105,1.97814967,12.7050129,2.20677576,5.84695158,-0.9542279,1.99443757,2.57587277,8.15896089,-9.0507116,3.24169569,-11.18047,2.67505938,-14.989929,1.68730274,-2.527216,-13.764237,-3.2309599,2.72114634,12.0497473,-15.816416,-2.7190865,-0.2473521,2.38353756,-13.740935,-14.358351,2.23229667,6.23697702,-9.3547605,-4.0424593,-16.315819,-15.818917,-7.2157935,-0.290869,-7.0037903,,,24.66667,38.1156476,39.6588696,79.4292284,11.2648881,33.9701558,43.2265533,62.7709179,62.1909512,92.7364113,85.4363489,73.9126661,51.5208111,81.8292739,73.3051301,46.306734,66.7369518,26.0897532,86.6992027,69.3802193,90.1410108,84.7226112,147.677951,55.1675948,92.7181984,66.1259101,93.7125627,86.4436038,56.0341879,82.4082719,101.066472,90.3982428,117.06069,102.737869,33.6480728,124.017505,113.150079,70.8040858,48.1485253,10.6250047,50.669932,38.6349439,75.9330101,65.399865,81.8532745,56.6832537,62.7496431,7.12969409,15.5910519,6.98428399,6.96928436,12.1780534,,12.371783,12.4081406,6.25064355,13.9160645,26.6930062,7.22025791,-3.4512374,9.10514078,18.427149,11.7699962,20.2458055,13.3636922,11.429789,16.9669101,29.3043197,34.5223725,5.98082418,14.1943958,6.06923012,4.11072386,7.76508962,2.96980338,-0.1598838,-1.1030668,-10.258808,-12.398928,-9.0493262,-4.4035056,9.8943576,2.98015195,-5.8871225,6.27470696,2.34727418,1.13631343,15.8074229,-4.728154,16.1099789,3.05560715,10.103553,-12.523051,10.1310577,4.59654022,5.30467186,-8.8440716,1.55703396,-1.1473286,17.2592614,-5.314363,0.7624629,6.28629153,-20.213522,,,24.66667,89.7398176,63.3883322,23.6615975,60.0223959,35.0450021,27.6622273,11.6001026,54.9111386,58.0744381,51.4773709,72.7470324,119.453644,34.9433695,588.442779,78.247934,93.8004927,105.308958,34.7382056,14.9748719,65.0817302,21.1145815,3.32960102,5.83562481,42.5010351,17.0719323,14.5725495,18.3999689,7.61609344,,-3.1028915,2.63595555,-8.2383453,1.71817074,-3.8338672,0.06520674,-6.4103136,-6.6228272,-3.718903,-21.964719,5.98180939,33.723847,-5.6332624,-10.246434,5.21361438,-4.1036887,-2.7116182,-2.3263562,0.8265309,-11.128943,7.80168982,0.70744818,-0.6696347,9.10438893,11.5206141,-0.0461227,-20.669516,5.59364773
,25,28.3767329,30.9048691,18.2255873,34.6063714,14.8165694,63.024246,49.8457528,25.947916,21.279102,36.8892907,70.4554008,32.2872318,41.9562638,43.8806625,12.690144,38.9896864,43.3948972,55.3805596,65.3311945,29.9042245,47.8483699,56.3575709,71.2350433,50.8307845,36.2419274,67.686857,56.7575838,27.3086309,28.3439579,87.268524,27.7543411,71.0673178,49.0893759,52.256752,28.7723679,39.9316926,15.8068909,56.3305242,39.8273756,9.18895904,29.7100884,51.0279157,69.1015247,25.0558574,43.9150839,26.6697863,40.0781881,47.4529342,,6.78654382,2.41749794,10.2786308,20.1656141,4.35150238,-4.5238214,7.76258791,19.1606089,-18.501922,18.2522081,38.4499218,9.870624,17.4290385,-0.6357318,-2.1988618,-1.9703707,5.07421687,21.9774524,8.3917493,4.447426,8.06724959,58.5284021,0.35125828,-6.6927757,12.7793815,3.65035195,12.8190987,15.5406074,14.2584388,23.5363882,-0.1251088,2.02234409,4.10655247,10.7729421,2.04714248,5.50967784,-3.472065,11.1340234,4.1010251,2.55721365,-2.7769883,30.1461517,20.8650516,10.5631549,17.7998629,-0.655642,11.6980414,10.1845251,,,25,68.2395315,33.7120371,76.9126513,-88.061857,52.9969491,60.0299562,63.8251117,57.2566325,44.0960392,93.3400982,40.1198403,40.4224679,36.3114471,40.6280351,58.2936165,72.0874249,67.2357384,73.0109121,86.0757548,32.157386,36.0190185,48.4531085,29.812014,48.4159567,46.3658864,58.925808,53.5718437,65.9709121,15.4469977,-17.842732,21.0340058,39.1728639,41.1475827,19.8754315,56.7560941,23.5664993,26.7730623,43.074253,33.7269029,44.1582896,,9.44238135,7.11989029,9.56707108,-38.892931,0.22485937,-6.1655409,-16.186965,9.22392127,1.33916593,1.73149847,-15.893266,10.5367305,2.56058947,11.1274555,-10.444536,4.85101024,-8.7612175,3.83488102,-14.006136,-10.61227,-4.4278809,-7.1575018,-7.2820492,-0.208129,11.9161941,-9.3151441,-4.7547659,-3.317391,0.41615012,-13.92142,-12.167088,-0.3739747,6.05788854,-9.5617739,-4.7605245,-17.807744,-18.931069,-7.2201543,5.49625004,-7.2843441,,,25,37.3767097,40.4705288,76.6257117,12.4032895,31.4538395,42.9508587,60.3355071,60.4305322,87.5714366,84.1775903,73.9658508,50.9159259,79.0238208,74.932634,41.791899,65.0513064,25.3334833,84.7839297,66.5511965,87.4142985,80.0131161,141.722581,51.0928719,88.8141654,66.018061,86.9332446,83.5578664,56.2763383,79.6212166,92.0064504,85.7139294,106.775729,95.3584292,31.1064101,119.019388,108.13409,63.5102295,48.2920122,10.3471789,50.2442528,42.5281705,73.2996963,65.1055062,75.5432033,60.9179785,64.0178439,8.11703587,20.8173083,-1.8898857,4.51697629,-60.185651,,13.5415273,12.9657714,5.26487526,12.5753259,27.8186245,11.779675,-3.0532447,8.57637347,14.907162,11.0043933,15.2913712,17.4296456,5.39233673,18.9509368,25.0057,26.2380498,6.02014902,17.8627865,8.53347712,3.52891434,10.6667298,0.33736939,-9.5136208,-2.6250274,-16.094769,-23.152144,-14.112613,-3.789225,8.96848728,0.18866726,-7.0953922,11.342584,3.53231779,2.12239235,15.8435978,-4.2029525,9.9223222,5.19476864,11.9170932,-3.8338778,11.0009829,6.0066124,-4.0027648,-9.3291806,12.4265044,-5.3574992,20.5231378,4.68235774,-4.0551848,6.02880949,-98.037003,,,25,83.5208911,59.1550298,21.5895545,57.4716112,32.8064081,24.367164,14.8756254,53.3256505,57.8492335,62.4737785,71.4891422,137.02105,36.8344146,550.439597,83.4373835,90.9449517,99.0640376,32.3820587,12.4656764,64.2977163,18.4359595,0.40642923,-3.8757971,-100.36512,1.31653727,18.528148,23.1612658,4.63219488,,-4.6931876,-3.6600548,-3.8273876,1.25092135,-3.5682563,0.97104877,-5.2721959,-4.8998647,-0.2355266,-8.9699918,6.30227962,56.5674301,1.39331029,0.17299555,9.43305105,5.16211278,-4.4858514,-4.5795456,-0.0731043,-10.855643,9.12396975,10.8992978,-8.0781592,-128.82978,-0.1447709,5.06821713,-2.2432641,4.90407415
,25.33333,32.3003776,28.8393668,17.7684551,32.7145187,11.3142037,55.4317717,46.3272532,24.5431858,27.0941479,31.7156998,69.5342148,31.6265275,39.9989958,43.8801303,12.2459507,45.7602826,43.6135827,41.8126506,67.9663336,29.55101,46.2273272,51.9563068,67.5369573,46.5629196,32.9147631,67.5522957,54.0829247,26.1569205,24.1652122,79.132735,25.6783788,66.595618,46.1595439,46.5248376,29.8867393,37.4076204,12.6558786,51.2148036,36.009611,7.39888839,27.7437913,49.7118989,64.8635368,22.3742769,42.6584476,25.4322192,37.9193103,49.0261793,,10.2416071,7.36611778,11.3852307,23.71336,12.6498866,-1.6584925,10.1002116,11.6663735,-5.0624216,13.8340288,35.1490359,11.7381273,16.1305924,0.81219694,-3.9473272,-0.5718203,14.4004139,14.446857,13.0895313,5.77939571,5.7084207,53.8655093,4.07160085,-8.8803154,6.69292406,3.40262485,15.4494302,18.0023886,14.0734843,18.6689161,0.91439828,1.58159291,2.74543181,7.68957732,-2.5746069,-1.8288152,-9.6300354,5.78846811,6.92033212,0.28071085,-11.100716,36.1967472,22.9455874,9.44508081,20.2988192,-0.5517041,9.20971546,6.75762714,,,25.33333,57.5897584,31.3664826,63.4495015,-87.444983,49.7321313,55.298052,59.2122107,48.4330883,43.0159608,92.6042559,40.3304003,37.7607527,31.7700333,34.7644268,56.558629,66.5783648,60.1516414,69.8700202,77.6969287,34.0806313,30.1206791,43.2410245,26.2874771,49.9395549,45.4565285,57.0890726,51.2341006,59.1629296,15.2620203,-19.318657,17.6770544,37.4343988,37.599896,11.4441383,50.1881604,18.2736997,21.752821,42.019015,29.3415483,38.422109,,9.26085729,0.0504058,2.04434291,-27.202733,5.68632384,-7.3313932,6.08132647,0.28588522,4.27805756,1.62384271,-10.444278,-5.8599305,-1.2939596,1.74550417,-11.520161,2.58235702,-11.081394,0.16035935,-19.899775,-8.7945317,-9.3299592,-11.874803,-12.826686,3.74348254,9.38103131,-9.5617131,-11.081983,-14.340792,0.89056764,-13.992543,-15.749984,-8.8401386,0.60895262,-9.0435412,-2.2700571,-20.517185,-20.092806,-7.5146059,2.89233281,-11.715115,,,25.33333,35.6160193,39.7317306,68.0486766,12.3097452,30.4146939,42.0105805,57.5036489,60.3646584,84.321974,81.3012706,65.3291164,48.1777295,72.8961285,70.3620469,40.1702681,62.0390173,24.1858227,80.7166614,61.6981313,84.5322474,82.1267338,139.61633,65.6217791,88.0250934,63.0843907,89.9120808,88.198646,52.351913,76.3256335,85.1742433,81.5036977,102.754727,90.0566999,29.9860477,110.723943,104.331346,65.0014267,42.8519715,5.69010026,43.8131912,37.1354904,69.5602245,65.5731623,70.1390206,55.3269298,58.2572856,5.0758143,15.7473015,-4.9591702,5.65925279,7.01505955,,13.6583482,13.1694975,3.45463635,14.080442,27.8600015,8.03100867,-0.8836515,4.40029121,13.4867191,12.8372341,6.22756832,11.9229036,12.3386758,13.0819921,24.4668497,25.5006832,5.57260899,17.5214065,5.18782099,3.01547255,11.9153734,2.15128921,-3.9589747,-7.9071655,-11.498099,-15.228716,-0.8307987,-1.7919925,12.0431461,3.22389037,-4.7884853,10.075683,9.78320272,2.73110996,10.8014927,-1.8118992,10.4768491,3.77553976,5.37588859,-7.2403428,1.46259103,2.51447389,-7.8968125,-13.513168,3.06271314,-14.535057,20.4988125,0.42085966,-12.224265,6.51577165,-24.798013,,,25.33333,79.9220465,53.1866856,22.6069201,52.6048236,31.6689577,21.1823975,12.5370263,50.93104,63.8584746,98.9648179,71.9977032,129.928835,43.8848573,590.757716,81.9704071,76.8309209,87.2423434,28.57813,8.22168612,59.7947015,16.9963986,-5.9196767,2.41272819,16.3246563,5.5244473,16.5061894,12.7712245,8.1025567,,-4.4473561,-2.2073305,-3.2412305,-0.2830527,-5.0632164,-4.368383,-5.9037185,-2.9142853,8.45664717,34.2399614,10.4214714,51.9984828,6.81849781,-4.8979935,14.9696948,-0.2033907,-5.6349956,-7.3394712,-2.7970613,-12.007531,5.76885046,1.55775805,-3.2121862,-4.1106521,6.7651892,3.09859877,-8.9125846,7.96758245
,25.66667,27.7012501,31.075732,11.7625899,33.116708,13.5842084,58.9699727,43.907233,22.2927531,15.6937522,34.2341283,62.0308221,26.6063112,40.4622309,42.4973882,14.2965755,40.8530787,33.4246316,35.0577067,57.3651309,26.2582583,45.531627,55.1358387,63.5712091,49.2465946,35.0287396,65.8490583,49.4870108,25.8608863,25.106593,76.8921353,25.5270969,65.6703785,41.9917208,42.9441024,27.7142423,38.073418,12.0050683,55.5603706,40.3539915,6.85543612,26.8690631,49.4515806,61.483897,21.6904072,42.6198042,24.8433709,37.1768147,50.0910943,,11.7276699,9.2335564,7.55372752,17.7425813,6.07024938,-1.3713974,16.4385314,0.97236207,-22.766692,13.3643026,30.0559791,10.3966756,17.6207213,3.04827056,-3.0966148,-9.5165936,-1.996131,9.18334346,6.3908178,5.82755463,10.0279279,78.7838578,-0.9640819,1.01823071,8.03553572,4.87138484,5.7736966,16.3206778,14.9081911,15.4550162,1.45972229,2.45015245,0.80081112,4.86073386,4.2336239,8.28287227,1.70105242,24.4365438,11.7164025,8.20468856,0.12171444,36.4301244,21.8548091,13.0915271,20.2410699,1.16617275,12.3948956,17.4158003,,,25.66667,68.6997146,34.0943755,73.7516335,-91.741014,47.5830055,55.5455799,52.9618504,46.8071039,39.7302127,88.4634233,47.7597626,39.2354911,29.7884945,39.8755893,52.2112894,65.0242335,63.1030413,68.7443641,86.4166545,36.406119,27.8489086,42.5437762,23.1996157,45.1070991,45.85222,59.305973,57.0433799,72.7295057,13.6221968,-23.080039,14.7239199,37.4558874,37.4225585,8.29826907,46.2253588,18.4903315,21.7866549,38.9465774,29.0402944,39.3944022,,10.7983718,5.9973679,13.1869786,-32.684992,4.82752909,-8.1823577,-20.692317,3.72642462,2.05092225,5.91179491,-1.0346225,1.25306922,-1.2588199,11.3951237,-11.277688,5.06137338,-3.1048397,1.22137976,-12.145405,-2.6500479,-13.633945,-8.5781398,-14.837684,3.49145961,10.9263117,-3.4386419,-8.4451569,4.43604039,0.09930417,-15.214586,-16.777761,-2.7692243,2.34258293,-16.125782,-1.4312069,-14.161597,-17.113642,-6.8514638,1.67615811,-10.912639,,,25.66667,35.9957798,37.0857947,67.7208288,10.8077608,30.6612717,43.273167,53.6505488,60.1246374,86.6066494,77.3851426,63.4345161,46.8096617,68.3124515,64.321343,40.8719125,61.1097239,21.6904853,75.8651473,57.511839,78.5993592,75.2819814,132.570161,68.4536981,89.6718808,55.9380258,83.1956814,74.9047571,48.4291327,72.3007303,84.0517321,78.7099791,99.6556295,89.3277323,29.3116089,112.087938,98.6842442,59.7436072,42.1597849,4.89886594,41.1778049,38.0610967,67.928924,62.6278205,68.727976,54.5651525,57.0834043,3.92750518,18.2690071,-1.3898729,-0.6494682,19.552058,,13.486023,11.5537654,1.87580898,16.5941542,27.574278,9.76458253,-14.887436,4.97255733,13.1837826,9.46864986,4.39664124,10.4115649,11.2995854,8.20485281,27.5616755,22.655837,4.27701663,13.166401,2.51863818,0.36276418,12.2457311,2.8773431,17.0781057,-0.3781927,-15.479461,-16.175406,-9.5733402,-3.3827304,11.467589,4.16687716,-2.8520798,14.6348174,5.37548776,2.79859693,15.0155859,-1.6956513,-2.3570173,6.71313416,2.57281497,-9.2166487,6.86815803,-2.0018746,-7.9003809,-6.9283661,0.32196684,-19.69535,16.6484691,4.7977014,5.69537695,2.10961321,-9.9672221,,,25.66667,74.5192555,52.7518115,19.7898526,50.0120195,29.410301,18.5916154,12.5464887,49.2326026,60.0953322,91.3269495,68.8393954,127.720513,39.7210588,551.284739,74.7354412,77.7896303,87.0447108,28.9323198,9.57144701,55.2876767,14.3754322,-10.3885,1.60726283,14.6700258,9.95016569,16.3010036,11.3493817,3.93606255,,-1.6209482,-0.3967462,-6.8721355,1.55863962,-0.9240641,-2.6097404,-4.0029473,-4.5648208,5.76662506,20.401938,6.10848005,47.4495334,10.3600382,5.04061893,7.98129879,-0.4247904,-4.4899959,-3.4326757,-0.6695603,-13.146033,16.738619,0.1354853,-7.7299272,-7.4761147,16.4739144,3.51857721,-13.107701,4.33145375
,26,31.3460799,27.4574352,16.8308582,30.7293026,10.0685741,57.3279996,42.1806456,22.2142616,22.0275703,34.0417719,61.6836861,23.3009567,42.019902,39.1984609,7.80665618,35.1011497,32.9423616,39.6908469,66.5115094,28.0937245,41.8789803,55.5817292,62.5582045,49.4553025,34.7984998,57.2309148,50.3070324,21.6337461,23.465063,74.310835,20.036349,62.4479221,42.4963869,40.1544369,25.4097865,35.9365778,9.73864478,50.6229174,34.6669838,8.16387494,21.5182932,46.2255094,59.4373663,19.8344595,40.9526865,22.1124837,35.2844472,43.967224,,7.64808552,5.867444,14.8949679,20.062486,7.82503207,-1.6092876,15.8149976,-0.2828142,-14.865873,4.7043863,34.0752665,5.67497771,21.2579243,-2.0447487,-6.1107351,-9.3842012,3.56438144,13.8043712,11.5597971,3.2286463,11.1900811,64.0905177,4.85954893,3.2546006,11.5925499,6.25458587,6.89026734,18.9054965,15.397169,20.8755738,-0.8923579,2.22809176,1.60627368,3.97915743,1.03159312,0.67408978,-10.947831,12.3052922,6.61732725,2.97670661,-12.205098,35.0004688,24.255524,9.42098067,19.8118967,0.22271516,11.7891048,19.3327309,,,26,72.3177377,37.5953401,51.1068315,-95.724306,44.7660213,54.1586824,54.7409341,44.9570627,38.5527802,75.939715,42.2247189,36.2307217,27.4693315,42.320624,46.6592378,64.7493814,55.1543964,66.0809262,74.5319407,38.3835089,26.6547409,40.0679495,20.9499053,44.9623833,44.8419779,51.7420221,58.0517405,73.9582839,14.3063495,-20.362526,11.6524432,32.2298403,37.4795956,9.76517674,44.0019587,16.1820656,17.0482271,37.554635,26.9244606,37.1832259,,8.37596611,9.99310947,-9.7208856,-39.488903,7.11266452,-6.6008695,-5.745541,3.30730979,2.9522596,-3.8877242,1.7275619,2.20405103,-3.0659284,7.99409735,-14.98786,5.15356638,-13.384068,0.69274661,-14.382552,-4.8103102,-9.3258022,-4.8059275,-13.757649,3.88082911,9.46132197,-12.350991,-5.5018095,-0.2800331,-0.3688191,-14.65992,-10.557472,-5.5123857,3.75951161,-19.852303,-3.4754416,-13.416882,-20.594356,-5.166311,2.74639075,-11.187871,,,26,36.5801317,36.7350816,63.403597,9.36753263,28.8858707,38.2589356,48.7879781,56.2111044,77.4363544,76.7778543,56.9314797,45.352913,66.1986382,67.0548614,38.5421136,58.6307645,22.2260244,71.3875574,55.4274886,78.1360224,73.6435802,134.092187,54.9264826,79.8921413,56.0382096,82.9051658,66.9157992,46.091089,69.0648311,81.5333064,74.7891884,93.7143777,90.2059319,27.1600066,106.379806,94.6330371,57.3890312,37.5748427,2.38271878,38.8628162,31.6091673,63.9171605,61.6100529,69.3910724,52.3697854,55.4062262,5.84493466,7.97295866,-0.7743497,0.81586822,-27.026703,,13.946697,11.7833825,2.68100624,9.11686597,26.3903059,7.91021174,-21.876145,4.37434619,15.2867919,8.07418054,0.77919016,14.43155,6.27276706,16.3607312,22.5699288,28.8174133,5.09568868,8.64040294,5.11140795,0.16784886,8.09986427,1.06213714,4.78190415,-7.2633449,-16.388056,-16.441846,-16.855452,-0.3601843,9.27454351,2.29843862,-6.8938425,12.9975903,6.15160087,4.14312442,13.6399071,-4.4232766,-4.3700609,2.61973016,4.30760507,-3.9910921,2.77283464,-2.0442955,-5.1944019,-10.030577,2.66328812,-5.190933,22.4925628,-8.716725,3.32870182,2.19868205,-55.625388,,,26,70.3035007,50.2472778,19.2924765,43.0273847,25.9779416,18.3218099,9.44031139,45.9769482,55.3697855,61.2294432,71.959352,117.154427,28.5857693,496.353587,72.6412206,69.8284657,77.9602726,23.2741362,6.90893094,54.3091706,12.7231678,0.01257668,15.7297637,11.6211572,26.0568277,12.9730967,13.5156704,5.04423542,,-1.693561,-3.0446568,-3.9188665,0.13734244,-4.6041148,-5.7143643,-6.23041,-4.308005,1.5858469,-1.5306453,11.7868822,41.8832432,-3.2647803,-4.6530847,7.21365398,-7.745199,-7.6356387,-6.5154007,-1.9018897,-14.891274,8.56772804,6.7669055,9.13760413,-16.491484,26.5406962,6.96617121,-2.20867,4.09110212
,26.33333,34.1539643,24.3558644,20.2619028,29.8343334,7.38562159,54.0158999,41.3384744,19.8718901,16.5044913,30.0988399,60.9211829,26.4113256,41.9914967,37.6143786,11.6732267,39.357987,32.5984526,43.3066108,62.9319945,27.4638299,40.0469361,46.3966237,53.9743005,47.0600037,32.8526009,58.0482385,53.0386275,19.2885419,20.0287237,69.7767837,19.5997056,59.4305261,46.0060283,42.0836842,24.4242294,33.9731727,10.4903908,48.760201,33.3354527,5.49580474,18.2272925,47.3125296,56.086397,19.7496647,41.3150857,22.4028382,35.8643208,42.044643,,6.65675935,0.90613362,15.2802684,15.1039095,7.13925126,-4.7848335,12.9607527,-9.4578095,-16.239125,10.6622403,29.0716968,4.9866674,17.4711561,-0.4620166,-2.6048719,-0.2174319,5.97304062,10.3896798,14.7050654,15.1949391,8.92561852,56.9162003,-2.8117314,-3.9432713,11.0906583,4.40164408,17.8197191,9.86261988,15.9579428,14.8065744,0.97661187,1.93867079,3.34829572,7.0036392,0.35170693,0.66520791,-9.1268534,6.17158546,6.03387349,-0.5952774,-11.494413,35.4096692,23.4550038,11.9570808,21.5499285,4.02350818,11.68562,13.2762617,,,26.33333,76.7167135,34.5799361,66.6747862,-91.439507,41.3194689,52.553751,49.9632693,41.5927357,41.7363927,82.8175132,46.416474,35.3006082,27.2864505,39.5529287,50.1938459,63.3099804,55.8899831,63.3669048,89.5628076,36.753662,22.4329032,39.9264981,20.0777835,40.9489687,42.7639249,54.2780958,61.5231347,77.371192,13.1234421,-21.383864,10.8751538,30.0685088,36.7813332,12.2432093,42.8501416,13.2212784,15.5114614,32.8358559,24.1513397,36.3282039,,9.51589257,7.48619617,14.0840582,-30.64278,5.59020938,-4.5626865,-18.097693,0.95025548,8.06192985,5.64977155,4.31799864,3.96124829,0.30647336,9.92140567,-1.2393628,3.87246829,-10.803908,4.8353571,2.59198933,0.84950163,-11.368358,-3.1995326,-10.098646,4.03672797,11.2037926,-15.517341,-1.7444803,-0.5523186,-2.4650001,-12.556088,-10.299588,-1.3999509,4.24538173,-13.493625,-5.7699251,-14.627927,-19.53313,-7.2751693,-1.0584823,-10.174698,,,26.33333,35.8209215,33.7963347,58.4109013,7.46062444,26.3186423,35.5413525,41.5978293,53.7742756,75.2109115,68.4927141,57.8690061,44.4901378,66.6384195,63.8912683,41.4645683,52.8992294,22.0257372,70.8020254,53.2999635,77.4660328,71.8859131,133.627002,63.8960272,91.1046967,54.5049642,82.7464074,62.7584662,45.4120174,70.557476,77.9940674,71.4867893,88.702425,87.9212394,23.645667,102.296108,92.7117359,55.0126944,38.6881576,3.9246614,36.4368623,36.1033761,65.2922083,56.7469644,61.2474984,50.7073242,48.4495149,4.57764271,16.0639225,-5.402663,1.82443158,18.1571967,,13.1838109,10.3965571,-1.8435288,10.1959151,28.7820859,14.4471259,-22.084969,7.24732663,13.1102078,8.42574737,7.34751049,6.32857676,8.36128935,9.58952829,26.1898701,25.6014959,4.16840775,22.7463076,2.88612528,0.9642974,7.58617803,3.16577534,6.93654604,2.77655112,-14.45713,-15.320785,-23.137449,-2.0382962,10.7514998,3.16414871,-5.4627428,15.1105685,1.34491585,2.28170964,15.9886088,-7.7574542,-15.094775,6.0254138,1.21295514,-3.1568396,17.1489739,1.25420137,-7.2577106,-11.946724,6.06587958,-0.7655082,27.1408109,1.90176561,-0.3773276,7.04265193,-8.3979844,,,26.33333,65.6683677,46.5683479,15.6022847,37.0577341,24.5652006,15.9204744,4.26229689,44.3309888,53.6270483,39.8438919,63.8078484,108.312503,20.7707812,507.940096,66.9574102,70.021237,78.2663396,24.3690405,7.24410724,52.5824792,8.45163455,-10.201759,-6.6690231,54.0838331,23.3871466,14.0119914,19.4483435,6.2722951,,-3.0920344,1.15621553,-4.9698683,-4.2368867,-5.2916178,-2.5629135,-6.6390877,-3.4211674,3.75924317,-16.972782,6.88883995,33.1118554,-2.2819511,-9.3454394,7.69422318,-6.6383975,0.58742412,-3.3995722,-1.2905105,-12.527292,6.60145535,15.9537297,-14.925454,28.251711,29.3679926,10.1823033,1.73099304,7.14831273
,26.66667,32.1697934,25.9971077,16.5804707,28.4984146,6.88577947,51.9702734,39.8277208,18.6265544,16.8167748,27.7225274,58.3294621,25.5181952,38.8890128,36.8965565,11.3051236,33.5097167,23.8661354,32.5072824,65.3014452,28.1041101,36.7734827,48.401427,55.9966883,45.5196925,32.7162407,60.4403528,47.5134693,19.0589312,21.8607216,64.3279499,16.301793,57.6764891,42.4544199,42.5506626,21.3613958,32.8837141,10.443147,45.2410529,30.7836574,4.19303433,20.1974583,48.2127978,51.5688958,19.0302247,38.1434689,20.1123823,31.8156332,37.9587851,,14.0640613,3.1006727,11.6054141,16.2200907,0.60622589,2.58102247,16.4793577,0.44242064,-11.890311,15.0956861,33.7621685,6.72481724,15.5355076,0.11086209,-2.8225976,-0.0870026,-1.4784943,10.48469,7.36165837,6.82334286,5.68122327,35.6057357,3.06250353,-0.6631593,10.3820763,2.30476676,5.21174125,11.8219659,12.0490268,22.0495188,-1.2048704,2.84920101,-1.8521273,10.7039422,-0.4641178,0.3900815,0.21932113,10.2591678,13.6277731,1.23167596,-5.2980845,33.820497,20.1089031,9.51910382,20.5403692,2.51820237,11.02505,7.64276328,,,26.66667,76.2151983,32.4741987,62.6043082,-85.247059,38.0496536,49.2708992,44.9222802,37.7579642,37.1665431,77.4653844,35.2428472,34.2048054,26.1383303,37.653704,40.3085021,56.8053713,51.4659486,58.8380798,71.9668764,31.5370215,18.109706,37.7331547,17.0080501,41.2101733,42.0355525,51.4854329,57.0499076,69.4895651,13.0358885,-19.549569,12.5569532,30.0833323,36.7866905,7.18470184,39.4532627,11.5536103,14.3152711,28.2827098,26.253637,34.3918472,,7.01868151,11.6896233,14.818723,-30.702603,10.4424752,-2.6201163,-21.488814,0.28998515,3.89443504,7.65904462,-6.183348,0.39063142,0.17532063,5.90039741,-13.154792,4.233936,-12.939717,1.71313473,-12.791568,-8.3431998,-13.783646,-8.5627647,-15.550767,1.24426849,10.7627442,-10.82776,-6.0347367,13.0675373,-1.5691574,-11.922105,-10.604658,-1.6405487,3.1358959,-5.9902992,-3.400857,-16.584806,-20.390824,-7.7041312,0.01811659,-8.0314721,,,26.66667,34.4327946,32.7369352,56.3713133,7.42541016,22.3661191,31.1720786,40.7168066,53.8450776,78.1620175,68.5955368,47.0057155,42.173121,64.2630301,58.2107592,39.179775,52.5663517,19.4527076,71.039096,55.8668724,73.8604531,73.1479304,128.633779,55.7519212,75.6927737,50.5433339,77.3781491,67.2118138,45.4461376,69.6257141,74.6377953,68.5353382,85.0460727,86.9562976,22.9241056,96.042833,92.8516823,56.3714761,33.2195618,2.17047855,31.3535652,28.6525428,64.0350569,54.8074462,57.3763016,54.7090526,44.0851946,-1.2431011,11.0956491,-8.4037161,-2.075392,-0.3651621,,10.1684499,10.0182431,-2.4284178,12.8876232,24.6460944,3.48082007,-22.050632,5.52559867,15.4782959,8.00780835,-1.9809808,-0.7870588,12.5301521,4.64262004,26.6833729,28.1827048,5.01321525,13.6729697,3.7359487,-1.0163843,10.0423543,1.1179797,5.9326578,-0.5632484,-8.9115612,-10.526833,-7.9647149,-1.5705389,12.0310454,3.17469069,-5.1707861,5.1384879,3.2510281,1.86643873,14.3651909,-2.2804733,-2.3053884,0.53952163,1.07376384,-8.0924607,-2.2784894,0.92225061,-2.7592907,-13.659792,5.12813979,-10.895153,16.1792333,-1.5393808,1.90877431,3.43669103,-19.310347,,,26.66667,62.0629544,43.160205,12.3023138,34.9266629,23.3288109,13.3904632,5.98630485,40.8014857,47.1048307,70.3000987,62.910828,112.723025,27.8075245,478.522133,71.7022032,69.6191526,75.9314155,19.5826469,6.55906655,48.8433828,7.25590676,-6.4556321,-7.2749675,-20.779475,11.4271543,20.9735027,9.2252358,3.80867551,,-2.536161,-5.7210178,-9.5457867,0.53435276,-5.4676593,-2.3105753,-5.5305194,-3.3918254,2.05068715,12.3883525,6.08755299,44.564166,2.45776,-11.522018,10.2288188,-8.8027381,2.0227201,-5.9170832,-2.2046008,-12.701737,8.7439554,6.28032671,-14.830283,-44.37903,19.3100845,12.5320782,-8.529306,4.84161735
,27,34.3405164,22.246184,19.2109228,29.499021,6.23514725,44.9868949,33.4337228,17.6023044,12.0090346,22.1992018,52.0926139,25.5964418,39.4793711,38.9198766,7.46966129,35.1907047,22.8780013,43.5708264,61.1678735,26.7201,36.6754731,50.6228091,49.31635,45.2140238,29.620708,58.1998814,43.8526208,16.5483913,22.5072314,62.279751,15.7285923,54.0416607,39.2462937,34.3491698,20.2960006,32.2305653,7.50781511,45.4789312,26.883134,3.79253847,17.8825853,47.1575041,51.035333,20.3403177,40.5550522,19.8896884,31.6468843,42.7848403,,16.3837106,1.41841374,14.358121,15.1953171,3.90717201,-2.9144992,15.3440572,7.80035503,-9.1884118,19.0201895,25.5173037,5.55337754,13.4753305,0.63746661,-13.225574,-4.385638,0.56998091,16.1222978,11.4079124,17.54258,9.81635566,55.2247439,-1.8606636,2.35488039,11.0789415,4.51208985,7.90399595,14.1802992,14.8265113,24.9535328,-1.1785237,0.85242618,-1.6217009,6.65736805,-3.807286,2.00261731,-2.0793262,3.36452172,8.76632245,0.02594703,-8.7105366,39.1274103,25.4763226,16.0053693,21.3299927,-1.4112651,13.0143257,4.60014187,,,27,74.7999092,31.8952948,65.9586032,-82.194171,38.0717954,51.0486198,50.2131019,31.1356741,34.9745339,73.242326,53.7359233,31.6912526,24.5131374,36.6725222,39.7815604,52.1031204,47.5132268,55.1507506,63.657195,25.6950587,21.2705747,37.3246214,16.2325241,39.3909265,43.7484023,56.3604142,55.3758741,49.1536692,12.2170021,-22.14812,13.5282792,26.4365071,34.7917095,3.99421993,38.9078454,10.3851267,13.9916299,25.3402575,22.2247428,31.7314074,,9.42617219,8.85123297,25.1877772,-26.937725,5.30903213,-4.7911545,-7.0859885,-2.7539097,1.30989262,3.48248493,18.3032502,-2.7715061,-1.1927698,13.478308,-16.814674,2.30639795,-15.687004,1.73459853,-18.907571,-16.086891,-9.0844159,-10.221399,-16.665326,3.86831797,12.7089371,6.40109052,-6.5594609,-5.5896863,-1.7517079,-12.982946,-9.4167764,-4.2043968,3.85996612,-13.167678,-1.6461182,-16.496228,-19.828096,-5.5557991,-1.2998265,-10.247611,,,27,33.0099581,30.9851864,53.3432905,6.97377087,22.7330562,31.7088832,39.1013225,54.162758,75.9880452,61.1296441,56.2274473,43.4536042,61.7960909,58.9878862,38.1835925,52.0799692,18.0074764,68.1729735,54.0340556,71.0589426,72.8953967,122.790209,41.3013103,81.2551027,47.2634789,75.3116009,68.6272632,41.9565783,66.4834147,70.1611228,66.6244654,81.7427474,88.2201478,20.276836,92.9223121,87.6763755,57.4442813,31.7006334,-3.965508,23.5803704,30.59661,60.2147361,49.9576304,57.1386615,40.104827,40.3282938,1.83114401,19.2930847,-5.3843497,-5.4396798,-11.36239,,9.78719286,8.69876257,-0.7159651,12.4213737,19.0330801,6.28650238,-15.334546,2.95244708,13.0492257,6.42665894,15.4105477,9.09769882,15.0167094,20.2006708,24.1492723,16.1372665,5.11483372,19.5837158,6.29761527,-2.1190923,14.6312528,3.92625728,0.05051578,-9.6028421,-6.6294355,-2.5598277,-10.47539,0.0043766,12.2680935,2.30105925,-7.5367101,10.4713533,2.67067584,2.36156897,9.80621845,-1.0154241,-2.4468349,-0.4925619,-9.0338539,-11.077729,-0.0254894,-0.9321807,-5.0571674,-10.804594,-1.3955578,4.13178426,26.8349408,16.0222429,-0.7307661,-0.7645361,-32.799912,,,27,58.3464982,51.3245128,12.6185206,28.8216446,19.9698071,10.5721856,1.83872303,37.6374504,45.5464553,39.2894211,60.0579938,100.52084,19.3436951,450.743304,65.7350331,69.3466447,70.5267819,18.4455246,4.5040255,46.7287566,9.19665257,-5.9486715,-8.3452641,0.75294157,17.8944223,15.2870072,3.55838327,1.46497083,,-6.3595893,-1.8951105,-7.5739394,-5.7658656,-6.3388468,-2.2300644,-10.491234,-3.6267138,2.01432251,-10.358661,7.11298627,38.4608334,-2.7276307,-10.658981,7.28144616,-5.5636251,-9.1781331,-7.4681578,-2.2855,-11.856953,8.33997709,11.0322914,-15.985241,-22.021991,20.9478712,10.8920787,-21.604269,1.87314462
,27.33333,30.779691,20.8280887,14.7007796,26.9940582,5.11987702,46.6335816,28.5471804,19.2562712,11.6817368,23.260701,54.8866403,22.0282065,38.2336015,35.7113971,10.6862595,38.3153706,34.2981584,39.4110084,57.6992389,23.9393617,36.7358544,45.7250058,43.7787512,40.9085348,26.7511993,50.3152129,44.5376889,16.9732122,20.6783466,62.8329863,14.2779339,53.7885722,37.944031,35.4273415,21.4443764,31.1656049,10.2174438,45.252637,28.3274549,5.0814306,17.495842,43.7889479,49.7709216,16.6760932,37.3737966,17.7878547,30.463486,33.4933664,,20.6069604,4.25771647,11.6156886,18.6967233,6.93144968,5.64326212,13.4784461,5.79596445,-17.579849,7.71573502,33.3837973,4.02333992,12.5550944,-1.3045213,-7.4549736,-2.5817271,18.5193314,17.9075161,12.655161,11.3502477,5.59027868,42.8822687,-0.2130225,-2.8931866,9.69422454,1.84159474,1.31163977,11.7367408,16.0677834,29.2772108,-1.4234273,1.59500635,0.25971803,9.30937786,-0.0741381,1.60556779,-3.8774906,10.7117646,12.0879423,2.72361612,9.44993586,35.8137356,21.4621781,12.5886282,17.8876191,-4.9188012,12.3967197,-2.6363062,,,27.33333,74.0005346,25.0057949,46.0886159,-86.739157,37.3909483,45.8869771,44.4229046,25.001242,33.7690949,70.9897236,60.9144117,31.2299582,26.3955673,41.2274595,42.4235547,53.9520539,51.6786269,54.0160825,75.5091698,30.1625035,17.3105797,35.5196592,14.8774382,34.61734,41.3109056,52.0458422,55.7692425,68.4215455,12.5295561,-22.25662,5.50246737,26.5095041,34.4205083,3.03616607,39.1510293,8.70926352,12.9762942,23.0233476,23.0285601,29.059047,,10.4249678,7.73866015,0.54911485,-29.67365,12.7674645,-4.984728,-13.5609,-0.7999586,4.66353426,-0.9810131,15.5492477,5.08384161,-0.2480937,11.3034699,-11.734653,5.23606847,-6.9839381,4.68942822,-12.271527,-8.6886977,-11.970687,-10.07168,-13.285125,1.86089292,11.99073,-8.5595595,-5.3303401,10.8211357,-1.2491702,-13.983023,-14.350607,-3.2151077,4.37550031,-4.0583173,-4.2249748,-13.093454,-20.150832,-6.4472075,1.41091042,-7.7151066,,,27.33333,33.2721125,33.3585679,52.8621515,6.34373653,21.1255492,32.1704248,39.0911691,50.6983388,75.1604028,64.4657842,49.662364,40.7377514,57.0879648,57.023125,34.6116412,50.2847039,16.6318932,65.164302,52.4271896,67.9059839,67.545775,119.311471,48.6471769,75.9236948,44.6902544,69.979378,62.7546416,41.4125335,65.4907959,68.7586646,65.2311667,76.3099991,82.5713154,19.3300195,88.2342551,79.842563,54.0495384,31.4183969,-5.0250481,25.588615,29.5309121,56.9283955,49.1368118,53.9934124,49.6948953,42.2247219,4.53333159,5.83483183,-9.1053385,-0.7778271,19.5039637,,10.2729781,10.675798,-1.1888161,8.83249903,20.602171,8.31848103,-13.749792,2.73718219,15.4823325,9.44980018,3.02078766,6.75888958,5.11561461,2.43567482,24.4593016,22.5121023,5.65822789,14.9954988,2.05087945,-1.3332328,8.41907505,1.65330385,2.99926314,-14.633397,-12.103585,-12.075311,-8.6042568,-1.3371146,9.91200235,2.03869421,-4.326176,6.74168883,4.79776906,-0.6255648,7.40037575,-1.3714629,2.08022169,1.65939845,-12.629139,-5.9843895,-1.9158166,1.27413022,-11.25065,-8.1351116,5.39408182,-12.854506,26.482144,1.31547477,9.12913493,2.47412721,-3.944935,,,27.33333,53.6728951,58.1103456,9.53643241,30.7375217,19.2375457,10.8354401,8.11294355,33.1710627,42.9699834,36.3992752,57.7962026,88.7315966,16.88222,474.729351,64.9590417,66.2139846,68.2542734,20.068303,5.91673369,45.6458061,14.875623,0.21160027,-0.2732306,23.2524478,15.1318846,19.3806802,12.0940587,3.42672361,,-5.1257596,-1.4349651,-12.212063,-5.8256799,-5.1647149,-0.3399901,-2.5740505,-4.4862142,1.81979633,-11.213483,6.17065053,29.7952227,-2.05307,-24.71925,7.68801324,-1.4071502,-5.498503,-5.9817347,-1.3201112,-12.732353,9.43817896,30.9175594,-1.7354926,5.91628448,27.7691379,10.8575651,-1.4078866,7.41962734
,27.66667,31.6672017,19.381277,14.375551,27.4532539,4.30574382,42.7446895,27.7869615,17.6311177,1.68937342,19.6832349,47.6776905,21.8072645,34.1873005,35.3061818,8.66960373,32.6554297,29.5004459,33.7019498,57.1555611,22.2430974,33.5471618,47.0860256,38.4037647,41.1287338,27.9639919,54.4081371,47.4072484,13.9235973,19.3585943,64.9410954,14.8352292,50.59302,34.1654528,29.3727954,20.6371252,29.3698989,5.5156309,41.3150833,27.3037106,4.52321134,15.8866238,43.5033475,51.0470139,16.8922514,36.7225816,17.2015224,29.9876721,34.1936879,,21.297096,4.2914198,11.4788774,16.8199872,7.45255821,-2.5481784,10.6342856,-1.1660463,-24.444457,8.86191387,26.9637835,4.86153576,13.1507824,-1.7680943,-7.2348576,-3.28912,9.05929618,8.89962625,7.40621468,7.15135694,7.5673246,42.4466982,0.68773989,0.29634047,10.739051,3.39453851,20.6464829,9.82450744,13.8208876,31.5852789,-1.0457382,2.43629682,-2.1415247,3.71310187,0.35418751,-0.2884729,-8.2747787,12.0906797,3.57883998,1.2255481,-3.5999636,35.1003624,24.5272281,13.3431953,20.2583733,-3.3211584,12.8743673,3.85863116,,,27.66667,68.2002404,20.7997103,44.7763333,-80.932196,32.7566303,42.4002286,38.8686585,26.8139616,34.9210915,74.9124995,50.2143988,29.0750948,23.2787049,42.6756839,35.1269732,48.4848726,43.8222609,46.6096245,71.4245252,28.0883477,15.5011929,36.2841959,12.2621436,35.74186,40.1909735,49.2782514,49.8917793,48.6144179,13.1135932,-23.372451,10.4606527,17.5940307,32.3809488,6.43956141,37.3332387,9.33620215,12.1379892,23.1545139,22.4153747,28.6208513,,7.51117716,5.18811074,3.94428152,-25.576628,18.4785871,-7.896501,0.47526657,-7.8061929,4.66756529,6.97455692,6.69462885,0.03443697,3.58666688,11.9451813,-5.962064,0.4458574,-12.127856,0.35596966,-7.0346224,-5.8541741,-8.2151337,-4.5282957,-14.686463,4.35043943,8.58956983,-7.7307408,-7.264238,-6.2347234,0.82062773,-16.085548,-10.607102,-4.2464572,2.68376683,-9.6808661,-1.1009651,-17.287167,-22.36155,-5.997794,2.74925235,-9.7293553,,,27.66667,33.2920865,31.8067637,49.3630072,7.69835142,18.2820278,31.2088693,38.5798427,49.5851435,70.0214465,60.9649496,51.8333132,39.1686484,60.4161992,54.2807499,35.7537634,50.8445637,16.6012012,64.5211313,48.1563493,65.1647583,66.0630147,117.572476,61.6095662,76.0632203,45.2740103,65.7219536,54.5858247,38.1872921,66.7056011,67.7826366,58.7611407,70.0036652,77.498867,18.374314,87.116375,75.7429767,56.4170175,31.3425991,-6.7299995,21.749301,27.4899983,57.9736776,50.2453884,52.8791726,50.9192322,44.6531682,-3.0746693,7.65359399,-14.165628,2.46056603,-8.2731508,,9.91867428,10.583648,0.44304364,10.3655677,20.2391958,9.12523978,-22.050278,5.95256715,14.5211894,11.6102799,3.81172993,3.08835827,16.4057835,0.11795005,25.7223573,31.7951737,4.55176282,21.8402704,2.18141134,-3.371953,9.68070183,5.00076197,24.3280665,-4.584033,-10.871032,-11.323135,-10.87606,0.369797,11.4897923,4.2920842,-6.7161629,4.21207793,3.24260911,1.17706938,9.59645789,-6.3179321,13.9835014,0.30371626,-13.334109,-11.521767,-3.1217679,2.46595542,-2.2605813,-6.7409019,10.5563621,-3.3579766,20.121804,3.47763469,-12.175034,6.6358102,-26.359223,,,27.66667,48.3252165,57.3522859,8.04121957,25.0353826,16.1395385,6.7739226,8.21875281,32.2892391,45.477794,53.9031725,55.8430995,99.5873525,23.6158856,467.020271,63.310549,56.2878287,70.7690774,16.3022521,3.98308202,46.5254439,8.10009885,-15.861895,-4.878884,0.91485423,14.9662371,11.7765361,16.6445169,1.61000005,,-4.7675677,0.97407452,-12.044097,-4.6938816,-6.1579709,-3.3297905,-3.8458204,-2.9818975,5.94808589,9.08266612,8.14625686,42.7698065,1.25384083,-29.974804,7.19151221,-13.587426,-3.3764262,-7.1948735,-2.0729615,-14.143025,6.60065504,11.4637877,-1.9337131,-20.422296,12.0983116,5.38074272,-2.6512739,4.21172621
,28,28.8056427,19.5048075,9.73721511,26.6678525,4.48704466,42.0062852,26.3088957,16.7647254,5.9899327,23.3395092,46.4048734,21.5544442,30.3377876,34.9415125,10.8670125,33.8247467,29.8341431,26.7613759,51.343304,18.5633388,33.3128563,49.136967,36.8189379,40.4307442,26.8394898,49.1255766,54.5404514,14.5829593,18.825264,57.4567339,12.8674076,48.7611711,38.2957367,35.0673904,20.5503698,27.8664391,6.634035,44.4392321,25.623352,5.16432751,14.4233305,41.8966568,49.5759321,18.4017664,37.2751004,16.0527841,29.1659373,35.1663663,,23.1502454,4.60385984,9.86313605,19.6693883,8.10016899,-2.4050849,10.2569241,8.22443373,-19.812823,4.14876101,27.1301611,6.13690732,12.0888892,-2.5560511,-6.4611648,-6.3943986,-5.7596422,4.56587547,11.6943529,6.95617019,7.68329354,40.3503886,-2.2478541,2.92674153,9.69444481,2.2941494,17.9000349,8.38493971,10.2397192,28.2106748,-0.4446151,3.57033989,2.75760868,10.579219,4.26252276,1.35670091,-3.8533436,11.1626545,0.52750687,2.28837625,-6.0352143,32.1214616,23.9732173,17.3195347,19.4336688,1.69282869,16.3543251,10.2220834,,,28,71.8858916,29.1791164,57.5708077,-72.560493,36.0547224,46.5101428,41.290497,33.0696922,30.8164401,66.945767,43.6573901,27.0816154,23.0293455,36.5573943,39.2751442,47.6652518,45.7389645,46.6456909,55.6975958,28.0626275,12.9918731,35.5773328,12.119099,28.8868382,38.5194913,38.0830572,48.3910862,50.0777251,12.9223298,-24.027952,7.34789875,21.3352471,33.822143,6.75766019,35.0809901,7.95093014,13.488065,22.8704758,20.6465193,28.5759585,,9.69179714,11.8673652,15.9096393,-19.785591,11.9147289,-1.2162271,-12.634045,-2.6905719,2.47282964,7.249864,-5.1514999,0.23575665,-1.7306941,3.88593451,-9.0707655,1.73138357,-9.6632538,1.2727761,-17.715189,-0.5416328,-3.2534123,-7.0797596,-12.403182,3.90796586,10.4160401,-24.004489,-2.4961367,-9.2485818,2.64161045,-15.05545,-12.100242,-10.998882,4.98405346,-13.113263,-2.8632942,-10.516889,-15.011744,-5.0291023,0.54370429,-7.1126202,,,28,32.6658707,31.8698974,49.8137119,6.66503156,19.7238508,27.1921151,41.3831915,49.2898026,70.6657107,57.4403102,44.3536769,38.6592142,55.0337951,51.8076827,31.7566975,44.0246477,16.4361128,61.8714253,46.7417008,65.2130566,64.8479825,110.619954,54.5769083,82.7157534,43.08981,66.5457599,51.4937196,39.0241876,64.2265712,64.5479084,54.8572215,65.6504835,76.1450088,15.98701,81.7723213,74.3827319,53.0213244,29.425698,-6.7802311,20.555962,28.7967612,56.7956951,47.1651146,46.6432948,48.5069626,39.0966454,-0.324069,2.56509859,-4.2511907,-0.4379642,-6.5942835,,10.8526691,11.9941718,-0.2797274,12.7353091,20.9667961,1.7063109,-9.8815215,5.5260483,12.1982033,8.56948374,-1.5384043,9.46497764,8.44849869,7.73897712,20.5829827,6.0266001,3.75390421,20.8235744,1.32004556,-1.8204084,8.73812778,2.76451041,8.90646698,4.267428,-6.1775141,-4.4966259,-15.97777,-0.6219009,12.3782341,3.03880145,-6.920678,7.25756451,2.06549518,-1.9086927,8.5731933,-5.7484433,2.93333762,1.02269424,-11.893655,-12.312496,1.91389289,-0.1289105,-1.2280461,-9.7408522,3.68517533,-10.921642,17.6683659,-0.4367119,14.6450847,6.86284642,-27.463662,,,28,48.2372254,55.8175364,5.84431682,22.2964603,15.0206617,8.02261281,5.23016766,31.8945932,43.8167422,65.6751006,55.5522564,104.0632,21.6251468,438.490444,60.4565105,60.7154755,69.7035954,16.3157386,4.45974854,45.2151025,11.2368232,-13.836122,-8.0888512,-61.24745,6.11919972,13.4512015,17.0554435,2.08856424,,-3.6045997,1.94676378,-15.049653,-6.6899223,-4.6008925,-5.7238463,-5.9377355,-1.5960638,6.70715352,26.1752373,8.58264044,54.2285278,3.17571428,-31.452856,7.74484085,-4.3654452,-4.1601414,-6.9326589,-0.7785999,-15.672859,5.60080724,12.2038868,-10.353703,-79.562565,10.4846121,11.0795318,2.01335582,5.66871904
,28.33333,26.2564106,17.0409414,12.2805391,25.9523678,1.38303189,40.2060247,21.0312591,10.8975396,4.28114737,15.165581,45.2709104,21.626555,27.3579619,32.822056,12.7930814,33.5768009,34.4018907,40.647811,48.3679428,18.0173636,30.352266,44.6316651,37.6259903,40.9962541,27.5857603,47.8114752,52.0837315,12.9447593,17.8568277,58.9798145,12.7943475,46.3781544,37.0592182,27.6563169,22.8334491,29.9861706,6.43357291,41.0020609,27.1365518,5.89597197,14.006949,42.1996934,49.5064141,18.8565329,36.6442214,14.853351,26.2767073,32.5708727,,19.4369195,1.58755282,9.66069652,17.2907846,7.34355685,-0.2485652,11.0818625,5.06824269,-24.016273,2.10736058,22.7285445,4.37950061,6.07138282,0.38015885,-5.8176144,-2.4822101,2.07095079,25.3927802,14.4185912,3.6801946,8.73392942,43.8262329,2.0370269,4.00695305,4.65705653,6.17979656,3.23569813,3.61026566,8.03984901,30.4647449,0.38382746,1.82774075,-1.1724137,8.06365157,-0.6195317,0.40034314,-1.7087695,11.2660345,6.02682488,3.33896136,-9.4678873,33.0556811,25.1547291,15.6205532,21.0697369,-2.6018509,9.85979883,7.8230096,,,28.33333,65.3961986,22.7358346,54.0884377,-73.686724,34.987234,43.4658312,39.8397286,31.5670482,28.9849015,59.5527093,56.0829744,26.7642297,22.5203685,41.2688479,34.3275763,44.4722759,44.5861961,47.2768782,57.5801585,30.0697327,10.4828275,34.1841317,10.1131153,29.686499,37.5425142,41.3127367,47.5383198,46.9304281,12.2890444,-25.583599,6.34013376,24.2479702,30.718047,5.40111217,34.9648881,6.54496135,12.3828095,23.1686126,17.7588902,27.9148205,,9.23203972,10.2645809,17.857953,-22.951216,19.7608875,-3.5870249,-10.694282,-1.025365,9.63445077,3.2393008,4.49367543,1.47818483,0.13383175,9.46933023,-11.941538,0.94896061,-12.654114,1.01742025,-17.308311,-9.6642638,-3.7050948,-9.1267739,-13.797848,2.92372148,11.1024091,-15.012628,2.89800676,-7.1602707,1.78387447,-16.078477,-15.500469,-3.6243698,-2.2886063,-5.6240029,0.7835165,-15.520672,-18.525018,-4.4005727,-1.5033757,-7.6108419,,,28.33333,32.1077678,32.4887304,46.633261,6.18156078,16.266101,25.7132427,33.2232188,47.5944032,64.9527104,57.0666443,46.0813159,40.9769283,52.1117483,55.6159583,33.2439147,47.185245,16.1484178,57.6735945,46.9435567,65.8283482,63.2962861,109.093246,43.5439381,60.4888995,39.5827252,62.3360674,41.43661,36.15491,64.3237465,62.8237364,54.6857114,61.6156,74.7624767,14.517221,76.5580765,72.4816628,54.5173596,24.9192176,-8.7200514,19.8478056,27.6748125,53.0784986,48.2914563,46.2618925,47.8478709,39.5160833,-3.1472656,-0.2870023,-10.790724,-1.4901518,5.52698442,,10.9610358,12.8186615,2.18408274,9.20011037,19.5399297,6.25081441,-19.601797,10.5344429,15.2975967,9.81029835,0.07841528,8.55472647,2.78440449,12.9998222,22.6405278,22.3208974,2.92150709,10.2069121,1.58452318,-1.4090637,8.94824036,-1.5763079,3.72207939,-18.214433,-12.947321,-14.726058,-20.24938,0.67629989,15.2002406,0.66677616,-6.7339865,6.35128011,2.60456159,-1.2300572,7.3597072,-6.3010149,24.4241332,1.5094082,-8.5692149,-9.3851948,-3.3467927,0.16796604,-1.6538507,-8.5437139,3.90452946,-8.0585658,14.4828861,-5.6505636,16.7805267,-2.1611059,-20.597082,,,28.33333,43.2043587,55.2296092,9.10157619,18.5560112,14.1706328,8.14979656,6.04670956,29.3030201,41.8985563,13.141126,55.479556,86.8296878,23.0525851,429.725874,58.8402701,58.0597559,68.2146841,15.9835623,4.20605728,42.8225602,6.96830118,-8.9043114,10.5431332,11.2540343,-5.2833641,7.59215345,5.42477969,-1.8882905,,-4.4794531,3.51860464,-9.8571674,-5.3790127,-4.2564252,-3.5743911,-4.0929447,-3.4835698,3.66098954,-29.231502,10.4589496,36.3677213,3.38462463,-20.904428,6.63605168,-4.2190934,-4.8474303,-7.3124332,-1.0463087,-16.38309,7.99749023,12.7314538,11.2910145,-1.3510139,5.13327852,4.59217601,0.68339057,1.67511228
,28.66667,23.5551108,13.0385699,13.0278111,24.9746558,-0.5988756,32.6850358,26.9478429,16.0135837,4.82530823,12.1370066,48.8209439,24.0574605,26.0964376,33.7711962,10.8655297,31.5633798,33.1096339,20.5607224,46.3446018,19.991556,28.9239086,38.2269163,36.1778284,38.9594951,26.7825087,44.5298896,49.3301377,12.3672374,16.835689,56.6416189,13.0385177,43.7204987,32.4680281,24.606322,19.2307229,27.2079791,10.174824,40.9501565,33.1061691,6.31957677,11.112681,44.5840188,46.6146518,19.3128621,33.7384461,13.388616,27.7173038,26.8179327,,18.6273767,1.26285878,14.449197,13.9336782,2.80851494,-4.3126875,22.0389312,4.39584015,-16.885495,1.3741877,25.6196114,7.93215305,7.28397845,0.55501255,-2.1059736,-1.9709407,-3.1629912,7.16972963,13.6743482,5.76123563,5.74674461,41.2268285,10.8812815,6.43691087,6.20331629,5.09062524,8.59842589,5.7734756,11.7175619,28.3537542,0.29164859,0.68325707,0.19858477,3.07471202,-3.259305,0.76556076,-0.1021169,13.7645232,9.45912374,3.73165696,-18.567537,34.9120465,22.2678575,16.2348636,18.1766816,2.42595215,18.5027511,8.90571592,,,28.66667,64.0287247,23.3285513,45.4064996,-66.376226,31.4375592,43.7780939,32.6375842,31.1530179,25.528078,60.8840271,42.4614387,26.8280131,22.8879495,36.4977779,33.4806094,43.4899427,42.6009522,43.6849519,56.4661299,25.2586527,8.68917327,33.9174578,9.8656028,28.6362205,36.3397859,38.5065308,44.7061005,49.4115568,12.7646374,-25.267628,2.58439105,26.643352,35.1078635,-1.3857632,33.0802362,4.30238763,12.0649655,20.5517949,17.1916864,23.9189481,,9.19081773,10.3121543,9.33515004,-19.176151,20.2980183,-5.1444517,1.62067716,0.22568649,4.38388826,3.72514287,-5.2678506,6.28656031,2.08267876,8.74740575,-8.0883292,1.64146185,-9.5662439,0.59621307,-8.7908506,-7.2813904,-0.92069,-3.8399877,-17.882235,3.8237845,11.2117089,-9.3744267,-8.1756917,-19.388866,2.93995384,-17.665111,-17.888104,3.85334608,4.81678021,-15.094307,-0.1190613,-11.196724,-16.71368,-3.4175624,-0.0830167,-9.6067764,,,28.66667,33.704782,32.0962606,42.2267535,6.63432001,17.4300402,26.1357719,30.4114517,46.3513231,63.3213836,55.3671292,56.9779384,35.2091536,52.3705844,54.5407282,32.4442626,50.7387855,16.2076292,56.2131742,44.721926,62.5879647,63.0361269,106.840842,50.0795484,52.4144085,40.7997307,62.0728469,39.57809,34.6682617,62.3331714,59.170574,48.1134636,58.5319176,72.0831569,14.6738514,73.3656127,68.8765023,51.5981844,26.8431062,-11.00183,19.2527915,23.0337451,55.179627,45.9432035,44.1115971,45.4736805,36.2832667,-6.2089619,-6.8862376,-11.64913,0.11332648,16.1561841,,13.7552786,11.3661312,-2.4935566,10.0985414,23.4164777,6.80977045,-20.592771,9.62694683,10.2180532,8.40556041,12.6689821,5.08034632,14.2808286,21.5239802,23.1769928,29.6550716,3.59812312,13.0911538,-0.2996543,-0.8573356,6.98035847,2.79511903,12.8726491,-16.552132,-10.594241,-12.052618,-20.725512,1.07678151,12.877838,1.22140902,-7.9876566,6.58081533,4.91935318,0.35113104,4.83027218,-6.6488105,0.43316,-1.417769,-16.023587,-11.302612,-1.2749628,1.75028665,-7.2895,-3.5360477,5.11973395,-5.2684743,9.54148835,-19.757394,19.187024,3.11782748,0.93904723,,,28.66667,39.865577,50.9704521,9.31606631,17.3877271,12.6939652,7.64747525,2.05934653,26.310022,41.9078205,19.1606574,46.8495988,86.3349351,11.291936,381.448829,53.7016961,56.4906501,64.5314784,13.8292307,3.48235905,44.685003,5.68322262,-7.6583636,-8.669566,21.6944592,-6.2081542,12.197648,14.0279085,3.83920352,,-6.8957331,3.97371733,-5.7551018,-4.4709813,-5.0136975,-7.6809421,-7.7336003,-2.3783533,6.39568769,-14.008528,6.7694235,40.8031342,3.99982406,-18.330303,8.47541238,-4.953575,-3.5258808,-5.8662088,-1.1993221,-12.856814,4.52016568,-1.3725144,-10.056545,6.85376826,-2.9958164,10.3307403,-1.9369966,8.43395674
,29,23.7907348,13.6092706,9.49657565,26.3699877,1.96868565,33.7541461,20.7278072,11.1502685,2.9881742,9.08614606,45.8568748,22.4630537,23.8618258,29.3928046,10.0693242,31.0594422,22.8238597,22.4142656,46.1039459,18.2528472,27.4364138,37.2711549,33.6790608,38.7477247,27.358541,40.4485089,45.2385651,11.6835511,14.7186041,56.6455782,10.9080201,39.7527381,31.4512661,24.4591006,20.4227173,25.9300189,7.98114682,40.3634498,27.0087125,6.8485157,6.2017725,43.1673652,44.1676341,18.8782016,34.0491255,12.6851666,27.281194,26.4624087,,20.80516,-2.313359,9.2105467,16.3143292,7.92606287,7.07312143,17.1882973,11.3540083,-21.222026,-1.1238968,24.7114805,8.13466491,3.66719176,-3.2847909,-6.4589159,-2.5094594,-10.177944,6.07628652,17.9174159,8.83425595,6.87964248,54.900205,4.87858819,5.46294717,8.24387555,5.24198888,9.40631115,11.6166643,7.05583087,24.6802549,-0.9580502,1.02591357,3.36120458,5.1968176,1.30227566,-2.3141417,-4.3107599,10.8262416,9.08406387,2.35059999,-17.938417,32.7448369,21.3986306,17.4506503,18.6913074,-3.6113258,15.468109,13.7537325,,,29,62.9194663,22.6168231,59.054121,-57.850891,28.9292724,38.6983578,37.0625397,28.0893532,22.6116082,62.0381648,41.6532962,28.2772682,25.5268272,33.0837922,38.3607804,42.1216548,43.9513802,40.8990666,62.1877965,34.3809473,5.13704972,32.3053579,14.0678282,26.5687203,34.5093852,37.3641554,42.4331127,60.703029,13.5163872,-24.579812,2.62577858,22.9641729,34.6336212,3.59303108,34.4396086,1.51047217,11.936812,22.745131,16.3655175,24.4619036,,9.50279247,9.67006961,24.5205185,-19.429338,15.7885219,-2.2391927,-10.240647,0.97116712,4.60287799,6.11293448,-3.8601502,-0.266332,0.20731421,1.28214701,-6.097138,1.53173129,-11.862188,-0.1215471,-4.102642,4.73974961,-6.5370738,-9.6524935,-14.831583,1.66050177,7.40540467,-7.0278444,-7.2741676,9.7896246,3.73576123,-17.494588,-16.130249,3.43004798,1.6875141,-8.4836239,1.42531611,-7.9663019,-14.229116,-1.4488613,1.0509792,-6.4388794,,,29,32.6442844,29.8924099,39.8061334,5.65013406,12.9540125,25.0229924,33.3416565,42.464471,60.2819329,51.6284359,52.3754818,34.0264667,48.3701722,56.2597481,30.8239943,48.0253413,14.9900783,55.0945926,45.6364518,62.1202734,62.6538048,103.638168,47.822625,73.131342,36.7943407,58.9324624,35.3755069,31.693409,61.9021555,55.5817876,48.7315766,58.1126458,73.9113598,14.7186156,73.4808796,67.4556034,49.9374456,26.5150731,-8.5848478,19.320717,20.3306305,52.2186621,45.6906886,43.6224205,41.2478673,34.7495623,-0.3570227,-0.7130542,-17.645407,0.30687918,-25.464701,,11.2486012,10.3449865,-1.1226881,6.44494081,21.9686283,6.86492871,-31.028285,4.87997151,6.93717757,6.38658585,10.2552854,5.3979236,4.96184781,7.22132844,22.5079232,20.9240069,3.01671898,16.0863094,2.36537888,-2.5549733,10.6608701,6.61084837,19.1887223,10.9228764,-9.4621546,-14.977496,-22.924473,1.82728894,11.3069132,1.61451704,-8.0888946,5.5923729,7.48171531,2.10353658,3.54233994,-6.8873431,0.63924052,3.97398749,-8.5127788,-11.449453,-5.3574742,2.05488389,-1.8717617,-9.8879561,1.11590402,-7.26481,21.6515691,3.44744121,5.0787663,2.59404676,-41.416478,,,29,38.2846646,43.7247954,10.2197023,18.3548211,11.4070073,6.56531199,5.08995271,25.0776317,39.4614981,37.6130658,53.8808533,88.3993767,16.1469861,387.014223,61.2432642,51.4561177,60.5263608,14.5785124,2.88237519,42.9051995,12.145134,-17.903491,-3.8457935,36.0951059,3.45938243,10.7280009,13.9734951,-0.6123296,,-4.6932629,2.8559202,-7.5454566,-5.5621875,-5.869265,-6.1942458,-2.8311676,-2.608302,8.48508027,5.79096697,12.1243301,39.7269471,-1.7995529,-29.51623,12.5329197,-5.8141528,-5.6552622,-5.0964592,-1.3403952,-15.130121,7.91832618,4.0551201,-3.2450738,23.6666084,8.63065863,14.5127259,-1.1577508,2.67537821
,29.33333,23.0951274,12.5197217,7.70004401,26.172236,-0.4060235,30.7456808,20.4445735,9.37015817,2.39280334,11.5171372,41.9713515,20.8407631,20.6004767,29.468851,8.32580027,26.7634985,27.4281778,25.3846571,44.3645861,16.7586032,28.1970255,28.1475234,30.8369565,40.823451,27.6338575,45.0553358,41.5662303,8.14214988,16.2908907,50.6369057,10.1360668,40.2340772,30.0219821,20.9725542,19.9107763,26.0433463,5.90584944,42.0850255,30.874163,3.20729086,6.0988376,44.5101483,41.8747947,18.8943578,31.6688207,12.7120221,24.7551829,23.6406953,,12.7918591,-3.9115408,7.87059529,18.1367472,5.01414841,-0.337527,12.7145668,-0.4967159,-20.369296,4.3297743,22.6839327,5.71189577,8.42738951,0.81996404,-3.6242148,-7.0020093,0.95755899,8.49907075,13.6449801,9.59238522,9.10002932,48.3650316,4.08872461,12.5660798,8.57794461,3.60093236,8.02412268,8.5490587,14.8473061,26.2138303,-1.8216453,2.39608961,3.79914182,3.02299649,1.09156235,-1.7694272,-4.0072892,12.1776187,12.8441979,0.32974382,-15.42016,35.7341805,20.0150714,13.2701285,16.5653409,-4.6804498,12.3207598,6.42017335,,,29.33333,51.6615275,22.5468057,48.2832257,-43.99733,26.1085291,38.7760094,38.7263244,25.4523873,18.9083891,57.72289,35.5864843,26.5103797,25.3531093,36.8023393,35.9874787,41.2371982,40.1549304,39.8907371,44.4922843,29.0028453,4.87693716,29.0657451,14.0074131,23.6574499,33.3022436,33.931893,41.0625834,48.6446203,11.4429719,-25.10563,-2.9088757,24.7864186,30.5398257,8.60364353,35.5472566,-1.4398135,10.9542031,21.2974675,18.1068519,24.5134713,,4.21528525,7.61201147,15.0767534,-7.8557645,13.6131286,-6.2523645,-3.3704242,2.88432286,0.72496853,4.45351385,-7.3996953,6.49565129,2.646739,8.87636241,-3.7712942,3.1287004,-9.7708855,0.2381099,-20.969048,0.55656433,-4.0577712,-9.0357522,-10.930936,3.64129542,6.04680635,-10.213763,-2.5845199,3.37271014,1.14963649,-17.552277,-13.952624,5.66098521,4.09770119,-5.9387477,-0.2370764,-5.2020791,-15.573383,-4.3552341,0.90179928,-3.4839373,,,29.33333,30.7598166,28.4861318,42.4499606,8.87017501,13.92079,27.971739,31.4843208,42.8831319,62.1722139,51.3308684,48.278232,33.3560216,47.7271666,50.8684605,31.0675785,46.709561,13.2662046,55.2898133,42.2213281,59.9748438,59.7085765,105.627376,53.7645128,52.0250427,39.3357853,61.1378377,35.4775506,28.1182034,58.3969067,55.498089,44.4179409,55.7579053,68.4563091,15.6580144,70.138097,62.878655,48.2816495,24.942612,-7.0881433,16.2259686,14.7686888,53.6862663,47.283787,38.4191753,45.8041552,32.5219852,0.73477599,-9.1029935,-14.133417,-1.5125238,-4.2157879,,11.4742251,8.58745347,2.30318805,11.5226166,18.5959944,14.5661907,-3.5993834,6.47948114,16.9197592,4.84848874,10.4928773,11.3572717,5.01957017,10.9514479,22.6688114,20.7871057,0.72131093,13.9191308,0.33954834,-4.5703565,5.2977865,5.31796983,12.2554166,-6.457662,-13.071026,-4.309754,-23.708695,2.77706371,12.4668234,-1.798582,-10.949525,8.35409336,4.39062878,1.69365723,4.33646869,-9.335023,8.63214644,4.28934939,-8.6634946,-10.800958,-3.5342506,9.11124904,4.14259914,-8.5194371,8.84689266,-8.7133027,15.5200148,-13.406755,8.26021688,-0.4681344,-20.327038,,,29.33333,37.1031086,34.4452307,10.1594487,18.37672,12.0568888,5.86949406,3.1392192,22.8151614,36.8569946,31.716436,54.6309173,77.4127151,5.50232109,373.609667,53.7621077,50.7503937,57.7400585,13.4370598,3.12176788,42.1417151,8.97425155,-16.392289,-6.258901,29.7062563,12.3019083,12.1344104,3.66453165,0.49317529,,-4.8042308,-0.052889,-5.2298236,-2.9330331,-3.6665589,-6.5113985,-8.786066,-5.1106431,4.95527487,6.76490604,16.1334527,33.5979405,-4.4787009,-28.993102,9.45761892,-8.5284222,-0.9234211,-4.1849359,-1.4861405,-16.266239,7.82730394,-0.5212561,-7.5517644,21.0035061,28.565933,10.2651449,-16.920492,1.959551
,29.66667,21.5847933,12.4992775,9.31246528,24.5207695,-1.4737372,28.463204,20.0180063,8.65133636,0.14928872,10.6128971,45.4242913,22.1055467,17.7482737,28.5435703,7.45443368,35.2835029,28.3026783,30.9867437,36.9927733,18.6880429,26.1915354,32.117003,31.7564073,38.4570452,27.3028917,35.7421359,40.0106621,9.11078912,18.1870166,54.1793224,9.81015473,35.7065933,26.4224496,23.7519222,19.043191,25.5634705,8.87106505,40.4005771,23.8148052,3.23861038,5.34304693,44.037623,40.7875886,21.1552004,31.1673338,12.0678268,24.3958208,24.8602578,,9.23083849,-1.4415004,13.6523485,16.4353986,6.72512192,-7.8079013,7.89123672,2.33853904,-26.098931,-7.9513342,26.4097624,4.16877469,6.06490354,-3.7749426,-8.5605241,-8.1149685,2.59890921,11.1436264,16.5357718,7.20551178,6.79603033,19.9163568,8.30841581,10.6960975,1.86759189,0.20161747,5.08404806,10.9206703,15.9162158,24.4412255,-1.6267847,-0.2129524,-1.5681257,1.38730277,-5.885808,-0.518882,-4.0881867,11.5706052,2.11971549,0.91002506,-12.531404,35.0432944,20.4047133,12.8760491,15.7708496,-10.318378,13.4851644,-11.017463,,,29.66667,51.4539575,21.2779672,44.1969987,-45.41232,22.9591101,36.4621149,35.9812702,26.802267,18.2068585,58.6199843,29.3238217,25.7425158,25.1767457,38.1351754,32.5531157,39.1880807,39.2235958,38.6081618,50.5032063,25.7001297,0.48116628,28.6960718,15.7170759,22.4488587,36.8569747,33.3927657,40.4971167,51.9574657,11.2225251,-24.784738,2.0254117,24.3815849,31.8819274,-0.4486657,35.6517153,-3.3315243,7.50398865,18.81247,15.5116973,22.5613465,,5.03918357,1.28158468,7.26116602,-12.743378,10.6098827,-6.745993,38.2358867,-8.2278457,7.57549676,1.31171888,-3.2279558,0.43983942,3.44135466,19.1244724,-7.0492515,6.12546195,-6.2566913,-1.3484632,-12.181009,-3.175506,-5.2868965,-10.717957,-10.832354,5.20719222,11.9117523,2.60025453,-1.1077931,-3.7120195,-0.245395,-14.21356,-13.452617,5.2581243,3.39610286,-8.9993524,0.67510319,-13.753385,-21.62732,-4.348373,2.36603797,-6.0896478,,,29.66667,30.5188739,27.48547,39.5479132,6.10296256,11.9439224,26.0283584,35.0407172,41.3990771,61.0391572,51.9622966,51.9172442,34.6967811,49.3489628,50.7505143,32.5191617,47.4758651,15.2358287,54.4037594,45.6903566,60.606244,59.4002537,97.0266085,33.311705,62.6188942,33.6141362,58.8680943,27.5992222,32.1376678,58.4147466,54.2563961,43.0282571,57.2015348,63.7167159,17.8639984,65.2612598,59.4788549,47.824035,24.9451556,-8.9263978,16.2781524,15.8140548,50.908492,46.1032371,40.822124,36.9127228,31.184453,-6.8699819,-4.2202959,-10.04005,-0.2437956,13.9393636,,11.6909846,6.87148484,1.09157622,11.8245197,15.2386587,10.2899818,-3.3874873,9.4005935,11.757508,10.8914739,14.8802145,11.8753393,2.02700371,5.45346618,24.5582899,33.0484585,3.60294343,11.005812,1.73760047,-1.4352643,6.98255434,0.04856915,9.30493546,-13.759192,-13.552592,-12.171362,-26.691353,4.7878206,12.0185253,1.31084272,-4.113098,9.38030388,0.59436813,5.64292705,-1.5798085,-12.930104,-6.6907814,4.38568553,-8.5972964,-10.979443,-3.3689866,2.38882905,0.75737976,-3.107754,-3.9970696,-2.1759953,12.6035478,-5.9016998,5.59417106,4.6066427,2.21931047,,,29.66667,34.0417352,29.8526757,5.62808205,17.0374907,10.9552288,2.95170201,4.12710296,21.4466196,30.500628,-10.79577,50.4288369,78.8639751,6.42396574,361.433555,54.2157317,49.2397658,57.6740625,9.99098504,1.82743368,40.9192361,8.13400244,-11.231327,0.19270807,-33.967009,12.7009057,5.71386774,3.99621646,-0.1174914,,-5.4739294,1.52744905,-10.844646,-5.9004719,-5.8514398,-8.3536543,-6.5577019,-4.9225917,-0.9446358,-36.968119,12.564708,31.75462,-4.7340958,-33.719878,8.96112563,-10.588826,-2.732928,-6.0424418,-2.0997429,-15.193949,5.75181143,11.7075194,0.21126156,-46.808108,18.7323372,6.97758876,-11.414555,6.29548688
,30,21.6910463,13.5928319,10.5855246,25.1675283,-0.4620733,30.851382,19.2430604,7.94818029,1.29954998,13.2777708,45.8147468,17.826887,16.6523857,31.3381073,15.8143632,30.4826685,22.7129447,26.434834,45.756755,19.7691739,25.9733296,27.0022145,25.8087786,38.6263844,24.4821473,35.3171954,37.5934111,7.89760262,17.0733408,48.0160071,9.06602914,35.9339799,22.4582128,19.0405675,16.7497451,23.0976378,3.70189818,38.0925728,13.3558135,4.17743355,4.44677186,41.5755739,41.6823575,20.2026676,32.2444746,10.9216656,24.0417933,22.2550178,,11.1513022,0.60951786,13.7292684,18.5580475,5.46645018,-5.0166975,10.0898845,2.82116991,-16.732583,-7.9398731,30.8066888,6.74138588,7.40498071,1.93006268,3.14451443,-2.0897939,-5.9479146,11.4024417,10.7428919,5.77455983,5.05069496,43.083579,5.43330234,10.6127862,5.85001928,4.12653496,7.17666565,6.91642788,12.745912,23.765552,-1.0934559,0.01916333,-1.2747419,-1.9568389,2.74409617,0.45685098,-7.4428801,14.136364,-7.2051618,4.06575144,-19.73916,30.3677897,22.0172128,10.7857162,18.9737473,-8.9358943,11.8987623,-18.311285,,,30,55.2865745,23.3565543,44.9071579,-31.050695,25.7080396,40.6952083,35.3234889,29.0365651,18.9491891,62.2683421,29.9470716,25.6351886,22.5365353,33.2008405,28.7562131,39.5712737,39.9122578,37.8914881,35.0317898,20.758933,1.74891718,30.2198872,15.2808497,20.5091941,34.1075306,31.8804672,45.3327073,62.0355986,10.7088476,-24.734659,1.08109224,30.7384961,30.9255682,-3.181048,34.9823803,-5.2175029,8.40512184,18.7856884,13.7785297,20.6241065,,5.97725787,5.19671807,5.97088014,-7.915508,10.2219203,-2.1315039,35.2824806,-6.7006931,1.95689191,8.3350354,4.16092702,-0.9040303,2.89888285,16.2206006,-11.101758,4.16391475,-8.3100418,0.69952514,-21.289038,-9.9240699,-5.0969703,-6.7100685,-15.661208,5.52948954,7.48583891,0.66816732,3.50016971,3.70339768,-0.715052,-15.57841,-10.324245,9.4585041,2.06358565,-15.596013,0.54315278,-12.649581,-15.879607,-5.2255903,2.41573599,-5.9543179,,,30,30.7110108,28.5686269,37.8954773,7.83896409,11.6150668,23.8224337,33.2871032,40.1550847,56.6225907,52.2937452,46.3060753,32.5107005,45.1935779,47.7748465,30.3769806,42.3725437,11.7319021,52.3116802,42.880484,57.6499677,60.3296071,97.7173514,50.5949275,60.6605874,30.8103454,56.2728517,28.3885816,32.6282812,56.3963266,54.3853245,39.0920452,56.2387923,56.7711368,16.0055845,63.593464,53.0925083,48.0164579,23.8694691,-8.830645,13.6225119,16.4625193,48.6607386,41.7220554,31.8894806,36.6131115,29.958777,-11.11699,-1.2881897,-18.157712,-1.1189584,-34.817322,,7.34603905,4.87996225,-2.6610549,9.08325676,17.8588716,10.4527996,-10.427315,4.82671251,14.9319207,6.37598397,13.4292257,5.73911374,8.27793321,9.58021227,21.4797442,27.6235005,0.33264005,9.35176986,5.0901738,-0.7671877,6.18672476,-0.8697149,15.6387718,-17.242813,-16.514453,-10.629786,-30.317861,-0.9778536,11.5687197,-0.5231623,-9.8075909,5.59737414,-0.9125856,2.40776166,-1.0103536,-13.58242,-2.297345,2.02374772,-7.1804643,-11.026153,-7.7901972,1.81624777,-1.9630429,-12.485328,2.02244987,-1.3103889,9.12462524,2.4008449,26.1256772,-0.1941466,-46.137247,,,30,30.9703941,29.149661,6.78009581,17.4323412,11.8741564,4.64528841,-0.5394337,20.7297535,29.216794,13.4253404,42.7664718,71.3960433,3.04747774,334.558368,47.6086572,43.1947249,56.5972796,8.98713861,1.63882863,41.7592928,10.1337472,-22.71975,-9.0207357,36.5115145,-2.6074841,10.504431,28.0541191,2.10275591,,-8.9638314,2.95209381,-9.6876613,-3.2452076,-5.4387019,-5.7734701,-7.8297367,-4.144496,1.14842827,-5.9136214,8.02270995,27.5057441,-1.9855179,-43.138964,8.48533951,-14.062411,0.14539929,-4.0237076,-2.0278089,-12.565585,7.79920659,4.12240779,-3.0611335,21.7475281,8.9493586,8.47370021,12.3371813,6.10883555
,30.33333,20.7435691,10.0326225,12.2566253,26.1017573,-2.5806818,28.2909766,17.8691207,9.84288639,-3.323568,7.17462698,36.4861769,14.9763066,12.927992,27.9762526,11.3744382,30.1527409,18.9577695,15.4570658,41.8176213,18.8374408,25.3097776,30.5320379,24.925781,35.9638008,26.1681818,35.7968384,35.5123777,4.89841822,15.2716267,48.2669175,8.01557587,38.0343506,24.1000077,20.7731238,18.1509161,23.2810353,3.86407067,34.5300915,18.7982093,3.59947055,5.281249,41.273763,38.1021323,18.8480815,29.5485528,8.0282088,23.2784401,21.4593784,,10.084869,-2.2503898,16.5660369,17.2249039,-0.5203514,-3.6418994,12.3469729,5.58149962,-20.101603,-6.8815831,22.065959,3.55539282,4.49680288,-2.6042204,-4.0486694,-9.2758156,-10.55487,14.8514172,9.55329724,9.33733245,7.74450043,45.6720808,2.06747663,7.46262048,8.30614186,3.18093854,1.52503204,3.7492382,9.52697043,21.4182218,-2.0979793,2.8875852,-0.2635152,1.92651656,2.29951979,1.08075892,-5.7704225,9.86792981,8.28191628,4.9783929,-15.638419,28.5906837,20.4948698,8.73154991,14.7544081,-12.468673,13.9230055,-6.4993936,,,30.33333,52.5640685,20.665169,55.7199895,-25.127272,24.0839445,38.9239771,34.7882253,30.7428211,15.1786565,57.5715446,13.2144722,26.6217438,23.1254525,29.4342982,29.3726896,37.7790037,40.3588985,37.7878151,54.4014104,28.7925849,0.17874439,33.262072,14.1367308,16.371696,34.1043394,35.3260891,36.8946532,45.1498847,10.6506707,-26.394428,-0.693423,24.8191011,30.2532508,-4.1124956,35.1955853,-3.7019957,7.96805638,20.6966789,15.231778,20.586321,,7.06456265,7.20415203,20.5118614,-4.020013,13.7176406,-1.81324,35.3951157,-3.7965181,2.68343218,4.79798077,-16.742418,-1.4231616,2.93258119,6.1044359,-12.022734,4.57963116,-8.3404165,0.40806601,-5.8518626,1.91846082,-1.3643192,-5.3675452,-7.6614789,5.90401574,8.12688889,9.50407003,-1.1337694,-5.9061311,-0.154624,-16.435188,-16.441627,6.37845941,1.84682555,-17.153467,0.41926917,-9.97076,-17.145236,-3.9538701,3.30113869,-8.8802492,,,30.33333,30.9889571,26.9404256,37.2586683,5.1838881,10.7173432,20.0137593,26.3412711,39.5492425,55.0387011,43.9393198,38.2902793,30.2612839,43.2839278,47.2437319,29.9040118,37.0819951,9.9317896,52.072779,41.9008482,56.0212424,59.0383808,94.479555,37.5035113,62.5463951,30.8952699,55.3194458,27.5960846,29.0256122,54.1958152,49.2100354,37.4423489,53.0104948,48.0884938,13.7884633,60.0387682,52.9141175,45.172475,21.9935268,-7.1589745,8.6031833,16.2808677,45.555153,38.2574675,34.5491324,35.8884718,27.7734376,-1.8265839,-0.2034109,-7.9035107,1.28680923,-15.401493,,11.0015093,5.1337458,1.09124962,9.97115094,13.7864177,9.60723883,-14.635127,5.24604287,15.4783354,-0.4284993,9.40341053,3.62749665,11.3070907,4.17779148,21.2331823,30.5032689,-0.1143417,8.44842007,1.55377536,-4.054481,9.46127833,2.73160492,9.39287095,-7.4670438,-11.49492,-7.7554993,-23.002353,1.09131096,9.62047589,3.9640053,-6.6998079,1.66052951,-2.6997537,4.27217509,-2.1649135,-11.589884,-12.013325,3.73171795,-8.1898892,-13.200823,-6.9945025,-3.5915942,-9.1169048,-5.5220251,-1.8416397,-6.8666882,14.7725077,7.18777699,44.2466909,6.94673751,-30.402067,,,30.33333,30.9950932,27.2143377,9.41606801,17.4871674,11.6698328,2.94713215,-0.6418866,19.7350381,28.366554,32.2912423,42.4145942,83.2456354,6.93127884,342.339281,46.3586626,46.3780124,58.2688171,9.21946242,2.41394825,42.2801853,5.95926512,-15.14661,-8.701855,7.95423831,18.0825017,6.0995306,4.9990559,2.12302542,,-6.6898508,3.02978424,-8.7527982,-4.8606649,-4.0170624,-7.4077342,-8.4040846,-5.1520816,2.84511247,12.2654915,10.6419473,44.3781858,-1.5910711,-43.900769,6.88353875,-13.251316,-1.9407147,-2.7365559,0.28986793,-14.515504,7.15621157,6.72182886,-3.9689756,4.01027942,26.0853125,2.89585993,-3.9986579,7.40622416
,30.66667,18.5045235,12.2239522,9.77304297,25.5234263,-3.1448284,22.9877704,21.5357346,12.6073634,9.60916891,10.583341,39.667913,17.8751662,16.3168705,27.5215352,8.53661603,19.7249592,14.7105251,25.3373066,37.1216928,18.2437805,22.4234519,28.8626902,24.3353203,38.1654271,26.1639039,32.1998547,32.8665093,6.20778503,15.1353336,52.0372261,8.65881235,37.0303748,28.0705382,22.0567144,20.0729516,22.9887641,-1.7217056,32.167394,16.9785849,4.4590037,2.24794182,41.7661445,36.6276735,17.8135717,29.2220455,10.1284756,22.1120124,22.1949029,,13.9131373,0.41694492,14.5555979,19.1128543,3.24352646,-9.6875055,16.3817205,26.3173011,-4.3280561,-9.0862308,27.8067245,7.16480379,9.16431134,-2.1464425,-7.9382003,-16.551594,-10.255655,23.6866259,6.2428864,-1.6109293,1.08904259,41.1718941,2.90584996,8.5001535,8.16068264,3.77637997,1.28021253,9.42583988,10.2744853,19.9694585,-1.393506,4.34771152,5.44926339,2.78674209,-3.5309511,-1.3559587,-14.472888,3.69333409,5.70511993,1.15050378,-21.574462,33.2121244,22.6615991,11.7954023,17.0981434,-2.2869003,14.6435926,0.42399683,,,30.66667,57.1042283,20.5935701,63.3214986,-17.630936,21.6574496,41.0456725,37.0019383,32.2852292,15.3303963,50.6674654,9.74524079,24.1267382,23.3845399,34.824668,27.337577,36.0067169,33.9363013,36.4942468,40.6934701,23.8436823,0.20707765,30.751118,13.0269493,17.5070793,32.7310249,29.7615774,38.4999183,28.2439156,10.6717809,-25.232522,2.9431892,28.7083451,29.1631475,-5.5472816,30.8100744,-5.987984,8.48168514,17.6067695,16.7949495,21.9791959,,7.60464757,5.53793241,20.1535386,-2.0132487,10.8220488,1.44969587,2.62445372,-9.2945152,4.45394051,9.60013168,-15.079244,0.48486314,7.90826037,10.5714927,-12.294123,6.71139807,-7.7484415,0.49566376,-12.412476,4.4116377,1.63231938,-6.6433234,-13.389299,3.69798183,5.85037761,-10.418616,0.03794023,-23.582322,0.5809651,-17.248555,-9.9883465,12.8601838,-2.3180239,-17.621202,0.7123071,-10.65873,-14.617075,-6.5011784,5.80856801,-6.8547567,,,30.66667,28.8013751,26.751765,34.5043798,5.58851131,11.2165204,19.4400848,15.7596553,35.5573186,51.214782,43.4967816,35.5506539,33.2853817,43.344465,43.707292,31.030123,38.7465461,10.2341809,52.1645122,41.5815793,57.2564508,57.8939637,92.449721,43.1482724,51.8110211,27.646897,53.4365205,25.7338162,29.1348003,54.5283298,48.737776,38.8486475,49.7049852,46.8133374,13.2838886,57.2285068,51.310101,44.0025865,23.1323083,-5.8471521,9.62608669,16.4081597,44.6783661,41.4448943,25.0390858,38.1601132,25.6263158,-8.3976479,-9.0027153,-23.467694,-1.1827498,26.9612,,9.6804414,4.81658176,-3.2859373,9.37596364,17.043562,11.7539351,-16.310191,3.91030903,7.46839567,0.86230908,6.89852524,11.9103404,0.64117697,3.48346401,22.3459283,26.4786438,0.17024261,11.6924793,4.4041313,-1.4394867,5.66298344,3.23020258,9.97085295,-15.652575,-15.469979,-8.9001984,-27.326491,2.35367466,10.8035981,1.58030287,-7.7763054,1.95297639,-4.7811062,4.09759677,-2.0833832,-10.246841,-8.9200066,4.56657682,-4.0507066,-14.731302,-6.420771,-5.0584075,-4.334385,-14.048216,7.99455901,-8.280536,10.4522255,-5.7288102,18.4966112,1.05866246,10.3236836,,,30.66667,30.763004,24.5355289,7.85081491,16.7893297,11.4939204,1.66173084,-1.3860788,19.2451138,28.9313819,9.7941801,41.9993422,89.3247012,10.6414606,319.399717,47.6920882,45.1321026,55.6611609,7.85864264,1.71328963,40.3504487,8.7702129,-16.138359,-22.124328,-77.450413,2.8756215,3.82282829,7.57951816,-3.782367,,-7.2533407,-0.4968452,-7.6142339,-5.1879012,-4.7931165,-6.9322583,-6.1127489,-5.0675515,2.62060464,-12.262227,6.49800209,48.7261629,-2.0093431,-48.154472,7.56209809,-6.7458126,-7.6578866,-5.6758913,-0.2804595,-16.028154,10.8555312,-3.2816947,-15.37978,-86.796952,14.6313809,7.07123649,-9.4753592,3.15833101
,31,17.9141048,10.5285707,13.2574319,26.0261966,-5.0835068,22.2157261,19.3163559,11.5912603,-2.9446842,14.4784357,39.267193,17.7888926,12.1313127,30.4406068,8.06272292,29.0242202,18.6730783,17.0565315,34.9173302,17.2743942,22.8861349,30.5062256,28.5228903,37.1730143,25.2344552,28.1770793,36.1465562,7.25060171,15.7853747,50.4680088,6.74329676,34.7037704,22.9432179,22.8438822,20.6660679,22.6946613,1.24032385,31.821411,14.0061416,5.45040942,2.62634148,39.4272124,37.6122099,17.3580112,31.4966436,9.01793185,22.3995116,25.6543893,,9.67122147,0.12009193,15.5842183,18.6099482,-1.552518,-6.4857311,16.7981331,23.8516219,-18.341945,3.69947061,25.8509177,12.3162702,7.27920318,2.43461252,-9.4766284,-9.4386754,-8.0574023,13.2412529,8.06194579,5.36383486,3.5552819,42.7929008,10.2928474,14.1646884,8.34128122,1.59437384,10.6082528,8.06301908,11.2817754,29.604943,-2.6027528,1.82052638,0.32771162,2.90736221,4.17248153,-1.3160528,-11.263973,7.15140368,2.14818503,4.9201511,-15.477421,31.8040545,23.7528849,14.8856719,18.6889154,-5.3117313,15.3898641,1.1922339,,,31,59.0593948,23.0869828,51.9331202,-17.100166,22.2956821,39.9923631,37.7991202,30.4339046,14.9610726,51.5195762,25.0672874,24.6382441,23.7842572,30.5326447,24.8923592,36.9214133,33.7476547,35.4822423,37.1306419,27.3245077,-2.1043822,26.0365503,13.0217698,19.2260548,32.9505514,28.4190387,37.7817815,51.7741676,10.233382,-25.643763,1.57367407,24.7142942,28.4074064,-5.5504986,29.2449638,-4.5960847,9.40947453,16.9071677,16.7084739,20.7068016,,12.3413178,4.72983958,11.3516524,-1.2270912,17.2636126,2.0188984,6.51834041,-0.3862332,6.46537535,8.816667,2.56372729,0.7413949,4.70913313,4.15345035,-11.635758,5.8212561,-5.5478969,1.08758504,-11.591677,8.03441773,0.15310417,-11.692674,-8.1162745,7.03082235,9.45851871,-15.057127,-7.9447906,9.92444571,0.68654905,-17.656533,-11.370561,2.30870674,0.61001217,-21.379507,-1.1056554,-13.626084,-15.982705,-6.6268951,7.65179565,-10.531818,,,31,30.7860455,27.1099575,35.4799623,5.68284892,7.65408869,18.5652299,18.7515569,35.2038726,49.0754642,40.8560791,38.392693,32.4713599,42.0831138,44.4927409,29.3510752,36.8850196,9.50717801,51.2718908,39.8644409,54.5837843,55.7687016,88.5649289,45.4558212,39.8256698,25.7061539,55.1034912,20.2119736,27.5244594,52.2683761,46.194119,37.8157361,50.2942845,38.8876869,11.9728806,55.2358297,48.8377448,42.4743573,21.7770735,-4.7656963,8.97971567,15.5221124,44.5790826,38.3588064,27.0976472,32.4050635,25.280414,-11.692399,-13.256891,-17.620624,0.26127012,-57.891437,,9.34920981,6.93873905,1.93029646,7.46718968,14.0814107,1.66978599,-10.204046,1.63730232,8.55134818,0.04344793,11.0592487,8.82655329,11.0228829,11.7060596,21.9562248,22.4677304,0.69121843,15.4416693,2.1654751,-1.5303603,6.67444641,5.01329961,15.1249554,-19.113273,-16.167441,-6.798609,-26.106076,-3.0860871,9.13905735,0.99309914,-7.3339829,7.27251292,-8.6992082,0.21985178,-5.2077779,-14.075016,-6.4139553,4.99383564,-8.5563487,-6.6566876,2.22661993,-2.4792731,-3.3511995,-8.6800855,-0.6037187,-5.9087249,5.2648767,-12.307397,4.71818967,-2.7573097,-75.550408,,,31,27.7371354,21.8322694,6.65032966,15.7687494,11.9159599,-0.4610592,-0.2726084,19.215824,23.4324373,-39.846883,38.7990867,76.748119,2.91902558,352.081703,44.1778283,44.2199126,53.9178536,9.48571273,2.49498775,40.1842831,9.73221307,-28.270958,-17.93423,-5.8000228,8.28054339,4.73561235,5.83653483,-1.0623018,,-9.8371867,0.24016869,-9.8754864,-8.3923573,-1.8968064,-9.6870587,-9.2710416,-4.9066664,-0.2633823,-64.018991,4.69644227,32.4987328,-1.5107475,-55.36805,5.37153976,-14.469521,1.10975857,-1.3419406,0.7124255,-13.339023,7.49278932,-1.5228273,-12.910751,-17.23467,16.0669863,4.73917095,-6.9027604,5.36495229
,31.33333,20.9196489,13.0682612,9.71721337,24.7682534,-5.9577671,21.6819597,18.8298495,8.4530417,-3.6944629,10.5042634,34.351411,14.3133141,8.01967695,27.3283452,5.11507756,23.2800712,24.514115,10.5182435,34.1086218,15.3565354,20.9810797,27.0947187,25.0185596,35.5765086,25.2773639,27.5034331,34.8791931,6.83725151,14.7688533,52.1505467,8.63514635,31.2855968,19.8455388,19.9783407,18.6266544,20.5490169,2.81791389,32.1918829,14.9828662,3.53777577,1.53355925,38.642992,34.5056081,18.1232335,29.7408911,8.08728517,22.6153353,26.7566259,,7.13770943,0.65939708,9.99942658,17.7440512,-0.8806393,-10.177489,19.3810016,15.1658665,-12.906596,-6.5430208,16.2956246,7.50097177,3.50490036,2.05228228,-8.4575319,-16.393123,7.19949104,8.58164328,7.23790673,3.37084512,4.80908771,44.7220013,5.77768481,19.9579183,9.43227997,2.82108347,-1.3604672,9.91184711,13.5834491,26.9388643,-0.64984,2.85929938,-2.0084681,0.52727506,-1.1647683,-5.9673644,-12.727865,8.98370535,3.70585776,2.57331388,-11.937349,29.5607804,18.828358,14.5535651,18.8765498,-3.7713872,14.1426773,-9.2195912,,,31.33333,51.0982496,18.803683,41.504495,-14.345027,22.200135,34.5170702,30.2652721,20.9899299,12.9073758,49.2869992,-8.5891772,24.2381707,24.2244249,35.2924485,26.0596016,35.3766674,36.7942817,35.9254718,46.0204166,27.757637,-1.661582,29.5612243,10.6427358,19.310119,30.5358691,28.7553247,36.0088576,51.3605689,9.85959724,-26.309413,-0.6857956,26.7515402,25.0168365,-7.6383191,27.9673625,-3.1865247,8.1535475,14.7910481,15.3453234,20.3431804,,7.11162628,3.99594821,-0.8780071,-0.8769438,12.2091611,-0.3173224,-10.647422,-8.0012846,5.72303852,2.41226833,-24.847306,-0.1084512,0.60961082,7.92943237,-6.8801445,5.55146271,-5.7091983,1.93184552,-3.6217246,9.46594705,0.90661569,-3.9453595,-11.799348,10.2066046,5.6921062,-10.588364,-1.8158233,0.83312179,0.30395901,-18.110537,-14.13039,10.5753656,2.16416522,-16.495294,1.46481729,-13.427237,-15.229839,-8.8968016,5.15648012,-8.6710322,,,31.33333,30.4721145,28.0483197,37.0796244,6.96805505,9.05767686,20.5287314,19.4051808,35.5576044,46.8288097,41.7168389,30.0712278,32.4777797,43.0897277,43.0272152,27.6098387,34.6193001,8.31291901,49.6470119,39.188355,53.8333353,56.5353375,85.0613785,50.2456979,40.9989393,23.1142286,50.3059995,20.099879,28.5270942,50.9746546,45.440807,40.84795,49.9227411,40.3759261,13.5687786,53.5631451,47.7811786,43.4156121,21.6590315,-5.1830736,3.71954083,13.1866633,44.3365327,34.0450689,26.1123443,27.4602158,19.5560224,-7.7448589,-7.9632538,-9.750408,-0.7207265,-61.302117,,9.50506749,8.62929929,5.08249938,7.23671413,13.9258389,2.17452344,-5.7129472,3.46566834,10.8344118,1.90964383,3.33551193,3.29867136,-0.9222652,-2.5725533,20.6489949,13.0386606,-0.6182981,7.37379472,-1.4109921,-2.9252608,6.48129467,-2.7205213,11.7681968,-24.050881,-18.876818,-17.441131,-28.990076,-1.5734992,10.6845802,-0.291329,-4.9154593,12.8582023,-6.7736979,1.42356413,0.11018725,-14.144244,-7.4822605,0.84217496,-6.0460512,-11.439228,-5.3148367,-0.102778,0.7945173,-12.913656,-6.3918353,-14.578604,11.4513847,-4.2323459,13.0991781,-0.4579426,-74.262574,,,31.33333,27.3906527,21.107873,5.22469787,13.7736718,11.3264653,1.57007758,-3.1477321,18.3173856,24.3141924,7.44684048,41.7960008,58.3969311,2.82506966,361.962946,44.9841277,49.6841087,51.6317847,6.98393041,2.11013023,38.7263109,1.9223864,-17.211647,-12.836963,-71.026399,1.28860963,4.50798929,-9.5564879,-2.5597575,,-7.3474836,3.61999097,-12.680801,-8.2607558,-1.8404347,-8.1076941,-10.227174,-3.632322,1.72209106,-10.852739,11.5579408,19.6230351,-3.515078,-40.288749,8.68076572,-4.4252795,-1.2217616,-4.9400063,-0.5073721,-13.233953,0.86157768,-1.1278292,-2.4481423,-79.211911,13.9567955,9.43978617,-23.432349,3.76963717
,31.66667,18.0654706,8.29429924,6.46847628,24.777853,-6.0192627,17.6343791,17.9596737,8.84585799,-8.5228672,11.1573713,42.0131205,12.3061734,8.4442787,26.2851255,8.25058111,20.1880508,23.5611835,7.67476727,28.7407667,13.6217753,17.7161086,28.2291179,24.0716706,40.4825138,24.8050082,28.3548468,35.9444314,5.14758656,12.146986,54.1686693,7.57780631,30.0077977,18.7132945,20.6993108,16.5813197,20.7133092,1.86726125,30.8965054,12.5266243,3.64668304,2.80632309,37.2690945,34.6120855,18.2839584,26.0258543,8.3091532,23.2918975,26.3375235,,8.45668985,-2.1450847,10.1011015,16.6121057,2.2914838,-9.8971626,11.9212728,14.0061453,-23.758779,1.3957962,27.4286673,4.20919703,4.39660792,-1.1847783,-12.918298,-11.901833,2.06424089,9.83931877,6.60174485,0.86385054,2.82108228,49.7283782,2.55437779,16.6797617,5.28052865,3.53709479,-2.0768014,8.65440914,13.0989175,21.6002141,-1.7675836,0.90038007,0.71632262,1.51493533,2.52335756,-2.9031977,-6.9230285,13.8053408,11.7807863,4.1402306,-8.7358587,29.6300121,19.2144832,11.6888635,15.0180307,-4.6980942,12.4634102,5.90989255,,,31.66667,46.5500915,19.7391438,53.0219168,-8.8921109,25.3636464,37.2295996,33.2200555,25.8890053,13.4205531,49.715689,3.3062058,23.4211871,20.9496986,29.9355753,20.5233016,35.7886511,33.3335679,34.8148011,35.9932473,21.7225828,-0.3674505,27.3583657,8.71231354,18.3419848,33.2294071,26.0546698,36.6958991,40.438432,9.8323011,-24.851371,-2.7749524,23.9394463,26.7318427,-3.2488763,25.8827048,-5.1268151,8.80640408,15.9279747,14.6885166,20.2391108,,7.82143594,6.99047115,15.6236268,3.30396172,18.7485788,5.47026009,-5.747198,-3.570654,5.45992168,5.11120681,-8.0047344,4.00129617,-0.9959682,3.28586179,-12.648359,7.89370913,-12.306139,1.40989358,-8.6213877,1.48997759,0.0340141,-2.2998374,-16.028984,5.77094448,8.62520458,-19.747754,-3.6284479,-3.0273324,0.58551107,-15.655625,-12.802423,6.43811094,-1.7888007,-6.204408,-0.5514141,-13.123589,-15.697715,-5.5799648,1.75077055,-8.6368938,,,31.66667,30.0873684,26.9425362,33.1484001,7.20640258,7.50418719,22.3536888,21.8099911,34.4455549,43.8062515,40.7095233,29.4683736,31.3702139,39.7629713,41.8319123,27.5559886,37.3832331,9.09377526,47.9651957,39.5895981,53.339286,53.0538079,86.3101022,31.3951001,45.8245523,21.5801957,47.2207943,16.7270298,26.4461732,51.0055034,46.4541131,36.2940172,45.6778677,39.4646082,13.4246101,55.8020919,48.9220717,46.2689993,22.288298,0.89732917,8.95911876,12.4354518,44.50046,36.5605664,30.2019289,32.039782,25.8923456,-13.162401,-8.56579,-3.3034719,7.4919938,36.240723,,9.23387484,6.84948548,2.81387501,9.10497083,14.5961483,11.3658874,-5.5992703,1.40587815,10.834061,4.02677509,8.34998936,1.99000537,2.09151309,3.63742473,19.5938333,16.072741,-0.6028168,3.84154722,-0.5129505,-0.6168465,5.65138631,-4.7295876,4.34735046,-2.2507157,-10.457006,-9.5159277,-23.477213,-0.7564561,9.99600769,3.0137851,-8.1843838,4.45189229,-9.1983631,1.39242795,4.39301368,-7.2543008,0.88173869,-0.0850368,-6.9737226,-8.0401539,-8.1252466,-0.9366832,-1.6029027,-7.133076,-0.5298162,-6.8973154,8.82773687,-6.2290107,3.83899612,6.41484431,23.2726636,,,31.66667,26.766986,20.1833302,2.31499089,13.386088,9.91323652,-1.1941366,-1.1631187,16.9586606,21.4227176,-21.404985,38.478885,67.019892,-0.0319298,371.198156,41.9583958,42.2390793,49.7076427,5.42963827,1.1946926,37.8922684,4.87310907,-27.424672,-11.645576,9.07971463,12.205471,2.34874433,-1.1411114,-3.1350585,,-5.8839965,-0.7884947,-11.923213,-5.800181,-1.40764,-8.5969072,-8.517639,-6.039227,-5.2527352,-38.498929,8.36272435,31.682361,-5.4340932,-54.116023,5.08695015,-7.6125663,-0.0018444,-3.6869434,0.30387149,-15.656352,5.55148935,-3.82631,-1.7142388,1.27663403,14.1359072,6.32829669,-9.1742154,1.67047252
,32,17.4522682,10.0994222,9.77234878,23.3191446,-4.8559976,18.1276077,19.6317727,6.12241729,-1.557754,12.1151569,36.0101966,14.353832,13.0439661,26.3658502,4.21105997,19.0962321,25.98536,14.2202486,30.2001518,13.8151863,19.0009418,25.0388625,16.1958298,35.8477448,24.0235428,24.8585397,33.4397254,3.92711972,13.8626945,50.8907913,4.26827396,28.838843,16.2317634,18.0930598,14.8501328,18.216129,-0.3770207,27.8056191,9.78185094,3.22839448,2.08976011,39.8706367,32.74196,19.2354784,27.8852466,8.2112753,22.7365621,24.6350393,,1.75642793,-2.1147003,12.7805236,17.7324047,1.32703203,-12.972352,14.6833617,11.9147103,-20.414773,5.96171861,20.9391225,6.63653157,5.55569849,-1.3969788,-9.993888,-17.1777,-2.2641031,23.8884199,6.46798028,6.07332828,3.5766704,42.7761593,2.99995825,10.4946088,8.11756054,2.86080633,4.86503881,7.89773593,14.3252778,31.2255474,-2.5998952,2.04465738,-1.7469751,0.07973414,-0.2885244,-4.1667937,-12.429918,9.6446717,19.3305958,4.69441379,-14.362276,34.7458846,18.99452,15.7754603,18.3612826,-7.4810729,12.037316,0.48574563,,,32,42.6252615,16.812703,37.025411,-13.583374,19.2342315,37.7624371,30.4161911,21.1255398,16.0671925,50.911454,20.0827892,25.4329418,20.8473491,28.3682226,19.9797259,31.3372912,30.1027755,35.4158235,37.0615936,16.3238993,-0.3424276,27.0580172,9.7004181,16.6444778,32.0202631,21.6269816,29.3887905,44.8545318,9.43200733,-26.010678,-3.4757284,23.4195817,24.2269804,-0.5000184,27.7670889,-4.2772925,10.143211,15.6024134,15.075489,20.5661538,,7.72971066,7.39277474,3.23076452,-1.4355826,8.41657708,1.9786533,-1.8049512,-6.350164,7.72662517,1.98942389,8.77634237,6.00639233,0.48827187,4.60589004,-11.827512,8.30952827,-6.0873867,1.5691086,-0.1519529,4.28074263,0.8742195,-2.6681384,-10.325384,3.97136409,8.35410186,-7.7740231,-10.311787,5.73049049,0.7455616,-16.293697,-13.2288,9.51059906,-6.317995,-12.809154,-1.3819072,-8.4452788,-13.397316,-4.724893,4.64694373,-7.1478514,,,32,29.4710506,26.0661241,30.1210073,5.52837884,6.85622696,17.2397996,11.1480105,31.9068304,42.3111115,35.5872774,31.0731982,30.8102449,38.3034194,42.9726175,27.9305334,33.9110959,8.37628876,44.2947092,34.4173218,50.0027844,47.6997229,80.4118382,35.726545,22.9665566,21.1131481,48.7562208,15.3827289,28.8293531,51.848061,44.3506223,37.4008345,44.288891,35.2595899,13.2431093,51.5443591,48.0552389,44.2681811,20.5932579,-6.1359665,2.3107544,10.3537379,42.6050448,33.4385005,24.0804158,19.0070285,21.5683042,-6.5356115,-4.8810715,-16.61767,-1.0461393,7.80722459,,10.2046546,6.96440599,7.74993301,11.8545148,14.1918675,3.66646136,-9.8227814,4.12844751,8.5963549,3.23509732,9.98945126,5.40369816,12.1342059,8.6876709,20.7244459,24.3630614,-1.4614663,5.09246131,-2.148868,-1.7582084,3.39129728,-3.4664748,6.40952832,-31.98088,-7.0179318,-9.7272222,-18.731364,3.71719659,12.070923,1.24985061,-5.0728953,7.86702015,-8.3110393,2.0172771,-3.1691728,-6.4142746,8.47378585,0.29828686,-11.496222,-13.378846,-6.8627666,-1.754616,-7.2836478,-10.282899,-6.6730451,2.78227367,12.1825649,1.84137883,-2.2835383,-2.1238894,-3.1472889,,,32,26.4038105,18.4463577,2.57632015,13.0600907,9.77223556,-1.2874926,2.37313203,17.586808,27.9083687,-36.520282,45.536832,70.9575422,6.27821279,325.569982,48.2119874,43.4967841,50.9952812,3.67459254,-0.0202181,37.92227,11.9241209,-15.361849,-11.843386,15.083543,-7.1671239,4.2833159,-3.0044101,-1.5575979,,-10.811138,-4.4883293,-12.688262,-8.2441632,-4.4362325,-9.0696891,-7.8905621,-5.1042531,5.97451387,-54.630885,9.82044345,32.8813992,1.0080257,-49.405428,9.26694023,-7.4162746,-7.9150853,-4.6196683,-1.4568666,-16.488828,12.2428267,10.6225483,1.7420212,13.9097786,5.58432394,10.5266998,-12.826748,4.806797
,32.33333,21.3776176,9.89391292,12.302228,20.8234857,-4.7805649,12.9158178,19.4525184,8.24177897,-6.6942524,12.0568356,36.1211464,13.28778,12.5128458,26.6422225,3.0941985,23.5818867,23.0045085,16.2806188,33.0919283,15.9588364,21.6618457,27.9519457,15.8214612,33.9151061,24.4151876,21.4899812,32.0254595,3.28730788,9.31610358,48.6425114,6.65140715,26.7640948,14.5129914,16.0566021,18.5528631,20.5010497,1.55203393,29.9685339,10.0333332,3.98349602,2.9428922,37.2279523,34.7907659,18.5959221,28.4224976,6.37412257,21.1879794,20.0121889,,10.7224428,-0.7904499,14.539671,11.5024345,2.88167946,-14.895837,11.9803991,16.4657375,-27.839299,-1.7342492,21.5612751,3.49371294,2.78451456,0.64607817,-7.7367842,-3.4119501,2.25119174,13.2100739,8.27637522,4.78669844,6.38498626,56.2966016,-7.8275389,3.8505165,4.51558462,2.97386908,-2.2149474,9.35866154,8.00771429,25.58786,-2.5053917,3.20262202,0.77012126,-2.0129285,-1.2171113,1.4211218,-9.1839356,5.62321819,4.74497647,5.12795827,-10.6827,33.5796336,22.2123869,21.7175698,21.2331985,-9.7185643,13.8937719,4.6862696,,,32.33333,41.9697761,16.1243227,47.5758167,-9.2792452,18.7999154,37.9526293,27.0526291,21.839746,16.8072268,47.065147,19.242814,23.8166578,21.3945584,32.158593,22.4071683,31.2025352,30.2111629,33.5888572,35.8597836,24.7536439,-4.3822649,22.2977597,7.41002319,21.0425713,30.0350282,27.8365225,31.6328236,52.8740035,9.32339961,-24.381363,0.74386511,32.2959907,21.8609647,-1.8754328,27.2473768,-6.5229404,9.86057897,16.586031,14.8176534,19.6440359,,7.45108438,2.28146672,9.00522344,4.28905466,8.80544257,7.98930364,-2.4715832,1.89333645,8.90296415,2.90363865,7.32799488,3.34329344,-4.7784658,1.96281509,-5.0632491,4.56117044,-10.361289,-0.1773635,-2.5066695,9.23607333,-0.5666203,-7.519574,-16.069584,8.29928413,9.32204647,-6.662997,-4.439076,7.31772059,0.83454914,-12.846809,-15.474532,14.5234444,-5.5223797,-11.196882,-1.5321209,-5.5597054,-14.435788,-4.190208,2.90670205,-6.7985059,,,32.33333,28.8543727,26.7145251,27.7883822,6.02683532,9.14585819,17.1584456,15.4504033,31.3858154,43.5874292,37.7782925,25.5303004,26.3417356,35.5249283,35.6761411,26.8215269,32.4524301,8.92692994,44.2459149,36.1004646,50.3812435,49.6667277,81.0297403,40.9080262,27.1357224,17.2841787,42.846605,9.89639961,26.1048676,50.1011532,46.7429201,38.7125076,47.2199818,38.9317772,15.5338969,46.7305346,46.7870909,42.0216708,20.0602373,-5.1037275,-0.3578345,7.90325585,39.7523945,32.1158945,24.2621127,27.7726973,19.024136,-14.164793,-16.73573,-13.211926,-2.3590314,-7.3977424,,8.07999568,7.5622492,1.8710104,11.5682449,20.3672692,4.87156687,-9.7449455,2.99079138,7.17661367,5.26397066,4.49228042,3.37438787,3.82104332,8.06593602,19.0080997,30.4103633,-2.2608354,13.3536226,-2.4586212,-3.3499351,7.47228074,-2.4794887,9.97575557,-19.316125,-19.934751,-10.716186,-28.370525,0.77244631,11.0327584,1.8371287,-9.7209139,10.0443519,-3.9786109,2.80748002,-4.7500507,-3.4395349,-8.5264293,-0.7136005,-7.0373046,-15.432424,-7.8958621,-4.1610578,-7.934654,-10.040805,4.03397095,-1.1204794,7.93599134,-12.072273,18.5061595,-5.8336934,-19.390283,,,32.33333,25.7650955,18.4081724,5.95496884,16.1716073,9.38182172,-1.2491147,3.40567995,14.8836418,22.250615,-0.3471759,40.8912515,58.5593944,2.29384595,351.526333,44.9958157,47.4288932,52.4217625,3.39820076,0.76851991,36.4594339,-1.252954,-11.211299,-5.2454736,37.9627491,12.3742578,2.06221742,0.04187904,-4.3387301,,-6.8077547,-1.5574431,-8.1914546,-3.6381096,-5.0390521,-7.8283986,-6.6284043,-5.4949608,2.00954779,-19.169736,7.57050868,23.5412657,-7.0346675,-50.896368,6.22933355,-3.6990368,-0.8036682,-3.7202889,-0.3326264,-14.597063,-0.217038,9.24957278,3.1823082,31.2749767,25.091786,6.58841353,-10.871858,3.48028132
,32.66667,20.2544505,7.07380713,8.37465814,21.6399321,-8.2234403,15.2629774,15.395986,3.14789004,-3.2331549,9.95872337,39.8076268,13.7421967,12.9115533,24.5324813,5.29164637,15.6552115,20.6421342,19.0904977,30.2842084,15.3007002,20.1403156,30.6469021,16.1180337,28.9690271,21.6851126,26.2211169,30.4581748,2.14792578,11.814096,51.4684448,7.22418005,25.0501337,11.4969258,14.9667869,16.1414513,19.4964918,1.99537319,23.0882918,14.4226973,3.47655534,1.35723371,38.4017963,31.8475252,17.6560411,27.0677735,6.29174444,19.904502,18.7736808,,9.92743233,-3.8407702,12.5783629,14.6408119,-1.7761381,-8.0305449,12.8686114,14.5119893,-12.607889,-2.7636577,27.24663,3.51289196,4.66824835,0.85566145,-8.5255128,-9.8539788,4.07642362,21.4031983,2.95594482,4.29970726,2.57427989,34.0092519,-7.1614712,0.83894788,3.24760841,3.49980149,-7.3386411,9.13356837,12.6824492,28.5596617,3.13303569,3.78373281,1.24947927,0.3245952,0.74623118,-0.2438341,-5.3221683,13.0575161,16.4743521,2.71409503,-8.4827522,33.0374288,20.1727429,16.4232719,19.1126598,-5.6772346,13.9242633,11.4569129,,,32.66667,44.9659838,12.9676903,39.2407905,-9.8685905,20.6037243,35.0306943,26.2899084,20.5787965,13.3799187,46.9502182,4.23720137,23.4235172,21.6707559,32.1141791,21.1453528,31.6280409,31.197267,33.1843982,38.2156962,25.6291503,-1.4841588,20.6899214,8.37916976,14.8073944,30.2416462,17.9811102,30.2310563,48.943094,9.23285866,-22.912041,-6.339211,29.7954784,21.2878686,-4.3950207,27.717917,-6.7271933,8.61478606,18.1806087,12.4221174,19.276339,,9.46106055,-3.3858401,5.05952427,0.32714392,5.61498454,-2.2545627,-4.203815,1.93085662,5.84438626,3.17873194,-10.043956,5.5477612,-0.2951104,4.24982572,-5.3675864,3.74280534,-7.546937,0.77472069,-5.9466459,4.49027413,1.03541153,-7.2485877,-12.519565,3.95347003,10.8292766,3.31253943,1.51750208,-4.2665516,-0.7536396,-12.294555,-14.388987,13.6114817,-5.8960853,-16.831409,-0.8312895,-8.2188013,-12.652022,0.66938341,0.45837185,-9.8412857,,,32.66667,30.5882165,27.0677964,29.3505124,6.77996748,8.73700099,20.0012476,11.5529196,31.0450043,41.0399558,38.9507242,24.6695847,25.3166791,33.5546084,38.1590512,27.8841201,30.6449386,10.3711062,46.1615805,37.1967806,50.097388,50.0949116,75.2062963,33.9748335,30.1548601,18.3078464,41.4923936,11.3739251,25.725694,47.854639,42.19109,34.7156706,46.7237133,36.4685413,12.6045715,44.5951762,44.0730584,44.7873133,20.8904527,-3.1442475,1.49916482,6.98783486,40.9538848,30.8178526,22.6388584,23.7721055,19.8276215,-10.650269,-6.915804,-17.591316,4.01403818,-29.616645,,11.2080448,7.26937599,2.31498329,6.67889378,17.0210649,6.45164544,-3.1216468,1.66105917,5.86396187,4.91475675,3.05732211,1.89643978,1.32746796,7.6205777,23.2674872,17.6670047,0.66816676,16.021164,0.90482082,-0.6739664,7.35463088,-1.8978293,6.04891674,-14.178725,-11.645983,-9.0269641,-23.002302,-1.707916,10.5931163,0.59820801,-12.637743,5.0143028,-10.76338,1.82248818,-6.1708942,-5.0854201,-7.5702536,2.87063517,-6.0237154,-13.443827,-13.469129,-1.4185186,-3.2560113,-17.257593,-0.6992072,-7.5361737,9.64197278,1.62086845,-10.038639,2.32727588,-39.346966,,,32.66667,25.6744661,17.6025613,6.65880315,14.3512888,9.86578007,-0.7302174,4.35974061,15.0585243,22.9088111,-34.4303,40.5051742,69.8279168,7.64664196,335.924702,42.6698244,47.0844402,55.9118801,3.97488864,0.36517973,36.6652401,1.96980178,-15.572822,-19.94088,28.4141571,9.96122818,7.60659012,4.40010625,-1.62017,,-5.6346925,3.47165942,-7.2685868,-5.9405896,-2.2863902,-8.3771415,-2.7584734,-6.2229555,0.10907564,-51.751007,9.10112115,34.5090079,-3.4098373,-66.725884,5.70307501,-4.213192,2.5193656,-5.5896696,-2.2546379,-14.309116,6.27828673,4.38172681,-6.5130161,26.6137403,20.8054215,5.40866238,-9.5599739,3.93481794
,33,15.1151512,7.23882508,4.41919199,21.3398527,-7.5584179,12.7408882,14.0589738,1.15788389,-7.1381012,15.0901684,45.4155246,12.3936619,14.6172078,24.8776053,3.96224509,14.0212587,11.2229549,25.9080608,27.7336609,15.375834,20.8921383,27.2251472,10.9060651,31.2033603,23.5740494,20.1242562,32.1349336,2.72267865,11.1097094,49.9422957,7.60046971,25.1151734,14.0100423,14.3468234,16.8071278,20.3465285,0.80807866,23.9199106,11.7787164,3.70977406,4.45022,38.9918447,31.7617033,17.1744246,27.0760926,4.87129306,17.6150199,21.8990496,,1.33736811,-8.6404425,9.00018514,16.1669414,2.19437232,-5.5363838,3.93326724,8.63617705,-23.667656,2.59064839,30.074744,5.88859921,3.51544537,-2.762581,-14.994648,-20.305487,-9.0167912,27.2448567,12.559074,-1.0262501,8.8592512,58.9072066,-3.9028363,4.79922168,7.06825705,-0.2869474,-4.2170629,7.65214764,12.4420852,23.7358467,1.77281862,2.3942036,-1.7552225,-1.9222699,1.78933051,0.02172749,-6.4229976,8.6031279,20.8702575,4.35002681,-14.164751,34.2703206,21.278614,14.0481608,17.4506266,-5.9489195,11.8806395,1.91137293,,,33,40.8580883,19.2712808,27.6417428,-12.185446,19.5328062,37.1046438,25.813521,15.9350641,12.6373141,45.2287131,2.13141091,24.8587901,22.221287,26.5227628,20.4547477,31.4285269,29.4002828,34.7114983,30.2591421,24.9196626,-4.9725813,20.2449599,9.86526872,12.3030332,30.504359,15.6451162,29.7672683,34.1034574,8.61323203,-21.24511,-5.3409405,30.8878856,19.6263989,-4.5181876,25.7163192,-8.5849883,7.11469826,17.0517513,14.5452097,18.91973,,6.87389179,10.8161656,-8.414939,1.33919065,4.21801148,4.78488031,-0.1994791,-8.8443513,4.50178839,1.08279642,-4.785058,0.05799768,3.55366706,8.64997407,-7.6846933,4.5357654,-8.3462884,2.53322482,-6.7447345,1.23366714,2.08004733,-10.512636,-9.0685141,5.26594337,9.07644786,-19.890897,-4.2897599,-10.770748,-2.6246844,-9.7527705,-13.631024,21.156353,1.32746105,-18.519761,-1.4289877,-15.899721,-18.170638,-3.6029872,1.91461804,-9.0441058,,,33,30.2128262,25.047021,30.6036131,7.04698928,8.85541544,14.3152154,18.554945,31.9210716,43.5498317,39.8237381,26.5566345,24.7816903,33.4943258,35.2413249,25.2571689,28.0104092,8.28961702,44.2922337,34.5709174,48.8318278,48.5361772,75.352498,39.2221911,38.6303154,19.6354327,40.8786275,6.64920223,22.4023161,48.343917,38.951817,34.2277508,42.5189119,37.5100263,13.0524755,41.9261101,41.857066,41.0504546,20.5699053,-2.7032249,3.69080607,3.83364689,41.4449426,28.4193808,23.7199969,18.409971,20.0186466,-10.636782,-5.8853018,-20.685067,-1.3047866,-14.880557,,10.9839256,8.78629752,6.60365412,10.1988354,18.91734,2.55684116,3.19827767,1.41242929,10.4573946,11.0046596,3.65341509,-2.1193079,4.29336001,7.21946111,20.6283165,23.5336807,-1.3412388,15.0936893,-3.6194048,-1.9592176,3.80641665,2.07178435,20.1506933,-8.261985,-13.714204,-10.340281,-25.523186,-2.2763546,7.62679226,1.55893059,-8.7106064,1.98040721,-3.0136401,4.50102836,-6.0318164,-8.4754092,-15.554135,-1.8037225,-8.9536738,-12.425558,-13.482288,1.17566507,-7.5309115,-14.432104,-6.3111256,-5.6183835,14.114019,-0.1524775,-29.303052,-1.6588441,-27.836314,,,33,23.8088305,15.2488022,4.71842393,12.3321406,10.8502452,-1.1571972,0.95078517,15.0655295,22.0482705,-1.9149837,38.2700098,75.095821,7.01540915,351.250074,42.5358311,44.0492269,51.7287713,3.53301594,1.20914672,36.6508742,8.09175,-9.0432916,-6.1378229,-50.453812,-5.1848291,6.39672793,-0.2799948,-3.120952,,-7.9543696,-0.9762615,-12.041676,-7.5890804,-3.7717375,-8.4526638,-7.3088761,-5.7139358,1.84893952,-18.483739,5.77912614,39.5012133,-1.7731942,-62.067637,3.81586341,0.84176417,-4.2686776,-4.0867434,-0.9270788,-10.904099,8.2634077,13.7230659,3.85177566,-51.520062,12.2397431,4.86482732,-5.3170406,4.24659303
,33.33333,13.8725818,2.13963498,4.905367,23.9209755,-9.2146016,12.5129087,19.0110141,4.33849421,-6.4424823,13.6345371,44.4847276,13.3183032,11.4517099,28.2576185,6.25655648,11.4363748,21.3235878,2.46785758,20.2359416,14.1968824,20.635457,21.1315653,15.5695616,28.9279646,23.2158371,22.9982277,27.6424504,3.68982194,12.127926,47.8329833,6.49250521,26.8822336,16.1689435,14.5429601,18.8620309,18.6942984,0.74390146,25.4637864,18.2962131,4.790889,5.64455711,36.8567608,30.0275293,13.7567575,26.3813078,5.02134557,15.8319794,21.5388591,,4.05398842,-7.6229004,14.3877951,16.1184157,-3.4012002,-4.9866313,10.8855864,10.9062092,-20.888487,-5.4069794,31.8500127,6.82830289,4.87633283,-1.2307392,-12.501109,-11.844676,3.25622563,12.2662364,8.05295073,1.55915416,5.86226602,61.5130862,-0.0660808,12.3297767,9.86292248,7.06028125,-2.4181089,10.8653579,12.7786037,24.6873271,0.04138617,3.8983148,-0.0167073,-0.115679,8.39985915,-3.4192259,-11.54419,14.2841979,35.6076384,4.69005365,-10.270441,32.3795295,20.9316666,8.99985759,19.7219635,-6.7506753,3.88823077,-3.1984183,,,33.33333,39.9281701,13.5379395,30.4639437,-8.4744755,20.5073997,34.8505788,22.1475471,16.1611571,11.3345691,44.4053947,10.3981078,20.5459756,19.4262907,22.9182259,14.4442055,27.8494467,26.0334446,32.1512434,24.4503151,13.6110815,-4.7718396,18.7057923,9.42593307,16.781064,30.3188029,18.0606634,28.2334067,29.6451025,9.26702678,-22.636697,-3.617893,30.0607431,18.1607511,-4.5458195,22.2640289,-7.2703288,3.89761154,16.7823722,14.5715231,20.2050471,,6.29816323,4.49428858,7.78826705,8.31262735,9.37933294,8.09267272,-2.8638727,-7.6522411,7.26698411,-0.5428021,3.230264,-5.3522874,-0.2616786,4.1230132,-14.800946,4.31631609,-8.4723915,0.33713236,-16.342381,-12.133593,-0.2772113,-9.08527,-10.00265,9.72844945,9.7261642,-14.054982,-2.6917687,-18.182391,-1.1134071,-12.194245,-11.768065,13.6729925,-5.0275791,-13.238332,-0.4148659,-12.189757,-15.91675,-2.0745788,3.4644291,-8.6505643,,,33.33333,29.4537165,23.8167966,30.705824,6.44913819,7.34840512,13.4086193,17.778394,29.9645149,44.8880637,37.7306456,26.4586917,22.8837788,31.7882752,35.3867636,24.0309407,26.9274714,8.92304818,45.6060923,33.7663901,49.6293961,47.7687009,71.3543203,27.4298614,19.4937795,16.0536144,40.2075004,-0.5052765,24.5446407,46.7450222,37.839292,33.9290883,38.5611615,38.7450706,12.065395,40.4564057,43.3985246,38.5119753,19.2083864,-1.9027589,2.92178099,3.29498012,40.0132551,28.4486523,24.073199,13.85845,19.9247798,-11.274066,-10.359908,-16.622929,5.3362815,4.88040744,,9.66717494,3.67665137,3.47097575,11.0263383,21.5105516,0.87847468,2.92305426,1.86701922,14.19797,8.34184884,4.83338448,-1.2275902,1.33686953,3.48657026,19.2918086,22.1489716,0.28893732,15.140266,-2.9745223,-1.0918894,6.73497956,0.23126882,2.56158631,-21.380576,-12.813506,-10.155642,-25.622006,-3.3728771,11.0163648,0.22269613,-7.5320484,9.27331011,-2.4658207,3.95367652,-3.1141283,-3.3647069,-11.603833,-0.3796505,-9.3620253,-11.130131,-14.712234,-1.8819203,-0.3578417,-9.2446869,-9.4477434,-14.073817,10.7449125,-3.8960808,-2.4577172,5.19363137,-9.6129592,,,33.33333,22.0150477,18.157715,3.56886897,12.6368758,10.2486399,-0.6355335,1.45104863,12.9290893,20.4654263,-31.992932,33.5034074,58.0623747,0.05338673,353.301714,40.455284,39.010643,49.200107,4.90432543,1.39877244,35.5634044,-2.1430477,-20.415303,-21.87182,29.3695317,-11.236297,2.68398149,-9.4708368,-3.1758173,,-9.0758207,0.82912568,-5.0320623,-7.6878098,-2.6809363,-10.418983,-7.7601705,-5.4278698,-0.8951732,-47.331884,2.56347349,29.6189591,-11.978392,-47.509816,4.16160886,-9.9135288,-1.7734277,-5.3455626,-1.7381349,-14.588393,2.89015216,4.45537349,-8.0853753,30.8346601,-1.9187615,3.30946828,-16.087385,2.2124477
,33.66667,18.2033768,-0.0964025,8.44135012,22.4590256,-7.2396507,11.2084684,16.58883,0.20493218,-11.405698,18.2122035,43.5358302,12.1233546,13.9142646,27.1001389,6.32326649,8.69736371,20.0328581,8.69899417,22.841232,14.1191161,18.4711422,18.7907959,14.5301389,27.7241512,21.6943364,19.3986081,28.7007525,-0.4005313,10.8926576,46.0892545,5.66369695,22.4232614,13.4872568,14.3946329,15.0150789,15.2444762,2.47754437,24.4213432,15.9721322,3.47970923,3.1012551,38.1557326,30.1893633,16.005311,26.0331694,5.84805297,14.6585013,19.7817777,,7.88646441,-10.803355,14.7290897,13.406002,1.52540328,-16.234558,12.7165945,2.14714596,-23.091694,0.49103289,26.290862,6.38788015,4.99078169,-2.4974489,-11.846924,-13.005645,-0.6314329,14.2044604,10.9167473,2.43817458,4.78331619,57.3177024,-0.3153443,6.57419112,4.72473636,5.85724163,-9.5504509,6.390979,9.24833766,25.551885,-1.3523055,2.58616252,-2.2181556,0.10852764,6.0887356,-4.4391241,0.22656975,8.55767481,34.3673016,5.10911102,-6.5633245,30.8647331,19.9625642,18.8803468,19.5934743,-2.5560133,0.00753668,-5.3817309,,,33.66667,45.0411868,20.7075555,43.2443486,-12.410636,17.9919535,35.1980974,23.29326,16.3845173,11.5224066,42.5537636,10.1118159,20.1460162,20.4485767,21.3792678,11.6105294,29.2939793,23.2103374,32.8899719,17.5710345,20.0404916,-4.1856196,19.518547,9.23698611,16.4044515,29.0530992,21.0732181,28.8557388,44.9247798,9.94760557,-24.87722,-6.6330222,25.0840038,17.6370951,-4.6104811,19.8646614,-7.9516488,7.17509852,17.1893321,14.0538075,20.357113,,6.85618053,14.3721583,15.4136332,2.20873277,8.32601423,6.29337842,4.391916,-9.3815775,9.06649923,0.47034531,2.29137227,-3.336633,-1.3921366,5.14645638,-22.222875,5.97910674,-12.050046,-1.3157846,-15.866627,-5.311829,0.58247819,-7.2269132,-11.596153,6.37519434,9.52126593,-14.496056,-1.5095217,-4.4736095,-0.1876068,-14.46381,-12.448574,13.3561017,-0.4352357,-18.165585,0.65378167,-9.1851562,-17.471483,-2.7380752,1.14132176,-9.0553438,,,33.66667,30.1752762,24.6121452,30.752969,6.54771172,7.89017202,14.196007,9.12355386,29.3059114,37.8185123,33.2784143,25.7189365,23.8659578,32.1800247,34.8393799,25.3856507,31.0997149,6.87400011,45.2362401,34.4467994,50.5210151,50.4008618,68.9749545,17.1366464,20.7584226,14.8353807,40.4822139,1.72322334,22.3233689,44.5759426,33.8167613,27.1473013,35.9597669,35.8060544,9.79230469,39.8312289,40.6403674,42.9777909,19.1371825,-3.7949847,2.19582085,3.30755788,37.9163489,27.3744578,25.3831279,22.1938743,22.0983275,-6.3037051,-12.661836,-21.799808,4.47305046,6.47149912,,12.727232,4.25918514,4.79191543,9.24376858,16.1082629,1.2843888,-13.591522,1.50398716,11.9490532,6.61812924,5.20956958,2.62108535,3.29721709,4.67813742,20.9255449,27.4071166,-0.5586956,14.750096,-2.5548265,1.002319,8.73975189,-3.1371547,-10.872068,-18.501125,-10.039487,-8.4980664,-28.538777,-3.7569435,11.3942874,-1.7415896,-13.311591,4.42343932,-4.9081752,0.67441736,0.24979549,-4.6974583,-8.6526218,0.64907177,-2.4566908,-9.1232966,-13.428941,-3.1631954,-3.5610278,-6.6667539,-2.6348448,-16.787385,12.8746864,-5.355603,-5.5327226,3.42541306,-4.1932589,,,33.66667,21.2185993,15.1926641,6.86237303,9.6132436,11.1699031,-2.8623518,3.20977254,12.3559494,20.8484979,-55.77281,34.6277448,61.6592416,2.38374776,334.789845,40.754968,39.7384349,45.1409806,5.0976271,2.08847463,35.1382981,3.76988799,-18.245047,-17.435818,-35.319737,6.1238182,2.84023898,-12.51726,-2.9092939,,-8.1898687,0.26548441,-1.2540658,-10.48612,-3.6852147,-11.045381,-3.5901688,-5.7020128,0.92312151,-69.442346,5.99321175,27.2737032,-8.5420088,-51.928498,4.23691169,-15.215609,1.77059972,-2.7878637,0.75905949,-15.858889,9.27415791,2.66154586,4.20148175,-37.33719,17.3866682,6.00573913,-24.568398,5.23258957
,34,14.4910563,3.24523577,1.78679968,23.9282032,-10.878083,11.8013877,21.8803587,1.83977743,-6.8931164,18.5257301,37.7105726,11.482488,13.9222751,26.4353003,5.74056643,15.0980182,22.9987201,9.60822918,17.8043351,13.3566566,16.934399,22.3245746,6.50381027,30.2987449,23.1443689,20.3849675,27.9429489,1.0327518,13.8919833,47.604348,2.73579833,23.8455682,13.4685559,15.1200998,20.4008428,17.4033945,4.58769203,25.0602196,17.1814479,3.04616359,3.22810252,37.7386145,29.568288,15.7727371,25.705334,5.50341704,14.6404925,21.8604745,,6.67583021,-5.1438633,7.15147566,18.1920425,-2.0702942,-10.120848,11.6362678,15.5193446,-18.653697,4.50089885,25.2174088,5.0817309,0.6778069,0.53229049,-6.1376016,-9.9620087,5.43031488,19.4253127,10.4925347,6.18086627,0.81051438,53.8799427,-0.4001288,4.42410689,7.62873055,8.51096634,-11.722994,8.49314854,12.6817241,24.0640863,-1.9828718,3.32014668,-3.6205217,2.29738924,7.57849964,0.10249744,-1.5292589,11.3479051,24.5784939,-0.8660466,-13.079746,31.3272225,20.2238039,17.1663928,21.1246015,-3.7132544,8.77536,11.9433359,,,34,53.3252776,19.7268061,27.0956342,-14.552681,17.1475519,33.915869,20.3033416,24.3926958,5.42991252,43.5026999,-25.834783,18.1309325,18.5947607,24.9461995,16.5895898,25.5053398,22.7003997,32.1843018,20.853599,19.3884722,-2.2228446,20.0342976,6.88444895,18.5049195,25.4609538,17.5146014,29.6358307,67.957151,9.9877991,-22.780782,-4.8329665,21.0138764,20.5162644,-5.2934823,17.0517469,-6.26534,8.93285585,14.121817,16.8314189,19.5990581,,6.64122124,9.90813574,-2.210949,1.65766583,11.9313657,1.54372668,-9.7325413,-3.1896127,4.6698549,2.27585828,-32.441879,-4.457231,-3.0315076,3.82395423,-10.359789,2.52053244,-14.592856,-0.4070365,-16.163752,-7.490193,1.25488307,-7.551047,-16.729061,8.73782179,7.63230471,-13.723215,0.69570487,19.3359456,0.57261116,-12.392382,-13.535246,12.0021915,2.6972532,-16.342739,0.63495098,-12.915393,-13.459418,-1.5297181,5.15254039,-7.3445332,,,34,29.0534084,22.5682969,28.2707849,5.31235986,8.92143559,15.1790992,8.03018164,27.6639628,38.9166567,30.8597638,30.6323906,21.6426038,27.4368552,33.3427038,25.805175,26.594483,5.82371042,44.9340865,36.372997,50.1643342,50.1620798,64.9002514,28.7574308,20.4092828,12.2411131,36.263525,6.26935202,23.6973843,42.6322865,33.8153747,28.3324947,35.7223691,39.1687801,11.1851932,36.7655456,41.8666335,47.0480634,18.5664705,-4.2074452,-1.6533348,4.08628218,37.9345026,25.8122527,25.307129,20.8047894,16.5008299,-11.865034,-13.796289,-11.638138,-1.7345702,0.82617886,,12.3893686,4.8693639,2.85853326,9.78338503,18.8412889,2.77219437,-17.673282,0.66056404,9.23569341,3.55407723,5.67205888,-0.4835163,3.54129663,3.33652024,19.9616978,20.9755888,0.20282347,9.32226045,-3.0650527,2.46370252,9.39984365,-5.8340983,3.78926095,-28.471255,-13.38336,-16.101995,-29.215414,-2.4434103,10.5882018,1.92567825,-5.5876537,0.4688184,-2.5972374,3.97133337,-6.5256893,-6.2424815,-9.7670586,-0.5821968,-6.0249952,-12.167442,-8.1241851,1.78603126,-5.4657328,-11.564664,0.07287565,-22.106197,7.52505174,-5.3318488,-9.7784956,-1.7300061,-8.9178853,,,34,21.8833023,14.2626284,8.77690575,11.5382357,8.62695509,-2.5721445,1.77509307,11.3431321,20.0820516,-81.333346,35.9394581,64.0475433,-1.1773305,318.689765,41.6358573,47.5660738,48.5727716,1.47222467,-0.3059169,34.5846212,1.3868462,-15.519989,-11.858369,-21.094781,4.9411118,8.74748741,-5.5580604,-3.7836957,,-9.5565487,3.53222573,-8.3675248,-4.783323,-2.6417631,-9.5272744,-1.8905352,-5.62158,0.01369086,-91.829255,7.48848135,31.2860343,-10.320046,-45.580595,6.9640178,-0.5814645,0.09986963,-6.3475652,-1.2682423,-15.318149,12.1388109,4.09138223,1.39722592,-18.719157,20.1070891,11.0065039,-18.77917,2.37592615
,34.33333,13.3880931,3.53250903,2.70439324,23.4146525,-8.0414461,11.846086,18.2408102,1.39958853,-12.610063,21.6038416,44.4477584,10.004579,15.500953,22.0396131,1.57878245,8.54920869,13.5650477,0.19445875,22.8032145,13.4259429,14.2568175,24.8515632,12.9794331,32.4345543,21.6737932,16.3316179,30.1381467,1.61292736,11.517728,49.0365632,5.50745371,23.9270645,13.6743108,12.817237,18.0515825,16.9431192,3.54795347,22.5818745,18.7883452,3.42630655,2.050165,38.9456985,27.2439479,15.1608077,26.3619158,4.63880815,13.2305012,19.4693291,,15.2908458,3.39308528,21.620076,16.351599,1.24032894,-7.2321173,5.60496766,2.01848628,-30.388729,5.95402087,34.8960253,6.01767775,4.46159189,-4.3258356,-13.694474,-12.248894,-6.9369808,5.95637429,-0.0530774,-0.6051257,-0.232375,61.9881013,0.51083642,2.13853864,3.50326292,5.02710323,-2.2648252,6.18574655,12.3397453,32.7654828,-0.7846722,2.12016031,-0.2298678,-1.5999098,7.19265394,-0.9661159,1.92799153,11.2775001,26.6279234,5.1796808,-9.1221685,35.0760148,18.8553416,12.4836033,19.749406,-9.8967357,3.94073459,8.18062403,,,34.33333,51.8546794,19.6804272,34.9131111,-16.08112,18.7842704,36.7145308,19.711519,23.0095434,9.09758861,39.4814316,-9.4059348,20.497361,20.5776326,28.5227869,14.9493657,26.5308178,22.3015087,32.9728331,23.5621323,17.7572501,-6.2371854,19.2974709,7.39730109,18.7821362,26.59826,17.4508973,31.1399344,46.5296331,8.34377472,-24.609714,-6.5124228,26.0037328,15.6387026,-4.3377456,17.0221323,-7.7994278,2.35350372,11.4118578,15.4460446,18.911782,,8.85368609,19.363512,11.1442758,-0.6974847,12.9209639,9.57301717,-2.044712,-9.2570441,7.60255662,5.99783299,-19.845286,0.47766263,-0.4441431,3.9238249,-10.07804,2.77483067,-11.26786,2.11724694,-10.485829,-0.4189643,2.95384822,-8.8370115,-12.711333,8.50857971,5.28998484,2.66116594,6.71942901,-3.4320879,0.049005,-15.6146,-17.689878,12.9630094,-2.0189757,-14.046314,0.6587023,-13.962398,-20.222447,-7.0122517,1.19143036,-9.7396865,,,34.33333,29.3666665,21.8023243,27.9483613,5.97007334,7.99997086,10.6122166,12.4155645,27.5653181,39.4147811,32.005691,26.9101826,23.0792963,29.6085112,34.3127138,26.4838799,29.0274008,7.76821385,46.6182507,35.2863569,47.5804237,49.3170816,65.8917823,28.650929,22.3655832,15.1265485,38.6164748,4.46984927,22.9479117,44.8253418,32.5690297,28.0356077,34.1864079,34.1681684,10.3035131,33.0348072,36.847572,48.9064971,16.6034425,-2.8055207,1.28759779,0.71505999,37.1492134,20.315835,17.8230739,22.8069358,15.0784664,-8.901133,-12.631206,-27.473407,-1.4355539,15.2652554,,11.9192287,4.13886374,4.91103476,8.48336043,17.2709188,4.1560248,-1.6632647,3.99973723,19.1093651,7.26332472,5.46577024,8.83835397,0.19386378,9.32331247,18.9093593,22.3305014,1.39239364,8.7230928,-3.3620584,-1.7937499,5.09412602,-6.1880288,8.97790222,-26.321153,-15.937428,-12.14311,-29.307848,-4.4112515,12.0632386,-1.321736,-12.610238,4.63621986,-9.859467,0.88464187,-6.0646979,-5.7440928,-0.539792,-1.7373855,-4.5769665,-11.698062,-10.563737,0.72013022,-14.174398,-15.371758,-2.2143642,-5.4612352,10.0469963,-0.1395621,-12.957183,0.79726824,3.03838972,,,34.33333,20.0204331,13.87514,10.5271567,8.53153596,9.44699108,-1.5782015,-0.1636472,11.1522894,22.9337246,20.2734439,36.6047239,62.2599888,-2.1199769,316.125961,39.6022042,39.2685874,47.3199206,-0.3206841,-1.8874144,34.4702838,-1.0526253,-20.153137,-24.108137,-138.42027,-14.181623,1.51942501,-5.0679133,-4.7069818,,-8.0712459,-0.688185,-5.7387049,-10.131455,-3.1865774,-10.778667,-5.0507481,-4.9233848,5.77662703,16.3108654,7.63574317,32.1367855,-6.1842063,-46.311912,6.33616065,-15.785476,-4.6719787,-4.9919951,-2.8352816,-15.584663,5.84002552,5.62651101,-12.319671,-136.2461,-4.5102475,4.96227629,-20.198076,6.40571582
,34.66667,10.2258788,5.26377336,-1.8622598,24.6792765,-9.3357978,10.9041435,18.7839091,3.10310986,-9.6754776,15.4884246,34.2412933,9.34039096,13.7816959,22.4699797,1.00695485,12.2536835,13.1109682,-0.1426816,28.0314013,12.3305718,15.0223903,17.1158421,14.7895669,35.6304219,23.3410916,18.2058566,31.3501647,-0.7924546,10.9983129,45.5567731,4.85830386,23.5977517,13.1416384,12.0391251,15.5621031,14.1968598,0.18881138,20.5701292,16.8308842,2.05684926,1.73482065,37.1868135,26.086582,14.3464601,24.8832358,3.8689814,11.9632891,22.7784088,,3.95622325,-1.6003364,4.23231885,19.9091217,2.9134867,-8.9127043,9.19211361,13.1966447,-29.226661,-8.6400873,26.5669215,1.37600654,3.99177487,-3.9276836,-12.307887,-8.8294458,-8.8546444,3.60745833,-0.5197652,-1.2828791,-0.8330877,67.4563625,3.83397962,8.62600398,3.19280066,8.53632966,-1.5605799,7.18968489,13.3892307,16.780079,-1.0675761,3.30926783,1.8920904,0.00533672,4.5875196,-5.2387374,4.85871541,3.86158828,25.6276624,1.1525558,-13.916358,34.9597786,17.7145905,15.0450623,21.7164235,-7.5135348,6.17076548,7.97491351,,,34.66667,52.3559971,18.1086358,25.6690513,-13.99353,17.5925407,35.2852678,15.8749706,19.3041935,9.86983277,39.0560629,-11.473646,20.4878077,19.048894,28.9287282,15.417277,24.963207,23.1120155,30.670138,33.0755498,16.7574776,-5.791088,16.6091009,7.92383999,13.3807939,25.3607465,16.7243726,26.6253567,56.2612414,8.38752643,-23.754084,-9.0978653,24.8293303,18.985404,-8.6100174,17.0152286,-7.3692695,1.69114083,11.4779184,14.1824853,17.7043185,,5.24905956,14.3852979,4.60314689,2.02017427,5.47625554,4.10671354,-6.2241022,-2.0518046,9.57988475,6.45142312,-17.846673,-3.9211091,2.72590221,12.146831,-14.354924,2.64166742,-9.8811317,-2.2246717,-4.3056987,-4.3388017,5.33588486,-8.2968011,-17.791152,7.08449626,7.02284249,-13.862224,-5.604702,2.86680597,0.92409904,-12.919936,-17.498504,4.72322125,1.96537389,-25.906969,1.77580003,-11.226901,-20.473446,-4.5221097,3.80010685,-10.438221,,,34.66667,29.1114065,22.0001736,27.4553819,6.68787836,9.12671291,13.0201404,14.4482266,28.1044848,35.8126451,31.6395303,27.6820424,22.8144137,33.3472564,34.2978266,26.0077948,27.4451172,7.57277261,47.2010793,34.2676427,47.2384903,48.5033283,67.257076,34.9936528,28.8486329,14.6988322,37.8792211,-0.8356538,22.3965782,43.3254374,31.8750391,26.1560902,34.3640435,37.5597419,11.4604464,32.9905406,38.0000983,52.9432995,21.1959033,-1.5502946,4.2030242,4.02961464,38.9669063,25.9828086,21.2917815,39.6589482,20.7502163,-15.648141,-16.203391,-14.195086,-1.9750354,-9.0533729,,10.6842958,6.90491204,7.52248488,7.14107335,17.3138685,6.47181631,-4.1629765,5.79187635,8.34910262,3.54297505,6.70317804,3.70081204,6.81938146,14.5550283,19.9920337,21.7794668,0.49419009,15.9663222,0.65533988,-1.2890762,6.01294414,-4.3891301,7.80933955,-12.695324,-13.192661,-7.3960163,-27.914026,-2.5138654,10.8109097,-0.0438431,-10.923224,1.79316984,-5.8534048,4.00253053,0.00267822,-2.7109871,0.30820806,1.5670948,-0.1818814,-8.7263287,-9.3519137,0.22236185,-0.0976568,-10.157357,16.6172485,2.85441832,5.20915659,-11.911156,-4.7628422,-2.5815779,-23.177441,,,34.66667,18.0841113,12.6296755,9.58373201,7.76400631,9.10343213,-3.0587478,0.07914595,9.05268477,18.8315318,-39.048268,28.2327756,65.2844371,1.25503826,275.093135,34.1611431,42.5652396,43.625974,0.08467656,-1.6625598,32.9011782,1.59833815,-11.416511,-12.470203,11.2890906,16.3162899,0.10120881,-5.7399225,-4.4286512,,-10.684085,0.5337813,-5.0973348,-9.6793616,-3.2991548,-10.682162,-5.8614073,-5.6480332,4.40835623,-41.834368,-0.2080939,35.901677,-2.0022814,-49.461112,-1.7224216,-7.7286089,1.8807227,-6.3329858,-1.970942,-16.161459,12.2367034,10.9990454,1.21785954,10.381966,35.9075111,6.30683845,-18.398543,6.20828638
,35,13.4122186,3.96267876,3.208209,21.1351854,-8.9886771,4.65849646,17.0173764,2.9011789,-9.6838576,18.6653803,38.2805825,11.7486432,12.5295591,20.916913,0.02306892,8.1887627,12.7654824,19.9643348,29.0959752,12.2440776,14.7895176,15.5560414,13.9247992,32.9110712,22.936585,17.0308416,28.2680981,1.48720589,11.1028075,40.8793334,3.64458536,23.0464385,11.916917,11.2498598,16.7198973,16.5375362,2.66923713,19.0676581,17.1941501,4.05010349,0.01642843,38.4556058,26.1534821,13.7980061,25.3877836,4.55024309,13.6377541,22.3753432,,0.36064245,-3.4039422,7.08226114,21.6453566,2.62391525,-12.693094,10.0591544,-0.8517252,-27.293363,16.7484111,28.5437788,4.30146773,3.94895471,-6.160907,-15.212101,-12.221675,-6.0075929,34.6120803,10.2650371,-3.885049,-1.155616,55.9166369,10.2717699,-1.8391014,4.56331672,4.33176542,1.41039168,7.45125247,10.2867168,22.8304559,-3.1444238,2.55326371,-0.0953028,-0.8370599,7.86902948,-5.3711648,1.87429111,12.0420404,24.2259673,4.20094629,-13.571508,33.7106623,18.6758996,13.6361787,19.7256702,-5.6301341,5.1178275,5.22454621,,,35,50.3159897,17.9843385,27.357936,-13.561926,18.0224359,34.751968,22.9387139,18.6062242,8.93188049,38.9013236,-5.6457852,21.8080659,18.4155885,30.5778743,16.2958396,25.1754353,23.3002603,32.1162381,26.6161363,8.93861245,-6.1098373,14.291767,6.61557199,14.1648637,26.722056,14.8931202,27.2563332,56.0688667,9.29523918,-24.380008,-6.4865222,23.4235125,21.3184264,-8.1131067,17.8783737,-7.9641822,3.060067,11.0654513,15.0966388,16.332551,,5.49530899,15.6514483,2.3169777,2.21343945,12.5994988,5.60135421,7.01316968,-0.4014103,11.9081259,10.8860294,-18.761089,-2.450713,1.47908097,9.62472444,-2.3927458,5.19902462,-9.2754373,1.32947709,-9.6223762,-14.480186,-3.7458781,-11.950245,-13.70118,5.35062823,5.4157535,-24.298575,-1.9547153,3.16531188,0.32601349,-14.361464,-11.4624,3.52624072,0.73164214,-18.336513,3.61671986,-4.5410772,-21.978291,-6.9558375,4.57042993,-11.800297,,,35,30.3366344,23.9586331,24.1761325,6.9678984,9.4754942,14.2060827,7.07999873,25.8359539,35.0739367,26.4698908,29.9207591,22.5821724,30.7088909,33.0642179,25.0109629,30.4766947,8.25544451,43.244751,32.2413481,46.1362337,45.8822817,65.7707924,27.4937938,22.1233462,14.5645118,36.1006254,-2.6651196,18.0033097,40.9404043,29.6223885,26.0278925,35.3481495,40.0013404,15.6021462,34.2496451,37.2693154,47.0027472,19.2513789,-3.9345416,-3.0988749,-1.3133573,34.6495301,18.3178836,25.2761438,27.2525927,11.9048536,-11.014824,-16.099265,-32.566196,-0.4732771,19.9719124,,10.6967521,7.37250765,5.18099343,7.86639898,15.2473728,4.41485714,-16.839166,0.40466164,7.85264114,-3.8998374,3.9039184,1.63353093,11.0171797,8.49832469,20.2811241,22.2980484,1.88026708,14.3644497,-3.086508,-1.2549572,6.13783573,-0.2705477,5.2950025,-21.858417,-15.663584,-10.07154,-27.928876,-6.2356871,9.32957616,1.61047243,-8.3049575,7.76922314,-4.9534707,6.78256649,-3.0109351,-5.931199,-6.0616586,-0.2462614,-7.2481147,-13.673828,-9.2470421,-2.3154382,-10.180903,-6.99197,2.14841078,-20.164192,10.7774853,-3.1674679,-17.791074,3.40649691,10.0859267,,,35,16.274777,12.2120004,10.8169816,7.38594615,8.1187609,-3.521372,-1.3175928,11.2998381,16.3111916,4.52696005,32.3486777,61.6880683,0.24729771,274.413716,37.6898142,36.6295283,39.7779789,-1.4804079,-1.4513597,32.346418,-5.3237073,-30.566034,-15.835978,17.169743,-24.008088,2.24988801,0.21486179,-4.9135466,,-11.902207,2.68633035,-5.9061196,-10.695409,-3.1391017,-11.484756,-4.2892503,-5.8270376,2.06637508,-4.6280712,5.38904391,37.0409606,-7.759169,-49.015872,3.93844105,-9.0513756,-1.9979205,-4.686129,-2.0422269,-14.609494,4.42474591,-12.296186,-7.3459024,16.3846722,-17.857193,10.0581788,-11.855159,2.45072236
,35.33333,10.8590926,2.40683818,0.85681643,23.5085583,-8.9453001,6.43322838,19.612932,6.48002346,-8.8300549,-4.2807382,29.3672057,6.96559584,15.2520205,23.9960137,2.41763762,6.6942205,13.7418778,5.69189823,25.1356212,12.4157915,13.1438423,8.53200717,7.96197014,31.3800894,20.6541225,14.8533737,28.4607015,1.0949904,9.38157169,45.8025891,2.61311472,21.2064564,9.27360935,8.83296159,17.4866111,13.1989458,0.06956272,17.9967577,10.7316793,4.26529288,0.27534136,36.0534307,24.7314437,13.394513,26.0739032,4.93954745,10.9570799,18.7008862,,0.77722605,-8.8456571,3.26692426,20.3145838,-4.5796011,-7.904585,15.4096982,14.0764733,-26.449928,-27.177501,20.0806333,1.76534229,11.3299849,0.75793264,-7.3513749,-14.018497,-3.9401364,16.7680096,0.41541842,-1.2731062,-0.3970602,70.2372803,1.79944358,0.83478624,8.3769187,2.91340956,1.12915535,3.90707965,12.1814233,30.05123,-1.0724496,2.16516324,0.21748545,-0.7970679,8.98475942,-7.9838245,10.5626587,11.0945805,27.7233845,5.82445947,-6.0409395,37.1614875,19.5848183,12.4120269,19.8606677,-6.4330599,5.53158812,10.7996508,,,35.33333,46.2238906,14.6044826,11.367799,-14.75467,14.8713143,30.070961,17.6013382,12.6817715,7.81244581,31.4423241,-13.674921,18.1323457,15.2566181,22.4509039,11.7882064,24.6938049,19.9151123,30.6527466,23.9789892,12.0578734,-6.4550493,13.1634719,7.71892694,15.5635011,25.7015531,11.7435844,29.5412954,49.7197538,11.0502933,-22.601357,-8.9784388,27.9650466,21.9032496,-3.3163732,18.4445064,-6.8759912,0.11575903,13.4778434,17.90997,18.3331925,,5.33337807,6.91976715,-3.2727372,1.25880668,1.38152595,0.55248044,0.8912859,0.86650009,3.51322835,-1.396674,-20.684205,-7.3136021,-2.3578076,4.94977272,-8.8678547,3.66571957,-11.638344,0.81565861,-8.9923446,-13.744263,1.0724152,-7.2255736,-17.122368,7.07951407,6.64046786,-23.654138,-2.2740738,7.11061288,2.36070855,-14.566029,-15.568947,9.92606862,4.59307833,-17.394377,1.73806181,-11.9585,-22.38967,-4.7718321,9.29459844,-7.740494,,,35.33333,29.8325607,23.7888847,25.3945902,6.82357281,8.20107028,11.2645187,5.25362301,25.3772774,35.4612906,27.725532,33.6848112,20.8264075,32.1133409,33.9117764,25.4724008,29.4226934,7.39997542,43.8215301,29.6486509,41.7748892,45.6874307,66.6444216,19.517903,7.77081982,12.2702197,36.909582,-0.9026165,20.1949086,45.9334734,29.0205501,28.1196047,32.7674814,37.3650035,13.5310637,30.9475042,34.5914935,47.8685611,18.7168834,-3.8693277,-5.9963567,0.90645084,35.2184204,22.7153449,18.734208,33.420911,12.7725643,-13.452478,-14.36248,-14.874967,1.88382862,19.4027159,,10.411357,5.4135516,3.16585859,5.14626836,14.4470437,5.47892957,-9.0161827,4.52545265,11.8320193,0.19135468,6.4151991,4.4395549,6.75480325,10.8819016,21.3829512,31.4600676,1.52464992,20.6921023,-4.1753315,-0.7138665,4.28588868,0.82759974,4.94673305,-24.899731,-14.344732,-9.2482816,-26.44696,-3.1368476,8.68683438,-0.3021469,-6.9592842,1.54636581,-5.1616754,6.18670727,0.87731909,-4.9569134,2.38425741,-2.9947149,-3.8695455,-16.427521,-8.7956404,-3.8838873,-8.0538403,-11.470779,13.2377112,-15.13009,5.81772643,-7.996254,6.58092954,-2.3998032,0.54886523,,,35.33333,18.7150251,12.8162059,9.17232124,8.36880492,6.03617791,-4.4194365,0.15833972,12.6783268,24.3568612,-4.529032,32.1004953,73.9904992,-3.1258056,303.253668,40.0683425,42.199237,37.058664,-5.0991026,-1.3258153,33.5150187,-0.2913444,-21.255618,-13.952183,-1.3522786,-0.8818447,-6.5164371,-7.5029441,-7.2852319,,-11.772424,-0.0136603,-6.6892703,-8.6569927,-4.1836266,-12.270579,-6.0122811,-4.1048328,5.74922494,-15.122346,6.26393896,41.2674969,-11.703974,-54.776611,4.80689561,-5.6372586,-5.4676328,-7.0922892,-2.316623,-16.4241,6.61906175,-4.1274501,0.50103578,-6.402877,5.9884176,2.52935433,-14.431188,4.14993061
,35.66667,13.2595982,-0.9921345,6.52389534,22.225827,-7.7571885,5.23055697,15.9120783,-1.3122839,-9.9791183,49.7056191,32.6568173,11.2975034,14.8058436,20.1792354,6.12804212,7.55459767,14.4026356,7.35851741,20.4716351,12.6867456,14.1616067,9.74965513,13.6105778,34.168784,24.7858841,13.1547697,26.5325353,2.52576317,8.51980594,42.0119212,4.94454032,20.0808564,7.44568195,10.5021767,15.5419346,11.643786,1.11340062,22.2500641,9.50505537,3.00748406,1.81784544,37.5701431,26.5487702,15.615084,26.3917403,4.2420653,11.6396395,19.6115533,,0.46774241,-12.652443,8.39152347,19.42575,-1.3532193,-6.0439412,10.0862623,-1.1836013,-24.025662,-10.036411,21.6337259,1.08071209,6.27689321,-5.0678091,-1.7646446,-9.768493,-11.064935,16.0474263,10.2067931,-3.2326835,-0.1088128,54.1838126,8.86167951,10.2084288,9.27289969,2.25120172,-6.9984251,7.35916199,8.30277031,21.9795578,2.05570515,1.36836537,-0.6602007,1.03909533,10.6897258,-3.2378364,10.8412286,23.3675068,30.2655862,12.2229844,-6.2170631,34.4327002,24.4458227,15.3354649,18.6553241,-10.824435,5.27568325,-0.5453507,,,35.66667,46.1275389,15.4275292,26.3096397,-16.417585,13.7020796,32.8432374,16.0493299,14.7075712,7.333714,34.8691052,-15.780261,19.4403556,18.0565651,27.6595352,16.1357887,23.4389791,19.6862931,29.6574649,26.3132688,16.2818831,-5.6154725,13.0410374,8.362536,15.0643331,26.0066654,15.5991044,26.5947024,48.4259584,10.9891283,-23.987188,-11.031876,23.0830305,18.9959617,0.94493687,18.329328,-9.6454711,-2.1604191,12.5877531,16.1128108,18.0251519,,6.07767692,8.6368374,19.4796811,-0.7055972,3.89437137,3.83283515,0.89913901,-8.4317523,9.4092319,-6.9582733,-22.226799,-4.9924417,-0.5747098,1.52271006,-5.4558199,3.08080871,-7.9039445,-0.3992546,-2.3006851,-6.7717851,10.9554581,-8.7049618,-6.4470676,6.52909316,9.45106441,-4.6504023,-1.6304695,0.296036,2.43806449,-14.605245,-16.063074,7.11364071,0.5361588,-12.740754,0.12510343,-15.83969,-22.353369,-5.2114096,4.24668733,-8.3541345,,,35.66667,29.2642311,23.5993994,23.0770139,9.05730667,8.29585394,12.6492187,6.51964354,25.1960687,34.725565,28.840632,27.4900224,20.0124507,27.1399423,30.1337787,24.6421402,24.6270132,5.83519436,41.8286872,30.0108785,40.3911079,44.9956891,62.1047173,30.0689186,12.4548874,11.367245,37.1502996,-5.4729075,20.2097386,43.8618828,27.1217345,27.2040454,30.8526688,35.3145616,12.2120798,33.3865686,34.5555577,43.2602352,18.3297359,-5.5859461,-2.5942923,0.82064688,37.3904207,20.3666185,20.0153658,29.4054005,15.4326752,-7.9708652,-13.706496,-24.557393,0.81642413,30.5513661,,8.47617579,5.15867949,6.54018122,7.30446578,15.6203324,6.11214723,-10.92312,5.27947206,9.12835192,7.42932447,8.93881287,5.10986425,7.96448455,14.3998441,19.4389063,25.7214263,-0.2575619,15.2359164,-4.4733401,-5.5875855,9.67228234,-1.6464157,6.82903775,-16.921823,-12.105404,-8.242534,-27.660092,-1.1033828,11.7060871,-0.3884445,-8.3777058,1.17148506,-7.5781003,4.01642049,-6.7161384,-5.7738571,-15.572091,-0.4868896,-6.5628721,-7.2910946,-7.2738891,0.50927,-10.636802,-2.9915688,14.8490018,-5.1250749,8.56479784,5.48017806,-16.581618,-4.538462,18.6698502,,,35.66667,16.0711744,14.0283306,8.02276907,11.830361,7.30668114,-2.8889529,0.23993659,10.9381781,19.4240654,-34.978232,28.8897666,52.3790521,-6.1143047,279.092566,37.045198,39.3740154,36.9968437,-3.7219877,-1.2141373,34.6025119,-3.4374608,-22.955211,-27.851312,-82.082318,-3.701537,4.16513547,-8.9316139,-2.7910437,,-15.03261,0.34167714,-5.9855801,-4.336097,-4.9367516,-8.5798214,-4.5679991,-5.1018694,5.12161767,-42.657835,5.36718669,21.5359351,-12.72235,-57.910755,7.09571423,-11.485091,-7.3417518,-2.9119574,-2.739679,-14.116441,6.32479514,-7.3648089,-14.362333,-83.323883,6.63985333,11.7225334,-15.752704,7.75451498
,36,12.5784454,0.86169448,1.75217615,23.4015201,-7.9320989,7.80065438,14.2049563,-0.1864468,-12.581964,60.5916226,31.6083299,-1.0970802,12.8308441,20.9741633,2.34982255,-2.3772473,12.4643158,6.30186852,24.6286861,13.6880427,18.0118003,13.8136802,9.41229019,31.8960774,21.9973234,11.7919546,26.6810938,-1.1231213,9.03102183,44.7084594,4.29240668,21.0427447,8.66404087,10.5205667,14.6268705,10.5484712,1.70161747,22.2713586,7.58704366,4.72756151,2.9539905,39.9498529,23.926944,15.4862031,25.8215735,3.13423816,8.70716482,18.8303264,,3.52704071,-6.2944883,6.82534914,19.0844173,1.19227632,-3.0697051,14.1892284,-1.7202552,-25.744368,-7.2930931,17.0115758,-12.457935,14.0085542,-5.1992459,-10.534803,-13.358919,-10.770697,9.96511914,9.21922903,0.16429167,5.72340557,57.2647867,-0.4706823,10.5249064,6.4688003,5.33200043,-1.8215817,5.16203877,8.70837081,27.1258478,-1.1556353,3.01853052,-0.8421186,1.2788524,5.25083112,-9.5808761,5.42983904,15.7617771,21.5418095,6.45516821,-7.6095774,40.7590645,27.1865413,18.9950676,27.0215506,-5.5199008,7.90298749,11.9271544,,,36,41.0376929,14.6272303,36.6046006,-21.252107,15.0589187,34.6574236,12.2979046,15.0750747,6.56598717,31.1642903,-17.074728,17.5574122,15.6157294,24.5428439,9.10793616,21.7851571,16.2013378,26.7350462,8.06277054,7.29391839,-5.8996913,14.1352142,9.26087467,13.0795838,25.2683974,9.38106843,22.7075625,44.1880607,12.0456559,-20.967413,-10.353053,21.3198744,15.78999,-2.9448411,17.4797525,-9.196513,1.05454516,14.1839687,16.7636544,16.2187435,,7.45039488,8.50627559,21.1153789,-5.650523,5.47870108,4.79599831,-5.1196494,1.87330579,-2.990794,-14.554966,-23.74777,-8.8355156,0.28041431,-2.0186722,-11.229268,2.9444215,-13.55413,-1.8481027,-19.2929,-13.716991,6.86363702,-6.765426,-12.810074,2.90345435,3.91062091,-17.150089,-7.3615301,4.12940712,4.519967,-8.801036,-14.963972,0.38339234,-3.3109746,-17.858992,2.5573139,-10.102818,-17.744368,0.07555147,5.7201819,-8.983271,,,36,30.216976,24.7493359,24.4936894,8.28837483,9.47155001,9.3655452,9.44611115,25.4988602,33.0239061,32.0271079,23.3809018,18.9077607,29.2459472,30.2095999,24.7487573,25.5713086,8.83047377,40.0300106,29.3363608,42.6508248,43.7286656,61.4442643,30.2404116,16.7037658,11.3144314,38.3196951,-5.3542532,24.1131438,43.6271957,27.2425713,21.0704103,33.7171158,32.4885173,14.5075885,30.7428521,36.1875962,48.7471218,17.4102236,-3.7175975,-3.0202793,-0.4876082,35.9371698,17.336845,20.5422658,20.5195334,15.4905393,-17.082701,-12.857313,-21.892467,1.99057083,2.03521638,,10.455552,6.21493877,4.79656404,6.49584884,16.358443,2.8148486,-12.803739,6.03275434,10.6121812,2.86434574,5.03411757,0.55659579,16.7066112,17.6138978,21.2663058,24.7269267,0.97354884,13.5484759,-2.4368033,-2.3949883,7.16579236,0.9805195,-1.8806024,-23.635581,-9.5444314,-11.661132,-31.459593,3.24474844,13.9394057,-2.1364834,-8.9046787,0.52812496,-6.0972446,3.69649108,-7.8256462,-3.7609411,-0.9758094,1.36177217,-5.5771894,-9.5501488,-6.829322,-0.8828762,-14.877227,-9.3656671,9.01832045,-18.96441,3.67389911,5.11132256,-10.764029,-1.1668214,-9.3682873,,,36,19.33664,13.1336563,6.63172331,11.2873595,8.69838065,-2.633715,0.97358838,11.2059871,15.3960979,-18.616904,31.7100347,49.1267854,2.1128929,245.656124,36.7969556,37.332062,38.1056652,-5.7337024,1.19776093,34.532097,3.92261114,-26.757977,-17.471998,23.6541035,-2.1889376,-0.6405988,-9.0211221,-6.5853846,,-8.1212154,1.81201272,-7.3908817,-6.4958229,-0.4047791,-6.133192,-3.8010517,-3.3188255,-0.1516085,-27.131022,6.35401147,20.430612,-7.8773757,-53.540599,4.9485056,-12.371885,-5.8651037,-4.95058,0.33465332,-11.94747,16.1459575,-1.0431234,4.89948954,22.504556,12.7778279,7.1103174,-11.236219,3.82284118
,36.33333,8.39021919,0.11998958,-5.5685979,23.9645389,-8.5101306,6.13809432,11.8715883,-1.1813942,-11.005983,68.1960362,45.9297755,18.1626877,15.6294863,22.5791223,2.92771611,7.33970772,18.502304,11.438884,22.5082373,12.1828579,17.4670113,14.9600482,14.4103443,35.6490078,21.8038731,9.12230295,28.2388612,1.21506433,9.61957448,43.3191053,3.7589583,20.5740667,6.2877712,7.02379204,13.9795466,10.7673026,0.28574005,19.7220992,7.11010679,5.24252187,2.03301323,39.3004427,24.4206012,14.879525,25.3995581,2.67834273,9.4037613,19.0833348,,1.28954935,-5.4851051,4.64195617,17.8466066,-0.9496469,-12.456105,15.4086388,3.96134676,-21.320857,-33.125908,38.0297009,11.509715,-9.3872967,-0.5453272,-13.288303,-14.931517,-0.6306106,11.2618913,8.70008832,4.47072083,6.43662403,39.0329881,10.5825486,8.61693741,5.55762659,2.8166564,0.40956849,5.66150571,10.5128339,25.1197519,-0.4514084,1.96885902,-5.3135375,-1.0983741,12.89774,-9.1947462,3.5119633,9.28011152,18.0243526,7.85052558,-14.328099,32.9637145,24.4753379,12.4892533,18.3390538,-6.3811926,2.42400441,7.49305238,,,36.33333,39.1794909,10.7326153,11.0695828,-16.88891,12.4865023,30.4293868,12.9368674,10.7206805,11.3069028,34.8807213,4.89042799,18.0146256,17.4795517,24.9510827,5.07260447,22.5770586,17.6407371,28.7683155,8.34387792,2.46408832,-8.8367157,16.130048,4.80468536,11.5529239,21.2336869,14.926829,28.9201824,39.3970906,10.9410672,-23.169723,-8.2044472,25.1219225,16.9761881,-6.3322006,15.695646,-6.8130727,3.13337883,13.3944253,17.3039928,18.4280941,,6.91316941,5.0602879,-5.7627233,0.01332136,3.71283912,2.10366882,8.91316096,-2.9201136,7.73919923,-0.1212702,-3.3272039,-7.0822201,2.59034468,-2.5495841,-16.324755,3.29427406,-14.58039,0.35482568,-24.62491,-23.030601,-3.197825,-9.3570604,-16.98789,-2.167942,2.09533068,-16.546914,-3.3020217,2.71850148,2.37636854,-12.39743,-16.841273,8.89732909,-1.9931365,-5.396195,5.73484943,-10.868788,-19.583397,0.05293922,6.00902851,-8.4463336,,,36.33333,29.3271917,21.4824747,24.5502921,10.4205924,9.75225475,9.5990057,4.66078156,24.2406233,31.2012224,28.5735105,22.7723551,18.1550849,26.4099474,27.4744167,23.716273,24.2416746,8.10335416,39.8935329,30.1487762,41.8728688,43.9319069,63.422713,38.2112843,25.3620039,11.5202885,36.6352041,-5.2309832,22.4090216,43.2206516,26.2195837,23.7308744,28.4130482,31.2980872,12.0993227,27.8628941,28.2498035,43.7907244,16.9522993,-4.3340391,-5.5568981,-2.009064,35.1315223,18.1966706,23.6361762,20.3349025,12.9696404,-11.109828,-18.12197,-13.715738,-1.7917891,43.8628043,,7.72424972,5.43034806,5.10270086,9.29320117,14.9528286,6.32232669,-9.9682657,4.54528015,7.90427983,3.45040413,5.44877826,9.08536592,4.7124521,9.6849828,18.1256191,18.104808,0.27536962,19.7410744,-3.1171528,-2.7644498,3.47356217,-2.6996826,12.5651862,-0.4909064,-13.929176,-10.724794,-28.424484,-2.2808546,14.0390412,-0.9615301,-4.0937758,-0.2233571,-4.1884247,1.79999306,-7.6827549,-11.188295,-4.1884823,2.12481356,-2.7462296,-12.44339,-7.8366685,2.53707348,-1.7451477,-7.9860839,7.55708027,-8.7389994,6.6659344,-1.7041337,-11.637481,0.97605868,36.4868642,,,36.33333,18.4969535,11.325004,4.54086088,9.05138033,8.11478313,-2.7285056,0.2700601,10.4208137,16.395591,-22.420431,32.5703022,51.9765437,-2.3749853,275.005536,36.3599015,38.8970763,38.2932237,-4.6343585,1.5001053,33.9220616,2.84324984,-18.329833,-7.1032033,49.446352,16.4163233,1.5189375,-5.9283072,-3.7810795,,-13.279431,0.74296255,-9.6235474,-4.7827159,-2.660008,-9.7558825,-2.5579266,-4.9532087,2.07196595,-29.705154,9.51502686,23.7976999,-6.9525358,-47.269382,6.04597156,-15.15884,-8.5648472,-6.7237559,-0.4020989,-13.251619,17.8337023,0.10117738,12.3524937,51.360019,22.9184144,17.0417703,-10.81004,8.39408375
,36.66667,12.7973158,-1.4854044,5.35199623,22.5052773,-6.6150367,7.16363084,12.6033782,-2.1151981,-13.575604,2.82018559,55.7487218,16.716395,21.1378187,20.9151672,4.17285281,5.94005319,17.1648656,2.81930512,24.2457875,10.5931828,19.1298672,17.5281379,6.28699691,30.3528511,19.3202809,7.59909784,23.8203813,2.22324404,10.459218,43.2745643,4.80803235,18.0366635,6.52472651,9.77249416,12.8108672,11.5323854,0.40395194,17.3188226,6.8045259,5.97263003,1.59869082,37.8030276,24.4849699,13.9612087,25.1113689,1.31530766,8.8396149,19.4263757,,4.48555018,-8.3337386,10.531861,19.908791,1.54752147,4.45136931,12.2735547,-2.461931,-24.198533,-64.743646,63.8857699,4.85292817,8.47601502,-5.5451974,-7.5447431,-12.208245,1.66461505,10.4734517,6.77796455,2.52595701,7.83690514,78.1579584,-3.7908059,6.20023447,4.44570393,3.52283496,-5.8665736,11.4420168,9.83614641,23.1590432,0.26928743,2.21188205,0.5093974,-1.059437,4.3916073,-8.8239171,-2.0770383,2.99269269,19.006564,5.99980201,-8.806572,35.8268659,23.705822,9.55402969,20.013984,-9.9455563,2.0303845,11.270398,,,36.66667,40.1567773,10.5961392,21.2726111,-22.303871,13.9383844,29.7767531,13.4080418,11.7955516,7.72504281,28.5404377,-9.1660196,19.1880314,16.594159,24.8735946,4.00793104,21.8799241,16.1183127,28.5182874,6.84818234,3.96695542,-8.9730276,15.6094786,5.53591995,10.6132776,23.1187528,7.73588495,26.9864427,40.639404,10.9484032,-24.963966,-9.8262646,18.8415234,18.4322708,-6.7964801,14.7272819,-8.075183,-0.5858596,10.0575863,15.8804278,16.3199322,,7.67537289,8.5922188,4.00907962,-6.2222547,2.77044667,-1.0753866,3.40177549,-6.0581065,1.60979762,-6.7812641,-10.126529,0.0665547,1.37973443,-1.1644631,-18.15701,4.70685822,-12.037024,0.49288332,-21.216668,-19.936065,-1.3594099,-7.1356437,-1.6217623,9.60571545,10.1537775,-20.297775,10.6341202,18.1669033,1.45631691,-13.188028,-9.4206767,-3.593463,-3.1344817,-13.078306,3.32571822,-10.999872,-24.864259,-5.1849241,4.14010798,-10.242688,,,36.66667,29.9024573,23.4301464,20.3945781,7.84400936,7.55059435,12.1756117,7.2938185,22.0116816,33.2440692,28.3071362,16.4057093,19.0019452,21.8779157,28.189951,22.3204891,20.7126804,7.3769999,39.4357446,28.8921688,40.8687904,42.4030495,62.3350473,33.370209,11.5445375,10.4663153,37.450563,-8.3745002,21.8079397,44.9560035,24.9980434,23.2456677,30.2577863,30.8340956,11.4316695,29.5976761,29.5452666,44.4176362,18.8340952,-3.7727548,-3.8584866,-2.3091602,34.6599522,16.5879368,23.4688081,22.9662157,14.1113001,-14.345912,-26.260801,-23.189614,0.13265752,31.6521565,,10.1636484,3.03355846,6.09825799,5.25998249,13.7510041,13.0339279,-4.6437541,4.90834015,8.47447887,2.25179802,4.70307985,2.82849537,-5.0984168,23.3549404,18.4163102,18.1119013,0.27870305,10.0876635,-2.1676619,-2.6268923,3.49724618,-0.2532145,4.63273995,-16.797832,-16.303419,-10.77967,-34.492489,1.26757634,13.4409322,-2.2744564,-6.5312008,3.74748556,-2.6122846,3.69502955,-2.6900449,-7.0183495,-8.4375046,4.45717091,-8.7730541,-16.407349,-5.2373678,-0.0182696,-9.1600186,-8.957177,7.87009767,-5.0845398,2.20558883,-11.994347,-10.684139,-3.6927803,24.1354067,,,36.66667,19.4981478,11.7145003,4.84045801,9.85846448,7.39278282,-2.6229632,-0.1194796,11.2902786,16.1501134,-11.138852,34.8374953,47.801053,-3.4273241,275.263681,37.9718407,33.5678198,41.8333551,-8.3305411,1.29941861,31.0326086,-4.8197624,-25.547336,-21.292942,11.4304289,-6.0947673,0.92956205,1.41460154,-3.6048478,,-11.673342,0.60431284,-8.0532225,-4.6355495,-2.2130274,-11.129661,-5.2388744,-3.827289,-1.2073551,-17.460466,11.4236355,20.9412678,-8.3370712,-63.265169,6.34345828,-14.376275,-7.5506925,-7.2335146,-1.9037236,-16.218144,6.93604197,-5.4388741,-8.4248714,12.2207615,2.96116041,11.5749023,-4.9342011,7.36998706
,37,12.6514992,0.36587318,2.33451331,22.1951446,-8.7406553,4.38880361,14.389217,-1.055575,-20.422295,37.0745978,51.0091794,16.8738765,22.2923324,20.4417186,1.11855339,3.79550541,11.5963961,3.52163791,20.0546093,10.357243,18.2570436,14.1751092,12.2621753,30.0120344,20.5249449,8.38613162,19.6702993,3.87717942,8.43643781,43.7890443,4.72644641,19.067588,9.04795796,12.1203184,10.6574557,10.3210594,2.93316935,17.2278263,8.37411394,6.19965747,-1.6972424,38.2435773,22.5855223,14.1171425,23.4335355,-0.0380028,8.93669938,15.7818006,,5.31677578,-5.993166,12.3872972,14.7633033,0.25562892,-1.4349988,13.5791373,0.88068622,-33.093124,47.4620603,30.5183053,5.46488642,16.0104019,-2.9962045,-2.3369721,-16.612119,-4.3280011,7.03355652,8.11646836,4.80804262,9.66029602,49.0000584,4.98061323,10.6868231,2.05255646,2.54343632,-16.499652,12.5144609,9.65128807,21.0666125,1.52909496,2.56822558,-0.8926181,3.45429901,5.35466402,-4.60082,1.22020634,11.3179353,24.0086415,8.18990081,-5.3680362,37.0329406,18.6921545,11.4262231,16.9586606,-12.126848,2.87451919,2.31000153,,,37,39.6507979,10.8384621,13.3402692,-21.229948,12.0397475,30.2702535,8.80930107,10.4018048,5.21486202,27.9381678,-21.21194,18.7008744,18.6795559,24.1337822,5.60929862,21.5240893,17.6286964,28.7703461,11.7240973,8.24082862,-7.8604746,15.7214691,5.57476132,6.59636386,25.3170572,8.5339535,26.531882,59.0688872,9.29417134,-25.356793,-10.082756,17.4411171,18.2254939,-4.340456,16.6017654,-6.2368063,0.26686076,11.6560976,16.7862866,17.1822404,,7.21870549,4.72854537,-8.6685882,-0.0842782,6.8024282,-0.9225622,9.81563617,8.3111334,4.94483387,-4.4715101,-29.645709,-3.5503217,7.02483026,3.74952532,-11.833458,2.73804521,-13.288914,-0.6773271,-16.958708,-13.678413,2.62598494,-10.086041,-6.6115646,3.36987302,8.24414614,-11.752557,-2.0130493,18.7807441,0.5839631,-14.562508,-23.085811,7.91452213,-4.6323953,-4.8213539,2.17752759,-5.4676664,-14.965482,-4.8163041,3.47729475,-9.5367606,,,37,30.2374776,22.8653219,19.040392,7.37341389,6.08142425,15.0035116,14.177897,24.8381503,34.9348098,28.2703873,24.0548878,19.9430235,25.6915412,28.0742057,24.3992272,24.5421212,6.72811044,42.6590438,28.7518103,41.0060747,44.0854653,64.3287399,19.5903118,17.7685201,8.2192115,33.6156696,-4.370433,22.536455,41.1535038,25.24982,24.2770047,30.0883201,29.7738367,11.5057412,28.8685734,28.2322635,45.7271445,15.552836,-6.1057496,-4.3447217,-1.9199085,32.1879055,17.3413335,22.1907709,25.8155462,10.8995794,-12.30171,-14.763935,-23.137389,4.10624972,32.6235518,,10.479495,1.35031387,5.87091448,3.57733117,15.3584768,11.8102567,-5.3547485,8.11081809,11.0518025,7.18679411,3.83405737,5.69060539,12.9758674,20.6984376,19.3367416,20.1765933,1.60381573,19.0544501,-3.9728149,-1.4435433,5.81411345,-1.5885589,-1.8262025,-7.3344532,-19.130637,-14.698699,-33.182028,-0.141416,14.7359764,-3.0713233,-8.8394722,3.70883882,-7.6957687,3.14652118,-2.5700361,-10.414101,-4.5395176,-4.188974,-7.9034687,-9.8314472,-6.5324167,0.15967495,-7.4190518,-7.7357066,11.6417137,-16.99724,9.24764084,-0.9133664,-15.742055,3.66937127,22.1169273,,,37,19.4015578,8.85282867,3.37083079,9.75591787,6.53381854,-3.2809174,-1.1129274,9.06382274,13.0051302,-52.98108,25.604499,49.6451939,-5.9034624,273.303789,31.9899929,36.4871897,41.4383459,-12.685869,2.35320328,32.808917,0.87967765,-18.336424,-9.6917087,-65.14194,-7.797451,-5.165516,-5.4455788,-2.6573911,,-9.9762552,-1.2373011,-9.5311847,-3.3937099,-1.9857013,-7.5078998,-4.564821,-5.2115909,-0.265657,-61.140577,6.86264282,23.4920866,-12.904266,-55.731587,5.22933829,-11.468239,-6.0412729,-9.6413694,-1.0821113,-14.904391,8.00047149,5.77386972,1.39418887,-69.195094,5.95614981,6.56777032,-10.211213,8.63195463
,37.33333,11.924327,0.45583601,6.80796325,24.165291,-8.4889966,5.94057562,14.48733,-3.9221581,-15.302711,15.456263,58.4421994,14.2116048,16.7397486,19.9422817,-1.283438,8.04935323,8.05081314,-1.1974866,19.9589003,9.34679262,18.6511086,12.4896518,14.1674894,31.4602976,21.2021171,9.66491367,24.918028,4.47865359,9.28617742,45.2543983,3.97763399,19.4205464,7.60506887,10.2973782,14.6814628,10.8401008,1.18743304,16.1908626,4.72377965,6.8678427,1.89093866,39.574308,23.4801562,15.8639771,23.7175463,1.71724929,14.5327314,15.9046552,,7.6086853,-7.425809,12.7162164,20.5307961,-3.1597742,1.01544853,10.9446849,-3.8893654,-30.930512,-5.9591652,42.6179083,9.08162279,7.71035065,-3.6441325,-5.5567162,-8.1207687,-14.039514,7.77959801,5.2132761,5.04249631,12.0799481,51.4493498,11.1676365,11.1137124,4.34185444,3.56590873,-4.110194,13.4318493,7.3907188,25.6515051,0.33614736,4.11396718,-0.7172908,2.89434203,7.74232027,-6.4603155,1.26303178,11.8505309,21.9712392,8.36504239,-7.1603997,36.9792613,21.7318045,17.2647242,19.2265094,-11.014495,12.6518061,9.76141528,,,37.33333,38.2838961,7.01018369,11.0432306,-19.408912,13.2472216,28.931029,11.9904207,12.0365835,8.38687386,30.9503133,-23.657923,15.4304209,15.7432079,22.7246499,3.40956953,16.8584467,14.6581511,26.7357715,3.29113152,1.93321479,-6.3500486,17.2650299,5.84858572,5.58950357,24.7947465,8.95304498,23.0531956,37.7603827,9.77205428,-24.136132,-11.939928,24.1449982,16.883033,-9.1483307,17.6588248,-7.4196404,1.17178127,11.2406204,18.7560481,16.2480924,,5.34828304,1.67623311,-16.23379,2.2865736,8.40200275,3.74083541,-2.7036878,10.7018821,1.03202746,2.18382204,-31.594947,-4.6544275,-3.3892328,6.2398742,-13.932681,-0.1534451,-21.988446,-2.5112326,-26.812499,-16.00077,4.11929512,-9.9243351,-9.5725021,2.0630755,6.46707535,-9.038278,-2.5188618,-1.9245302,0.46646621,-15.07386,-15.127115,13.6534487,-6.0780719,-15.641931,2.22562539,-7.3623826,-17.59009,-5.3815308,4.8851021,-10.515291,,,37.33333,30.1497608,21.8663953,21.9098022,9.59466203,9.09016459,10.9999351,7.05758973,22.3926184,28.8914414,28.3692696,21.4978367,17.5581975,23.7729336,27.511164,22.1451516,20.5280271,6.45393158,43.3668356,30.2735276,40.8540833,45.5054612,62.3593955,23.4360804,16.2183218,12.1855089,34.847823,0.57895329,21.5336303,40.2621172,27.0170522,24.5746993,29.4852498,28.9369747,10.6738434,25.9969618,26.3166754,43.8587751,15.7114902,-6.6808325,-4.3510379,-0.6052612,33.8879103,18.4413086,16.7013098,19.3814206,9.95257006,-13.162487,-25.61625,-17.817653,-4.6366104,32.2656635,,10.2676834,0.248192,7.11537179,7.58364098,14.2400903,3.0044521,3.5198462,5.38818962,8.74619061,6.33390278,5.33513951,5.84246556,5.48683325,8.27260737,19.4547665,25.3850939,-0.1419643,15.0404601,-2.5174708,-2.7842608,6.62920053,-2.3912793,3.01383664,-13.474644,-13.742737,-10.131981,-31.483137,-0.4913737,14.044702,2.3125084,-8.2638404,-0.1495986,-1.208668,0.67228193,-2.2288421,-10.694477,1.48091434,-2.3438475,-11.339826,-10.578579,-8.5850658,-2.6437989,-7.797387,-11.991635,6.96427621,-12.574397,6.88720992,-21.994655,-17.676788,-5.6922979,22.1209093,,,37.33333,16.3071209,8.90590394,6.71311736,8.91294153,5.99965545,-3.905196,-0.4561023,10.0326899,16.3068036,-24.145666,31.4283027,50.7719301,-3.3669586,243.565241,35.5222988,41.1244375,38.0860101,-8.2319691,3.02200234,30.2111233,-4.5753348,-20.546502,-20.744488,4.3192013,-15.888676,2.13613952,-12.101372,0.74615695,,-7.8810584,1.57349517,-9.1511897,-6.3467498,-3.6288889,-11.144495,-4.6702906,-4.0859145,2.66302607,-25.275183,12.3995431,24.1717661,-3.6845412,-38.900559,8.48732071,-2.1783167,-7.678993,-5.4474034,0.8025904,-16.667473,1.32693716,-4.7240801,-8.8126887,2.32622834,0.22154788,13.1992663,-9.0720153,12.8745457
,37.66667,10.668102,0.67489771,5.76538526,24.3155285,-6.7035742,5.88253502,14.5917963,-2.5951111,-6.6115128,1.83401573,53.9677127,11.5570851,16.0827291,17.8309796,2.22218497,2.90155961,13.9237492,-0.2161668,19.2729712,9.25044309,19.9461148,16.044761,8.97172483,33.9627768,19.838574,5.93332527,28.1701992,4.10934526,11.0633776,42.5099782,3.27384887,18.294993,6.05063694,7.1924841,11.2287839,8.02028765,1.54669123,14.9839814,3.31440507,5.23064898,-1.2437665,41.2151583,22.7400473,15.6032469,23.5640268,1.16413981,14.3889115,18.6466778,,0.24266871,-7.5303629,12.8069328,20.9723605,0.34304833,8.49747039,10.4692787,-0.6900419,-26.426629,-17.540322,36.989734,1.20608246,2.62389093,-2.6081406,-1.383107,-19.524663,17.9360497,-4.381589,6.24058123,0.72477967,12.2860721,49.0158558,5.35688855,18.3932739,-0.9583738,4.03938885,6.92187046,12.2424848,8.58385378,23.5452813,-0.54382,4.0045988,-0.6632748,2.10104968,4.84096045,-9.8848848,1.48870151,8.36715936,15.8788641,8.18282356,-14.1398,35.5461138,20.649579,13.9762863,18.3480284,-8.6597316,10.0394754,14.4626717,,,37.66667,42.9236091,13.1992726,29.8112006,-22.879354,14.6676898,32.7755561,13.0570596,8.84725227,5.90219533,27.6866114,-23.891199,14.9994143,15.3145674,22.2351486,5.21946809,17.3237046,15.9828631,26.5309973,11.3191172,9.79257505,-5.7770735,17.6102348,5.82948469,7.0098487,21.1853425,14.1852897,25.527113,42.7307083,9.71321936,-23.644092,-8.3446111,26.4225614,18.6312564,-11.382898,15.9247612,-6.0934956,0.17201462,12.3436417,19.3275772,17.9274728,,8.20154651,10.0542346,7.26614811,0.56898186,11.9967042,2.01705039,5.16640575,1.46150155,4.35869862,-5.8035726,-34.082528,-6.1013799,-2.8051847,-3.9054737,-19.656368,1.17350609,-15.257259,-1.8688778,-18.608271,-14.422185,1.08424536,-4.2028057,-10.709756,0.37133678,3.31735449,-4.910911,-2.000191,2.608772,1.59592562,-13.068366,-12.505588,18.7443729,-5.2600872,-23.63786,4.81230781,-9.1247192,-18.164145,-4.062731,9.92434889,-5.2879662,,,37.66667,32.2225412,21.7212666,21.0879462,7.73184988,9.22228892,8.05064511,6.27398777,21.1133157,33.1196379,26.5308121,26.5826797,21.8684626,23.501335,28.1223958,23.7963702,23.669608,7.14160043,41.6899604,30.7928986,39.9393678,43.063357,62.1404578,23.4647986,11.5507402,10.640748,35.3901307,-3.9949093,22.7185886,41.7187774,23.7652731,21.6565532,28.2395969,29.7136167,11.3674925,24.5794715,26.5642772,41.7987269,17.4165726,-6.933171,-4.6506453,1.5347319,34.6664661,17.555495,23.8373094,26.6316473,11.8996629,-12.556353,-17.922878,-21.456837,0.20150274,-9.2968861,,11.2779106,3.87338459,5.13129603,4.42314386,18.6803994,4.90872726,-10.296814,2.98216763,12.5388331,6.13686191,9.66934117,5.8837389,1.97615485,6.86278988,19.7823965,26.1177529,1.2325664,17.1603062,-0.800135,-1.4873017,4.49284261,-1.2699162,0.01137547,-13.714244,-17.579643,-10.36451,-30.968049,-2.4806073,16.0527045,-1.1685127,-8.6586756,1.25416919,-2.4200286,3.35695108,-5.8069399,-11.422819,-2.1509061,-1.9619766,-5.7815601,-10.063248,-12.905889,-2.3800086,-13.096103,-6.5950063,12.1558808,-7.0933076,1.77317005,-4.3790573,-17.521684,-3.804189,-16.493264,,,37.66667,17.2201112,7.50110928,4.86039868,6.34523817,7.42150908,-3.5568308,1.26443135,8.91225083,11.6383993,-45.548561,28.7286106,37.5677599,-4.4525071,234.131242,33.6887466,38.0214553,43.8039229,-3.6178696,4.45194179,31.1050515,-3.5614022,-16.767609,-18.87512,-10.865076,5.3469867,-1.8584019,1.5365219,-6.9530969,,-8.3920689,-0.0013479,-9.7181424,-9.3717421,-1.7292797,-12.40363,-8.17962,-4.2935566,-2.4010029,-50.318161,1.08385154,14.9671238,-10.690253,-60.04938,-1.0209058,-13.275023,-3.2323063,-1.8978116,1.99277154,-16.149929,5.50553118,2.5397468,-1.5278974,-8.3874415,22.7598557,3.44582127,-9.0204542,5.15090903
,38,12.4103868,-0.9015761,7.21777353,21.8203806,-6.7315006,1.0724152,17.1030019,-0.3880881,-12.598685,10.3136606,63.5996379,-1.6626718,11.52517,18.9860932,4.29421911,7.92888711,15.7306381,6.91017223,20.8366492,9.4371539,18.3369708,16.8267673,7.66660523,32.2493589,16.5992347,8.80031718,26.2484202,1.87952729,7.12396283,40.7401446,1.79764173,17.9906192,2.75393236,7.06241153,13.4433569,10.0166216,5.91822787,16.7714811,3.19970678,5.3638013,0.55647801,42.1703778,21.4120344,13.6544471,23.1429308,0.58876119,13.0788221,17.5113974,,3.07358106,-12.062385,13.6392304,14.7157157,-0.8046549,-5.989873,13.965235,0.71668808,-27.50237,7.67902263,43.6080439,-31.437826,-27.610471,-2.352593,-4.7328859,-12.680116,13.0074468,15.1657544,5.49029798,3.78106345,8.1910391,64.9959653,4.64300091,4.07422087,2.68515183,3.83244388,-1.2011985,10.0892379,6.93766144,20.9916044,-0.1614355,5.70454268,-1.6839504,-0.3456259,8.00426645,-6.1145309,11.1112543,12.9654409,16.8704854,12.2773569,-8.1626531,37.4194074,17.8021391,12.1308615,17.4653286,-9.1219834,7.97343967,8.8699089,,,38,43.1040722,11.1528095,20.6377381,-28.427403,12.2221308,29.1090683,12.4423944,13.9924783,7.43322994,32.5935879,7.95399925,17.8877135,16.0314296,20.8077414,7.10564908,18.8688331,15.3452959,28.6213101,12.2205282,3.06298011,-8.7339924,16.8647133,4.71924563,1.83592282,20.6943296,5.5193308,21.4951901,46.4775682,9.98029465,-23.47496,-7.7020778,24.4927584,19.1658676,-12.986405,16.9386706,-9.3434525,-3.9474216,12.0034147,18.3241015,17.372356,,8.61487494,10.2128285,-4.2202473,-4.136735,3.98823544,-3.7369446,-3.1407144,-4.7018518,2.95490938,-4.0164117,-2.7751194,-1.5976395,-1.0169627,-2.7193724,-10.793927,4.45354766,-12.234043,-0.8220984,-14.350445,-18.445823,-0.5041369,-8.9386071,-10.656271,0.66927811,3.27765,2.40973135,6.30929554,6.32758184,1.67296662,-12.118265,-7.6294213,18.3494284,-5.9413427,-17.749386,6.30961035,-12.344509,-22.556003,-4.82298,8.8802777,-4.9797184,,,38,31.5587994,23.5301089,23.792449,6.67119096,8.62395834,2.39091399,0.26192147,21.7391122,25.1442037,24.2602264,25.7098304,18.8037574,27.2278874,29.8110904,26.4486413,25.9902236,7.37089208,41.3885168,28.4200515,39.2921219,44.7505576,59.8951085,14.9260318,12.9108414,8.46929768,32.9957824,-1.9594391,22.226904,40.6100273,22.7819331,21.8221279,29.6276465,27.6581975,9.25392917,26.408182,23.1278279,44.7982838,18.1329352,-8.5512878,-7.8624748,-4.8541568,35.9010562,19.9506136,23.2632098,34.1829842,13.1555646,-15.798395,-19.914621,-15.496767,3.34837078,7.3162102,,13.2337192,3.57096819,8.10519557,8.33761396,14.553616,3.77961548,-4.0989026,2.43899787,3.68963993,0.13657747,8.02566483,3.00822048,11.0861312,6.61357639,23.1267661,28.2445265,1.23911237,11.6207116,-5.6404549,-1.3330915,10.0762952,-0.1938406,0.57817841,-14.058759,-16.852294,-13.41215,-27.321273,-0.0432425,14.9306189,-1.6642571,-8.4364853,3.17554771,-2.6470941,2.23639597,-6.0458944,-11.955307,-0.3510264,-1.750532,-9.8573094,-18.666493,-13.029824,-1.902768,-7.9294922,-9.3945494,23.2624843,-13.256591,1.59645493,-17.031123,-12.320252,1.12081565,-1.9079617,,,38,17.6438284,8.0716793,9.46354716,9.18438208,6.19747043,-4.7190084,-0.6284587,9.94619416,10.7940662,-37.758227,29.0968327,44.4965918,-3.6496456,274.123176,32.8470655,42.6220719,41.3246326,-10.18683,2.62482449,30.5960074,1.24612959,-25.174839,-20.356935,-55.898063,-4.7427403,-4.0838561,-17.323097,-5.3997193,,-8.2290797,-1.1711546,-7.0266463,-3.2027397,-1.8593506,-10.717281,-6.5948407,-4.7520826,-2.2885753,-44.049359,4.11310904,20.9686886,-7.1933571,-56.945525,1.27020899,-1.1963289,-6.2624135,-7.2114385,0.30199716,-16.052342,10.347453,-8.8504589,-5.2103302,-58.298461,13.7775642,2.87156008,-28.059001,6.53287607
,38.33333,10.1592099,0.493416,4.09649838,23.0826834,-6.2275991,0.28749329,15.9868773,1.60171843,-10.862528,1.08296962,68.434581,8.82285747,18.2862535,16.7740161,0.56905311,6.39655226,14.5951173,0.21301009,20.2863837,9.74686166,17.8415127,15.9174473,8.08646989,31.4871124,16.198919,8.61137271,24.6803331,5.23557491,10.5442846,42.9602599,3.00087858,16.14734,3.16824945,6.78816676,11.7416629,6.96451088,2.76420865,15.7887295,1.78659965,5.65181964,-1.1020282,42.3988244,20.737292,12.8384618,21.3507501,0.03568942,12.105802,16.6298642,,4.50613955,-10.033474,9.315673,17.6132277,2.68832754,-1.0299271,10.864423,2.91015674,-23.212573,1.97526628,51.5018266,28.2178866,10.869474,-5.7955836,-4.9286015,-6.4085763,-15.835799,17.2507669,4.27039432,1.7227778,8.24862487,42.2987396,3.63660884,7.15789242,1.92971355,4.42474997,-4.6205991,17.324913,9.01093433,24.4668547,0.54216068,2.26214616,-2.615687,1.09920317,4.93974465,-5.4596461,1.28782178,6.2990035,5.6786907,6.31607267,-10.311362,35.5743626,19.0374989,11.6832153,17.3664093,-10.681703,10.8197986,-7.9963094,,,38.33333,39.6048331,13.9275701,16.6986248,-27.890551,11.2886159,30.3048031,14.3181412,11.0889397,7.35901714,33.3308515,-22.700362,15.4126555,16.3321675,14.8517089,6.11224072,18.755254,20.8466729,27.0219213,11.598074,8.51891228,-6.5615796,13.9945564,6.09564566,5.30202121,21.5061862,5.0497045,22.3659796,61.2296529,9.19214693,-23.628509,-9.9250831,24.6453212,18.7107373,-13.924349,16.6669231,-9.1360146,-2.5859056,11.9821012,18.5538169,15.5154971,,5.50884841,7.63976974,-0.5329035,-6.1251172,4.81737993,4.64842211,-1.8482963,-6.7563523,-0.7606784,-2.0381214,-32.362489,-3.177375,-2.2128388,2.16154473,-6.6905376,0.99611715,-9.1653131,-1.5310454,-16.828034,-16.160307,0.25876066,-4.3066582,-9.9678516,0.80231821,6.59840667,-17.541056,3.60082532,9.81115692,-0.865782,-11.572445,-10.811812,22.3878669,-4.3379885,-18.086441,4.65053031,-14.095937,-21.863857,-2.3317416,10.3632256,-8.5532215,,,38.33333,31.6631555,23.8135429,23.2746378,6.82951369,11.110373,5.32809766,7.02260569,24.9153777,31.0913584,25.8136015,33.1316146,17.248993,27.6732248,26.4932942,26.2085688,28.6835883,5.44676575,42.3675484,27.6935665,36.5494764,42.7323463,60.5228795,20.6491264,10.3030465,9.4425958,32.6086835,-2.9913497,19.7968198,40.6933082,24.2328643,22.2398916,30.9027219,26.2452384,11.082659,24.4520226,24.4170039,45.6132548,17.0262169,-8.7673082,-3.2021695,-1.8125038,33.442395,17.7918037,22.1978189,26.547615,9.04444273,-13.18697,-19.26025,-16.127983,-4.4199657,35.0556319,,12.0238754,2.97893912,5.58139404,8.8467757,21.458121,1.83031797,-10.804042,4.31573747,8.80465402,-0.1941291,15.3925584,0.58011384,3.14077221,4.67205599,21.7159912,36.1436775,1.24864347,17.5124275,-4.1197748,-3.6248579,6.18700389,1.38418556,9.15451989,-16.150647,-19.793395,-12.760158,-32.183424,1.42568371,12.9846648,-2.2069312,-6.4703491,5.87136656,2.37536535,2.03074895,-8.4304476,-12.777177,8.91729343,-3.2813853,-7.2071883,-7.4739674,-3.9072157,-1.1618333,-6.2831083,-7.7350335,18.1527253,-13.244171,2.32992793,-7.6250707,-13.776114,-5.5756364,21.6314815,,,38.33333,18.0966828,4.9267785,8.63018359,9.22549094,7.97877869,-4.7025264,0.95662301,11.6183096,11.4492501,-41.782836,28.5194175,40.6002692,-10.031968,295.39279,31.7721764,42.8276899,45.0519021,-11.15947,4.31022903,30.8595551,-9.1798697,-22.765713,-17.956202,4.63200629,-22.712336,1.23410929,-12.958702,-6.4625287,,-9.0251231,-3.3044865,-5.1780426,-6.5035543,-3.8443368,-9.6202028,-4.2634334,-4.1561393,-3.5345692,-45.815792,3.9707552,19.8321057,-19.233844,-44.593364,-0.1614576,-3.9149275,-4.6249632,-7.2945735,2.68208161,-15.501626,-3.1378942,-4.2569758,-4.557671,2.00032183,-11.89586,4.85133333,-25.208772,4.26548805
,38.66667,10.0475588,0.38633002,5.45538162,21.299222,-7.6709672,-4.4113676,12.3447215,0.59959185,-15.288324,6.00064767,69.8161073,7.11401447,17.5954185,17.9827501,4.39408174,7.76199734,16.5696872,-0.7903655,16.0429421,12.3659912,19.720111,15.5343927,6.55003139,31.1489495,16.9419767,6.62140513,25.6547211,6.23248048,9.355555,44.5793004,2.17044141,18.594209,2.09740222,5.07574751,11.016622,7.98329664,2.63627118,16.2414982,2.48979066,4.18195716,-2.2000916,41.4961569,19.085199,12.7779017,19.8059904,0.00086067,7.77267954,15.6912901,,2.53657535,-7.9355545,11.812994,16.5979676,-5.4866454,-9.8917738,7.6427386,9.73578369,-34.992195,2.42970832,47.3253088,-8.6231879,22.5427134,-5.2031503,-3.8432236,-12.266583,-24.03541,9.69443669,-2.6485014,4.40081361,9.38911159,33.8607389,-1.8072069,2.2742699,-1.6385988,4.6942857,3.25894392,12.3974392,7.31967264,20.4382297,-0.5446665,3.42935072,-4.618872,-2.3401454,6.51761202,-5.4988601,-3.0564232,11.9156671,7.87511087,8.53986278,-8.5148821,36.7218364,16.354148,14.4642197,15.6363176,-9.2199455,-4.7308973,-10.296266,,,38.66667,36.962058,8.1463225,31.738376,-21.716989,12.2381108,27.8608186,12.466951,11.2191534,5.30179906,33.9185708,-38.497607,15.792261,17.0580412,11.9743523,5.00541422,19.2685623,17.199803,28.4903725,7.79313781,6.28461388,-9.6933079,11.5295676,7.87151236,4.69062752,18.6616635,3.42172122,20.0387134,46.5307915,9.04966273,-24.693243,-9.5797973,21.6493849,18.8776492,-15.99107,15.541513,-7.7900422,-3.341278,10.9800284,21.3432799,17.2689509,,5.00799973,8.91828415,14.1466819,2.62394984,8.13408976,1.56329105,7.54553009,0.45677719,6.11109799,-2.4565841,-46.741945,-5.0591563,-3.4264322,-1.9602972,-3.4102261,4.15466506,-9.2562069,2.03073538,-18.075838,-11.539069,-5.4924527,-11.621158,-11.393178,2.12119427,-1.4426506,-18.859778,1.57380638,-0.4617044,0.18924647,-14.528584,-14.876826,7.45100691,-2.6859865,-24.960531,7.23088117,-7.0492698,-22.311734,-5.9410002,11.719147,-10.487607,,,38.66667,31.1079769,24.3852416,22.5062331,6.26465878,10.0771731,4.17664977,2.29336879,20.3990291,27.5916701,24.0964563,35.065941,14.1637709,28.6426935,26.0773873,24.8540406,26.8497663,6.03867787,40.3132852,25.9238378,37.0902552,42.3310326,62.2612134,22.7808338,18.1599662,7.88725943,32.6112052,-3.8182126,19.5581414,37.9532415,22.7191978,23.0214715,28.2130756,24.0099966,12.678491,21.8315633,26.9107988,43.9213073,17.7880181,-7.3711937,-5.5990534,-0.7401242,34.6238388,17.6719101,21.5924101,21.3717961,9.4211314,-15.001192,-17.738717,-22.502939,-6.7841557,1.20097779,,10.7079038,2.75281371,6.98849836,9.44495802,13.7981816,-2.1877606,-9.2481333,2.21300065,11.1416191,2.09130494,18.1604807,0.51103237,6.18477091,8.12853777,19.3869544,33.5536257,0.52037143,13.6798843,-5.9150388,-1.0393661,2.10678219,-2.3399889,7.10337714,-7.7850126,-18.383347,-14.138188,-27.711607,2.16360427,11.9301408,-0.8990602,-9.8260819,4.76329686,-1.6972784,2.43755359,-7.4130681,-8.7883895,-0.9140588,-1.1616212,-7.508068,-15.202747,-7.7352105,1.34771253,-8.8538753,-13.295557,8.11153877,-8.5762072,6.65732521,-3.8720971,-22.326276,-5.0065122,-18.32745,,,38.66667,17.305097,6.70530621,7.11933668,4.82547495,5.23533575,-5.2118961,0.9658709,11.0649113,11.2525637,-7.8225833,33.4715025,50.3374151,-8.0557953,264.582166,36.2432561,35.7472329,39.489255,-12.830218,5.12236879,32.7120872,0.98592617,-24.011851,-23.647601,-17.697256,5.14524383,3.25656449,-8.9962457,-6.1917073,,-8.3657152,1.95293531,-10.241015,-7.0638366,-4.0264628,-10.297914,-6.1921082,-3.0522492,-1.1166177,-16.461788,11.4535379,28.9216824,-11.536089,-37.964866,7.18125002,-8.9188732,-9.3588361,-7.3241958,1.96896028,-15.977602,7.55422598,-5.7088264,-9.3186832,-24.420299,17.2636011,8.34503006,-19.132662,5.04627846
,39,10.1168953,-0.2387032,5.36484956,22.0712118,-8.2351532,-0.9661145,16.2159914,0.80689437,-3.8341991,8.77541538,39.1977499,1.60775936,16.5534504,14.3760862,-0.0480927,3.27473019,9.0681195,1.08353786,23.4896684,10.3297073,18.5894055,14.301402,8.64942011,30.2103268,16.614716,5.73411875,25.2147418,4.93914446,8.30105254,40.6565923,2.35632569,17.0825495,3.34585993,5.43954348,12.271432,10.9819219,6.98526507,17.1263477,2.52634916,5.55099164,-0.6507538,42.2153599,19.9188477,13.3519614,19.49094,-0.5713593,9.51292317,16.871723,,3.14362883,-11.24614,13.4985791,12.2749621,-2.1508421,-10.452956,13.6474583,9.89365553,-20.11848,11.4116273,7.66995825,0.2592474,13.5601214,-8.1654398,-9.1782698,-16.662247,8.63649611,23.1491496,8.28823761,-5.2305014,10.0921267,41.4048288,1.73074574,3.08140286,1.59943409,3.77425019,-1.191784,8.73656298,8.88158453,19.0698947,2.38070323,3.86356261,-1.4593572,-2.6647115,8.07236208,-4.3487204,4.31289345,13.5662894,11.722449,6.66926513,-8.6714156,32.6319618,15.4741002,18.5022588,15.7252359,-9.2024748,4.19902065,3.26091953,,,39,36.3967804,8.32251728,21.1443922,-26.571292,8.57638922,26.0656265,13.2101811,10.6141088,7.63289243,26.5119187,-21.699537,16.1396712,15.1525321,13.1507353,4.39148481,19.8864257,19.1918474,29.86535,4.87627763,11.6476107,-8.4114833,13.0632812,7.68816683,9.63741735,21.9479441,12.6239229,22.0339048,53.6636591,9.00182842,-23.168408,-13.614439,27.3945158,18.6223147,-16.399766,15.7735726,-12.000871,-9.7070188,10.5248996,19.0047306,14.1596687,,5.92814535,4.55823852,1.39212236,-2.3950479,6.39032515,0.18345676,4.00387409,-1.2930861,6.16440235,-3.8436265,-31.534191,-3.4712355,-3.8129282,2.62158874,-10.288359,3.9768382,-7.0191544,1.71078216,-19.70927,-12.092685,-0.3192035,-10.920452,-8.6034753,5.51760787,6.32739226,-8.5423953,9.38924319,12.9543082,-0.7402631,-13.578483,-21.4725,16.9916353,0.53433358,-22.569889,4.20623082,-12.216966,-26.808099,-5.8624041,8.69475993,-13.083349,,,39,30.6390498,24.9918127,25.1788461,6.08418861,9.31137988,3.92083574,2.5349296,21.3168254,30.2461557,26.1169679,30.414365,14.7690878,28.8119959,27.2407794,25.7006381,25.4767279,7.05312367,43.2622756,26.7423747,40.1761328,42.8769849,60.7567484,14.2328968,10.578118,9.39102249,30.9970644,-6.1901077,20.6588128,38.4533373,21.4527367,20.2242617,26.2608176,23.7617537,11.2284979,22.4258201,22.8268037,43.8204606,16.9769538,-7.8787861,-6.4849436,1.34436882,35.0210496,20.7608853,24.0961488,23.0512476,9.44053066,-12.8834,-23.531309,-22.418268,-3.3622099,-4.6521972,,10.7403513,1.64038435,11.0515294,8.62155315,18.6769955,0.15453882,-13.318127,2.98448995,12.0343878,2.30483151,14.3315616,2.33106315,5.76662165,3.21910381,18.5934943,31.2047913,0.08811136,12.3061388,-5.8126375,1.54313194,6.3221176,-4.0752522,-1.3579722,-16.376626,-12.94603,-6.7943468,-28.506595,1.12559219,12.6425789,0.71420931,-8.0613835,2.96410764,-4.5667205,2.68754739,-6.5712191,-9.6792177,9.30307292,-4.5518307,-3.3888096,-9.5138971,-5.9705483,-0.8034026,-0.5552889,-9.501265,11.4664168,-4.1439081,9.48918219,-12.466153,-22.341028,-3.4543373,-18.460967,,,39,17.380848,4.62810808,8.04092694,8.66083984,6.31190651,-4.6947561,0.66023869,8.78029474,11.7828053,-73.866716,23.1475481,40.2087345,-8.4263504,271.47857,32.0581988,40.5989177,39.3106462,-11.645474,5.94573342,32.9434294,-5.2847102,-31.447388,-11.45139,-10.169486,-11.730988,1.76945245,-19.541229,-8.4701459,,-7.6173156,2.8195989,-10.075397,-5.1996573,-3.6096955,-9.3604901,-7.1148653,-4.2351534,-1.8515771,-78.096315,-1.789983,16.1815667,-15.57247,-44.100209,1.99459645,-5.6490661,-5.4534916,-6.0455147,3.34254989,-12.75495,-1.9308081,-10.938434,1.82595939,-14.284108,1.90161699,7.02135905,-29.963159,2.07731171
,39.33333,7.70217149,2.87798868,3.18862306,22.6780515,-7.0399447,-0.2233062,13.0530681,0.43132593,-11.314491,16.0146862,53.5510175,4.41767466,10.3521555,12.6090113,-2.5608083,9.87223874,16.6976585,-1.539769,24.040625,12.2209489,18.3267891,14.1205628,7.2270499,29.8918189,17.9201919,5.48844992,24.740385,4.24499896,9.6964484,42.5809447,2.88302735,16.2892831,3.33997612,3.68031353,12.0238663,8.88257825,3.47582803,14.7673181,0.39086991,4.58895816,-0.5880205,42.6758333,18.3532769,14.7055838,18.0030287,-2.1536726,8.69653923,14.8382626,,0.4371668,-5.3267679,13.1297689,15.8159872,-0.7967353,2.99089904,9.40289057,-2.7193257,-28.13489,-1.1349023,56.5245463,2.30374067,6.91864343,-8.7057078,-11.902588,-10.842705,34.8041562,18.4791961,4.45606385,10.4270245,8.93026647,34.8781485,-0.916617,2.06394178,0.65147094,3.34786517,-0.3633441,10.5134912,10.657549,26.9055258,0.39743259,0.93424773,-1.6295366,-4.2577504,5.69575745,-3.059926,2.05437623,12.9607145,17.725637,4.83258601,-3.5540833,37.3112287,16.0558794,15.9277852,15.6913619,-13.170403,3.29890544,0.79907891,,,39.33333,37.2867825,7.85691963,23.1864521,-27.768084,14.0953321,29.7315151,11.1892656,14.1479276,6.0074956,21.7507784,-21.099628,17.295594,15.0474063,9.24079642,2.7767155,19.524423,18.3626907,28.396525,-0.4072138,12.0604299,-10.936904,12.1226413,7.31271585,12.0216712,21.065657,9.73145999,25.2269599,38.1340871,8.98143688,-24.267652,-12.654005,28.5626854,15.800058,-13.845777,15.1034945,-8.3865882,-6.7774726,12.6468128,19.8558141,16.6931551,,7.79120357,6.90184561,3.85503481,-4.4220795,10.3473016,3.65903418,12.1853811,5.17250314,5.31868964,-3.0407553,-30.478934,-6.8986633,-1.869472,0.72870718,-10.391009,2.50066481,-10.072931,0.06777529,-24.727628,-11.65341,0.13119165,-9.3333188,-3.828975,12.5543987,5.07226744,-5.1590777,5.5225944,-4.4937761,-1.60419,-14.767766,-18.578351,13.9834733,-6.3276694,-23.064788,6.37315139,-3.8817292,-25.204787,-1.2633872,10.4549235,-10.943077,,,39.33333,30.6577345,23.4119517,25.1130715,6.89043846,9.59877969,1.21356038,-0.9990592,21.6212901,26.4646962,22.7102402,29.8938365,14.776256,25.8740155,25.5823802,25.6058242,24.2312554,7.85862005,41.7382284,26.7242506,41.5987153,40.3221562,61.42427,28.1477101,12.669224,8.38309946,32.1444563,-5.8804297,19.982638,39.9944716,20.3596999,21.1206127,24.8741108,20.9392134,11.4192884,20.3143541,21.1529583,42.0199788,18.2223267,-8.7472805,-5.8115515,3.5311687,37.3731728,18.7055626,20.3951893,14.6135788,10.2612404,-11.010441,-14.537228,-18.862397,-0.5937908,-19.244077,,10.136374,3.81489591,7.85528392,7.56722132,15.0719671,3.00392287,-7.1210055,4.35933582,10.945082,-0.3989082,14.5455943,3.63882737,4.39651788,1.27383418,19.2544447,33.0737225,1.36574037,12.5735803,-1.8286657,5.24959192,4.94708769,1.82875131,5.86339095,-10.590159,-20.701026,-18.009152,-29.664763,-1.0046348,13.2673171,-1.4156108,-7.9864462,6.76816854,0.90117406,3.57540839,1.23011327,-10.751541,8.96021326,-0.63352,-5.2289861,-12.384508,-6.8880061,0.04322175,-4.8743499,-4.5722903,7.31171331,7.31417884,11.376935,6.09420063,-14.843889,-1.3465839,-33.083707,,,39.33333,15.846791,4.89697256,8.9674166,7.17175522,5.46355854,-5.3301104,-3.2012127,9.16156789,9.84603826,-55.384464,25.2537647,24.6357504,-7.3709675,270.188888,28.1120692,39.2807492,34.8977005,-7.1333124,6.40284701,33.9239955,-3.9420175,-22.998439,-4.6701197,-52.001162,-19.481552,6.03076686,-11.93245,-5.9655895,,-6.4043916,0.42895417,-10.491906,-3.1960485,-5.0731519,-7.7802162,-9.8957498,-4.493319,-3.2761725,-59.418981,1.78165771,2.84191936,-11.982574,-46.322109,-0.6780368,-2.941255,-12.566639,-4.5917348,4.69863939,-13.581343,3.38832425,-1.6923399,13.473606,-53.623785,-7.5967842,15.3915126,-21.081603,7.20431995
,39.66667,6.12354209,2.04218266,1.40359975,21.7403999,-8.5527476,5.25187768,14.3682711,3.10213009,-18.061586,23.3240303,47.3518204,7.28698736,9.34829332,15.8139116,-2.9867363,9.43684084,10.50005,0.44845968,25.5642279,13.7832314,17.6095049,11.8385651,6.8995539,23.2333361,15.7469793,7.63808063,20.2413691,4.34303746,11.4218858,40.7012918,2.80389636,14.9815388,3.60229671,1.21100405,10.874799,9.28479592,2.50798664,14.0664422,-1.0837995,4.20257912,-1.265831,44.4497773,17.8034502,15.686089,20.4891786,-0.2644656,9.55713537,12.8229899,,0.57067882,-4.5810104,11.7065039,16.2788386,-1.7635335,-1.539505,12.3523485,23.6926641,-28.919058,17.5238029,40.5280744,2.6627604,3.64224669,-1.1775861,-13.784071,-0.5054872,4.63366688,6.17155806,9.36270092,4.53414378,8.24935231,27.7565807,-4.7001571,-8.8994338,-1.4172983,5.77218215,-2.6740061,15.9668338,9.85830761,25.8315259,-0.0597925,0.68615362,-3.4371866,-6.2295632,4.28157817,-2.5226104,-3.6262029,12.4972612,10.8374264,4.65302183,-11.424297,38.4699694,15.7070135,15.8145993,18.9152206,-9.2792728,8.46221915,1.58453439,,,39.66667,37.4669796,9.64486621,20.6469578,-23.88397,16.5120116,27.2517959,10.9672916,13.8533209,7.38638179,26.2124453,-8.5085056,17.2097225,16.1799504,13.5218713,1.90590534,19.199857,14.8051266,29.1329567,1.68629183,6.06059837,-10.005216,14.1885342,5.34362508,8.36973475,20.4562789,8.35802546,20.7865138,45.3924341,7.82100566,-23.883101,-11.11173,25.2724665,18.0499686,-12.510848,13.3847426,-9.1086614,-6.1746187,11.0360599,19.4718761,14.6668,,6.5297712,6.18657289,2.17572876,0.23591611,10.0735115,-1.4497289,10.1439741,2.36841846,6.06697342,-1.600704,-14.579278,-3.4932516,-3.3153913,-5.65673,-15.644428,3.20935566,-13.363392,-0.1524144,-20.070466,-9.5047641,-3.689164,-10.561877,-12.746949,2.88779643,2.72565829,-14.232246,0.00878594,4.66099169,-2.6188394,-12.311344,-10.543053,13.2242354,-0.2052814,-19.389409,6.97759025,-9.1132462,-21.550545,-5.2406636,7.49945944,-13.889859,,,39.66667,29.0055768,23.7872194,24.0178111,7.17802422,6.44738034,9.32857771,3.29025997,22.0590407,28.3392083,23.1272639,30.9422775,15.7936439,24.0469711,24.9943812,25.6228618,23.0843494,8.78377072,41.2546172,26.1934988,39.3685054,42.2725732,60.3698071,25.3054844,-0.9635806,8.91057477,29.6375448,-7.0850557,18.7995289,39.6694222,21.3829395,18.3141359,26.7508616,21.8005545,10.6074775,23.5646057,23.5861561,44.1030767,16.0659729,-9.0860777,-5.7961933,-0.7766464,34.5182054,16.3083668,15.5972751,16.0888622,5.14763386,-19.04369,-15.737045,-22.801448,0.883639,-41.270103,,10.403234,1.83631954,9.05318789,9.21986694,14.6401378,8.46032497,-12.128188,-0.1671541,10.4504928,1.3629731,14.7063916,-1.4507928,6.4495739,0.08635663,19.9682562,27.041807,2.564852,16.3382081,-7.5281254,0.92611733,4.19816525,2.55820684,3.86678311,-21.059987,-18.847589,-10.4789,-24.910495,-1.7265894,14.0506938,-1.0513031,-10.282688,-0.4912968,-3.3179052,1.12442326,-2.1513759,-6.5394271,1.48968861,-1.5100835,-5.4054746,-11.654295,-13.517752,0.45831254,-11.588149,-9.8543895,4.82598378,-11.929727,1.21221018,-5.7307372,-20.639945,1.54549402,-59.018803,,,39.66667,15.5751905,5.09140162,7.8680766,5.69984603,6.57729636,-3.5023998,-1.7285055,8.16565446,9.35903559,-62.654354,27.7566447,37.0245648,-10.770881,252.586229,34.2642589,33.8100348,40.0779577,-7.2150205,5.25263529,33.414543,1.09097051,-11.425539,-9.8974922,-9.8764797,-3.5199067,4.07895402,-11.292522,-5.1856975,,-7.5319604,0.21939606,-8.8187449,-6.9608933,-4.7265131,-9.891862,-9.7759354,-4.7449365,-1.9647572,-68.35013,3.09854669,14.7591847,-11.491718,-59.838617,3.39360921,-9.6797298,-6.416942,-4.7493474,3.77280761,-13.82937,18.7490688,18.3043103,10.5141416,-9.4061612,7.80019251,10.5111158,-13.051927,8.94634135
,40,7.26231381,3.91365301,4.25856654,23.4787285,-8.0807326,-0.3844744,11.8716568,3.23030595,-11.11023,8.41081634,26.7938537,0.96236038,7.36417955,18.1160795,-0.3099061,2.84737604,15.7521634,0.9115599,20.9380034,13.3757642,20.2820761,10.1752156,3.72106248,29.6126146,18.5906337,1.78712405,19.8862716,7.53579828,11.0456395,45.4286035,3.02634177,16.4713058,2.31877184,-0.273708,11.0994146,7.11228847,-0.6331587,13.4778695,-1.1592485,3.60598245,-3.3904442,45.7236374,19.2552357,15.1879842,21.2069911,0.68365827,10.1140774,14.3025753,,2.44422178,-2.947854,17.7236326,26.2238748,4.15019249,2.31791695,1.35638318,-1.9091184,-31.791104,0.69803182,14.1931906,-0.6140793,8.86636788,-1.5889602,-7.6908421,-10.891613,4.17689322,4.07742264,7.03429011,4.32698752,7.05591042,41.9775623,-1.1323349,-3.8274731,3.72139426,0.01731717,-5.838577,16.6338799,11.6224307,28.729298,0.15152889,2.46642804,-3.4490699,-3.4326743,6.45831734,-4.5657097,-5.2321691,10.5074553,4.88426673,4.3030545,-9.1430647,35.6161967,14.6018853,16.5246824,17.7789288,-13.126248,6.40033647,-4.0528299,,,40,35.3756224,11.9295976,36.0018177,-24.070723,12.5449774,25.2936664,9.71492732,16.1801002,5.40991564,20.8292317,-12.755774,15.4935967,18.1155063,16.6414675,1.86301731,20.3240044,14.5539709,30.3798072,14.4508662,10.7661921,-9.5251678,12.3697851,6.45771975,5.12206237,17.9101228,4.63870255,17.7362717,61.3272942,6.78703695,-25.300412,-10.807415,25.2648774,20.905534,-17.179141,13.6811401,-7.3590686,-3.9901443,13.6211368,22.2712888,16.2483124,,4.58751882,5.57331329,19.220279,1.04751284,13.3680758,1.00406391,18.0245172,2.91938205,2.06389215,-5.726217,-12.393885,-5.5792394,-2.4222492,-1.0962744,-12.149121,2.92839179,-16.420643,1.86612315,-6.1366621,-13.243641,-3.1552119,-8.7219396,-11.734929,1.10673084,3.60373889,-17.675283,8.74031841,13.4277095,-3.334884,-13.563779,-17.296425,12.070319,-0.5848605,-18.341693,3.03989165,-10.358824,-22.417983,-1.7302888,8.38984121,-11.345878,,,40,29.1540764,23.1263178,20.9183702,6.97558593,6.29075052,3.67273808,4.75105879,20.4511312,26.6391649,25.22896,28.8682225,13.4246594,27.6660826,25.5447356,25.3252927,22.1647835,7.48731203,40.5064755,27.6045998,40.0846306,42.0157456,58.3575631,11.8343162,4.2270577,5.20974561,27.1423019,-7.8454318,15.2443139,36.4897441,22.0478137,17.5782197,31.103571,18.6283183,12.993105,19.6366628,21.2426659,43.231766,15.1877512,-13.90365,-8.1031456,0.08848195,31.7483721,14.7659113,16.6304498,13.8455747,5.55986005,-14.872902,-11.504427,-12.882907,-2.9696201,20.5207573,,9.77018415,1.5001438,7.89944592,6.63014265,18.0224088,0.18305284,-19.40833,1.40678945,6.20560955,3.58268858,8.19535454,1.82443877,7.25820767,12.9769632,19.925745,30.3002854,0.7860674,14.9531348,-2.8368682,2.9728165,3.79695442,-2.1958967,-0.1794871,-14.61774,-17.067251,-12.210077,-28.415749,-7.3413996,14.4576033,0.58243392,-6.2017817,8.22175981,-8.2892344,3.19199075,-4.3781731,-7.6564001,5.46659806,-2.2321063,-0.0178015,-9.904836,-11.653829,-2.9770967,-6.5397293,-13.842139,3.3960151,-0.3582803,11.110933,-3.010793,-7.3264152,-5.9943899,6.47514516,,,40,14.5050736,3.02594945,6.2654745,7.95391487,3.45837799,-4.7095099,-0.8925921,10.3059786,11.0593092,-32.207475,28.6611395,44.1611029,-5.3518249,250.221251,32.7109999,37.7310201,41.1278048,-7.1773919,3.72713603,31.7408403,-11.186743,-29.104765,-27.507096,-35.404444,-2.4754465,1.91263801,-10.932273,-7.7809064,,-8.1675351,-0.610787,-8.8221535,-3.2630513,-4.7777568,-13.360327,-8.3481596,-2.2937047,1.68817189,-35.859705,5.43197964,23.8392448,-10.848763,-49.313665,2.05459752,-11.885214,-7.006983,-6.2316805,2.97242208,-15.539725,-4.6522035,-13.352623,-9.5553376,-28.850913,13.7309233,8.3104366,-20.191607,5.28665147