model,K,time,y_clean,y_obs,sem,prediction
Hill,0,0.0,0.0,0.00518376288097179,0.015,0.8917783600391939
Hill,0,0.3333333333333333,1.996418388270995e-19,0.012324272152517374,0.015,0.8917783600391939
Hill,0,0.6666666666666666,1.5067218068481794e-13,0.004956556142901479,0.015,0.8917783600391939
Hill,0,1.0,2.6786839432295806e-10,-0.01954735820619702,0.015,0.8917783600391939
Hill,0,1.3333333333333333,4.034807666019337e-08,0.013580378348173426,0.015,0.8917783600391939
Hill,0,1.6666666666666665,1.5754466915970215e-06,0.0066971940321517666,0.015,0.8917783600391939
Hill,0,2.0,2.624270232688511e-05,-0.008028055828077392,0.015,0.8917783600391939
Hill,0,2.333333333333333,0.00024325100608159044,0.008960022569026886,0.015,0.8917783600391939
Hill,0,2.6666666666666665,0.0014699379530210633,0.006938523895812199,0.015,0.8917783600391939
Hill,0,3.0,0.006405569629248328,0.010817557079081217,0.015,0.8917783600391939
Hill,0,3.333333333333333,0.02150472680995173,0.02193106042968868,0.015,0.8917783600391935
Hill,0,3.6666666666666665,0.05804926393134114,0.06624995873052784,0.015,0.8917783600391915
Hill,0,4.0,0.12946450002070908,0.11841768871568407,0.015,0.8917783600391811
Hill,0,4.333333333333333,0.24323420888642322,0.24079055966652743,0.015,0.8917783600391341
Hill,0,4.666666666666666,0.3925194659439113,0.38528767625371163,0.015,0.8917783600389456
Hill,0,5.0,0.557248647537212,0.5662313407267314,0.015,0.8917783600382625
Hill,0,5.333333333333333,0.7152022565820915,0.7157980881943163,0.015,0.8917783600359973
Hill,0,5.666666666666666,0.8519461837622823,0.8475593324978059,0.015,0.8917783600290492
Hill,0,6.0,0.9626515191226164,0.9509228921872638,0.015,0.8917783600091528
Hill,0,6.333333333333333,1.0487571054702969,1.0448992218610138,0.015,0.8917783599555623
Hill,0,6.666666666666666,1.1142738062666002,1.1143959389743754,0.015,0.891778359818924
Hill,0,7.0,1.1635720916181556,1.159438048038665,0.015,0.8917783594873412
Hill,0,7.333333333333333,1.2004676809356598,1.2198786381516329,0.015,0.8917783587179052
Hill,0,7.666666666666666,1.228004697335542,1.243105562065129,0.015,0.8917783570036785
Hill,0,8.0,1.248518454965099,1.2078510177806094,0.015,0.8917783533240246
Hill,0,8.333333333333332,1.2637737142739782,1.2354385155844632,0.015,0.8917783456904624
Hill,0,8.666666666666666,1.2750990379698994,1.272477456589072,0.015,0.8917783303439926
Hill,0,9.0,1.283494865615177,1.2771620094415317,0.015,0.8917783003734104
Hill,0,9.333333333333332,1.289714386585898,1.2929190315483772,0.015,0.8917782433941742
Hill,0,9.666666666666666,1.2943227262987067,1.2975825552640452,0.015,0.8917781377359589
Hill,0,10.0,1.2977404247826734,1.329508006108439,0.015,0.8917779463102724
Hill,0,10.333333333333332,1.3002758292171728,1.2835955177767886,0.015,0.8917776069363499
Hill,0,10.666666666666666,1.3021495009351247,1.2964854258282197,0.015,0.8917770173540437
Hill,0,11.0,1.3035125398070044,1.3341541139193893,0.015,0.8917760123960404
Hill,0,11.333333333333332,1.304459984587487,1.3141605295305145,0.015,0.8917743297653544
Hill,0,11.666666666666666,1.3050400662808914,1.3149860168665353,0.015,0.8917715594900378
Hill,0,12.0,1.305259946328965,1.297549850753653,0.015,0.8917670703112246
Hill,0,12.333333333333332,1.3050885631065465,1.2803674355437118,0.015,0.8917599038906545
Hill,0,12.666666666666666,1.304457252835748,1.306969223999089,0.015,0.891748624668251
Hill,0,13.0,1.303258891652085,1.3048941029694083,0.015,0.8917311093092993
Hill,0,13.333333333333332,1.3013463793479305,1.282936098534262,0.015,0.8917042547898045
Hill,0,13.666666666666666,1.298531383323379,1.2882829833966705,0.015,0.8916635781081215
Hill,0,14.0,1.2945843817483562,1.2935037265524478,0.015,0.891602673226035
Hill,0,14.333333333333332,1.2892370382068818,1.2750657638609701,0.015,0.8915124820305599
Hill,0,14.666666666666666,1.282188016186188,1.2807139666684049,0.015,0.8913803258865656
Hill,0,15.0,1.2731131361884065,1.2745453816004484,0.015,0.891188632975918
Hill,0,15.333333333333332,1.2616804765580754,1.2622142701139076,0.015,0.8909132847836809
Hill,0,15.666666666666666,1.2475704340717808,1.239976059197066,0.015,0.890521494247367
Hill,0,16.0,1.230499948635101,1.2394061697118883,0.015,0.8899691209471002
Hill,0,16.333333333333332,1.2102491131401396,1.2236166174543746,0.015,0.8891973300225937
Hill,0,16.666666666666664,1.1866874209595009,1.1915001455279992,0.015,0.8881285190950439
Hill,0,17.0,1.1597962146390166,1.147522761228162,0.015,0.8866614836720559
Hill,0,17.333333333333332,1.1296837280462655,1.140658512303047,0.015,0.8846658846448088
Hill,0,17.666666666666664,1.0965897272133462,1.0890681269363405,0.015,0.8819762469042639
Hill,0,18.0,1.0608781577599196,1.0740655670342394,0.015,0.8783859873174261
Hill,0,18.333333333333332,1.023017967076654,1.0069411558234922,0.015,0.873642375391497
Hill,0,18.666666666666664,0.9835544074027927,0.9972714154497244,0.015,0.8674438886218699
Hill,0,19.0,0.9430745120974806,0.9427735602782484,0.015,0.8594421097968005
Hill,0,19.333333333333332,0.9021712618448878,0.8834400284898716,0.015,0.8492510037521774
Hill,0,19.666666666666664,0.8614106995737918,0.856702207494289,0.015,0.8364668261841981
Hill,0,20.0,0.8213052769668949,0.8221168111484681,0.015,0.820701573548771
Hill,0,20.333333333333332,0.7822952737608267,0.7863871438482936,0.015,0.8016311425634667
Hill,0,20.666666666666664,0.7447386703465231,0.7300058484724085,0.015,0.7790556920274438
Hill,0,21.0,0.7089086734014908,0.6922980776940129,0.015,0.7529641789184016
Hill,0,21.333333333333332,0.6749973396960893,0.6779911076887956,0.015,0.7235890442504852
Hill,0,21.666666666666664,0.6431234444693016,0.6361222002161045,0.015,0.6914334296185038
Hill,0,22.0,0.6133428148253325,0.6168753990012859,0.015,0.6572555490955015
Hill,0,22.333333333333332,0.5856596201579897,0.5970524129951653,0.015,0.6220046104740822
Hill,0,22.666666666666664,0.560037489598496,0.5353056791032318,0.015,0.5867175726746949
Hill,0,23.0,0.5364097288345331,0.5402255505822974,0.015,0.5523996028869875
Hill,0,23.333333333333332,0.5146882320517349,0.5330579365647709,0.015,0.5199164347630993
Hill,0,23.666666666666664,0.4947709007273773,0.4903079980618202,0.015,0.4899212723607311
Hill,0,24.0,0.47654761899324605,0.4643854002446825,0.015,0.4628258666927416
Hill,0,24.333333333333332,0.4599048874371906,0.4711885448448845,0.015,0.4388117162466836
Hill,0,24.666666666666664,0.4447292994357809,0.448530997178903,0.015,0.4178685792021682
Hill,0,25.0,0.430910033018312,0.4443482790799754,0.015,0.39984530804515905
Hill,0,25.333333333333332,0.41834057703262517,0.413162341381856,0.015,0.3845007382047684
Hill,0,25.666666666666664,0.4069198336119043,0.3846925595060712,0.015,0.37154709642026196
Hill,0,26.0,0.3965527455178114,0.3949025840471426,0.015,0.36068285143364687
Hill,0,26.333333333333332,0.38715059839092014,0.38046317609575164,0.015,0.3516150303728207
Hill,0,26.666666666666664,0.3786310340977743,0.3902608914284879,0.015,0.3440726607729452
Hill,0,27.0,0.370917933990888,0.3738224267165453,0.015,0.3378135364438707
Hill,0,27.333333333333332,0.363941148641294,0.3394784101547675,0.015,0.33262640080607253
Hill,0,27.666666666666664,0.3576361906386246,0.3397087444370766,0.015,0.3283302535567161
Hill,0,28.0,0.35194384727221706,0.3652006828210259,0.015,0.3247720377936911
Hill,0,28.333333333333332,0.34680982278327843,0.35700629804454614,0.015,0.3218235648667124
Hill,0,28.666666666666664,0.3421843462696138,0.3325806957809865,0.015,0.3193782215568062
Hill,0,29.0,0.33802182082315924,0.33800608887465,0.015,0.31734777952197535
Hill,0,29.333333333333332,0.3342804651856972,0.34096406849234,0.015,0.31565947560548835
Hill,0,29.666666666666664,0.33092199437904657,0.33794805941675576,0.015,0.31425343532876304
Hill,0,30.0,0.3279113298874511,0.34105496282916636,0.015,0.31308045421591846
Hill,0,30.333333333333332,0.3252163154045622,0.32906359981288563,0.015,0.31210011958339445
Hill,0,30.666666666666664,0.3228074794669231,0.3213850543823957,0.015,0.3112792396976469
Hill,0,31.0,0.3206578106968013,0.31677508972498364,0.015,0.31059054132593666
Hill,0,31.333333333333332,0.31874255512534644,0.3345786971333452,0.015,0.3100115964560469
Hill,0,31.666666666666664,0.31703903310265436,0.2832762189764763,0.015,0.30952394167003994
Hill,0,32.0,0.3155264778079694,0.3134466479315993,0.015,0.3091123577001803
Hill,0,32.33333333333333,0.31418588806297143,0.31468088962273233,0.015,0.3087642811268385
Hill,0,32.666666666666664,0.31299989145598905,0.29161965704293624,0.015,0.30846932448160547
Hill,0,33.0,0.311952624603948,0.3169448288010187,0.015,0.3082188849384444
Hill,0,33.33333333333333,0.31102961884170055,0.30126040365504964,0.015,0.3080058252098621
Hill,0,33.666666666666664,0.31021769840222124,0.32315437034695743,0.015,0.30782421319858155
Hill,0,34.0,0.3095048841480541,0.3076210028875392,0.015,0.3076691094179975
Hill,0,34.33333333333333,0.3088803042276822,0.318917602839524,0.015,0.3075363932373104
Hill,0,34.666666666666664,0.3083341129674908,0.32661676704505915,0.015,0.3074226206867663
Hill,0,35.0,0.3078574141321624,0.3136013578728645,0.015,0.30732490793091105
Hill,0,35.33333333333333,0.30744218333101503,0.2943063661796724,0.015,0.30724083563445936
Hill,0,35.666666666666664,0.30708120142480877,0.2843664219492392,0.015,0.3071683703512106
Hill,0,36.0,0.30676799251056197,0.33306875427330757,0.015,0.30710579979977615
Hill,0,36.33333333333333,0.30649675822341216,0.3048273753255994,0.015,0.30705167948285106
Hill,0,36.666666666666664,0.30626231879262344,0.2959338445781086,0.015,0.30700478858595015
Hill,0,37.0,0.3060600626747674,0.30822391899567975,0.015,0.3069640934787312
Hill,0,37.33333333333333,0.3058858943095113,0.30301472435227156,0.015,0.30692871745498573
Hill,0,37.666666666666664,0.3057361843429822,0.31851831830617255,0.015,0.30689791560047475
Hill,0,38.0,0.3056077255385645,0.30611664827512103,0.015,0.3068710538826438
Hill,0,38.33333333333333,0.3054976914288756,0.3057039351831519,0.015,0.3068475917222234
Hill,0,38.666666666666664,0.3054035999265705,0.29468490411107606,0.015,0.30682706744135047
Hill,0,39.0,0.3053232724135795,0.3123667938947919,0.015,0.30680908609219326
Hill,0,39.33333333333333,0.3052548035527307,0.289746802717406,0.015,0.3067933092589944
Hill,0,39.666666666666664,0.30519653345182585,0.31518487504828535,0.015,0.3067794464988767
Hill,0,40.0,0.3051470161513561,0.3280060788462081,0.015,0.3067672481458479
Hill,0,40.33333333333333,0.30510499721572004,0.2822347066442328,0.015,0.306756499250709
Hill,0,40.666666666666664,0.3050693888104514,0.26807595034018167,0.015,0.3067470144690776
Hill,0,41.0,0.3050392526411918,0.3142924339685066,0.015,0.30673863374210686
Hill,0,41.33333333333333,0.30501377928638074,0.3432322465186276,0.015,0.30673121864106667
Hill,0,41.666666666666664,0.30499227231251935,0.28997839957944094,0.015,0.3067246492688034
Hill,0,42.0,0.3049741336859577,0.28621369730392787,0.015,0.3067188216290996
Hill,0,42.33333333333333,0.30495885219415864,0.3137933862008657,0.015,0.3067136453898005
Hill,0,42.666666666666664,0.3049459900361804,0.29233516618530575,0.015,0.306709041977852
Hill,0,43.0,0.3049351762386874,0.2973447939796363,0.015,0.3067049429545454
Hill,0,43.33333333333333,0.3049260873509787,0.29970432535072206,0.015,0.30670128862769097
Hill,0,43.666666666666664,0.30491845706547593,0.3128984883598529,0.015,0.3066980268644238
Hill,0,44.0,0.30491205621384143,0.29883252079294464,0.015,0.30669511207417477
Hill,0,44.33333333333333,0.3049066878515658,0.30907493045276824,0.015,0.30669250433616835
Hill,0,44.666666666666664,0.3049021883564407,0.30225418947303706,0.015,0.30669016864986043
Hill,0,45.0,0.3048984190881052,0.2922283525333312,0.015,0.3066880742901008
Hill,0,45.33333333333333,0.30489526283668167,0.30009786897053337,0.015,0.3066861942516327
Hill,0,45.666666666666664,0.30489261867916095,0.29063662370164217,0.015,0.3066845047699085
Hill,0,46.0,0.30489040515176735,0.30498812993981356,0.015,0.30668298490719037
Hill,0,46.33333333333333,0.30488855264600034,0.2880305592325158,0.015,0.306681616194575
Hill,0,46.666666666666664,0.3048870025648034,0.28849358702537475,0.015,0.3066803823219878
Hill,0,47.0,0.30488570528083603,0.32674013251041484,0.015,0.3066792688693777
Hill,0,47.33333333333333,0.30488461907481534,0.3040868557702352,0.015,0.30667826307334745
Hill,0,47.666666666666664,0.3048837099102726,0.30407517952819196,0.015,0.3066773536242974
Hill,0,48.0,0.30488294877442645,0.31255599507319076,0.015,0.30667653048987975
Hill,0,48.33333333333333,0.3048823102049094,0.2985694551666763,0.015,0.30667578476116697
Hill,0,48.666666666666664,0.3048817754240276,0.3014537449118552,0.015,0.3066751085184546
Hill,0,49.0,0.3048813269489772,0.3112585579789558,0.015,0.3066744947140545
Hill,0,49.33333333333333,0.30488095055973363,0.3091171881933997,0.015,0.3066739370698135
Hill,0,49.666666666666664,0.3048806350055795,0.287491184101593,0.015,0.3066734299874029
Hill,0,50.0,0.30488037003539437,0.3173805089854393,0.015,0.3066729684697014
Hill,0,50.33333333333333,0.30488014753809733,0.2960236233887617,0.015,0.30667254805182476
Hill,0,50.666666666666664,0.30487995964618864,0.2890387753914758,0.015,0.30667216474055115
Hill,0,51.0,0.30487980137002024,0.29137267532003447,0.015,0.30667181496106544
Hill,0,51.33333333333333,0.3048796681668733,0.29902148800154343,0.015,0.3066714955100863
Hill,0,51.666666666666664,0.3048795559990405,0.3292890598183865,0.015,0.3066712035145718
Hill,0,52.0,0.3048794615592696,0.2872464229854579,0.015,0.30667093639529774
Hill,0,52.33333333333333,0.3048793820486504,0.3072805204366655,0.015,0.3066706918347062
Hill,0,52.666666666666664,0.30487931548268365,0.272811950111325,0.015,0.30667046774849105
Hill,0,53.0,0.30487925871618105,0.3048557547190031,0.015,0.30667026226046423
Hill,0,53.33333333333333,0.30487921081072233,0.3183727070728624,0.015,0.3066700736803011
Hill,0,53.666666666666664,0.3048791697855726,0.3013292199546508,0.015,0.30666990048381637
Hill,0,54.0,0.3048791349292481,0.295438811070998,0.015,0.30666974129546665
Hill,0,54.33333333333333,0.30487910509782723,0.3083517710587053,0.015,0.3066695948728132
Hill,0,54.666666666666664,0.3048790797398704,0.31538135600713013,0.015,0.30666946009271423
Hill,0,55.0,0.3048790581679226,0.3148339217331837,0.015,0.3066693359390392
Hill,0,55.33333333333333,0.3048790398046477,0.33446614761359456,0.015,0.3066692214917329
Hill,0,55.666666666666664,0.3048790243178554,0.30801653640289955,0.015,0.30666911591706814
Hill,0,56.0,0.30487901109380555,0.29599285959751154,0.015,0.3066690184589518
Hill,0,56.33333333333333,0.30487899984033584,0.3029893119905362,0.015,0.3066689284311641
Hill,0,56.666666666666664,0.30487899027132936,0.3037915120870322,0.015,0.3066688452104239
Hill,0,57.0,0.3048789820228366,0.3065100427750084,0.015,0.30666876823018874
Hill,0,57.33333333333333,0.30487897504169514,0.3044285578432536,0.015,0.30666869697510435
Hill,0,57.666666666666664,0.3048789689751772,0.30748845805862024,0.015,0.3066686309760345
Hill,0,58.0,0.30487896384297897,0.27981621293375225,0.015,0.30666856980560475
Hill,0,58.33333333333333,0.30487895940056875,0.3173233937411694,0.015,0.30666851307420506
Hill,0,58.666666666666664,0.3048789556277147,0.29625786659389924,0.015,0.3066684604264003
Hill,0,59.0,0.3048789524302733,0.2872815719835679,0.015,0.30666841153770474
Hill,0,59.33333333333333,0.30487894964315476,0.3144452170377763,0.015,0.30666836611168236
Hill,0,59.666666666666664,0.3048789472459721,0.3246388373567633,0.015,0.3066683238773359
Hill,0,60.0,0.30487894522895087,0.3122743674714425,0.015,0.30666828458675677
Hill,0,60.33333333333333,0.3048789434610555,0.3072963331687383,0.015,0.3066682480130061
Hill,0,60.666666666666664,0.3048789419149187,0.29089563733433943,0.015,0.30666821394820365
Hill,0,61.0,0.30487894062032317,0.34795245068752567,0.015,0.30666818220180303
Hill,0,61.33333333333333,0.3048789394843814,0.318082818794304,0.015,0.3066681525990337
Hill,0,61.666666666666664,0.30487893847929204,0.2877895184241474,0.015,0.30666812497949236
Hill,0,62.0,0.3048789376385057,0.29318436889490956,0.015,0.3066680991958698
Hill,0,62.33333333333333,0.3048789369026106,0.30618362563118917,0.015,0.30666807511279703
Hill,0,62.666666666666664,0.30487893625260165,0.28155796927266186,0.015,0.3066680526058011
Hill,0,63.0,0.3048789357410413,0.307408391846199,0.015,0.3066680315603586
Hill,0,63.33333333333333,0.3048789353035901,0.2979928619678987,0.015,0.3066680118710371
Hill,0,63.666666666666664,0.3048789349214325,0.32327299392617576,0.015,0.30666799344071516
Hill,0,64.0,0.30487893457575055,0.3193112545301742,0.015,0.3066679761798754
Hill,0,64.33333333333333,0.3048789342570273,0.26420965269550567,0.015,0.3066679600059605
Hill,0,64.66666666666666,0.30487893402391086,0.3055044728143205,0.015,0.3066679448427888
Hill,0,65.0,0.30487893382118214,0.28061692132832683,0.015,0.30666793062002173
Hill,0,65.33333333333333,0.30487893363826113,0.32152350362698895,0.015,0.3066679172726794
Hill,0,65.66666666666666,0.3048789334645683,0.30740052150148567,0.015,0.3066679047406985
Hill,0,66.0,0.3048789332969004,0.3131050150797054,0.015,0.30666789296853036
Hill,0,66.33333333333333,0.3048789331775763,0.28890206224552684,0.015,0.30666788190477334
Hill,0,66.66666666666666,0.3048789330710169,0.3323053866409494,0.015,0.30666787150183783
Hill,0,67.0,0.3048789329723953,0.335180033479652,0.015,0.30666786171563987
Hill,0,67.33333333333333,0.30487893287688594,0.2889073672374928,0.015,0.3066678525053219
Hill,0,67.66666666666666,0.3048789327838892,0.310471159611884,0.015,0.3066678438329967
Hill,0,68.0,0.30487893271499855,0.29477939628914573,0.015,0.3066678356635131
Hill,0,68.33333333333333,0.3048789326528274,0.30452538359991643,0.015,0.30666782796424197
Hill,0,68.66666666666666,0.30487893259549126,0.2858943779071228,0.015,0.3066678207048805
Hill,0,69.0,0.3048789325411059,0.33288611525981515,0.015,0.3066678138572714
Hill,0,69.33333333333333,0.3048789324907073,0.2903412398244673,0.015,0.306667807395239
Hill,0,69.66666666666666,0.3048789324547425,0.3004376752297801,0.015,0.30666780129443716
Hill,0,70.0,0.3048789324210921,0.31240117638774995,0.015,0.30666779553221124
Hill,0,70.33333333333333,0.30487893238975516,0.2951655222135132,0.015,0.3066677900874697
Hill,0,70.66666666666666,0.3048789323607326,0.3012892459147481,0.015,0.30666778494056746
Hill,0,71.0,0.30487893233402374,0.2964243346376193,0.015,0.30666778007319817
Hill,0,71.33333333333333,0.30487893230962926,0.30287702098708486,0.015,0.30666777546829505
Hill,0,71.66666666666666,0.3048789322875487,0.28732079276104416,0.015,0.30666777110993926
Hill,0,72.0,0.30487893226778207,0.2983091111337476,0.015,0.3066677669832766
Hill,0,72.33333333333333,0.3048789322503298,0.30177553837964616,0.015,0.30666776307443944
Hill,0,72.66666666666666,0.30487893223519125,0.2998730421781292,0.015,0.3066677593704762
Hill,0,73.0,0.30487893222236684,0.3057292815457738,0.015,0.30666775585928474
Hill,0,73.33333333333333,0.30487893220753937,0.30048239891718853,0.015,0.30666775252955214
Hill,0,73.66666666666666,0.304878932193712,0.3161771033203027,0.015,0.30666774937069885
Hill,0,74.0,0.3048789321813976,0.30003099329461014,0.015,0.30666774637282646
Hill,0,74.33333333333333,0.3048789321705969,0.3028291882261587,0.015,0.30666774352667014
Hill,0,74.66666666666666,0.3048789321613099,0.2949072121213721,0.015,0.30666774082355475
Hill,0,75.0,0.3048789321535361,0.29698120955180757,0.015,0.3066677382553532
Hill,0,75.33333333333333,0.304878932147276,0.28591154028498034,0.015,0.30666773581444984
Hill,0,75.66666666666666,0.3048789321425289,0.3126607059556984,0.015,0.30666773349370435
Hill,0,76.0,0.30487893213929573,0.2877411618745084,0.015,0.30666773128641955
Hill,0,76.33333333333333,0.3048789321375758,0.2936910861647509,0.015,0.30666772918631224
Hill,0,76.66666666666666,0.3048789321373693,0.31026760191753733,0.015,0.30666772718748414
Hill,0,77.0,0.3048789321360732,0.3109175326252412,0.015,0.3066677252843967
Hill,0,77.33333333333333,0.30487893213377815,0.29887721086870206,0.015,0.30666772347184723
Hill,0,77.66666666666666,0.3048789321321268,0.2745899449747948,0.015,0.3066677217449467
Hill,0,78.0,0.30487893213111894,0.3111866314405526,0.015,0.3066677200990987
Hill,0,78.33333333333333,0.30487893213075523,0.30877238401413615,0.015,0.30666771852998065
Hill,0,78.66666666666666,0.30487893213103545,0.2836932138989588,0.015,0.3066677170335258
Hill,0,79.0,0.30487893213195916,0.3164337633738766,0.015,0.3066677156059068
Hill,0,79.33333333333333,0.30487893213352657,0.2943624351270252,0.015,0.30666771424352024
Hill,0,79.66666666666666,0.30487893213573813,0.28798611039343863,0.015,0.30666771294297224
Hill,0,80.0,0.3048789321385934,0.30631489280305724,0.015,0.3066677117010653
EML basis K=1,1,0.0,0.0,0.00518376288097179,0.015,0.29005336850588664
EML basis K=1,1,0.3333333333333333,1.996418388270995e-19,0.012324272152517374,0.015,0.3227001742803568
EML basis K=1,1,0.6666666666666666,1.5067218068481794e-13,0.004956556142901479,0.015,0.3930041571783732
EML basis K=1,1,1.0,2.6786839432295806e-10,-0.01954735820619702,0.015,0.46939313845412717
EML basis K=1,1,1.3333333333333333,4.034807666019337e-08,0.013580378348173426,0.015,0.5461403834226546
EML basis K=1,1,1.6666666666666665,1.5754466915970215e-06,0.0066971940321517666,0.015,0.6204948520410409
EML basis K=1,1,2.0,2.624270232688511e-05,-0.008028055828077392,0.015,0.6909573934647465
EML basis K=1,1,2.333333333333333,0.00024325100608159044,0.008960022569026886,0.015,0.7566929014889896
EML basis K=1,1,2.6666666666666665,0.0014699379530210633,0.006938523895812199,0.015,0.817260624633284
EML basis K=1,1,3.0,0.006405569629248328,0.010817557079081217,0.015,0.8724694486428014
EML basis K=1,1,3.333333333333333,0.02150472680995173,0.02193106042968868,0.015,0.9222922345245415
EML basis K=1,1,3.6666666666666665,0.05804926393134114,0.06624995873052784,0.015,0.9668116207116504
EML basis K=1,1,4.0,0.12946450002070908,0.11841768871568407,0.015,1.0061840733018204
EML basis K=1,1,4.333333333333333,0.24323420888642322,0.24079055966652743,0.015,1.040615209251042
EML basis K=1,1,4.666666666666666,0.3925194659439113,0.38528767625371163,0.015,1.070342430135052
EML basis K=1,1,5.0,0.557248647537212,0.5662313407267314,0.015,1.0956224814672078
EML basis K=1,1,5.333333333333333,0.7152022565820915,0.7157980881943163,0.015,1.1167224334099224
EML basis K=1,1,5.666666666666666,0.8519461837622823,0.8475593324978059,0.015,1.133913097140339
EML basis K=1,1,6.0,0.9626515191226164,0.9509228921872638,0.015,1.147464209880278
EML basis K=1,1,6.333333333333333,1.0487571054702969,1.0448992218610138,0.015,1.1576409249552013
EML basis K=1,1,6.666666666666666,1.1142738062666002,1.1143959389743754,0.015,1.164701277148188
EML basis K=1,1,7.0,1.1635720916181556,1.159438048038665,0.015,1.1688943842250812
EML basis K=1,1,7.333333333333333,1.2004676809356598,1.2198786381516329,0.015,1.1704592082987029
EML basis K=1,1,7.666666666666666,1.228004697335542,1.243105562065129,0.015,1.1696237451310196
EML basis K=1,1,8.0,1.248518454965099,1.2078510177806094,0.015,1.1666045414941846
EML basis K=1,1,8.333333333333332,1.2637737142739782,1.2354385155844632,0.015,1.1616064641680683
EML basis K=1,1,8.666666666666666,1.2750990379698994,1.272477456589072,0.015,1.1548226615835242
EML basis K=1,1,9.0,1.283494865615177,1.2771620094415317,0.015,1.1464346722414598
EML basis K=1,1,9.333333333333332,1.289714386585898,1.2929190315483772,0.015,1.1366126440266209
EML basis K=1,1,9.666666666666666,1.2943227262987067,1.2975825552640452,0.015,1.125515636216503
EML basis K=1,1,10.0,1.2977404247826734,1.329508006108439,0.015,1.1132919819459233
EML basis K=1,1,10.333333333333332,1.3002758292171728,1.2835955177767886,0.015,1.1000796935488926
EML basis K=1,1,10.666666666666666,1.3021495009351247,1.2964854258282197,0.015,1.0860068968699779
EML basis K=1,1,11.0,1.3035125398070044,1.3341541139193893,0.015,1.0711922835453707
EML basis K=1,1,11.333333333333332,1.304459984587487,1.3141605295305145,0.015,1.0557455725697895
EML basis K=1,1,11.666666666666666,1.3050400662808914,1.3149860168665353,0.015,1.039767974317917
EML basis K=1,1,12.0,1.305259946328965,1.297549850753653,0.015,1.0233526516763933
EML basis K=1,1,12.333333333333332,1.3050885631065465,1.2803674355437118,0.015,1.0065851741399947
EML basis K=1,1,12.666666666666666,1.304457252835748,1.306969223999089,0.015,0.9895439616920229
EML basis K=1,1,13.0,1.303258891652085,1.3048941029694083,0.015,0.9723007160699018
EML basis K=1,1,13.333333333333332,1.3013463793479305,1.282936098534262,0.015,0.9549208376484686
EML basis K=1,1,13.666666666666666,1.298531383323379,1.2882829833966705,0.015,0.9374638266840062
EML basis K=1,1,14.0,1.2945843817483562,1.2935037265524478,0.015,0.9199836680743688
EML basis K=1,1,14.333333333333332,1.2892370382068818,1.2750657638609701,0.015,0.9025291991228183
EML basis K=1,1,14.666666666666666,1.282188016186188,1.2807139666684049,0.015,0.8851444600600501
EML basis K=1,1,15.0,1.2731131361884065,1.2745453816004484,0.015,0.8678690272922095
EML basis K=1,1,15.333333333333332,1.2616804765580754,1.2622142701139076,0.015,0.8507383295120933
EML basis K=1,1,15.666666666666666,1.2475704340717808,1.239976059197066,0.015,0.83378394694407
EML basis K=1,1,16.0,1.230499948635101,1.2394061697118883,0.015,0.8170338940969546
EML basis K=1,1,16.333333333333332,1.2102491131401396,1.2236166174543746,0.015,0.8005128864784086
EML basis K=1,1,16.666666666666664,1.1866874209595009,1.1915001455279992,0.015,0.7842425917837773
EML basis K=1,1,17.0,1.1597962146390166,1.147522761228162,0.015,0.768241866115187
EML basis K=1,1,17.333333333333332,1.1296837280462655,1.140658512303047,0.015,0.7525269758161846
EML basis K=1,1,17.666666666666664,1.0965897272133462,1.0890681269363405,0.015,0.7371118055256799
EML basis K=1,1,18.0,1.0608781577599196,1.0740655670342394,0.015,0.722008053064475
EML basis K=1,1,18.333333333333332,1.023017967076654,1.0069411558234922,0.015,0.7072254117699508
EML basis K=1,1,18.666666666666664,0.9835544074027927,0.9972714154497244,0.015,0.6927717408909193
EML basis K=1,1,19.0,0.9430745120974806,0.9427735602782484,0.015,0.6786532246464528
EML basis K=1,1,19.333333333333332,0.9021712618448878,0.8834400284898716,0.015,0.6648745205405969
EML basis K=1,1,19.666666666666664,0.8614106995737918,0.856702207494289,0.015,0.6514388975101282
EML basis K=1,1,20.0,0.8213052769668949,0.8221168111484681,0.015,0.6383483644655725
EML basis K=1,1,20.333333333333332,0.7822952737608267,0.7863871438482936,0.015,0.6256037897671275
EML basis K=1,1,20.666666666666664,0.7447386703465231,0.7300058484724085,0.015,0.6132050121574055
EML basis K=1,1,21.0,0.7089086734014908,0.6922980776940129,0.015,0.6011509436524073
EML basis K=1,1,21.333333333333332,0.6749973396960893,0.6779911076887956,0.015,0.589439664871172
EML basis K=1,1,21.666666666666664,0.6431234444693016,0.6361222002161045,0.015,0.5780685132633852
EML basis K=1,1,22.0,0.6133428148253325,0.6168753990012859,0.015,0.5670341646730759
EML basis K=1,1,22.333333333333332,0.5856596201579897,0.5970524129951653,0.015,0.5563327086555742
EML basis K=1,1,22.666666666666664,0.560037489598496,0.5353056791032318,0.015,0.5459597179442484
EML basis K=1,1,23.0,0.5364097288345331,0.5402255505822974,0.015,0.5359103124433405
EML basis K=1,1,23.333333333333332,0.5146882320517349,0.5330579365647709,0.015,0.5261792181035228
EML basis K=1,1,23.666666666666664,0.4947709007273773,0.4903079980618202,0.015,0.5167608210176832
EML basis K=1,1,24.0,0.47654761899324605,0.4643854002446825,0.015,0.5076492170559826
EML basis K=1,1,24.333333333333332,0.4599048874371906,0.4711885448448845,0.015,0.4988382573414019
EML basis K=1,1,24.666666666666664,0.4447292994357809,0.448530997178903,0.015,0.4903215898498844
EML basis K=1,1,25.0,0.430910033018312,0.4443482790799754,0.015,0.48209269740275895
EML basis K=1,1,25.333333333333332,0.41834057703262517,0.413162341381856,0.015,0.4741449323034179
EML basis K=1,1,25.666666666666664,0.4069198336119043,0.3846925595060712,0.015,0.4664715478552204
EML basis K=1,1,26.0,0.3965527455178114,0.3949025840471426,0.015,0.45906572698329384
EML basis K=1,1,26.333333333333332,0.38715059839092014,0.38046317609575164,0.015,0.45192060816929236
EML basis K=1,1,26.666666666666664,0.3786310340977743,0.3902608914284879,0.015,0.44502930889523323
EML basis K=1,1,27.0,0.370917933990888,0.3738224267165453,0.015,0.4383849467802607
EML basis K=1,1,27.333333333333332,0.363941148641294,0.3394784101547675,0.015,0.43198065858254603
EML basis K=1,1,27.666666666666664,0.3576361906386246,0.3397087444370766,0.015,0.42580961722751626
EML basis K=1,1,28.0,0.35194384727221706,0.3652006828210259,0.015,0.41986504701318567
EML basis K=1,1,28.333333333333332,0.34680982278327843,0.35700629804454614,0.015,0.4141402371335188
EML basis K=1,1,28.666666666666664,0.3421843462696138,0.3325806957809865,0.015,0.4086285536514602
EML basis K=1,1,29.0,0.33802182082315924,0.33800608887465,0.015,0.4033234500445065
EML basis K=1,1,29.333333333333332,0.3342804651856972,0.34096406849234,0.015,0.3982184764374353
EML basis K=1,1,29.666666666666664,0.33092199437904657,0.33794805941675576,0.015,0.39330728762903383
EML basis K=1,1,30.0,0.3279113298874511,0.34105496282916636,0.015,0.38858365001235473
EML basis K=1,1,30.333333333333332,0.3252163154045622,0.32906359981288563,0.015,0.38404144748115177
EML basis K=1,1,30.666666666666664,0.3228074794669231,0.3213850543823957,0.015,0.37967468640868696
EML basis K=1,1,31.0,0.3206578106968013,0.31677508972498364,0.015,0.37547749977903827
EML basis K=1,1,31.333333333333332,0.31874255512534644,0.3345786971333452,0.015,0.3714441505453458
EML basis K=1,1,31.666666666666664,0.31703903310265436,0.2832762189764763,0.015,0.36756903428410076
EML basis K=1,1,32.0,0.3155264778079694,0.3134466479315993,0.015,0.3638466812095829
EML basis K=1,1,32.33333333333333,0.31418588806297143,0.31468088962273233,0.015,0.3602717576078714
EML basis K=1,1,32.666666666666664,0.31299989145598905,0.29161965704293624,0.015,0.35683906674547156
EML basis K=1,1,33.0,0.311952624603948,0.3169448288010187,0.015,0.3535435493035058
EML basis K=1,1,33.33333333333333,0.31102961884170055,0.30126040365504964,0.015,0.3503802833845821
EML basis K=1,1,33.666666666666664,0.31021769840222124,0.32315437034695743,0.015,0.3473444841358777
EML basis K=1,1,34.0,0.3095048841480541,0.3076210028875392,0.015,0.34443150302863346
EML basis K=1,1,34.33333333333333,0.3088803042276822,0.318917602839524,0.015,0.341636826831134
EML basis K=1,1,34.666666666666664,0.3083341129674908,0.32661676704505915,0.015,0.33895607630934155
EML basis K=1,1,35.0,0.3078574141321624,0.3136013578728645,0.015,0.3363850046866401
EML basis K=1,1,35.33333333333333,0.30744218333101503,0.2943063661796724,0.015,0.33391949589161884
EML basis K=1,1,35.666666666666664,0.30708120142480877,0.2843664219492392,0.015,0.3315555626204725
EML basis K=1,1,36.0,0.30676799251056197,0.33306875427330757,0.015,0.3292893442384085
EML basis K=1,1,36.33333333333333,0.30649675822341216,0.3048273753255994,0.015,0.32711710454241244
EML basis K=1,1,36.666666666666664,0.30626231879262344,0.2959338445781086,0.015,0.3250352294058331
EML basis K=1,1,37.0,0.3060600626747674,0.30822391899567975,0.015,0.3230402243234914
EML basis K=1,1,37.33333333333333,0.3058858943095113,0.30301472435227156,0.015,0.3211287118743823
EML basis K=1,1,37.666666666666664,0.3057361843429822,0.31851831830617255,0.015,0.31929742911752895
EML basis K=1,1,38.0,0.3056077255385645,0.30611664827512103,0.015,0.31754322493514187
EML basis K=1,1,38.33333333333333,0.3054976914288756,0.3057039351831519,0.015,0.31586305733593717
EML basis K=1,1,38.666666666666664,0.3054035999265705,0.29468490411107606,0.015,0.3142539907302615
EML basis K=1,1,39.0,0.3053232724135795,0.3123667938947919,0.015,0.3127131931875607
EML basis K=1,1,39.33333333333333,0.3052548035527307,0.289746802717406,0.015,0.311237933685695
EML basis K=1,1,39.666666666666664,0.30519653345182585,0.31518487504828535,0.015,0.30982557936065547
EML basis K=1,1,40.0,0.3051470161513561,0.3280060788462081,0.015,0.30847359276435515
EML basis K=1,1,40.33333333333333,0.30510499721572004,0.2822347066442328,0.015,0.3071795291373602
EML basis K=1,1,40.666666666666664,0.3050693888104514,0.26807595034018167,0.015,0.3059410337026781
EML basis K=1,1,41.0,0.3050392526411918,0.3142924339685066,0.015,0.3047558389860337
EML basis K=1,1,41.33333333333333,0.30501377928638074,0.3432322465186276,0.015,0.30362176216742937
EML basis K=1,1,41.666666666666664,0.30499227231251935,0.28997839957944094,0.015,0.30253670246820785
EML basis K=1,1,42.0,0.3049741336859577,0.28621369730392787,0.015,0.3014986385772996
EML basis K=1,1,42.33333333333333,0.30495885219415864,0.3137933862008657,0.015,0.3005056261198489
EML basis K=1,1,42.666666666666664,0.3049459900361804,0.29233516618530575,0.015,0.29955579517096553
EML basis K=1,1,43.0,0.3049351762386874,0.2973447939796363,0.015,0.2986473478169379
EML basis K=1,1,43.33333333333333,0.3049260873509787,0.29970432535072206,0.015,0.2977785557658705
EML basis K=1,1,43.666666666666664,0.30491845706547593,0.3128984883598529,0.015,0.296947758009366
EML basis K=1,1,44.0,0.30491205621384143,0.29883252079294464,0.015,0.2961533585365643
EML basis K=1,1,44.33333333333333,0.3049066878515658,0.30907493045276824,0.015,0.2953938241015637
EML basis K=1,1,44.666666666666664,0.3049021883564407,0.30225418947303706,0.015,0.2946676820449979
EML basis K=1,1,45.0,0.3048984190881052,0.2922283525333312,0.015,0.2939735181703077
EML basis K=1,1,45.33333333333333,0.30489526283668167,0.30009786897053337,0.015,0.29330997467503717
EML basis K=1,1,45.666666666666664,0.30489261867916095,0.29063662370164217,0.015,0.29267574813729413
EML basis K=1,1,46.0,0.30489040515176735,0.30498812993981356,0.015,0.2920695875573473
EML basis K=1,1,46.33333333333333,0.30488855264600034,0.2880305592325158,0.015,0.2914902924541767
EML basis K=1,1,46.666666666666664,0.3048870025648034,0.28849358702537475,0.015,0.2909367110166604
EML basis K=1,1,47.0,0.30488570528083603,0.32674013251041484,0.015,0.2904077383089587
EML basis K=1,1,47.33333333333333,0.30488461907481534,0.3040868557702352,0.015,0.28990231452954773
EML basis K=1,1,47.666666666666664,0.3048837099102726,0.30407517952819196,0.015,0.2894194233232628
EML basis K=1,1,48.0,0.30488294877442645,0.31255599507319076,0.015,0.2889580901456255
EML basis K=1,1,48.33333333333333,0.3048823102049094,0.2985694551666763,0.015,0.2885173806786581
EML basis K=1,1,48.666666666666664,0.3048817754240276,0.3014537449118552,0.015,0.2880963992973244
EML basis K=1,1,49.0,0.3048813269489772,0.3112585579789558,0.015,0.28769428758568305
EML basis K=1,1,49.33333333333333,0.30488095055973363,0.3091171881933997,0.015,0.2873102229017942
EML basis K=1,1,49.666666666666664,0.3048806350055795,0.287491184101593,0.015,0.2869434169903799
EML basis K=1,1,50.0,0.30488037003539437,0.3173805089854393,0.015,0.28659311464220977
EML basis K=1,1,50.33333333333333,0.30488014753809733,0.2960236233887617,0.015,0.28625859239915613
EML basis K=1,1,50.666666666666664,0.30487995964618864,0.2890387753914758,0.015,0.28593915730384345
EML basis K=1,1,51.0,0.30487980137002024,0.29137267532003447,0.015,0.28563414569280304
EML basis K=1,1,51.33333333333333,0.3048796681668733,0.29902148800154343,0.015,0.28534292203203304
EML basis K=1,1,51.666666666666664,0.3048795559990405,0.3292890598183865,0.015,0.28506487779385786
EML basis K=1,1,52.0,0.3048794615592696,0.2872464229854579,0.015,0.28479943037397965
EML basis K=1,1,52.33333333333333,0.3048793820486504,0.3072805204366655,0.015,0.2845460220476144
EML basis K=1,1,52.666666666666664,0.30487931548268365,0.272811950111325,0.015,0.28430411896361135
EML basis K=1,1,53.0,0.30487925871618105,0.3048557547190031,0.015,0.2840732101754586
EML basis K=1,1,53.33333333333333,0.30487921081072233,0.3183727070728624,0.015,0.28385280670809016
EML basis K=1,1,53.666666666666664,0.3048791697855726,0.3013292199546508,0.015,0.2836424406594177
EML basis K=1,1,54.0,0.3048791349292481,0.295438811070998,0.015,0.2834416643355268
EML basis K=1,1,54.33333333333333,0.30487910509782723,0.3083517710587053,0.015,0.2832500494184899
EML basis K=1,1,54.666666666666664,0.3048790797398704,0.31538135600713013,0.015,0.28306718616576537
EML basis K=1,1,55.0,0.3048790581679226,0.3148339217331837,0.015,0.2828926826401698
EML basis K=1,1,55.33333333333333,0.3048790398046477,0.33446614761359456,0.015,0.2827261639694295
EML basis K=1,1,55.666666666666664,0.3048790243178554,0.30801653640289955,0.015,0.282567271634335
EML basis K=1,1,56.0,0.30487901109380555,0.29599285959751154,0.015,0.28241566278454433
EML basis K=1,1,56.33333333333333,0.30487899984033584,0.3029893119905362,0.015,0.2822710095811017
EML basis K=1,1,56.666666666666664,0.30487899027132936,0.3037915120870322,0.015,0.2821329985647573
EML basis K=1,1,57.0,0.3048789820228366,0.3065100427750084,0.015,0.282001330049199
EML basis K=1,1,57.33333333333333,0.30487897504169514,0.3044285578432536,0.015,0.2818757175383248
EML basis K=1,1,57.666666666666664,0.3048789689751772,0.30748845805862024,0.015,0.2817558871667114
EML basis K=1,1,58.0,0.30487896384297897,0.27981621293375225,0.015,0.28164157716245186
EML basis K=1,1,58.33333333333333,0.30487895940056875,0.3173233937411694,0.015,0.28153253733156164
EML basis K=1,1,58.666666666666664,0.3048789556277147,0.29625786659389924,0.015,0.281428528563172
EML basis K=1,1,59.0,0.3048789524302733,0.2872815719835679,0.015,0.28132932235475266
EML basis K=1,1,59.33333333333333,0.30487894964315476,0.3144452170377763,0.015,0.2812347003566278
EML basis K=1,1,59.666666666666664,0.3048789472459721,0.3246388373567633,0.015,0.2811444539350714
EML basis K=1,1,60.0,0.30487894522895087,0.3122743674714425,0.015,0.2810583837532885
EML basis K=1,1,60.33333333333333,0.3048789434610555,0.3072963331687383,0.015,0.2809762993696112
EML basis K=1,1,60.666666666666664,0.3048789419149187,0.29089563733433943,0.015,0.2808980188522593
EML basis K=1,1,61.0,0.30487894062032317,0.34795245068752567,0.015,0.2808233684100351
EML basis K=1,1,61.33333333333333,0.3048789394843814,0.318082818794304,0.015,0.28075218203834307
EML basis K=1,1,61.666666666666664,0.30487893847929204,0.2877895184241474,0.015,0.28068430117994486
EML basis K=1,1,62.0,0.3048789376385057,0.29318436889490956,0.015,0.28061957439987895
EML basis K=1,1,62.33333333333333,0.3048789369026106,0.30618362563118917,0.015,0.2805578570739946
EML basis K=1,1,62.666666666666664,0.30487893625260165,0.28155796927266186,0.015,0.28049901109056735
EML basis K=1,1,63.0,0.3048789357410413,0.307408391846199,0.015,0.28044290456448123
EML basis K=1,1,63.33333333333333,0.3048789353035901,0.2979928619678987,0.015,0.28038941156348307
EML basis K=1,1,63.666666666666664,0.3048789349214325,0.32327299392617576,0.015,0.2803384118460279
EML basis K=1,1,64.0,0.30487893457575055,0.3193112545301742,0.015,0.2802897906102551
EML basis K=1,1,64.33333333333333,0.3048789342570273,0.26420965269550567,0.015,0.28024343825364834
EML basis K=1,1,64.66666666666666,0.30487893402391086,0.3055044728143205,0.015,0.2801992501429509
EML basis K=1,1,65.0,0.30487893382118214,0.28061692132832683,0.015,0.2801571263939217
EML basis K=1,1,65.33333333333333,0.30487893363826113,0.32152350362698895,0.015,0.28011697166053334
EML basis K=1,1,65.66666666666666,0.3048789334645683,0.30740052150148567,0.015,0.28007869493322785
EML basis K=1,1,66.0,0.3048789332969004,0.3131050150797054,0.015,0.2800422093458609
EML basis K=1,1,66.33333333333333,0.3048789331775763,0.28890206224552684,0.015,0.28000743199097733
EML basis K=1,1,66.66666666666666,0.3048789330710169,0.3323053866409494,0.015,0.27997428374307654
EML basis K=1,1,67.0,0.3048789329723953,0.335180033479652,0.015,0.27994268908953646
EML basis K=1,1,67.33333333333333,0.30487893287688594,0.2889073672374928,0.015,0.279912575968881
EML basis K=1,1,67.66666666666666,0.3048789327838892,0.310471159611884,0.015,0.2798838756160837
EML basis K=1,1,68.0,0.30487893271499855,0.29477939628914573,0.015,0.27985652241461656
EML basis K=1,1,68.33333333333333,0.3048789326528274,0.30452538359991643,0.015,0.27983045375496024
EML basis K=1,1,68.66666666666666,0.30487893259549126,0.2858943779071228,0.015,0.27980560989930603
EML basis K=1,1,69.0,0.3048789325411059,0.33288611525981515,0.015,0.2797819338521888
EML basis K=1,1,69.33333333333333,0.3048789324907073,0.2903412398244673,0.015,0.279759371236801
EML basis K=1,1,69.66666666666666,0.3048789324547425,0.3004376752297801,0.015,0.2797378701767476
EML basis K=1,1,70.0,0.3048789324210921,0.31240117638774995,0.015,0.2797173811830111
EML basis K=1,1,70.33333333333333,0.30487893238975516,0.2951655222135132,0.015,0.27969785704590555
EML basis K=1,1,70.66666666666666,0.3048789323607326,0.3012892459147481,0.015,0.2796792527318072
EML basis K=1,1,71.0,0.30487893233402374,0.2964243346376193,0.015,0.2796615252844572
EML basis K=1,1,71.33333333333333,0.30487893230962926,0.30287702098708486,0.015,0.2796446337306408
EML basis K=1,1,71.66666666666666,0.3048789322875487,0.28732079276104416,0.015,0.27962853899005624
EML basis K=1,1,72.0,0.30487893226778207,0.2983091111337476,0.015,0.27961320378919174
EML basis K=1,1,72.33333333333333,0.3048789322503298,0.30177553837964616,0.015,0.2795985925790386
EML basis K=1,1,72.66666666666666,0.30487893223519125,0.2998730421781292,0.015,0.27958467145647475
EML basis K=1,1,73.0,0.30487893222236684,0.3057292815457738,0.015,0.27957140808916014
EML basis K=1,1,73.33333333333333,0.30487893220753937,0.30048239891718853,0.015,0.27955877164379045
EML basis K=1,1,73.66666666666666,0.304878932193712,0.3161771033203027,0.015,0.27954673271756486
EML basis K=1,1,74.0,0.3048789321813976,0.30003099329461014,0.015,0.2795352632727269
EML basis K=1,1,74.33333333333333,0.3048789321705969,0.3028291882261587,0.015,0.2795243365740441
EML basis K=1,1,74.66666666666666,0.3048789321613099,0.2949072121213721,0.015,0.27951392712909917
EML basis K=1,1,75.0,0.3048789321535361,0.29698120955180757,0.015,0.2795040106312684
EML basis K=1,1,75.33333333333333,0.304878932147276,0.28591154028498034,0.015,0.27949456390526983
EML basis K=1,1,75.66666666666666,0.3048789321425289,0.3126607059556984,0.015,0.2794855648551688
EML basis K=1,1,76.0,0.30487893213929573,0.2877411618745084,0.015,0.2794769924147315
EML basis K=1,1,76.33333333333333,0.3048789321375758,0.2936910861647509,0.015,0.27946882650002464
EML basis K=1,1,76.66666666666666,0.3048789321373693,0.31026760191753733,0.015,0.27946104796416044
EML basis K=1,1,77.0,0.3048789321360732,0.3109175326252412,0.015,0.27945363855409305
EML basis K=1,1,77.33333333333333,0.30487893213377815,0.29887721086870206,0.015,0.27944658086937524
EML basis K=1,1,77.66666666666666,0.3048789321321268,0.2745899449747948,0.015,0.2794398583227884
EML basis K=1,1,78.0,0.30487893213111894,0.3111866314405526,0.015,0.27943345510276246
EML basis K=1,1,78.33333333333333,0.30487893213075523,0.30877238401413615,0.015,0.2794273561375063
EML basis K=1,1,78.66666666666666,0.30487893213103545,0.2836932138989588,0.015,0.27942154706077255
EML basis K=1,1,79.0,0.30487893213195916,0.3164337633738766,0.015,0.27941601417918316
EML basis K=1,1,79.33333333333333,0.30487893213352657,0.2943624351270252,0.015,0.2794107444410468
EML basis K=1,1,79.66666666666666,0.30487893213573813,0.28798611039343863,0.015,0.27940572540660114
EML basis K=1,1,80.0,0.3048789321385934,0.30631489280305724,0.015,0.2794009452196156
EML basis K=2,2,0.0,0.0,0.00518376288097179,0.015,0.3148325840442287
EML basis K=2,2,0.3333333333333333,1.996418388270995e-19,0.012324272152517374,0.015,0.24040404463376344
EML basis K=2,2,0.6666666666666666,1.5067218068481794e-13,0.004956556142901479,0.015,0.10521614611162686
EML basis K=2,2,1.0,2.6786839432295806e-10,-0.01954735820619702,0.015,0.0029657701883444377
EML basis K=2,2,1.3333333333333333,4.034807666019337e-08,0.013580378348173426,0.015,-0.06140347492771465
EML basis K=2,2,1.6666666666666665,1.5754466915970215e-06,0.0066971940321517666,0.015,-0.0907833233134277
EML basis K=2,2,2.0,2.624270232688511e-05,-0.008028055828077392,0.015,-0.08999561641673928
EML basis K=2,2,2.333333333333333,0.00024325100608159044,0.008960022569026886,0.015,-0.06414976034574618
EML basis K=2,2,2.6666666666666665,0.0014699379530210633,0.006938523895812199,0.015,-0.01808502697098409
EML basis K=2,2,3.0,0.006405569629248328,0.010817557079081217,0.015,0.04382170836380257
EML basis K=2,2,3.333333333333333,0.02150472680995173,0.02193106042968868,0.015,0.11770658636940008
EML basis K=2,2,3.6666666666666665,0.05804926393134114,0.06624995873052784,0.015,0.200210642646194
EML basis K=2,2,4.0,0.12946450002070908,0.11841768871568407,0.015,0.2884472530392433
EML basis K=2,2,4.333333333333333,0.24323420888642322,0.24079055966652743,0.015,0.3799603939746454
EML basis K=2,2,4.666666666666666,0.3925194659439113,0.38528767625371163,0.015,0.4726807767169603
EML basis K=2,2,5.0,0.557248647537212,0.5662313407267314,0.015,0.5648831541964879
EML basis K=2,2,5.333333333333333,0.7152022565820915,0.7157980881943163,0.015,0.655146289069082
EML basis K=2,2,5.666666666666666,0.8519461837622823,0.8475593324978059,0.015,0.7423161735330477
EML basis K=2,2,6.0,0.9626515191226164,0.9509228921872638,0.015,0.825472639887824
EML basis K=2,2,6.333333333333333,1.0487571054702969,1.0448992218610138,0.015,0.903899275838298
EML basis K=2,2,6.666666666666666,1.1142738062666002,1.1143959389743754,0.015,0.9770564513897841
EML basis K=2,2,7.0,1.1635720916181556,1.159438048038665,0.015,1.0445572191717067
EML basis K=2,2,7.333333333333333,1.2004676809356598,1.2198786381516329,0.015,1.1061458378634006
EML basis K=2,2,7.666666666666666,1.228004697335542,1.243105562065129,0.015,1.1616786733148698
EML basis K=2,2,8.0,1.248518454965099,1.2078510177806094,0.015,1.211107245367034
EML basis K=2,2,8.333333333333332,1.2637737142739782,1.2354385155844632,0.015,1.25446320556666
EML basis K=2,2,8.666666666666666,1.2750990379698994,1.272477456589072,0.015,1.291845049364481
EML basis K=2,2,9.0,1.283494865615177,1.2771620094415317,0.015,1.3234063845973203
EML basis K=2,2,9.333333333333332,1.289714386585898,1.2929190315483772,0.015,1.3493455953732814
EML basis K=2,2,9.666666666666666,1.2943227262987067,1.2975825552640452,0.015,1.3698967565673323
EML basis K=2,2,10.0,1.2977404247826734,1.329508006108439,0.015,1.3853216688676944
EML basis K=2,2,10.333333333333332,1.3002758292171728,1.2835955177767886,0.015,1.3959028976814964
EML basis K=2,2,10.666666666666666,1.3021495009351247,1.2964854258282197,0.015,1.401937711262176
EML basis K=2,2,11.0,1.3035125398070044,1.3341541139193893,0.015,1.403732824241927
EML basis K=2,2,11.333333333333332,1.304459984587487,1.3141605295305145,0.015,1.4015998624334476
EML basis K=2,2,11.666666666666666,1.3050400662808914,1.3149860168665353,0.015,1.3958514734027072
EML basis K=2,2,12.0,1.305259946328965,1.297549850753653,0.015,1.3867980150030816
EML basis K=2,2,12.333333333333332,1.3050885631065465,1.2803674355437118,0.015,1.3747447608916685
EML basis K=2,2,12.666666666666666,1.304457252835748,1.306969223999089,0.015,1.359989568106715
EML basis K=2,2,13.0,1.303258891652085,1.3048941029694083,0.015,1.3428209571517604
EML basis K=2,2,13.333333333333332,1.3013463793479305,1.282936098534262,0.015,1.3235165597832883
EML basis K=2,2,13.666666666666666,1.298531383323379,1.2882829833966705,0.015,1.3023418939057292
EML basis K=2,2,14.0,1.2945843817483562,1.2935037265524478,0.015,1.2795494287072198
EML basis K=2,2,14.333333333333332,1.2892370382068818,1.2750657638609701,0.015,1.2553779064835957
EML basis K=2,2,14.666666666666666,1.282188016186188,1.2807139666684049,0.015,1.230051890553877
EML basis K=2,2,15.0,1.2731131361884065,1.2745453816004484,0.015,1.203781511320154
EML basis K=2,2,15.333333333333332,1.2616804765580754,1.2622142701139076,0.015,1.1767623849151567
EML basis K=2,2,15.666666666666666,1.2475704340717808,1.239976059197066,0.015,1.1491756810533509
EML basis K=2,2,16.0,1.230499948635101,1.2394061697118883,0.015,1.121188318691941
EML basis K=2,2,16.333333333333332,1.2102491131401396,1.2236166174543746,0.015,1.0929532699469924
EML basis K=2,2,16.666666666666664,1.1866874209595009,1.1915001455279992,0.015,1.0646099544217837
EML basis K=2,2,17.0,1.1597962146390166,1.147522761228162,0.015,1.0362847077091992
EML basis K=2,2,17.333333333333332,1.1296837280462655,1.140658512303047,0.015,1.0080913093424269
EML basis K=2,2,17.666666666666664,1.0965897272133462,1.0890681269363405,0.015,0.9801315568991938
EML basis K=2,2,18.0,1.0608781577599196,1.0740655670342394,0.015,0.9524958743215399
EML basis K=2,2,18.333333333333332,1.023017967076654,1.0069411558234922,0.015,0.9252639437998861
EML basis K=2,2,18.666666666666664,0.9835544074027927,0.9972714154497244,0.015,0.8985053517890524
EML basis K=2,2,19.0,0.9430745120974806,0.9427735602782484,0.015,0.872280240875291
EML basis K=2,2,19.333333333333332,0.9021712618448878,0.8834400284898716,0.015,0.8466399602967326
EML basis K=2,2,19.666666666666664,0.8614106995737918,0.856702207494289,0.015,0.8216277089338115
EML basis K=2,2,20.0,0.8213052769668949,0.8221168111484681,0.015,0.7972791655300019
EML basis K=2,2,20.333333333333332,0.7822952737608267,0.7863871438482936,0.015,0.7736231017755918
EML basis K=2,2,20.666666666666664,0.7447386703465231,0.7300058484724085,0.015,0.7506819746877572
EML basis K=2,2,21.0,0.7089086734014908,0.6922980776940129,0.015,0.7284724954489821
EML basis K=2,2,21.333333333333332,0.6749973396960893,0.6779911076887956,0.015,0.7070061725237585
EML basis K=2,2,21.666666666666664,0.6431234444693016,0.6361222002161045,0.015,0.6862898274620276
EML basis K=2,2,22.0,0.6133428148253325,0.6168753990012859,0.015,0.6663260823192638
EML basis K=2,2,22.333333333333332,0.5856596201579897,0.5970524129951653,0.015,0.6471138180803058
EML basis K=2,2,22.666666666666664,0.560037489598496,0.5353056791032318,0.015,0.6286486038703899
EML basis K=2,2,23.0,0.5364097288345331,0.5402255505822974,0.015,0.6109230970761869
EML basis K=2,2,23.333333333333332,0.5146882320517349,0.5330579365647709,0.015,0.5939274147860335
EML basis K=2,2,23.666666666666664,0.4947709007273773,0.4903079980618202,0.015,0.5776494771963441
EML basis K=2,2,24.0,0.47654761899324605,0.4643854002446825,0.015,0.5620753238247449
EML basis K=2,2,24.333333333333332,0.4599048874371906,0.4711885448448845,0.015,0.5471894035241869
EML basis K=2,2,24.666666666666664,0.4447292994357809,0.448530997178903,0.015,0.5329748394104633
EML basis K=2,2,25.0,0.430910033018312,0.4443482790799754,0.015,0.5194136699023503
EML basis K=2,2,25.333333333333332,0.41834057703262517,0.413162341381856,0.015,0.5064870671329278
EML basis K=2,2,25.666666666666664,0.4069198336119043,0.3846925595060712,0.015,0.4941755340262662
EML basis K=2,2,26.0,0.3965527455178114,0.3949025840471426,0.015,0.4824590813490019
EML basis K=2,2,26.333333333333332,0.38715059839092014,0.38046317609575164,0.015,0.47131738604454604
EML basis K=2,2,26.666666666666664,0.3786310340977743,0.3902608914284879,0.015,0.46072993214164754
EML basis K=2,2,27.0,0.370917933990888,0.3738224267165453,0.015,0.45067613550135494
EML basis K=2,2,27.333333333333332,0.363941148641294,0.3394784101547675,0.015,0.44113545362938
EML basis K=2,2,27.666666666666664,0.3576361906386246,0.3397087444370766,0.015,0.4320874817365224
EML basis K=2,2,28.0,0.35194384727221706,0.3652006828210259,0.015,0.42351203617992234
EML basis K=2,2,28.333333333333332,0.34680982278327843,0.35700629804454614,0.015,0.4153892263640321
EML basis K=2,2,28.666666666666664,0.3421843462696138,0.3325806957809865,0.015,0.40769951612364913
EML basis K=2,2,29.0,0.33802182082315924,0.33800608887465,0.015,0.4004237755532699
EML basis K=2,2,29.333333333333332,0.3342804651856972,0.34096406849234,0.015,0.3935433241883385
EML basis K=2,2,29.666666666666664,0.33092199437904657,0.33794805941675576,0.015,0.38703996638547333
EML basis K=2,2,30.0,0.3279113298874511,0.34105496282916636,0.015,0.3808960196910963
EML basis K=2,2,30.333333333333332,0.3252163154045622,0.32906359981288563,0.015,0.3750943369315708
EML basis K=2,2,30.666666666666664,0.3228074794669231,0.3213850543823957,0.015,0.36961832270339473
EML basis K=2,2,31.0,0.3206578106968013,0.31677508972498364,0.015,0.3644519448894986
EML basis K=2,2,31.333333333333332,0.31874255512534644,0.3345786971333452,0.015,0.3595797417774889
EML basis K=2,2,31.666666666666664,0.31703903310265436,0.2832762189764763,0.015,0.3549868253079259
EML basis K=2,2,32.0,0.3155264778079694,0.3134466479315993,0.015,0.35065888093552244
EML basis K=2,2,32.33333333333333,0.31418588806297143,0.31468088962273233,0.015,0.3465821645435525
EML basis K=2,2,32.666666666666664,0.31299989145598905,0.29161965704293624,0.015,0.342743496811778
EML basis K=2,2,33.0,0.311952624603948,0.3169448288010187,0.015,0.339130255400814
EML basis K=2,2,33.33333333333333,0.31102961884170055,0.30126040365504964,0.015,0.3357303652810104
EML basis K=2,2,33.666666666666664,0.31021769840222124,0.32315437034695743,0.015,0.33253228750156333
EML basis K=2,2,34.0,0.3095048841480541,0.3076210028875392,0.015,0.3295250066655944
EML basis K=2,2,34.33333333333333,0.3088803042276822,0.318917602839524,0.015,0.3266980173492573
EML basis K=2,2,34.666666666666664,0.3083341129674908,0.32661676704505915,0.015,0.32404130967743555
EML basis K=2,2,35.0,0.3078574141321624,0.3136013578728645,0.015,0.3215453542451858
EML basis K=2,2,35.33333333333333,0.30744218333101503,0.2943063661796724,0.015,0.31920108655262186
EML basis K=2,2,35.666666666666664,0.30708120142480877,0.2843664219492392,0.015,0.3169998911013322
EML basis K=2,2,36.0,0.30676799251056197,0.33306875427330757,0.015,0.3149335852825473
EML basis K=2,2,36.33333333333333,0.30649675822341216,0.3048273753255994,0.015,0.3129944031710144
EML basis K=2,2,36.666666666666664,0.30626231879262344,0.2959338445781086,0.015,0.3111749793237865
EML basis K=2,2,37.0,0.3060600626747674,0.30822391899567975,0.015,0.30946833266978063
EML basis K=2,2,37.33333333333333,0.3058858943095113,0.30301472435227156,0.015,0.30786785056390215
EML basis K=2,2,37.666666666666664,0.3057361843429822,0.31851831830617255,0.015,0.30636727306867434
EML basis K=2,2,38.0,0.3056077255385645,0.30611664827512103,0.015,0.30496067751655587
EML basis K=2,2,38.33333333333333,0.3054976914288756,0.3057039351831519,0.015,0.30364246339738427
EML basis K=2,2,38.666666666666664,0.3054035999265705,0.29468490411107606,0.015,0.3024073376075764
EML basis K=2,2,39.0,0.3053232724135795,0.3123667938947919,0.015,0.3012503000907519
EML basis K=2,2,39.33333333333333,0.3052548035527307,0.289746802717406,0.015,0.3001666298932672
EML basis K=2,2,39.666666666666664,0.30519653345182585,0.31518487504828535,0.015,0.2991518716526724
EML basis K=2,2,40.0,0.3051470161513561,0.3280060788462081,0.015,0.29820182253227473
EML basis K=2,2,40.33333333333333,0.30510499721572004,0.2822347066442328,0.015,0.2973125196107533
EML basis K=2,2,40.666666666666664,0.3050693888104514,0.26807595034018167,0.015,0.2964802277320507
EML basis K=2,2,41.0,0.3050392526411918,0.3142924339685066,0.015,0.2957014278175429
EML basis K=2,2,41.33333333333333,0.30501377928638074,0.3432322465186276,0.015,0.29497280563968065
EML basis K=2,2,41.666666666666664,0.30499227231251935,0.28997839957944094,0.015,0.29429124105389015
EML basis K=2,2,42.0,0.3049741336859577,0.28621369730392787,0.015,0.2936537976834598
EML basis K=2,2,42.33333333333333,0.30495885219415864,0.3137933862008657,0.015,0.29305771305038886
EML basis K=2,2,42.666666666666664,0.3049459900361804,0.29233516618530575,0.015,0.29250038914371324
EML basis K=2,2,43.0,0.3049351762386874,0.2973447939796363,0.015,0.29197938341560137
EML basis K=2,2,43.33333333333333,0.3049260873509787,0.29970432535072206,0.015,0.2914924001945222
EML basis K=2,2,43.666666666666664,0.30491845706547593,0.3128984883598529,0.015,0.2910372825039911
EML basis K=2,2,44.0,0.30491205621384143,0.29883252079294464,0.015,0.2906120042747742
EML basis K=2,2,44.33333333333333,0.3049066878515658,0.30907493045276824,0.015,0.29021466293796744
EML basis K=2,2,44.666666666666664,0.3049021883564407,0.30225418947303706,0.015,0.28984347238602914
EML basis K=2,2,45.0,0.3048984190881052,0.2922283525333312,0.015,0.28949675628863375
EML basis K=2,2,45.33333333333333,0.30489526283668167,0.30009786897053337,0.015,0.28917294175009944
EML basis K=2,2,45.666666666666664,0.30489261867916095,0.29063662370164217,0.015,0.28887055329512124
EML basis K=2,2,46.0,0.30489040515176735,0.30498812993981356,0.015,0.2885882071695945
EML basis K=2,2,46.33333333333333,0.30488855264600034,0.2880305592325158,0.015,0.28832460594343357
EML basis K=2,2,46.666666666666664,0.3048870025648034,0.28849358702537475,0.015,0.28807853340246714
EML basis K=2,2,47.0,0.30488570528083603,0.32674013251041484,0.015,0.2878488497167135
EML basis K=2,2,47.33333333333333,0.30488461907481534,0.3040868557702352,0.015,0.28763448687260185
EML basis K=2,2,47.666666666666664,0.3048837099102726,0.30407517952819196,0.015,0.28743444435700133
EML basis K=2,2,48.0,0.30488294877442645,0.31255599507319076,0.015,0.28724778508123766
EML basis K=2,2,48.33333333333333,0.3048823102049094,0.2985694551666763,0.015,0.2870736315336203
EML basis K=2,2,48.666666666666664,0.3048817754240276,0.3014537449118552,0.015,0.28691116214936047
EML basis K=2,2,49.0,0.3048813269489772,0.3112585579789558,0.015,0.2867596078871267
EML basis K=2,2,49.33333333333333,0.30488095055973363,0.3091171881933997,0.015,0.2866182490018632
EML basis K=2,2,49.666666666666664,0.3048806350055795,0.287491184101593,0.015,0.28648641200387653
EML basis K=2,2,50.0,0.30488037003539437,0.3173805089854393,0.015,0.28636346679457747
EML basis K=2,2,50.33333333333333,0.30488014753809733,0.2960236233887617,0.015,0.2862488239696508
EML basis K=2,2,50.666666666666664,0.30487995964618864,0.2890387753914758,0.015,0.2861419322808008
EML basis K=2,2,51.0,0.30487980137002024,0.29137267532003447,0.015,0.28604227624759965
EML basis K=2,2,51.33333333333333,0.3048796681668733,0.29902148800154343,0.015,0.2859493739113321
EML basis K=2,2,51.666666666666664,0.3048795559990405,0.3292890598183865,0.015,0.28586277472309374
EML basis K=2,2,52.0,0.3048794615592696,0.2872464229854579,0.015,0.2857820575587532
EML basis K=2,2,52.33333333333333,0.3048793820486504,0.3072805204366655,0.015,0.28570682885373444
EML basis K=2,2,52.666666666666664,0.30487931548268365,0.272811950111325,0.015,0.28563672085090946
EML basis K=2,2,53.0,0.30487925871618105,0.3048557547190031,0.015,0.2855713899552184
EML basis K=2,2,53.33333333333333,0.30487921081072233,0.3183727070728624,0.015,0.2855105151889475
EML basis K=2,2,53.666666666666664,0.3048791697855726,0.3013292199546508,0.015,0.28545379674189886
EML basis K=2,2,54.0,0.3048791349292481,0.295438811070998,0.015,0.2854009546109802
EML basis K=2,2,54.33333333333333,0.30487910509782723,0.3083517710587053,0.015,0.28535172732402314
EML basis K=2,2,54.666666666666664,0.3048790797398704,0.31538135600713013,0.015,0.285305870742909
EML basis K=2,2,55.0,0.3048790581679226,0.3148339217331837,0.015,0.28526315694134247
EML basis K=2,2,55.33333333333333,0.3048790398046477,0.33446614761359456,0.015,0.28522337315286
EML basis K=2,2,55.666666666666664,0.3048790243178554,0.30801653640289955,0.015,0.2851863207848987
EML basis K=2,2,56.0,0.30487901109380555,0.29599285959751154,0.015,0.2851518144949784
EML basis K=2,2,56.33333333333333,0.30487899984033584,0.3029893119905362,0.015,0.2851196813252681
EML basis K=2,2,56.666666666666664,0.30487899027132936,0.3037915120870322,0.015,0.2850897598920118
EML basis K=2,2,57.0,0.3048789820228366,0.3065100427750084,0.015,0.28506189962648865
EML basis K=2,2,57.33333333333333,0.30487897504169514,0.3044285578432536,0.015,0.28503596006436893
EML basis K=2,2,57.666666666666664,0.3048789689751772,0.30748845805862024,0.015,0.2850118101805052
EML basis K=2,2,58.0,0.30487896384297897,0.27981621293375225,0.015,0.28498932776636776
EML basis K=2,2,58.33333333333333,0.30487895940056875,0.3173233937411694,0.015,0.28496839884749536
EML basis K=2,2,58.666666666666664,0.3048789556277147,0.29625786659389924,0.015,0.28494891713848275
EML basis K=2,2,59.0,0.3048789524302733,0.2872815719835679,0.015,0.28493078353317297
EML basis K=2,2,59.33333333333333,0.30487894964315476,0.3144452170377763,0.015,0.28491390562785895
EML basis K=2,2,59.666666666666664,0.3048789472459721,0.3246388373567633,0.015,0.2848981972754279
EML basis K=2,2,60.0,0.30487894522895087,0.3122743674714425,0.015,0.28488357816850574
EML basis K=2,2,60.33333333333333,0.3048789434610555,0.3072963331687383,0.015,0.2848699734497746
EML basis K=2,2,60.666666666666664,0.3048789419149187,0.29089563733433943,0.015,0.2848573133477461
EML basis K=2,2,61.0,0.30487894062032317,0.34795245068752567,0.015,0.28484553283637576
EML basis K=2,2,61.33333333333333,0.3048789394843814,0.318082818794304,0.015,0.284834571317004
EML basis K=2,2,61.666666666666664,0.30487893847929204,0.2877895184241474,0.015,0.28482437232119884
EML basis K=2,2,62.0,0.3048789376385057,0.29318436889490956,0.015,0.2848148832331648
EML basis K=2,2,62.33333333333333,0.3048789369026106,0.30618362563118917,0.015,0.2848060550304629
EML basis K=2,2,62.666666666666664,0.30487893625260165,0.28155796927266186,0.015,0.28479784204186487
EML basis K=2,2,63.0,0.3048789357410413,0.307408391846199,0.015,0.2847902017212377
EML basis K=2,2,63.33333333333333,0.3048789353035901,0.2979928619678987,0.015,0.2847830944364221
EML basis K=2,2,63.666666666666664,0.3048789349214325,0.32327299392617576,0.015,0.2847764832721346
EML basis K=2,2,64.0,0.30487893457575055,0.3193112545301742,0.015,0.2847703338459833
EML basis K=2,2,64.33333333333333,0.3048789342570273,0.26420965269550567,0.015,0.28476461413674337
EML basis K=2,2,64.66666666666666,0.30487893402391086,0.3055044728143205,0.015,0.2847592943240932
EML basis K=2,2,65.0,0.30487893382118214,0.28061692132832683,0.015,0.28475434663906335
EML basis K=2,2,65.33333333333333,0.30487893363826113,0.32152350362698895,0.015,0.2847497452244958
EML basis K=2,2,65.66666666666666,0.3048789334645683,0.30740052150148567,0.015,0.2847454660048572
EML basis K=2,2,66.0,0.3048789332969004,0.3131050150797054,0.015,0.28474148656479153
EML basis K=2,2,66.33333333333333,0.3048789331775763,0.28890206224552684,0.015,0.2847377860358365
EML basis K=2,2,66.66666666666666,0.3048789330710169,0.3323053866409494,0.015,0.2847343449907648
EML basis K=2,2,67.0,0.3048789329723953,0.335180033479652,0.015,0.28473114534504695
EML basis K=2,2,67.33333333333333,0.30487893287688594,0.2889073672374928,0.015,0.2847281702649636
EML basis K=2,2,67.66666666666666,0.3048789327838892,0.310471159611884,0.015,0.2847254040819259
EML basis K=2,2,68.0,0.30487893271499855,0.29477939628914573,0.015,0.28472283221259276
EML basis K=2,2,68.33333333333333,0.3048789326528274,0.30452538359991643,0.015,0.28472044108439803
EML basis K=2,2,68.66666666666666,0.30487893259549126,0.2858943779071228,0.015,0.2847182180661281
EML basis K=2,2,69.0,0.3048789325411059,0.33288611525981515,0.015,0.2847161514032116
EML basis K=2,2,69.33333333333333,0.3048789324907073,0.2903412398244673,0.015,0.284714230157407
EML basis K=2,2,69.66666666666666,0.3048789324547425,0.3004376752297801,0.015,0.28471244415059377
EML basis K=2,2,70.0,0.3048789324210921,0.31240117638774995,0.015,0.2847107839123916
EML basis K=2,2,70.33333333333333,0.30487893238975516,0.2951655222135132,0.015,0.2847092406313504
EML basis K=2,2,70.66666666666666,0.3048789323607326,0.3012892459147481,0.015,0.28470780610947194
EML basis K=2,2,71.0,0.30487893233402374,0.2964243346376193,0.015,0.2847064727198378
EML basis K=2,2,71.33333333333333,0.30487893230962926,0.30287702098708486,0.015,0.284705233367135
EML basis K=2,2,71.66666666666666,0.3048789322875487,0.28732079276104416,0.015,0.28470408145088344
EML basis K=2,2,72.0,0.30487893226778207,0.2983091111337476,0.015,0.2847030108311823
EML basis K=2,2,72.33333333333333,0.3048789322503298,0.30177553837964616,0.015,0.2847020157968055
EML basis K=2,2,72.66666666666666,0.30487893223519125,0.2998730421781292,0.015,0.2847010910354867
EML basis K=2,2,73.0,0.30487893222236684,0.3057292815457738,0.015,0.28470023160624575
EML basis K=2,2,73.33333333333333,0.30487893220753937,0.30048239891718853,0.015,0.28469943291361705
EML basis K=2,2,73.66666666666666,0.304878932193712,0.3161771033203027,0.015,0.2846986906836522
EML basis K=2,2,74.0,0.3048789321813976,0.30003099329461014,0.015,0.28469800094157455
EML basis K=2,2,74.33333333333333,0.3048789321705969,0.3028291882261587,0.015,0.28469735999097345
EML basis K=2,2,74.66666666666666,0.3048789321613099,0.2949072121213721,0.015,0.28469676439443486
EML basis K=2,2,75.0,0.3048789321535361,0.29698120955180757,0.015,0.28469621095550746
EML basis K=2,2,75.33333333333333,0.304878932147276,0.28591154028498034,0.015,0.28469569670191563
EML basis K=2,2,75.66666666666666,0.3048789321425289,0.3126607059556984,0.015,0.2846952188699325
EML basis K=2,2,76.0,0.30487893213929573,0.2877411618745084,0.015,0.28469477488983375
EML basis K=2,2,76.33333333333333,0.3048789321375758,0.2936910861647509,0.015,0.28469436237235957
EML basis K=2,2,76.66666666666666,0.3048789321373693,0.31026760191753733,0.015,0.28469397909611316
EML basis K=2,2,77.0,0.3048789321360732,0.3109175326252412,0.015,0.2846936229958339
EML basis K=2,2,77.33333333333333,0.30487893213377815,0.29887721086870206,0.015,0.2846932921514832
EML basis K=2,2,77.66666666666666,0.3048789321321268,0.2745899449747948,0.015,0.28469298477808863
EML basis K=2,2,78.0,0.30487893213111894,0.3111866314405526,0.015,0.28469269921629337
EML basis K=2,2,78.33333333333333,0.30487893213075523,0.30877238401413615,0.015,0.28469243392356236
EML basis K=2,2,78.66666666666666,0.30487893213103545,0.2836932138989588,0.015,0.28469218746600017
EML basis K=2,2,79.0,0.30487893213195916,0.3164337633738766,0.015,0.2846919585107382
EML basis K=2,2,79.33333333333333,0.30487893213352657,0.2943624351270252,0.015,0.28469174581885226
EML basis K=2,2,79.66666666666666,0.30487893213573813,0.28798611039343863,0.015,0.2846915482387732
EML basis K=2,2,80.0,0.3048789321385934,0.30631489280305724,0.015,0.2846913647001573
EML basis K=3,3,0.0,0.0,0.00518376288097179,0.015,0.3226265354675946
EML basis K=3,3,0.3333333333333333,1.996418388270995e-19,0.012324272152517374,0.015,0.23888169753959818
EML basis K=3,3,0.6666666666666666,1.5067218068481794e-13,0.004956556142901479,0.015,0.0891176676037781
EML basis K=3,3,1.0,2.6786839432295806e-10,-0.01954735820619702,0.015,-0.01998688117627427
EML basis K=3,3,1.3333333333333333,4.034807666019337e-08,0.013580378348173426,0.015,-0.08508826471454238
EML basis K=3,3,1.6666666666666665,1.5754466915970215e-06,0.0066971940321517666,0.015,-0.11135783745548475
EML basis K=3,3,2.0,2.624270232688511e-05,-0.008028055828077392,0.015,-0.10547529566154647
EML basis K=3,3,2.333333333333333,0.00024325100608159044,0.008960022569026886,0.015,-0.07386718719389435
EML basis K=3,3,2.6666666666666665,0.0014699379530210633,0.006938523895812199,0.015,-0.022233130704456996
EML basis K=3,3,3.0,0.006405569629248328,0.010817557079081217,0.015,0.044534562794056105
EML basis K=3,3,3.333333333333333,0.02150472680995173,0.02193106042968868,0.015,0.12230385330675284
EML basis K=3,3,3.6666666666666665,0.05804926393134114,0.06624995873052784,0.015,0.20761858480944703
EML basis K=3,3,4.0,0.12946450002070908,0.11841768871568407,0.015,0.2976089544497735
EML basis K=3,3,4.333333333333333,0.24323420888642322,0.24079055966652743,0.015,0.3899081444273949
EML basis K=3,3,4.666666666666666,0.3925194659439113,0.38528767625371163,0.015,0.4825784837316773
EML basis K=3,3,5.0,0.557248647537212,0.5662313407267314,0.015,0.5740474641625837
EML basis K=3,3,5.333333333333333,0.7152022565820915,0.7157980881943163,0.015,0.6630528296442924
EML basis K=3,3,5.666666666666666,0.8519461837622823,0.8475593324978059,0.015,0.7485956342117513
EML basis K=3,3,6.0,0.9626515191226164,0.9509228921872638,0.015,0.8299001513194545
EML basis K=3,3,6.333333333333333,1.0487571054702969,1.0448992218610138,0.015,0.9063796186865534
EML basis K=3,3,6.666666666666666,1.1142738062666002,1.1143959389743754,0.015,0.9776069364606288
EML basis K=3,3,7.0,1.1635720916181556,1.159438048038665,0.015,1.0432895686600554
EML basis K=3,3,7.333333333333333,1.2004676809356598,1.2198786381516329,0.015,1.1032480163975826
EML basis K=3,3,7.666666666666666,1.228004697335542,1.243105562065129,0.015,1.1573973331130356
EML basis K=3,3,8.0,1.248518454965099,1.2078510177806094,0.015,1.2057312374817624
EML basis K=3,3,8.333333333333332,1.2637737142739782,1.2354385155844632,0.015,1.2483084506915254
EML basis K=3,3,8.666666666666666,1.2750990379698994,1.272477456589072,0.015,1.285240943579684
EML basis K=3,3,9.0,1.283494865615177,1.2771620094415317,0.015,1.3166838277691677
EML basis K=3,3,9.333333333333332,1.289714386585898,1.2929190315483772,0.015,1.3428266652490601
EML basis K=3,3,9.666666666666666,1.2943227262987067,1.2975825552640452,0.015,1.3638860043363774
EML basis K=3,3,10.0,1.2977404247826734,1.329508006108439,0.015,1.3800989778818171
EML basis K=3,3,10.333333333333332,1.3002758292171728,1.2835955177767886,0.015,1.3917178229619043
EML basis K=3,3,10.666666666666666,1.3021495009351247,1.2964854258282197,0.015,1.399005200956113
EML basis K=3,3,11.0,1.3035125398070044,1.3341541139193893,0.015,1.4022302135044011
EML basis K=3,3,11.333333333333332,1.304459984587487,1.3141605295305145,0.015,1.401665023914067
EML basis K=3,3,11.666666666666666,1.3050400662808914,1.3149860168665353,0.015,1.3975820055681125
EML basis K=3,3,12.0,1.305259946328965,1.297549850753653,0.015,1.3902513491314472
EML basis K=3,3,12.333333333333332,1.3050885631065465,1.2803674355437118,0.015,1.3799390691415552
EML basis K=3,3,12.666666666666666,1.304457252835748,1.306969223999089,0.015,1.366905358139624
EML basis K=3,3,13.0,1.303258891652085,1.3048941029694083,0.015,1.351403243037344
EML basis K=3,3,13.333333333333332,1.3013463793479305,1.282936098534262,0.015,1.333677504080628
EML basis K=3,3,13.666666666666666,1.298531383323379,1.2882829833966705,0.015,1.3139638216941891
EML basis K=3,3,14.0,1.2945843817483562,1.2935037265524478,0.015,1.292488120778052
EML basis K=3,3,14.333333333333332,1.2892370382068818,1.2750657638609701,0.015,1.2694660857685791
EML basis K=3,3,14.666666666666666,1.282188016186188,1.2807139666684049,0.015,1.2451028230479664
EML basis K=3,3,15.0,1.2731131361884065,1.2745453816004484,0.015,1.2195926501509655
EML basis K=3,3,15.333333333333332,1.2616804765580754,1.2622142701139076,0.015,1.193118993729616
EML basis K=3,3,15.666666666666666,1.2475704340717808,1.239976059197066,0.015,1.1658543804419088
EML basis K=3,3,16.0,1.230499948635101,1.2394061697118883,0.015,1.137960506867654
EML basis K=3,3,16.333333333333332,1.2102491131401396,1.2236166174543746,0.015,1.1095883762580685
EML basis K=3,3,16.666666666666664,1.1866874209595009,1.1915001455279992,0.015,1.0808784914237282
EML basis K=3,3,17.0,1.1597962146390166,1.147522761228162,0.015,1.0519610943837212
EML basis K=3,3,17.333333333333332,1.1296837280462655,1.140658512303047,0.015,1.0229564445589119
EML basis K=3,3,17.666666666666664,1.0965897272133462,1.0890681269363405,0.015,0.9939751283133093
EML basis K=3,3,18.0,1.0608781577599196,1.0740655670342394,0.015,0.9651183935463091
EML basis K=3,3,18.333333333333332,1.023017967076654,1.0069411558234922,0.015,0.9364785038297352
EML basis K=3,3,18.666666666666664,0.9835544074027927,0.9972714154497244,0.015,0.9081391072800366
EML basis K=3,3,19.0,0.9430745120974806,0.9427735602782484,0.015,0.8801756159691265
EML basis K=3,3,19.333333333333332,0.9021712618448878,0.8834400284898716,0.015,0.8526555922171807
EML basis K=3,3,19.666666666666664,0.8614106995737918,0.856702207494289,0.015,0.8256391385861649
EML basis K=3,3,20.0,0.8213052769668949,0.8221168111484681,0.015,0.7991792888117791
EML basis K=3,3,20.333333333333332,0.7822952737608267,0.7863871438482936,0.015,0.7733223972808133
EML basis K=3,3,20.666666666666664,0.7447386703465231,0.7300058484724085,0.015,0.7481085249867425
EML basis K=3,3,21.0,0.7089086734014908,0.6922980776940129,0.015,0.7235718201841584
EML basis K=3,3,21.333333333333332,0.6749973396960893,0.6779911076887956,0.015,0.6997408922170787
EML basis K=3,3,21.666666666666664,0.6431234444693016,0.6361222002161045,0.015,0.6766391772214798
EML basis K=3,3,22.0,0.6133428148253325,0.6168753990012859,0.015,0.6542852946022487
EML basis K=3,3,22.333333333333332,0.5856596201579897,0.5970524129951653,0.015,0.6326933933622965
EML basis K=3,3,22.666666666666664,0.560037489598496,0.5353056791032318,0.015,0.6118734875196504
EML basis K=3,3,23.0,0.5364097288345331,0.5402255505822974,0.015,0.5918317799893587
EML basis K=3,3,23.333333333333332,0.5146882320517349,0.5330579365647709,0.015,0.5725709744330513
EML basis K=3,3,23.666666666666664,0.4947709007273773,0.4903079980618202,0.015,0.5540905746918651
EML basis K=3,3,24.0,0.47654761899324605,0.4643854002446825,0.015,0.5363871715196646
EML basis K=3,3,24.333333333333332,0.4599048874371906,0.4711885448448845,0.015,0.5194547164244151
EML basis K=3,3,24.666666666666664,0.4447292994357809,0.448530997178903,0.015,0.5032847825073105
EML basis K=3,3,25.0,0.430910033018312,0.4443482790799754,0.015,0.4878668122627997
EML basis K=3,3,25.333333333333332,0.41834057703262517,0.413162341381856,0.015,0.4731883523687832
EML basis K=3,3,25.666666666666664,0.4069198336119043,0.3846925595060712,0.015,0.4592352755556789
EML basis K=3,3,26.0,0.3965527455178114,0.3949025840471426,0.015,0.44599198969635356
EML basis K=3,3,26.333333333333332,0.38715059839092014,0.38046317609575164,0.015,0.4334416343065934
EML basis K=3,3,26.666666666666664,0.3786310340977743,0.3902608914284879,0.015,0.4215662646882483
EML basis K=3,3,27.0,0.370917933990888,0.3738224267165453,0.015,0.41034702398483425
EML basis K=3,3,27.333333333333332,0.363941148641294,0.3394784101547675,0.015,0.3997643034524843
EML basis K=3,3,27.666666666666664,0.3576361906386246,0.3397087444370766,0.015,0.38979789127802794
EML basis K=3,3,28.0,0.35194384727221706,0.3652006828210259,0.015,0.3804271103008797
EML basis K=3,3,28.333333333333332,0.34680982278327843,0.35700629804454614,0.015,0.37163094501655225
EML basis K=3,3,28.666666666666664,0.3421843462696138,0.3325806957809865,0.015,0.36338815825721243
EML basis K=3,3,29.0,0.33802182082315924,0.33800608887465,0.015,0.3556773979589575
EML basis K=3,3,29.333333333333332,0.3342804651856972,0.34096406849234,0.015,0.34847729443658526
EML basis K=3,3,29.666666666666664,0.33092199437904657,0.33794805941675576,0.015,0.34176654859477895
EML basis K=3,3,30.0,0.3279113298874511,0.34105496282916636,0.015,0.33552401150998784
EML basis K=3,3,30.333333333333332,0.3252163154045622,0.32906359981288563,0.015,0.3297287558200463
EML basis K=3,3,30.666666666666664,0.3228074794669231,0.3213850543823957,0.015,0.3243601393589189
EML basis K=3,3,31.0,0.3206578106968013,0.31677508972498364,0.015,0.3193978614720691
EML basis K=3,3,31.333333333333332,0.31874255512534644,0.3345786971333452,0.015,0.3148220124440036
EML basis K=3,3,31.666666666666664,0.31703903310265436,0.2832762189764763,0.015,0.31061311646370815
EML basis K=3,3,32.0,0.3155264778079694,0.3134466479315993,0.015,0.30675216854617543
EML basis K=3,3,32.33333333333333,0.31418588806297143,0.31468088962273233,0.015,0.30322066581915746
EML basis K=3,3,32.666666666666664,0.31299989145598905,0.29161965704293624,0.015,0.30000063357388196
EML basis K=3,3,33.0,0.311952624603948,0.3169448288010187,0.015,0.2970746464668666
EML basis K=3,3,33.33333333333333,0.31102961884170055,0.30126040365504964,0.015,0.29442584524736176
EML basis K=3,3,33.666666666666664,0.31021769840222124,0.32315437034695743,0.015,0.29203794937147315
EML basis K=3,3,34.0,0.3095048841480541,0.3076210028875392,0.015,0.28989526584983355
EML basis K=3,3,34.33333333333333,0.3088803042276822,0.318917602839524,0.015,0.28798269466094206
EML basis K=3,3,34.666666666666664,0.3083341129674908,0.32661676704505915,0.015,0.28628573104711613
EML basis K=3,3,35.0,0.3078574141321624,0.3136013578728645,0.015,0.28479046499453253
EML basis K=3,3,35.33333333333333,0.30744218333101503,0.2943063661796724,0.015,0.2834835781831783
EML basis K=3,3,35.666666666666664,0.30708120142480877,0.2843664219492392,0.015,0.28235233867682974
EML basis K=3,3,36.0,0.30676799251056197,0.33306875427330757,0.015,0.2813845936074982
EML basis K=3,3,36.33333333333333,0.30649675822341216,0.3048273753255994,0.015,0.28056876009324344
EML basis K=3,3,36.666666666666664,0.30626231879262344,0.2959338445781086,0.015,0.2798938146129277
EML basis K=3,3,37.0,0.3060600626747674,0.30822391899567975,0.015,0.27934928104645007
EML basis K=3,3,37.33333333333333,0.3058858943095113,0.30301472435227156,0.015,0.2789252175743213
EML basis K=3,3,37.666666666666664,0.3057361843429822,0.31851831830617255,0.015,0.2786122026161724
EML basis K=3,3,38.0,0.3056077255385645,0.30611664827512103,0.015,0.2784013199739874
EML basis K=3,3,38.33333333333333,0.3054976914288756,0.3057039351831519,0.015,0.27828414333254275
EML basis K=3,3,38.666666666666664,0.3054035999265705,0.29468490411107606,0.015,0.27825272025677117
EML basis K=3,3,39.0,0.3053232724135795,0.3123667938947919,0.015,0.27829955581355104
EML basis K=3,3,39.33333333333333,0.3052548035527307,0.289746802717406,0.015,0.2784175959337937
EML basis K=3,3,39.666666666666664,0.30519653345182585,0.31518487504828535,0.015,0.2786002106196533
EML basis K=3,3,40.0,0.3051470161513561,0.3280060788462081,0.015,0.27884117709123873
EML basis K=3,3,40.33333333333333,0.30510499721572004,0.2822347066442328,0.015,0.2791346629573621
EML basis K=3,3,40.666666666666664,0.3050693888104514,0.26807595034018167,0.015,0.2794752094855976
EML basis K=3,3,41.0,0.3050392526411918,0.3142924339685066,0.015,0.27985771503827117
EML basis K=3,3,41.33333333333333,0.30501377928638074,0.3432322465186276,0.015,0.2802774187329087
EML basis K=3,3,41.666666666666664,0.30499227231251935,0.28997839957944094,0.015,0.28072988437815366
EML basis K=3,3,42.0,0.3049741336859577,0.28621369730392787,0.015,0.2812109847291955
EML basis K=3,3,42.33333333333333,0.30495885219415864,0.3137933862008657,0.015,0.28171688610030826
EML basis K=3,3,42.666666666666664,0.3049459900361804,0.29233516618530575,0.015,0.2822440333661726
EML basis K=3,3,43.0,0.3049351762386874,0.2973447939796363,0.015,0.28278913537821543
EML basis K=3,3,43.33333333333333,0.3049260873509787,0.29970432535072206,0.015,0.283349150817231
EML basis K=3,3,43.666666666666664,0.30491845706547593,0.3128984883598529,0.015,0.2839212744990224
EML basis K=3,3,44.0,0.30491205621384143,0.29883252079294464,0.015,0.28450292414569667
EML basis K=3,3,44.33333333333333,0.3049066878515658,0.30907493045276824,0.015,0.28509172763154195
EML basis K=3,3,44.666666666666664,0.3049021883564407,0.30225418947303706,0.015,0.28568551070908227
EML basis K=3,3,45.0,0.3048984190881052,0.2922283525333312,0.015,0.28628228521792337
EML basis K=3,3,45.33333333333333,0.30489526283668167,0.30009786897053337,0.015,0.2868802377763496
EML basis K=3,3,45.666666666666664,0.30489261867916095,0.29063662370164217,0.015,0.28747771895328367
EML basis K=3,3,46.0,0.30489040515176735,0.30498812993981356,0.015,0.28807323291615694
EML basis K=3,3,46.33333333333333,0.30488855264600034,0.2880305592325158,0.015,0.28866542754843083
EML basis K=3,3,46.666666666666664,0.3048870025648034,0.28849358702537475,0.015,0.2892530850289541
EML basis K=3,3,47.0,0.30488570528083603,0.32674013251041484,0.015,0.2898351128639987
EML basis K=3,3,47.33333333333333,0.30488461907481534,0.3040868557702352,0.015,0.29041053536168265
EML basis K=3,3,47.666666666666664,0.3048837099102726,0.30407517952819196,0.015,0.2909784855375399
EML basis K=3,3,48.0,0.30488294877442645,0.31255599507319076,0.015,0.2915381974392164
EML basis K=3,3,48.33333333333333,0.3048823102049094,0.2985694551666763,0.015,0.292088998877647
EML basis K=3,3,48.666666666666664,0.3048817754240276,0.3014537449118552,0.015,0.29263030455158084
EML basis K=3,3,49.0,0.3048813269489772,0.3112585579789558,0.015,0.2931616095519579
EML basis K=3,3,49.33333333333333,0.30488095055973363,0.3091171881933997,0.015,0.29368248323239265
EML basis K=3,3,49.666666666666664,0.3048806350055795,0.287491184101593,0.015,0.29419256343186617
EML basis K=3,3,50.0,0.30488037003539437,0.3173805089854393,0.015,0.2946915510356712
EML basis K=3,3,50.33333333333333,0.30488014753809733,0.2960236233887617,0.015,0.295179204860665
EML basis K=3,3,50.666666666666664,0.30487995964618864,0.2890387753914758,0.015,0.2956553368509754
EML basis K=3,3,51.0,0.30487980137002024,0.29137267532003447,0.015,0.2961198075704455
EML basis K=3,3,51.33333333333333,0.3048796681668733,0.29902148800154343,0.015,0.2965725219783039
EML basis K=3,3,51.666666666666664,0.3048795559990405,0.3292890598183865,0.015,0.29701342547478515
EML basis K=3,3,52.0,0.3048794615592696,0.2872464229854579,0.015,0.2974425002037057
EML basis K=3,3,52.33333333333333,0.3048793820486504,0.3072805204366655,0.015,0.29785976159931044
EML basis K=3,3,52.666666666666664,0.30487931548268365,0.272811950111325,0.015,0.2982652551650434
EML basis K=3,3,53.0,0.30487925871618105,0.3048557547190031,0.015,0.298659053472251
EML basis K=3,3,53.33333333333333,0.30487921081072233,0.3183727070728624,0.015,0.29904125336720566
EML basis K=3,3,53.666666666666664,0.3048791697855726,0.3013292199546508,0.015,0.2994119733752178
EML basis K=3,3,54.0,0.3048791349292481,0.295438811070998,0.015,0.29977135129100735
EML basis K=3,3,54.33333333333333,0.30487910509782723,0.3083517710587053,0.015,0.30011954194490387
EML basis K=3,3,54.666666666666664,0.3048790797398704,0.31538135600713013,0.015,0.3004567151348497
EML basis K=3,3,55.0,0.3048790581679226,0.3148339217331837,0.015,0.3007830537145862
EML basis K=3,3,55.33333333333333,0.3048790398046477,0.33446614761359456,0.015,0.301098751828809
EML basis K=3,3,55.666666666666664,0.3048790243178554,0.30801653640289955,0.015,0.3014040132864737
EML basis K=3,3,56.0,0.30487901109380555,0.29599285959751154,0.015,0.3016990500638335
EML basis K=3,3,56.33333333333333,0.30487899984033584,0.3029893119905362,0.015,0.30198408092917517
EML basis K=3,3,56.666666666666664,0.30487899027132936,0.3037915120870322,0.015,0.3022593301816007
EML basis K=3,3,57.0,0.3048789820228366,0.3065100427750084,0.015,0.30252502649657603
EML basis K=3,3,57.33333333333333,0.30487897504169514,0.3044285578432536,0.015,0.3027814018713269
EML basis K=3,3,57.666666666666664,0.3048789689751772,0.30748845805862024,0.015,0.3030286906635167
EML basis K=3,3,58.0,0.30487896384297897,0.27981621293375225,0.015,0.30326712871698047
EML basis K=3,3,58.33333333333333,0.30487895940056875,0.3173233937411694,0.015,0.30349695256861947
EML basis K=3,3,58.666666666666664,0.3048789556277147,0.29625786659389924,0.015,0.3037183987308791
EML basis K=3,3,59.0,0.3048789524302733,0.2872815719835679,0.015,0.3039317030445407
EML basis K=3,3,59.33333333333333,0.30487894964315476,0.3144452170377763,0.015,0.3041371000968503
EML basis K=3,3,59.666666666666664,0.3048789472459721,0.3246388373567633,0.015,0.3043348227002922
EML basis K=3,3,60.0,0.30487894522895087,0.3122743674714425,0.015,0.30452510142758643
EML basis K=3,3,60.33333333333333,0.3048789434610555,0.3072963331687383,0.015,0.30470816419874863
EML basis K=3,3,60.666666666666664,0.3048789419149187,0.29089563733433943,0.015,0.3048842359162981
EML basis K=3,3,61.0,0.30487894062032317,0.34795245068752567,0.015,0.3050535381449384
EML basis K=3,3,61.33333333333333,0.3048789394843814,0.318082818794304,0.015,0.3052162888322587
EML basis K=3,3,61.666666666666664,0.30487893847929204,0.2877895184241474,0.015,0.3053727020672192
EML basis K=3,3,62.0,0.3048789376385057,0.29318436889490956,0.015,0.3055229878733906
EML basis K=3,3,62.33333333333333,0.3048789369026106,0.30618362563118917,0.015,0.30566735203410694
EML basis K=3,3,62.666666666666664,0.30487893625260165,0.28155796927266186,0.015,0.3058059959468799
EML basis K=3,3,63.0,0.3048789357410413,0.307408391846199,0.015,0.3059391165045941
EML basis K=3,3,63.33333333333333,0.3048789353035901,0.2979928619678987,0.015,0.3060669060011692
EML basis K=3,3,63.666666666666664,0.3048789349214325,0.32327299392617576,0.015,0.30618955205952836
EML basis K=3,3,64.0,0.30487893457575055,0.3193112545301742,0.015,0.30630723757986505
EML basis K=3,3,64.33333333333333,0.3048789342570273,0.26420965269550567,0.015,0.30642014070633483
EML basis K=3,3,64.66666666666666,0.30487893402391086,0.3055044728143205,0.015,0.3065284348104303
EML basis K=3,3,65.0,0.30487893382118214,0.28061692132832683,0.015,0.3066322884894251
EML basis K=3,3,65.33333333333333,0.30487893363826113,0.32152350362698895,0.015,0.30673186557838417
EML basis K=3,3,65.66666666666666,0.3048789334645683,0.30740052150148567,0.015,0.3068273251743504
EML basis K=3,3,66.0,0.3048789332969004,0.3131050150797054,0.015,0.30691882167142
EML basis K=3,3,66.33333333333333,0.3048789331775763,0.28890206224552684,0.015,0.30700650480551306
EML basis K=3,3,66.66666666666666,0.3048789330710169,0.3323053866409494,0.015,0.30709051970774215
EML basis K=3,3,67.0,0.3048789329723953,0.335180033479652,0.015,0.307171006965359
EML basis K=3,3,67.33333333333333,0.30487893287688594,0.2889073672374928,0.015,0.3072481026893465
EML basis K=3,3,67.66666666666666,0.3048789327838892,0.310471159611884,0.015,0.3073219385877918
EML basis K=3,3,68.0,0.30487893271499855,0.29477939628914573,0.015,0.3073926420442502
EML basis K=3,3,68.33333333333333,0.3048789326528274,0.30452538359991643,0.015,0.30746033620037055
EML basis K=3,3,68.66666666666666,0.30487893259549126,0.2858943779071228,0.015,0.30752514004211856
EML basis K=3,3,69.0,0.3048789325411059,0.33288611525981515,0.015,0.30758716848898543
EML basis K=3,3,69.33333333333333,0.3048789324907073,0.2903412398244673,0.015,0.3076465324856266
EML basis K=3,3,69.66666666666666,0.3048789324547425,0.3004376752297801,0.015,0.3077033390954223
EML basis K=3,3,70.0,0.3048789324210921,0.31240117638774995,0.015,0.307757691595497
EML basis K=3,3,70.33333333333333,0.30487893238975516,0.2951655222135132,0.015,0.30780968957277927
EML basis K=3,3,70.66666666666666,0.3048789323607326,0.3012892459147481,0.015,0.30785942902072205
EML basis K=3,3,71.0,0.30487893233402374,0.2964243346376193,0.015,0.30790700243633723
EML basis K=3,3,71.33333333333333,0.30487893230962926,0.30287702098708486,0.015,0.3079524989172378
EML basis K=3,3,71.66666666666666,0.3048789322875487,0.28732079276104416,0.015,0.3079960042584083
EML basis K=3,3,72.0,0.30487893226778207,0.2983091111337476,0.015,0.3080376010484529
EML basis K=3,3,72.33333333333333,0.3048789322503298,0.30177553837964616,0.015,0.30807736876510133
EML basis K=3,3,72.66666666666666,0.30487893223519125,0.2998730421781292,0.015,0.3081153838697731
EML basis K=3,3,73.0,0.30487893222236684,0.3057292815457738,0.015,0.3081517199010262
EML basis K=3,3,73.33333333333333,0.30487893220753937,0.30048239891718853,0.015,0.30818644756673613
EML basis K=3,3,73.66666666666666,0.304878932193712,0.3161771033203027,0.015,0.30821963483487164
EML basis K=3,3,74.0,0.3048789321813976,0.30003099329461014,0.015,0.3082513470227498
EML basis K=3,3,74.33333333333333,0.3048789321705969,0.3028291882261587,0.015,0.3082816468846715
EML basis K=3,3,74.66666666666666,0.3048789321613099,0.2949072121213721,0.015,0.3083105946978498
EML basis K=3,3,75.0,0.3048789321535361,0.29698120955180757,0.015,0.308338248346563
EML basis K=3,3,75.33333333333333,0.304878932147276,0.28591154028498034,0.015,0.30836466340446994
EML basis K=3,3,75.66666666666666,0.3048789321425289,0.3126607059556984,0.015,0.308389893215042
EML basis K=3,3,76.0,0.30487893213929573,0.2877411618745084,0.015,0.308413988970074
EML basis K=3,3,76.33333333333333,0.3048789321375758,0.2936910861647509,0.015,0.3084369997862453
EML basis K=3,3,76.66666666666666,0.3048789321373693,0.31026760191753733,0.015,0.30845897277971285
EML basis K=3,3,77.0,0.3048789321360732,0.3109175326252412,0.015,0.3084799531387236
EML basis K=3,3,77.33333333333333,0.30487893213377815,0.29887721086870206,0.015,0.3084999841942426
EML basis K=3,3,77.66666666666666,0.3048789321321268,0.2745899449747948,0.015,0.30851910748859634
EML basis K=3,3,78.0,0.30487893213111894,0.3111866314405526,0.015,0.3085373628421409
EML basis K=3,3,78.33333333333333,0.30487893213075523,0.30877238401413615,0.015,0.30855478841796596
EML basis K=3,3,78.66666666666666,0.30487893213103545,0.2836932138989588,0.015,0.3085714207846498
EML basis K=3,3,79.0,0.30487893213195916,0.3164337633738766,0.015,0.3085872949770886
EML basis K=3,3,79.33333333333333,0.30487893213352657,0.2943624351270252,0.015,0.30860244455542224
EML basis K=3,3,79.66666666666666,0.30487893213573813,0.28798611039343863,0.015,0.3086169016620836
EML basis K=3,3,80.0,0.3048789321385934,0.30631489280305724,0.015,0.30863069707700225
EML basis K=4,4,0.0,0.0,0.00518376288097179,0.015,0.3516303772230293
EML basis K=4,4,0.3333333333333333,1.996418388270995e-19,0.012324272152517374,0.015,0.11428708034021065
EML basis K=4,4,0.6666666666666666,1.5067218068481794e-13,0.004956556142901479,0.015,-0.05721827942821687
EML basis K=4,4,1.0,2.6786839432295806e-10,-0.01954735820619702,0.015,0.04326446274636099
EML basis K=4,4,1.3333333333333333,4.034807666019337e-08,0.013580378348173426,0.015,0.06591630883888348
EML basis K=4,4,1.6666666666666665,1.5754466915970215e-06,0.0066971940321517666,0.015,0.023746296125125594
EML basis K=4,4,2.0,2.624270232688511e-05,-0.008028055828077392,0.015,-0.03244863873031382
EML basis K=4,4,2.333333333333333,0.00024325100608159044,0.008960022569026886,0.015,-0.0688610264252245
EML basis K=4,4,2.6666666666666665,0.0014699379530210633,0.006938523895812199,0.015,-0.0705400877445937
EML basis K=4,4,3.0,0.006405569629248328,0.010817557079081217,0.015,-0.03521601043632003
EML basis K=4,4,3.333333333333333,0.02150472680995173,0.02193106042968868,0.015,0.03238175894853227
EML basis K=4,4,3.6666666666666665,0.05804926393134114,0.06624995873052784,0.015,0.12447141062229011
EML basis K=4,4,4.0,0.12946450002070908,0.11841768871568407,0.015,0.2326464094210888
EML basis K=4,4,4.333333333333333,0.24323420888642322,0.24079055966652743,0.015,0.34921128205956525
EML basis K=4,4,4.666666666666666,0.3925194659439113,0.38528767625371163,0.015,0.4677989015637274
EML basis K=4,4,5.0,0.557248647537212,0.5662313407267314,0.015,0.5835468563197905
EML basis K=4,4,5.333333333333333,0.7152022565820915,0.7157980881943163,0.015,0.6930248722109478
EML basis K=4,4,5.666666666666666,0.8519461837622823,0.8475593324978059,0.015,0.7940392511256729
EML basis K=4,4,6.0,0.9626515191226164,0.9509228921872638,0.015,0.8853926794344864
EML basis K=4,4,6.333333333333333,1.0487571054702969,1.0448992218610138,0.015,0.9666449479570594
EML basis K=4,4,6.666666666666666,1.1142738062666002,1.1143959389743754,0.015,1.0378984339418798
EML basis K=4,4,7.0,1.1635720916181556,1.159438048038665,0.015,1.0996184978567676
EML basis K=4,4,7.333333333333333,1.2004676809356598,1.2198786381516329,0.015,1.152490782188018
EML basis K=4,4,7.666666666666666,1.228004697335542,1.243105562065129,0.015,1.1973129221087129
EML basis K=4,4,8.0,1.248518454965099,1.2078510177806094,0.015,1.2349160601046025
EML basis K=4,4,8.333333333333332,1.2637737142739782,1.2354385155844632,0.015,1.2661108741964835
EML basis K=4,4,8.666666666666666,1.2750990379698994,1.272477456589072,0.015,1.2916529615988526
EML basis K=4,4,9.0,1.283494865615177,1.2771620094415317,0.015,1.3122229652636455
EML basis K=4,4,9.333333333333332,1.289714386585898,1.2929190315483772,0.015,1.3284175417981863
EML basis K=4,4,9.666666666666666,1.2943227262987067,1.2975825552640452,0.015,1.3407480012607835
EML basis K=4,4,10.0,1.2977404247826734,1.329508006108439,0.015,1.349644125356885
EML basis K=4,4,10.333333333333332,1.3002758292171728,1.2835955177767886,0.015,1.3554612558670258
EML basis K=4,4,10.666666666666666,1.3021495009351247,1.2964854258282197,0.015,1.3584892301477949
EML basis K=4,4,11.0,1.3035125398070044,1.3341541139193893,0.015,1.358962129559362
EML basis K=4,4,11.333333333333332,1.304459984587487,1.3141605295305145,0.015,1.3570681107588218
EML basis K=4,4,11.666666666666666,1.3050400662808914,1.3149860168665353,0.015,1.3529588224900384
EML basis K=4,4,12.0,1.305259946328965,1.297549850753653,0.015,1.346758085336313
EML basis K=4,4,12.333333333333332,1.3050885631065465,1.2803674355437118,0.015,1.3385696411567263
EML basis K=4,4,12.666666666666666,1.304457252835748,1.306969223999089,0.015,1.328483873071008
EML basis K=4,4,13.0,1.303258891652085,1.3048941029694083,0.015,1.3165834644441357
EML basis K=4,4,13.333333333333332,1.3013463793479305,1.282936098534262,0.015,1.3029480131040891
EML basis K=4,4,13.666666666666666,1.298531383323379,1.2882829833966705,0.015,1.2876576501884112
EML basis K=4,4,14.0,1.2945843817483562,1.2935037265524478,0.015,1.2707957354388102
EML basis K=4,4,14.333333333333332,1.2892370382068818,1.2750657638609701,0.015,1.2524507152910869
EML basis K=4,4,14.666666666666666,1.282188016186188,1.2807139666684049,0.015,1.232717238784056
EML basis K=4,4,15.0,1.2731131361884065,1.2745453816004484,0.015,1.2116966305853618
EML basis K=4,4,15.333333333333332,1.2616804765580754,1.2622142701139076,0.015,1.1894968213273525
EML basis K=4,4,15.666666666666666,1.2475704340717808,1.239976059197066,0.015,1.1662318336922224
EML basis K=4,4,16.0,1.230499948635101,1.2394061697118883,0.015,1.1420209188195927
EML basis K=4,4,16.333333333333332,1.2102491131401396,1.2236166174543746,0.015,1.1169874320495108
EML basis K=4,4,16.666666666666664,1.1866874209595009,1.1915001455279992,0.015,1.091257530108767
EML basis K=4,4,17.0,1.1597962146390166,1.147522761228162,0.015,1.0649587639111564
EML basis K=4,4,17.333333333333332,1.1296837280462655,1.140658512303047,0.015,1.0382186324667555
EML basis K=4,4,17.666666666666664,1.0965897272133462,1.0890681269363405,0.015,1.0111631542639998
EML basis K=4,4,18.0,1.0608781577599196,1.0740655670342394,0.015,0.9839155031726413
EML basis K=4,4,18.333333333333332,1.023017967076654,1.0069411558234922,0.015,0.9565947466714564
EML basis K=4,4,18.666666666666664,0.9835544074027927,0.9972714154497244,0.015,0.9293147152658949
EML basis K=4,4,19.0,0.9430745120974806,0.9427735602782484,0.015,0.9021830235331704
EML basis K=4,4,19.333333333333332,0.9021712618448878,0.8834400284898716,0.015,0.8753002554866234
EML basis K=4,4,19.666666666666664,0.8614106995737918,0.856702207494289,0.015,0.8487593200198185
EML basis K=4,4,20.0,0.8213052769668949,0.8221168111484681,0.015,0.8226449761653775
EML basis K=4,4,20.333333333333332,0.7822952737608267,0.7863871438482936,0.015,0.797033522834965
EML basis K=4,4,20.666666666666664,0.7447386703465231,0.7300058484724085,0.015,0.7719926436077456
EML basis K=4,4,21.0,0.7089086734014908,0.6922980776940129,0.015,0.7475813939831712
EML basis K=4,4,21.333333333333332,0.6749973396960893,0.6779911076887956,0.015,0.723850316258956
EML basis K=4,4,21.666666666666664,0.6431234444693016,0.6361222002161045,0.015,0.7008416657623013
EML basis K=4,4,22.0,0.6133428148253325,0.6168753990012859,0.015,0.6785897314605299
EML basis K=4,4,22.333333333333332,0.5856596201579897,0.5970524129951653,0.015,0.657121233904366
EML basis K=4,4,22.666666666666664,0.560037489598496,0.5353056791032318,0.015,0.6364557839063913
EML basis K=4,4,23.0,0.5364097288345331,0.5402255505822974,0.015,0.6166063862220542
EML basis K=4,4,23.333333333333332,0.5146882320517349,0.5330579365647709,0.015,0.5975799736788355
EML basis K=4,4,23.666666666666664,0.4947709007273773,0.4903079980618202,0.015,0.5793779585962017
EML basis K=4,4,24.0,0.47654761899324605,0.4643854002446825,0.015,0.5619967898702648
EML basis K=4,4,24.333333333333332,0.4599048874371906,0.4711885448448845,0.015,0.5454285056893908
EML basis K=4,4,24.666666666666664,0.4447292994357809,0.448530997178903,0.015,0.5296612734392558
EML basis K=4,4,25.0,0.430910033018312,0.4443482790799754,0.015,0.5146799098988912
EML basis K=4,4,25.333333333333332,0.41834057703262517,0.413162341381856,0.015,0.5004663762853966
EML basis K=4,4,25.666666666666664,0.4069198336119043,0.3846925595060712,0.015,0.48700024404714337
EML basis K=4,4,26.0,0.3965527455178114,0.3949025840471426,0.015,0.4742591285156115
EML basis K=4,4,26.333333333333332,0.38715059839092014,0.38046317609575164,0.015,0.4622190885947757
EML basis K=4,4,26.666666666666664,0.3786310340977743,0.3902608914284879,0.015,0.45085499159107284
EML basis K=4,4,27.0,0.370917933990888,0.3738224267165453,0.015,0.44014084306869056
EML basis K=4,4,27.333333333333332,0.363941148641294,0.3394784101547675,0.015,0.4300500822605187
EML basis K=4,4,27.666666666666664,0.3576361906386246,0.3397087444370766,0.015,0.4205558440838512
EML basis K=4,4,28.0,0.35194384727221706,0.3652006828210259,0.015,0.41163118921304076
EML basis K=4,4,28.333333333333332,0.34680982278327843,0.35700629804454614,0.015,0.4032493039611487
EML basis K=4,4,28.666666666666664,0.3421843462696138,0.3325806957809865,0.015,0.395383671931965
EML basis K=4,4,29.0,0.33802182082315924,0.33800608887465,0.015,0.38800821953538017
EML basis K=4,4,29.333333333333332,0.3342804651856972,0.34096406849234,0.015,0.38109743752512765
EML basis K=4,4,29.666666666666664,0.33092199437904657,0.33794805941675576,0.015,0.37462648072988664
EML basis K=4,4,30.0,0.3279113298874511,0.34105496282916636,0.015,0.3685712481171429
EML basis K=4,4,30.333333333333332,0.3252163154045622,0.32906359981288563,0.015,0.36290844526343974
EML basis K=4,4,30.666666666666664,0.3228074794669231,0.3213850543823957,0.015,0.3576156312130042
EML basis K=4,4,31.0,0.3206578106968013,0.31677508972498364,0.015,0.3526712515964237
EML basis K=4,4,31.333333333333332,0.31874255512534644,0.3345786971333452,0.015,0.3480546597581717
EML basis K=4,4,31.666666666666664,0.31703903310265436,0.2832762189764763,0.015,0.34374612751142447
EML basis K=4,4,32.0,0.3155264778079694,0.3134466479315993,0.015,0.3397268470049969
EML basis K=4,4,32.33333333333333,0.31418588806297143,0.31468088962273233,0.015,0.3359789250536853
EML basis K=4,4,32.666666666666664,0.31299989145598905,0.29161965704293624,0.015,0.33248537115250476
EML basis K=4,4,33.0,0.311952624603948,0.3169448288010187,0.015,0.32923008026921885
EML basis K=4,4,33.33333333333333,0.31102961884170055,0.30126040365504964,0.015,0.32619781138964304
EML basis K=4,4,33.666666666666664,0.31021769840222124,0.32315437034695743,0.015,0.3233741626775112
EML basis K=4,4,34.0,0.3095048841480541,0.3076210028875392,0.015,0.3207455440058018
EML basis K=4,4,34.33333333333333,0.3088803042276822,0.318917602839524,0.015,0.3182991475196881
EML basis K=4,4,34.666666666666664,0.3083341129674908,0.32661676704505915,0.015,0.31602291680278966
EML basis K=4,4,35.0,0.3078574141321624,0.3136013578728645,0.015,0.31390551513802906
EML basis K=4,4,35.33333333333333,0.30744218333101503,0.2943063661796724,0.015,0.31193629328193256
EML basis K=4,4,35.666666666666664,0.30708120142480877,0.2843664219492392,0.015,0.31010525710627396
EML basis K=4,4,36.0,0.30676799251056197,0.33306875427330757,0.015,0.3084030354031082
EML basis K=4,4,36.33333333333333,0.30649675822341216,0.3048273753255994,0.015,0.3068208480980455
EML basis K=4,4,36.666666666666664,0.30626231879262344,0.2959338445781086,0.015,0.305350475071555
EML basis K=4,4,37.0,0.3060600626747674,0.30822391899567975,0.015,0.3039842257486376
EML basis K=4,4,37.33333333333333,0.3058858943095113,0.30301472435227156,0.015,0.3027149095829002
EML basis K=4,4,37.666666666666664,0.3057361843429822,0.31851831830617255,0.015,0.30153580753140413
EML basis K=4,4,38.0,0.3056077255385645,0.30611664827512103,0.015,0.3004406445911365
EML basis K=4,4,38.33333333333333,0.3054976914288756,0.3057039351831519,0.015,0.2994235634461981
EML basis K=4,4,38.666666666666664,0.3054035999265705,0.29468490411107606,0.015,0.2984790992563467
EML basis K=4,4,39.0,0.3053232724135795,0.3123667938947919,0.015,0.2976021556020006
EML basis K=4,4,39.33333333333333,0.3052548035527307,0.289746802717406,0.015,0.29678798158786435
EML basis K=4,4,39.666666666666664,0.30519653345182585,0.31518487504828535,0.015,0.2960321500966786
EML basis K=4,4,40.0,0.3051470161513561,0.3280060788462081,0.015,0.2953305371758632
EML basis K=4,4,40.33333333333333,0.30510499721572004,0.2822347066442328,0.015,0.2946793025328357
EML basis K=4,4,40.666666666666664,0.3050693888104514,0.26807595034018167,0.015,0.29407487110925484
EML basis K=4,4,41.0,0.3050392526411918,0.3142924339685066,0.015,0.2935139157001843
EML basis K=4,4,41.33333333333333,0.30501377928638074,0.3432322465186276,0.015,0.29299334058099247
EML basis K=4,4,41.666666666666664,0.30499227231251935,0.28997839957944094,0.015,0.29251026610253933
EML basis K=4,4,42.0,0.3049741336859577,0.28621369730392787,0.015,0.29206201421371664
EML basis K=4,4,42.33333333333333,0.30495885219415864,0.3137933862008657,0.015,0.2916460948695668
EML basis K=4,4,42.666666666666664,0.3049459900361804,0.29233516618530575,0.015,0.2912601932829065
EML basis K=4,4,43.0,0.3049351762386874,0.2973447939796363,0.015,0.29090215797751257
EML basis K=4,4,43.33333333333333,0.3049260873509787,0.29970432535072206,0.015,0.2905699896014392
EML basis K=4,4,43.666666666666664,0.30491845706547593,0.3128984883598529,0.015,0.2902618304598161
EML basis K=4,4,44.0,0.30491205621384143,0.29883252079294464,0.015,0.2899759547274974
EML basis K=4,4,44.33333333333333,0.3049066878515658,0.30907493045276824,0.015,0.289710759303135
EML basis K=4,4,44.666666666666664,0.3049021883564407,0.30225418947303706,0.015,0.28946475526755633
EML basis K=4,4,45.0,0.3048984190881052,0.2922283525333312,0.015,0.28923655991077074
EML basis K=4,4,45.33333333333333,0.30489526283668167,0.30009786897053337,0.015,0.28902488929339964
EML basis K=4,4,45.666666666666664,0.30489261867916095,0.29063662370164217,0.015,0.2888285513098553
EML basis K=4,4,46.0,0.30489040515176735,0.30498812993981356,0.015,0.28864643922214067
EML basis K=4,4,46.33333333333333,0.30488855264600034,0.2880305592325158,0.015,0.2884775256346681
EML basis K=4,4,46.666666666666664,0.3048870025648034,0.28849358702537475,0.015,0.28832085688202935
EML basis K=4,4,47.0,0.30488570528083603,0.32674013251041484,0.015,0.2881755478031498
EML basis K=4,4,47.33333333333333,0.30488461907481534,0.3040868557702352,0.015,0.288040776876709
EML basis K=4,4,47.666666666666664,0.3048837099102726,0.30407517952819196,0.015,0.2879157816941381
EML basis K=4,4,48.0,0.30488294877442645,0.31255599507319076,0.015,0.28779985474787606
EML basis K=4,4,48.33333333333333,0.3048823102049094,0.2985694551666763,0.015,0.2876923395138742
EML basis K=4,4,48.666666666666664,0.3048817754240276,0.3014537449118552,0.015,0.2875926268086183
EML basis K=4,4,49.0,0.3048813269489772,0.3112585579789558,0.015,0.28750015140213203
EML basis K=4,4,49.33333333333333,0.30488095055973363,0.3091171881933997,0.015,0.2874143888695793
EML basis K=4,4,49.666666666666664,0.3048806350055795,0.287491184101593,0.015,0.2873348526651857
EML basis K=4,4,50.0,0.30488037003539437,0.3173805089854393,0.015,0.28726109140322226
EML basis K=4,4,50.33333333333333,0.30488014753809733,0.2960236233887617,0.015,0.2871926863317944
EML basis K=4,4,50.666666666666664,0.30487995964618864,0.2890387753914758,0.015,0.2871292489860895
EML basis K=4,4,51.0,0.30487980137002024,0.29137267532003447,0.015,0.28707041900862285
EML basis K=4,4,51.33333333333333,0.3048796681668733,0.29902148800154343,0.015,0.287015862124848
EML basis K=4,4,51.666666666666664,0.3048795559990405,0.3292890598183865,0.015,0.2869652682632689
EML basis K=4,4,52.0,0.3048794615592696,0.2872464229854579,0.015,0.2869183498099203
EML basis K=4,4,52.33333333333333,0.3048793820486504,0.3072805204366655,0.015,0.2868748399877695
EML basis K=4,4,52.666666666666664,0.30487931548268365,0.272811950111325,0.015,0.2868344913522342
EML basis K=4,4,53.0,0.30487925871618105,0.3048557547190031,0.015,0.28679707439461405
EML basis K=4,4,53.33333333333333,0.30487921081072233,0.3183727070728624,0.015,0.28676237624579787
EML basis K=4,4,53.666666666666664,0.3048791697855726,0.3013292199546508,0.015,0.28673019947312445
EML basis K=4,4,54.0,0.3048791349292481,0.295438811070998,0.015,0.2867003609637894
EML basis K=4,4,54.33333333333333,0.30487910509782723,0.3083517710587053,0.015,0.2866726908886242
EML basis K=4,4,54.666666666666664,0.3048790797398704,0.31538135600713013,0.015,0.2866470317405224
EML basis K=4,4,55.0,0.3048790581679226,0.3148339217331837,0.015,0.28662323744218576
EML basis K=4,4,55.33333333333333,0.3048790398046477,0.33446614761359456,0.015,0.28660117251822875
EML basis K=4,4,55.666666666666664,0.3048790243178554,0.30801653640289955,0.015,0.2865807113270339
EML basis K=4,4,56.0,0.30487901109380555,0.29599285959751154,0.015,0.28656173734807894
EML basis K=4,4,56.33333333333333,0.30487899984033584,0.3029893119905362,0.015,0.2865441425207551
EML basis K=4,4,56.666666666666664,0.30487899027132936,0.3037915120870322,0.015,0.28652782663097875
EML basis K=4,4,57.0,0.3048789820228366,0.3065100427750084,0.015,0.2865126967421554
EML basis K=4,4,57.33333333333333,0.30487897504169514,0.3044285578432536,0.015,0.28649866666730944
EML basis K=4,4,57.666666666666664,0.3048789689751772,0.30748845805862024,0.015,0.2864856564794256
EML basis K=4,4,58.0,0.30487896384297897,0.27981621293375225,0.015,0.2864735920572275
EML basis K=4,4,58.33333333333333,0.30487895940056875,0.3173233937411694,0.015,0.28646240466385303
EML basis K=4,4,58.666666666666664,0.3048789556277147,0.29625786659389924,0.015,0.2864520305560558
EML basis K=4,4,59.0,0.3048789524302733,0.2872815719835679,0.015,0.2864424106217148
EML basis K=4,4,59.33333333333333,0.30487894964315476,0.3144452170377763,0.015,0.286433490043624
EML basis K=4,4,59.666666666666664,0.3048789472459721,0.3246388373567633,0.015,0.2864252179876508
EML basis K=4,4,60.0,0.30487894522895087,0.3122743674714425,0.015,0.28641754731350516
EML basis K=4,4,60.33333333333333,0.3048789434610555,0.3072963331687383,0.015,0.2864104343064912
EML basis K=4,4,60.666666666666664,0.3048789419149187,0.29089563733433943,0.015,0.2864038384287102
EML basis K=4,4,61.0,0.30487894062032317,0.34795245068752567,0.015,0.28639772208831804
EML basis K=4,4,61.33333333333333,0.3048789394843814,0.318082818794304,0.015,0.28639205042552396
EML basis K=4,4,61.666666666666664,0.30487893847929204,0.2877895184241474,0.015,0.28638679111412285
EML basis K=4,4,62.0,0.3048789376385057,0.29318436889490956,0.015,0.28638191417742914
EML basis K=4,4,62.33333333333333,0.3048789369026106,0.30618362563118917,0.015,0.2863773918175733
EML basis K=4,4,62.666666666666664,0.30487893625260165,0.28155796927266186,0.015,0.2863731982571964
EML basis K=4,4,63.0,0.3048789357410413,0.307408391846199,0.015,0.28636930959263307
EML basis K=4,4,63.33333333333333,0.3048789353035901,0.2979928619678987,0.015,0.28636570365775865
EML basis K=4,4,63.666666666666664,0.3048789349214325,0.32327299392617576,0.015,0.2863623598977242
EML basis K=4,4,64.0,0.30487893457575055,0.3193112545301742,0.015,0.28635925925186045
EML basis K=4,4,64.33333333333333,0.3048789342570273,0.26420965269550567,0.015,0.28635638404508884
EML basis K=4,4,64.66666666666666,0.30487893402391086,0.3055044728143205,0.015,0.2863537178872239
EML basis K=4,4,65.0,0.30487893382118214,0.28061692132832683,0.015,0.2863512455795816
EML basis K=4,4,65.33333333333333,0.30487893363826113,0.32152350362698895,0.015,0.2863489530283797
EML basis K=4,4,65.66666666666666,0.3048789334645683,0.30740052150148567,0.015,0.28634682716443227
EML basis K=4,4,66.0,0.3048789332969004,0.3131050150797054,0.015,0.2863448558686723
EML basis K=4,4,66.33333333333333,0.3048789331775763,0.28890206224552684,0.015,0.28634302790308913
EML basis K=4,4,66.66666666666666,0.3048789330710169,0.3323053866409494,0.015,0.2863413328466856
EML basis K=4,4,67.0,0.3048789329723953,0.335180033479652,0.015,0.28633976103608877
EML basis K=4,4,67.33333333333333,0.30487893287688594,0.2889073672374928,0.015,0.286338303510475
EML basis K=4,4,67.66666666666666,0.3048789327838892,0.310471159611884,0.015,0.28633695196049885
EML basis K=4,4,68.0,0.30487893271499855,0.29477939628914573,0.015,0.2863356986809345
EML basis K=4,4,68.33333333333333,0.3048789326528274,0.30452538359991643,0.015,0.28633453652675844
EML basis K=4,4,68.66666666666666,0.30487893259549126,0.2858943779071228,0.015,0.28633345887242306
EML basis K=4,4,69.0,0.3048789325411059,0.33288611525981515,0.015,0.2863324595740917
EML basis K=4,4,69.33333333333333,0.3048789324907073,0.2903412398244673,0.015,0.2863315329346195
EML basis K=4,4,69.66666666666666,0.3048789324547425,0.3004376752297801,0.015,0.2863306736710771
EML basis K=4,4,70.0,0.3048789324210921,0.31240117638774995,0.015,0.28632987688463785
EML basis K=4,4,70.33333333333333,0.30487893238975516,0.2951655222135132,0.015,0.2863291380326521
EML basis K=4,4,70.66666666666666,0.3048789323607326,0.3012892459147481,0.015,0.2863284529027544
EML basis K=4,4,71.0,0.30487893233402374,0.2964243346376193,0.015,0.2863278175888468
EML basis K=4,4,71.33333333333333,0.30487893230962926,0.30287702098708486,0.015,0.2863272284688365
EML basis K=4,4,71.66666666666666,0.3048789322875487,0.28732079276104416,0.015,0.2863266821839852
EML basis K=4,4,72.0,0.30487893226778207,0.2983091111337476,0.015,0.28632617561976076
EML basis K=4,4,72.33333333333333,0.3048789322503298,0.30177553837964616,0.015,0.2863257058880833
EML basis K=4,4,72.66666666666666,0.30487893223519125,0.2998730421781292,0.015,0.28632527031086175
EML basis K=4,4,73.0,0.30487893222236684,0.3057292815457738,0.015,0.2863248664047259
EML basis K=4,4,73.33333333333333,0.30487893220753937,0.30048239891718853,0.015,0.28632449186687026
EML basis K=4,4,73.66666666666666,0.304878932193712,0.3161771033203027,0.015,0.28632414456192073
EML basis K=4,4,74.0,0.3048789321813976,0.30003099329461014,0.015,0.28632382250976574
EML basis K=4,4,74.33333333333333,0.3048789321705969,0.3028291882261587,0.015,0.28632352387426724
EML basis K=4,4,74.66666666666666,0.3048789321613099,0.2949072121213721,0.015,0.2863232469527912
EML basis K=4,4,75.0,0.3048789321535361,0.29698120955180757,0.015,0.2863229901665031
EML basis K=4,4,75.33333333333333,0.304878932147276,0.28591154028498034,0.015,0.28632275205136226
EML basis K=4,4,75.66666666666666,0.3048789321425289,0.3126607059556984,0.015,0.28632253124978
EML basis K=4,4,76.0,0.30487893213929573,0.2877411618745084,0.015,0.28632232650287676
EML basis K=4,4,76.33333333333333,0.3048789321375758,0.2936910861647509,0.015,0.28632213664330763
EML basis K=4,4,76.66666666666666,0.3048789321373693,0.31026760191753733,0.015,0.286321960588606
EML basis K=4,4,77.0,0.3048789321360732,0.3109175326252412,0.015,0.2863217973350084
EML basis K=4,4,77.33333333333333,0.30487893213377815,0.29887721086870206,0.015,0.2863216459517373
EML basis K=4,4,77.66666666666666,0.3048789321321268,0.2745899449747948,0.015,0.2863215055756919
EML basis K=4,4,78.0,0.30487893213111894,0.3111866314405526,0.015,0.28632137540652763
EML basis K=4,4,78.33333333333333,0.30487893213075523,0.30877238401413615,0.015,0.2863212547020956
EML basis K=4,4,78.66666666666666,0.30487893213103545,0.2836932138989588,0.015,0.286321142774206
EML basis K=4,4,79.0,0.30487893213195916,0.3164337633738766,0.015,0.28632103898470873
EML basis K=4,4,79.33333333333333,0.30487893213352657,0.2943624351270252,0.015,0.28632094274185504
EML basis K=4,4,79.66666666666666,0.30487893213573813,0.28798611039343863,0.015,0.28632085349692094
EML basis K=4,4,80.0,0.3048789321385934,0.30631489280305724,0.015,0.2863207707410804
EML basis K=5,5,0.0,0.0,0.00518376288097179,0.015,0.3537841740354679
EML basis K=5,5,0.3333333333333333,1.996418388270995e-19,0.012324272152517374,0.015,0.054981342619242014
EML basis K=5,5,0.6666666666666666,1.5067218068481794e-13,0.004956556142901479,0.015,-0.11928660955010371
EML basis K=5,5,1.0,2.6786839432295806e-10,-0.01954735820619702,0.015,0.07147453275658246
EML basis K=5,5,1.3333333333333333,4.034807666019337e-08,0.013580378348173426,0.015,0.12840340488848478
EML basis K=5,5,1.6666666666666665,1.5754466915970215e-06,0.0066971940321517666,0.015,0.07740641470239092
EML basis K=5,5,2.0,2.624270232688511e-05,-0.008028055828077392,0.015,-0.005415907500024665
EML basis K=5,5,2.333333333333333,0.00024325100608159044,0.008960022569026886,0.015,-0.06999216295439738
EML basis K=5,5,2.6666666666666665,0.0014699379530210633,0.006938523895812199,0.015,-0.09351839322954875
EML basis K=5,5,3.0,0.006405569629248328,0.010817557079081217,0.015,-0.07123145996494697
EML basis K=5,5,3.333333333333333,0.02150472680995173,0.02193106042968868,0.015,-0.008294906808596137
EML basis K=5,5,3.6666666666666665,0.05804926393134114,0.06624995873052784,0.015,0.08574229756581005
EML basis K=5,5,4.0,0.12946450002070908,0.11841768871568407,0.015,0.20032590461431551
EML basis K=5,5,4.333333333333333,0.24323420888642322,0.24079055966652743,0.015,0.3257486330857883
EML basis K=5,5,4.666666666666666,0.3925194659439113,0.38528767625371163,0.015,0.45400538213524805
EML basis K=5,5,5.0,0.557248647537212,0.5662313407267314,0.015,0.5790400371219583
EML basis K=5,5,5.333333333333333,0.7152022565820915,0.7157980881943163,0.015,0.6966506391669738
EML basis K=5,5,5.666666666666666,0.8519461837622823,0.8475593324978059,0.015,0.8042271390212139
EML basis K=5,5,6.0,0.9626515191226164,0.9509228921872638,0.015,0.9004296145998879
EML basis K=5,5,6.333333333333333,1.0487571054702969,1.0448992218610138,0.015,0.9848692646346586
EML basis K=5,5,6.666666666666666,1.1142738062666002,1.1143959389743754,0.015,1.0578244583550618
EML basis K=5,5,7.0,1.1635720916181556,1.159438048038665,0.015,1.1200052322693541
EML basis K=5,5,7.333333333333333,1.2004676809356598,1.2198786381516329,0.015,1.1723684378706414
EML basis K=5,5,7.666666666666666,1.228004697335542,1.243105562065129,0.015,1.215979680509086
EML basis K=5,5,8.0,1.248518454965099,1.2078510177806094,0.015,1.2519153916686554
EML basis K=5,5,8.333333333333332,1.2637737142739782,1.2354385155844632,0.015,1.2811975525313581
EML basis K=5,5,8.666666666666666,1.2750990379698994,1.272477456589072,0.015,1.3047538698714392
EML basis K=5,5,9.0,1.283494865615177,1.2771620094415317,0.015,1.3233970380529168
EML basis K=5,5,9.333333333333332,1.289714386585898,1.2929190315483772,0.015,1.337817760544193
EML basis K=5,5,9.666666666666666,1.2943227262987067,1.2975825552640452,0.015,1.348587253453189
EML basis K=5,5,10.0,1.2977404247826734,1.329508006108439,0.015,1.3561659090138964
EML basis K=5,5,10.333333333333332,1.3002758292171728,1.2835955177767886,0.015,1.3609156143249792
EML basis K=5,5,10.666666666666666,1.3021495009351247,1.2964854258282197,0.015,1.3631138901262834
EML basis K=5,5,11.0,1.3035125398070044,1.3341541139193893,0.015,1.3629685449362918
EML basis K=5,5,11.333333333333332,1.304459984587487,1.3141605295305145,0.015,1.3606319492124204
EML basis K=5,5,11.666666666666666,1.3050400662808914,1.3149860168665353,0.015,1.3562143429290905
EML basis K=5,5,12.0,1.305259946328965,1.297549850753653,0.015,1.3497958181841314
EML basis K=5,5,12.333333333333332,1.3050885631065465,1.2803674355437118,0.015,1.3414367840460273
EML basis K=5,5,12.666666666666666,1.304457252835748,1.306969223999089,0.015,1.3311868388996193
EML basis K=5,5,13.0,1.303258891652085,1.3048941029694083,0.015,1.3190920581713503
EML basis K=5,5,13.333333333333332,1.3013463793479305,1.282936098534262,0.015,1.3052007619678607
EML basis K=5,5,13.666666666666666,1.298531383323379,1.2882829833966705,0.015,1.289567864989637
EML basis K=5,5,14.0,1.2945843817483562,1.2935037265524478,0.015,1.2722579353437566
EML basis K=5,5,14.333333333333332,1.2892370382068818,1.2750657638609701,0.015,1.2533471033536592
EML basis K=5,5,14.666666666666666,1.282188016186188,1.2807139666684049,0.015,1.2329239688021711
EML basis K=5,5,15.0,1.2731131361884065,1.2745453816004484,0.015,1.2110896570795504
EML basis K=5,5,15.333333333333332,1.2616804765580754,1.2622142701139076,0.015,1.1879571726984484
EML basis K=5,5,15.666666666666666,1.2475704340717808,1.239976059197066,0.015,1.1636501934568226
EML basis K=5,5,16.0,1.230499948635101,1.2394061697118883,0.015,1.1383014408114343
EML basis K=5,5,16.333333333333332,1.2102491131401396,1.2236166174543746,0.015,1.1120507522642176
EML basis K=5,5,16.666666666666664,1.1866874209595009,1.1915001455279992,0.015,1.0850429701866884
EML basis K=5,5,17.0,1.1597962146390166,1.147522761228162,0.015,1.057425748909967
EML basis K=5,5,17.333333333333332,1.1296837280462655,1.140658512303047,0.015,1.029347368477919
EML basis K=5,5,17.666666666666664,1.0965897272133462,1.0890681269363405,0.015,1.0009546295834935
EML basis K=5,5,18.0,1.0608781577599196,1.0740655670342394,0.015,0.9723908902618837
EML basis K=5,5,18.333333333333332,1.023017967076654,1.0069411558234922,0.015,0.9437942912598719
EML basis K=5,5,18.666666666666664,0.9835544074027927,0.9972714154497244,0.015,0.9152962039703143
EML basis K=5,5,19.0,0.9430745120974806,0.9427735602782484,0.015,0.8870199227040968
EML basis K=5,5,19.333333333333332,0.9021712618448878,0.8834400284898716,0.015,0.8590796121067231
EML basis K=5,5,19.666666666666664,0.8614106995737918,0.856702207494289,0.015,0.8315795108914944
EML basis K=5,5,20.0,0.8213052769668949,0.8221168111484681,0.015,0.8046133848716047
EML basis K=5,5,20.333333333333332,0.7822952737608267,0.7863871438482936,0.015,0.7782642155828318
EML basis K=5,5,20.666666666666664,0.7447386703465231,0.7300058484724085,0.015,0.7526041055914077
EML basis K=5,5,21.0,0.7089086734014908,0.6922980776940129,0.015,0.7276943778208771
EML basis K=5,5,21.333333333333332,0.6749973396960893,0.6779911076887956,0.015,0.7035858438062806
EML basis K=5,5,21.666666666666664,0.6431234444693016,0.6361222002161045,0.015,0.6803192145597686
EML basis K=5,5,22.0,0.6133428148253325,0.6168753990012859,0.015,0.6579256275510129
EML basis K=5,5,22.333333333333332,0.5856596201579897,0.5970524129951653,0.015,0.6364272639979653
EML basis K=5,5,22.666666666666664,0.560037489598496,0.5353056791032318,0.015,0.6158380320539727
EML basis K=5,5,23.0,0.5364097288345331,0.5402255505822974,0.015,0.5961642933954081
EML basis K=5,5,23.333333333333332,0.5146882320517349,0.5330579365647709,0.015,0.5774056129997638
EML basis K=5,5,23.666666666666664,0.4947709007273773,0.4903079980618202,0.015,0.5595555144128473
EML basis K=5,5,24.0,0.47654761899324605,0.4643854002446825,0.015,0.5426022254092371
EML basis K=5,5,24.333333333333332,0.4599048874371906,0.4711885448448845,0.015,0.5265294015466243
EML basis K=5,5,24.666666666666664,0.4447292994357809,0.448530997178903,0.015,0.5113168176172219
EML basis K=5,5,25.0,0.430910033018312,0.4443482790799754,0.015,0.49694101934318263
EML basis K=5,5,25.333333333333332,0.41834057703262517,0.413162341381856,0.015,0.48337592980199845
EML basis K=5,5,25.666666666666664,0.4069198336119043,0.3846925595060712,0.015,0.4705934069729304
EML basis K=5,5,26.0,0.3965527455178114,0.3949025840471426,0.015,0.4585637504518501
EML basis K=5,5,26.333333333333332,0.38715059839092014,0.38046317609575164,0.015,0.4472561567867148
EML basis K=5,5,26.666666666666664,0.3786310340977743,0.3902608914284879,0.015,0.4366391240458912
EML basis K=5,5,27.0,0.370917933990888,0.3738224267165453,0.015,0.4266808071605599
EML basis K=5,5,27.333333333333332,0.363941148641294,0.3394784101547675,0.015,0.41734932629934046
EML basis K=5,5,27.666666666666664,0.3576361906386246,0.3397087444370766,0.015,0.4086130310600559
EML basis K=5,5,28.0,0.35194384727221706,0.3652006828210259,0.015,0.40044072362389393
EML basis K=5,5,28.333333333333332,0.34680982278327843,0.35700629804454614,0.015,0.39280184423507924
EML basis K=5,5,28.666666666666664,0.3421843462696138,0.3325806957809865,0.015,0.3856666224678798
EML basis K=5,5,29.0,0.33802182082315924,0.33800608887465,0.015,0.3790061977444223
EML basis K=5,5,29.333333333333332,0.3342804651856972,0.34096406849234,0.015,0.37279271249148777
EML basis K=5,5,29.666666666666664,0.33092199437904657,0.33794805941675576,0.015,0.36699938119033354
EML basis K=5,5,30.0,0.3279113298874511,0.34105496282916636,0.015,0.3616005383964825
EML basis K=5,5,30.333333333333332,0.3252163154045622,0.32906359981288563,0.015,0.35657166859985684
EML basis K=5,5,30.666666666666664,0.3228074794669231,0.3213850543823957,0.015,0.3518894205709638
EML basis K=5,5,31.0,0.3206578106968013,0.31677508972498364,0.015,0.3475316086054424
EML basis K=5,5,31.333333333333332,0.31874255512534644,0.3345786971333452,0.015,0.34347720284458444
EML basis K=5,5,31.666666666666664,0.31703903310265436,0.2832762189764763,0.015,0.3397063106192125
EML basis K=5,5,32.0,0.3155264778079694,0.3134466479315993,0.015,0.33620015054294805
EML basis K=5,5,32.33333333333333,0.31418588806297143,0.31468088962273233,0.015,0.33294102087150357
EML basis K=5,5,32.666666666666664,0.31299989145598905,0.29161965704293624,0.015,0.32991226344932145
EML basis K=5,5,33.0,0.311952624603948,0.3169448288010187,0.015,0.3270982243848706
EML basis K=5,5,33.33333333333333,0.31102961884170055,0.30126040365504964,0.015,0.32448421243177045
EML basis K=5,5,33.666666666666664,0.31021769840222124,0.32315437034695743,0.015,0.3220564559047352
EML basis K=5,5,34.0,0.3095048841480541,0.3076210028875392,0.015,0.3198020588266928
EML basis K=5,5,34.33333333333333,0.3088803042276822,0.318917602839524,0.015,0.3177089568857154
EML basis K=5,5,34.666666666666664,0.3083341129674908,0.32661676704505915,0.015,0.3157658736767438
EML basis K=5,5,35.0,0.3078574141321624,0.3136013578728645,0.015,0.3139622776124774
EML basis K=5,5,35.33333333333333,0.30744218333101503,0.2943063661796724,0.015,0.3122883398092209
EML basis K=5,5,35.666666666666664,0.30708120142480877,0.2843664219492392,0.015,0.3107348931858016
EML basis K=5,5,36.0,0.30676799251056197,0.33306875427330757,0.015,0.3092933929558018
EML basis K=5,5,36.33333333333333,0.30649675822341216,0.3048273753255994,0.015,0.3079558786442868
EML basis K=5,5,36.666666666666664,0.30626231879262344,0.2959338445781086,0.015,0.30671493771893027
EML basis K=5,5,37.0,0.3060600626747674,0.30822391899567975,0.015,0.30556367089098774
EML basis K=5,5,37.33333333333333,0.3058858943095113,0.30301472435227156,0.015,0.30449565911311355
EML basis K=5,5,37.666666666666664,0.3057361843429822,0.31851831830617255,0.015,0.30350493227778974
EML basis K=5,5,38.0,0.3056077255385645,0.30611664827512103,0.015,0.30258593960132985
EML basis K=5,5,38.33333333333333,0.3054976914288756,0.3057039351831519,0.015,0.3017335216635204
EML basis K=5,5,38.666666666666664,0.3054035999265705,0.29468490411107606,0.015,0.30094288406132436
EML basis K=5,5,39.0,0.3053232724135795,0.3123667938947919,0.015,0.30020957262617104
EML basis K=5,5,39.33333333333333,0.3052548035527307,0.289746802717406,0.015,0.29952945014782356
EML basis K=5,5,39.666666666666664,0.30519653345182585,0.31518487504828535,0.015,0.2988986745432281
EML basis K=5,5,40.0,0.3051470161513561,0.3280060788462081,0.015,0.2983136784057444
EML basis K=5,5,40.33333333333333,0.30510499721572004,0.2822347066442328,0.015,0.2977711498684907
EML basis K=5,5,40.666666666666664,0.3050693888104514,0.26807595034018167,0.015,0.2972680147149493
EML basis K=5,5,41.0,0.3050392526411918,0.3142924339685066,0.015,0.2968014196702407
EML basis K=5,5,41.33333333333333,0.30501377928638074,0.3432322465186276,0.015,0.2963687168074332
EML basis K=5,5,41.666666666666664,0.30499227231251935,0.28997839957944094,0.015,0.2959674490047355
EML basis K=5,5,42.0,0.3049741336859577,0.28621369730392787,0.015,0.2955953363913094
EML basis K=5,5,42.33333333333333,0.30495885219415864,0.3137933862008657,0.015,0.29525026372163454
EML basis K=5,5,42.666666666666664,0.3049459900361804,0.29233516618530575,0.015,0.2949302686207606
EML basis K=5,5,43.0,0.3049351762386874,0.2973447939796363,0.015,0.2946335306453175
EML basis K=5,5,43.33333333333333,0.3049260873509787,0.29970432535072206,0.015,0.294358361107792
EML basis K=5,5,43.666666666666664,0.30491845706547593,0.3128984883598529,0.015,0.29410319361422926
EML basis K=5,5,44.0,0.30491205621384143,0.29883252079294464,0.015,0.2938665752681749
EML basis K=5,5,44.33333333333333,0.3049066878515658,0.30907493045276824,0.015,0.2936471584963134
EML basis K=5,5,44.666666666666664,0.3049021883564407,0.30225418947303706,0.015,0.29344369345379645
EML basis K=5,5,45.0,0.3048984190881052,0.2922283525333312,0.015,0.2932550209697751
EML basis K=5,5,45.33333333333333,0.30489526283668167,0.30009786897053337,0.015,0.2930800659960411
EML basis K=5,5,45.666666666666664,0.30489261867916095,0.29063662370164217,0.015,0.29291783152399714
EML basis K=5,5,46.0,0.30489040515176735,0.30498812993981356,0.015,0.29276739293739423
EML basis K=5,5,46.33333333333333,0.30488855264600034,0.2880305592325158,0.015,0.29262789277035967
EML basis K=5,5,46.666666666666664,0.3048870025648034,0.28849358702537475,0.015,0.292498535842247
EML basis K=5,5,47.0,0.30488570528083603,0.32674013251041484,0.015,0.29237858474273315
EML basis K=5,5,47.33333333333333,0.30488461907481534,0.3040868557702352,0.015,0.29226735564235856
EML basis K=5,5,47.666666666666664,0.3048837099102726,0.30407517952819196,0.015,0.29216421440539314
EML basis K=5,5,48.0,0.30488294877442645,0.31255599507319076,0.015,0.29206857298349675
EML basis K=5,5,48.33333333333333,0.3048823102049094,0.2985694551666763,0.015,0.2919798860701114
EML basis K=5,5,48.666666666666664,0.3048817754240276,0.3014537449118552,0.015,0.29189764799693113
EML basis K=5,5,49.0,0.3048813269489772,0.3112585579789558,0.015,0.2918213898550805
EML basis K=5,5,49.33333333333333,0.30488095055973363,0.3091171881933997,0.015,0.2917506768248547
EML basis K=5,5,49.666666666666664,0.3048806350055795,0.287491184101593,0.015,0.29168510569901984
EML basis K=5,5,50.0,0.30488037003539437,0.3173805089854393,0.015,0.2916243025857173
EML basis K=5,5,50.33333333333333,0.30488014753809733,0.2960236233887617,0.015,0.29156792077802185
EML basis K=5,5,50.666666666666664,0.30487995964618864,0.2890387753914758,0.015,0.29151563877811126
EML basis K=5,5,51.0,0.30487980137002024,0.29137267532003447,0.015,0.29146715846486915
EML basis K=5,5,51.33333333333333,0.3048796681668733,0.29902148800154343,0.015,0.2914222033945499
EML basis K=5,5,51.666666666666664,0.3048795559990405,0.3292890598183865,0.015,0.29138051722486996
EML basis K=5,5,52.0,0.3048794615592696,0.2872464229854579,0.015,0.291341862253581
EML basis K=5,5,52.33333333333333,0.3048793820486504,0.3072805204366655,0.015,0.29130601806322787
EML basis K=5,5,52.666666666666664,0.30487931548268365,0.272811950111325,0.015,0.2912727802643873
EML basis K=5,5,53.0,0.30487925871618105,0.3048557547190031,0.015,0.2912419593302491
EML basis K=5,5,53.33333333333333,0.30487921081072233,0.3183727070728624,0.015,0.29121337951590764
EML basis K=5,5,53.666666666666664,0.3048791697855726,0.3013292199546508,0.015,0.2911868778562078
EML basis K=5,5,54.0,0.3048791349292481,0.295438811070998,0.015,0.29116230323645315
EML basis K=5,5,54.33333333333333,0.30487910509782723,0.3083517710587053,0.015,0.2911395155306705
EML basis K=5,5,54.666666666666664,0.3048790797398704,0.31538135600713013,0.015,0.2911183848025288
EML basis K=5,5,55.0,0.3048790581679226,0.3148339217331837,0.015,0.291098790564364
EML basis K=5,5,55.33333333333333,0.3048790398046477,0.33446614761359456,0.015,0.29108062109008115
EML basis K=5,5,55.666666666666664,0.3048790243178554,0.30801653640289955,0.015,0.2910637727780151
EML basis K=5,5,56.0,0.30487901109380555,0.29599285959751154,0.015,0.2910481495601244
EML basis K=5,5,56.33333333333333,0.30487899984033584,0.3029893119905362,0.015,0.29103366235415135
EML basis K=5,5,56.666666666666664,0.30487899027132936,0.3037915120870322,0.015,0.2910202285556191
EML basis K=5,5,57.0,0.3048789820228366,0.3065100427750084,0.015,0.29100777156676677
EML basis K=5,5,57.33333333333333,0.30487897504169514,0.3044285578432536,0.015,0.29099622035974154
EML basis K=5,5,57.666666666666664,0.3048789689751772,0.30748845805862024,0.015,0.2909855090715677
EML basis K=5,5,58.0,0.30487896384297897,0.27981621293375225,0.015,0.29097557662855605
EML basis K=5,5,58.33333333333333,0.30487895940056875,0.3173233937411694,0.015,0.29096636639803
EML basis K=5,5,58.666666666666664,0.3048789556277147,0.29625786659389924,0.015,0.2909578258653888
EML basis K=5,5,59.0,0.3048789524302733,0.2872815719835679,0.015,0.2909499063346412
EML basis K=5,5,59.33333333333333,0.30487894964315476,0.3144452170377763,0.015,0.2909425626507284
EML basis K=5,5,59.666666666666664,0.3048789472459721,0.3246388373567633,0.015,0.29093575294203405
EML basis K=5,5,60.0,0.30487894522895087,0.3122743674714425,0.015,0.29092943838161855
EML basis K=5,5,60.33333333333333,0.3048789434610555,0.3072963331687383,0.015,0.29092358296582393
EML basis K=5,5,60.666666666666664,0.3048789419149187,0.29089563733433943,0.015,0.29091815330896886
EML basis K=5,5,61.0,0.30487894062032317,0.34795245068752567,0.015,0.290913118452982
EML basis K=5,5,61.33333333333333,0.3048789394843814,0.318082818794304,0.015,0.2909084496908727
EML basis K=5,5,61.666666666666664,0.30487893847929204,0.2877895184241474,0.015,0.29090412040304486
EML basis K=5,5,62.0,0.3048789376385057,0.29318436889490956,0.015,0.2909001059055067
EML basis K=5,5,62.33333333333333,0.3048789369026106,0.30618362563118917,0.015,0.29089638330912243
EML basis K=5,5,62.666666666666664,0.30487893625260165,0.28155796927266186,0.015,0.29089293138910316
EML basis K=5,5,63.0,0.3048789357410413,0.307408391846199,0.015,0.2908897304639806
EML basis K=5,5,63.33333333333333,0.3048789353035901,0.2979928619678987,0.015,0.2908867622833855
EML basis K=5,5,63.666666666666664,0.3048789349214325,0.32327299392617576,0.015,0.2908840099239863
EML basis K=5,5,64.0,0.30487893457575055,0.3193112545301742,0.015,0.2908814576929931
EML basis K=5,5,64.33333333333333,0.3048789342570273,0.26420965269550567,0.015,0.2908790910386803
EML basis K=5,5,64.66666666666666,0.30487893402391086,0.3055044728143205,0.015,0.2908768964674203
EML basis K=5,5,65.0,0.30487893382118214,0.28061692132832683,0.015,0.2908748614667379
EML basis K=5,5,65.33333333333333,0.30487893363826113,0.32152350362698895,0.015,0.290872974433968
EML basis K=5,5,65.66666666666666,0.3048789334645683,0.30740052150148567,0.015,0.2908712246101063
EML basis K=5,5,66.0,0.3048789332969004,0.3131050150797054,0.015,0.2908696020184591
EML basis K=5,5,66.33333333333333,0.3048789331775763,0.28890206224552684,0.015,0.29086809740775854
EML basis K=5,5,66.66666666666666,0.3048789330710169,0.3323053866409494,0.015,0.29086670219941596
EML basis K=5,5,67.0,0.3048789329723953,0.335180033479652,0.015,0.2908654084386102
EML basis K=5,5,67.33333333333333,0.30487893287688594,0.2889073672374928,0.015,0.2908642087489306
EML basis K=5,5,67.66666666666666,0.3048789327838892,0.310471159611884,0.015,0.2908630962903189
EML basis K=5,5,68.0,0.30487893271499855,0.29477939628914573,0.015,0.29086206472007126
EML basis K=5,5,68.33333333333333,0.3048789326528274,0.30452538359991643,0.015,0.2908611081566742
EML basis K=5,5,68.66666666666666,0.30487893259549126,0.2858943779071228,0.015,0.2908602211462685
EML basis K=5,5,69.0,0.3048789325411059,0.33288611525981515,0.015,0.29085939863155524
EML basis K=5,5,69.33333333333333,0.3048789324907073,0.2903412398244673,0.015,0.2908586359229602
EML basis K=5,5,69.66666666666666,0.3048789324547425,0.3004376752297801,0.015,0.2908579286718952
EML basis K=5,5,70.0,0.3048789324210921,0.31240117638774995,0.015,0.2908572728459655
EML basis K=5,5,70.33333333333333,0.30487893238975516,0.2951655222135132,0.015,0.29085666470597754
EML basis K=5,5,70.66666666666666,0.3048789323607326,0.3012892459147481,0.015,0.2908561007846223
EML basis K=5,5,71.0,0.30487893233402374,0.2964243346376193,0.015,0.29085557786670135
EML basis K=5,5,71.33333333333333,0.30487893230962926,0.30287702098708486,0.015,0.29085509297080087
EML basis K=5,5,71.66666666666666,0.3048789322875487,0.28732079276104416,0.015,0.2908546433322906
EML basis K=5,5,72.0,0.30487893226778207,0.2983091111337476,0.015,0.29085422638755787
EML basis K=5,5,72.33333333333333,0.3048789322503298,0.30177553837964616,0.015,0.29085383975939394
EML basis K=5,5,72.66666666666666,0.30487893223519125,0.2998730421781292,0.015,0.290853481243442
EML basis K=5,5,73.0,0.30487893222236684,0.3057292815457738,0.015,0.29085314879562707
EML basis K=5,5,73.33333333333333,0.30487893220753937,0.30048239891718853,0.015,0.29085284052050386
EML basis K=5,5,73.66666666666666,0.304878932193712,0.3161771033203027,0.015,0.2908525546604428
EML basis K=5,5,74.0,0.3048789321813976,0.30003099329461014,0.015,0.29085228958561576
EML basis K=5,5,74.33333333333333,0.3048789321705969,0.3028291882261587,0.015,0.29085204378470236
EML basis K=5,5,74.66666666666666,0.3048789321613099,0.2949072121213721,0.015,0.2908518158562721
EML basis K=5,5,75.0,0.3048789321535361,0.29698120955180757,0.015,0.2908516045007958
EML basis K=5,5,75.33333333333333,0.304878932147276,0.28591154028498034,0.015,0.29085140851323177
EML basis K=5,5,75.66666666666666,0.3048789321425289,0.3126607059556984,0.015,0.29085122677616027
EML basis K=5,5,76.0,0.30487893213929573,0.2877411618745084,0.015,0.2908510582534096
EML basis K=5,5,76.33333333333333,0.3048789321375758,0.2936910861647509,0.015,0.29085090198415126
EML basis K=5,5,76.66666666666666,0.3048789321373693,0.31026760191753733,0.015,0.2908507570774208
EML basis K=5,5,77.0,0.3048789321360732,0.3109175326252412,0.015,0.29085062270703227
EML basis K=5,5,77.33333333333333,0.30487893213377815,0.29887721086870206,0.015,0.2908504981068752
EML basis K=5,5,77.66666666666666,0.3048789321321268,0.2745899449747948,0.015,0.29085038256654433
EML basis K=5,5,78.0,0.30487893213111894,0.3111866314405526,0.015,0.2908502754272878
EML basis K=5,5,78.33333333333333,0.30487893213075523,0.30877238401413615,0.015,0.2908501760782559
EML basis K=5,5,78.66666666666666,0.30487893213103545,0.2836932138989588,0.015,0.29085008395301115
EML basis K=5,5,79.0,0.30487893213195916,0.3164337633738766,0.015,0.2908499985263025
EML basis K=5,5,79.33333333333333,0.30487893213352657,0.2943624351270252,0.015,0.29084991931107274
EML basis K=5,5,79.66666666666666,0.30487893213573813,0.28798611039343863,0.015,0.2908498458556776
EML basis K=5,5,80.0,0.3048789321385934,0.30631489280305724,0.015,0.29084977774131066
EML basis K=6,6,0.0,0.0,0.00518376288097179,0.015,0.4304756071520026
EML basis K=6,6,0.3333333333333333,1.996418388270995e-19,0.012324272152517374,0.015,0.13571101657105272
EML basis K=6,6,0.6666666666666666,1.5067218068481794e-13,0.004956556142901479,0.015,-0.056411768794259895
EML basis K=6,6,1.0,2.6786839432295806e-10,-0.01954735820619702,0.015,0.05896043301845432
EML basis K=6,6,1.3333333333333333,4.034807666019337e-08,0.013580378348173426,0.015,0.045194762050166135
EML basis K=6,6,1.6666666666666665,1.5754466915970215e-06,0.0066971940321517666,0.015,-0.007066556442253234
EML basis K=6,6,2.0,2.624270232688511e-05,-0.008028055828077392,0.015,-0.04621466794462516
EML basis K=6,6,2.333333333333333,0.00024325100608159044,0.008960022569026886,0.015,-0.05922909644073053
EML basis K=6,6,2.6666666666666665,0.0014699379530210633,0.006938523895812199,0.015,-0.04581770544111102
EML basis K=6,6,3.0,0.006405569629248328,0.010817557079081217,0.015,-0.008475117697263586
EML basis K=6,6,3.333333333333333,0.02150472680995173,0.02193106042968868,0.015,0.04994279761458147
EML basis K=6,6,3.6666666666666665,0.05804926393134114,0.06624995873052784,0.015,0.12649072771395878
EML basis K=6,6,4.0,0.12946450002070908,0.11841768871568407,0.015,0.2180314361229317
EML basis K=6,6,4.333333333333333,0.24323420888642322,0.24079055966652743,0.015,0.32118024516923904
EML basis K=6,6,4.666666666666666,0.3925194659439113,0.38528767625371163,0.015,0.43233970562623064
EML basis K=6,6,5.0,0.557248647537212,0.5662313407267314,0.015,0.5477956013362326
EML basis K=6,6,5.333333333333333,0.7152022565820915,0.7157980881943163,0.015,0.6638466842271866
EML basis K=6,6,5.666666666666666,0.8519461837622823,0.8475593324978059,0.015,0.776950318060289
EML basis K=6,6,6.0,0.9626515191226164,0.9509228921872638,0.015,0.8838715714866995
EML basis K=6,6,6.333333333333333,1.0487571054702969,1.0448992218610138,0.015,0.9818246395718226
EML basis K=6,6,6.666666666666666,1.1142738062666002,1.1143959389743754,0.015,1.0685953203464325
EML basis K=6,6,7.0,1.1635720916181556,1.159438048038665,0.015,1.142633542842415
EML basis K=6,6,7.333333333333333,1.2004676809356598,1.2198786381516329,0.015,1.2031065637441165
EML basis K=6,6,7.666666666666666,1.228004697335542,1.243105562065129,0.015,1.2499065669171887
EML basis K=6,6,8.0,1.248518454965099,1.2078510177806094,0.015,1.2836106518944366
EML basis K=6,6,8.333333333333332,1.2637737142739782,1.2354385155844632,0.015,1.3053959517319607
EML basis K=6,6,8.666666666666666,1.2750990379698994,1.272477456589072,0.015,1.316917163391382
EML basis K=6,6,9.0,1.283494865615177,1.2771620094415317,0.015,1.320157454517648
EML basis K=6,6,9.333333333333332,1.289714386585898,1.2929190315483772,0.015,1.3172660472082838
EML basis K=6,6,9.666666666666666,1.2943227262987067,1.2975825552640452,0.015,1.310396520675824
EML basis K=6,6,10.0,1.2977404247826734,1.329508006108439,0.015,1.3015590174591032
EML basis K=6,6,10.333333333333332,1.3002758292171728,1.2835955177767886,0.015,1.2924973035053258
EML basis K=6,6,10.666666666666666,1.3021495009351247,1.2964854258282197,0.015,1.2845984104375232
EML basis K=6,6,11.0,1.3035125398070044,1.3341541139193893,0.015,1.2788388596534694
EML basis K=6,6,11.333333333333332,1.304459984587487,1.3141605295305145,0.015,1.2757677243325767
EML basis K=6,6,11.666666666666666,1.3050400662808914,1.3149860168665353,0.015,1.2755234581754418
EML basis K=6,6,12.0,1.305259946328965,1.297549850753653,0.015,1.277878828011078
EML basis K=6,6,12.333333333333332,1.3050885631065465,1.2803674355437118,0.015,1.2823066121372613
EML basis K=6,6,12.666666666666666,1.304457252835748,1.306969223999089,0.015,1.2880580083935769
EML basis K=6,6,13.0,1.303258891652085,1.3048941029694083,0.015,1.2942458556927887
EML basis K=6,6,13.333333333333332,1.3013463793479305,1.282936098534262,0.015,1.2999256421046512
EML basis K=6,6,13.666666666666666,1.298531383323379,1.2882829833966705,0.015,1.3041686339508227
EML basis K=6,6,14.0,1.2945843817483562,1.2935037265524478,0.015,1.3061230835782234
EML basis K=6,6,14.333333333333332,1.2892370382068818,1.2750657638609701,0.015,1.305061146612985
EML basis K=6,6,14.666666666666666,1.282188016186188,1.2807139666684049,0.015,1.3004106902255648
EML basis K=6,6,15.0,1.2731131361884065,1.2745453816004484,0.015,1.2917724807315152
EML basis K=6,6,15.333333333333332,1.2616804765580754,1.2622142701139076,0.015,1.2789242330475887
EML basis K=6,6,15.666666666666666,1.2475704340717808,1.239976059197066,0.015,1.261813665296711
EML basis K=6,6,16.0,1.230499948635101,1.2394061697118883,0.015,1.2405430466589946
EML basis K=6,6,16.333333333333332,1.2102491131401396,1.2236166174543746,0.015,1.2153477994925486
EML basis K=6,6,16.666666666666664,1.1866874209595009,1.1915001455279992,0.015,1.1865715769021525
EML basis K=6,6,17.0,1.1597962146390166,1.147522761228162,0.015,1.1546399482695435
EML basis K=6,6,17.333333333333332,1.1296837280462655,1.140658512303047,0.015,1.1200344487184224
EML basis K=6,6,17.666666666666664,1.0965897272133462,1.0890681269363405,0.015,1.0832683367214764
EML basis K=6,6,18.0,1.0608781577599196,1.0740655670342394,0.015,1.0448649985826892
EML basis K=6,6,18.333333333333332,1.023017967076654,1.0069411558234922,0.015,1.005339568912584
EML basis K=6,6,18.666666666666664,0.9835544074027927,0.9972714154497244,0.015,0.965184020750963
EML basis K=6,6,19.0,0.9430745120974806,0.9427735602782484,0.015,0.9248557263287154
EML basis K=6,6,19.333333333333332,0.9021712618448878,0.8834400284898716,0.015,0.8847693006919308
EML basis K=6,6,19.666666666666664,0.8614106995737918,0.856702207494289,0.015,0.8452914112621602
EML basis K=6,6,20.0,0.8213052769668949,0.8221168111484681,0.015,0.8067381592406309
EML basis K=6,6,20.333333333333332,0.7822952737608267,0.7863871438482936,0.015,0.7693746042713655
EML basis K=6,6,20.666666666666664,0.7447386703465231,0.7300058484724085,0.015,0.7334160022681006
EML basis K=6,6,21.0,0.7089086734014908,0.6922980776940129,0.015,0.6990303486182694
EML basis K=6,6,21.333333333333332,0.6749973396960893,0.6779911076887956,0.015,0.6663418570256121
EML basis K=6,6,21.666666666666664,0.6431234444693016,0.6361222002161045,0.015,0.6354350513279657
EML basis K=6,6,22.0,0.6133428148253325,0.6168753990012859,0.015,0.6063591984496582
EML basis K=6,6,22.333333333333332,0.5856596201579897,0.5970524129951653,0.015,0.5791328613010814
EML basis K=6,6,22.666666666666664,0.560037489598496,0.5353056791032318,0.015,0.5537483982065884
EML basis K=6,6,23.0,0.5364097288345331,0.5402255505822974,0.015,0.5301762786135896
EML basis K=6,6,23.333333333333332,0.5146882320517349,0.5330579365647709,0.015,0.508369122492409
EML basis K=6,6,23.666666666666664,0.4947709007273773,0.4903079980618202,0.015,0.4882654026572474
EML basis K=6,6,24.0,0.47654761899324605,0.4643854002446825,0.015,0.4697927753269041
EML basis K=6,6,24.333333333333332,0.4599048874371906,0.4711885448448845,0.015,0.452871024983535
EML basis K=6,6,24.666666666666664,0.4447292994357809,0.448530997178903,0.015,0.4374146255294398
EML basis K=6,6,25.0,0.430910033018312,0.4443482790799754,0.015,0.4233349315168757
EML basis K=6,6,25.333333333333332,0.41834057703262517,0.413162341381856,0.015,0.4105420214839199
EML basis K=6,6,25.666666666666664,0.4069198336119043,0.3846925595060712,0.015,0.39894622079700764
EML basis K=6,6,26.0,0.3965527455178114,0.3949025840471426,0.015,0.38845933445444114
EML basis K=6,6,26.333333333333332,0.38715059839092014,0.38046317609575164,0.015,0.3789956215571981
EML basis K=6,6,26.666666666666664,0.3786310340977743,0.3902608914284879,0.015,0.37047254304591615
EML basis K=6,6,27.0,0.370917933990888,0.3738224267165453,0.015,0.3628113132078936
EML basis K=6,6,27.333333333333332,0.363941148641294,0.3394784101547675,0.015,0.3559372836810408
EML basis K=6,6,27.666666666666664,0.3576361906386246,0.3397087444370766,0.015,0.34978018646850334
EML basis K=6,6,28.0,0.35194384727221706,0.3652006828210259,0.015,0.34427426002081624
EML basis K=6,6,28.333333333333332,0.34680982278327843,0.35700629804454614,0.015,0.3393582798892871
EML basis K=6,6,28.666666666666664,0.3421843462696138,0.3325806957809865,0.015,0.33497551291424893
EML basis K=6,6,29.0,0.33802182082315924,0.33800608887465,0.015,0.33107361146300635
EML basis K=6,6,29.333333333333332,0.3342804651856972,0.34096406849234,0.015,0.3276044619278698
EML basis K=6,6,29.666666666666664,0.33092199437904657,0.33794805941675576,0.015,0.3245239995679129
EML basis K=6,6,30.0,0.3279113298874511,0.34105496282916636,0.015,0.32179199984709567
EML basis K=6,6,30.333333333333332,0.3252163154045622,0.32906359981288563,0.015,0.3193718546926659
EML basis K=6,6,30.666666666666664,0.3228074794669231,0.3213850543823957,0.015,0.3172303405694872
EML basis K=6,6,31.0,0.3206578106968013,0.31677508972498364,0.015,0.31533738393030425
EML basis K=6,6,31.333333333333332,0.31874255512534644,0.3345786971333452,0.015,0.3136658284472602
EML basis K=6,6,31.666666666666664,0.31703903310265436,0.2832762189764763,0.015,0.31219120744206047
EML basis K=6,6,32.0,0.3155264778079694,0.3134466479315993,0.015,0.31089152409557813
EML basis K=6,6,32.33333333333333,0.31418588806297143,0.31468088962273233,0.015,0.3097470413166896
EML basis K=6,6,32.666666666666664,0.31299989145598905,0.29161965704293624,0.015,0.30874008256905133
EML basis K=6,6,33.0,0.311952624603948,0.3169448288010187,0.015,0.3078548444784973
EML basis K=6,6,33.33333333333333,0.31102961884170055,0.30126040365504964,0.015,0.3070772216588364
EML basis K=6,6,33.666666666666664,0.31021769840222124,0.32315437034695743,0.015,0.3063946438871088
EML basis K=6,6,34.0,0.3095048841480541,0.3076210028875392,0.015,0.3057959255192544
EML basis K=6,6,34.33333333333333,0.3088803042276822,0.318917602839524,0.015,0.30527112685319674
EML basis K=6,6,34.666666666666664,0.3083341129674908,0.32661676704505915,0.015,0.3048114270093073
EML basis K=6,6,35.0,0.3078574141321624,0.3136013578728645,0.015,0.3044090078000089
EML basis K=6,6,35.33333333333333,0.30744218333101503,0.2943063661796724,0.015,0.3040569479938714
EML basis K=6,6,35.666666666666664,0.30708120142480877,0.2843664219492392,0.015,0.3037491273389086
EML basis K=6,6,36.0,0.30676799251056197,0.33306875427330757,0.015,0.3034801396896696
EML basis K=6,6,36.33333333333333,0.30649675822341216,0.3048273753255994,0.015,0.30324521457883985
EML basis K=6,6,36.666666666666664,0.30626231879262344,0.2959338445781086,0.015,0.30304014658269973
EML basis K=6,6,37.0,0.3060600626747674,0.30822391899567975,0.015,0.3028612318478333
EML basis K=6,6,37.33333333333333,0.3058858943095113,0.30301472435227156,0.015,0.30270521117149457
EML basis K=6,6,37.666666666666664,0.3057361843429822,0.31851831830617255,0.015,0.30256921905785206
EML basis K=6,6,38.0,0.3056077255385645,0.30611664827512103,0.015,0.3024507382053231
EML basis K=6,6,38.33333333333333,0.3054976914288756,0.3057039351831519,0.015,0.30234755891504683
EML basis K=6,6,38.666666666666664,0.3054035999265705,0.29468490411107606,0.015,0.30225774294612273
EML basis K=6,6,39.0,0.3053232724135795,0.3123667938947919,0.015,0.3021795913787455
EML basis K=6,6,39.33333333333333,0.3052548035527307,0.289746802717406,0.015,0.302111616081211
EML basis K=6,6,39.666666666666664,0.30519653345182585,0.31518487504828535,0.015,0.3020525144104664
EML basis K=6,6,40.0,0.3051470161513561,0.3280060788462081,0.015,0.302001146808026
EML basis K=6,6,40.33333333333333,0.30510499721572004,0.2822347066442328,0.015,0.30195651698356574
EML basis K=6,6,40.666666666666664,0.3050693888104514,0.26807595034018167,0.015,0.3019177544071492
EML basis K=6,6,41.0,0.3050392526411918,0.3142924339685066,0.015,0.30188409885772566
EML basis K=6,6,41.33333333333333,0.30501377928638074,0.3432322465186276,0.015,0.30185488680026784
EML basis K=6,6,41.666666666666664,0.30499227231251935,0.28997839957944094,0.015,0.30182953938678003
EML basis K=6,6,42.0,0.3049741336859577,0.28621369730392787,0.015,0.301807551897366
EML basis K=6,6,42.33333333333333,0.30495885219415864,0.3137933862008657,0.015,0.3017884844566638
EML basis K=6,6,42.666666666666664,0.3049459900361804,0.29233516618530575,0.015,0.3017719538784412
EML basis K=6,6,43.0,0.3049351762386874,0.2973447939796363,0.015,0.3017576265069891
EML basis K=6,6,43.33333333333333,0.3049260873509787,0.29970432535072206,0.015,0.30174521193826104
EML basis K=6,6,43.666666666666664,0.30491845706547593,0.3128984883598529,0.015,0.30173445751666406
EML basis K=6,6,44.0,0.30491205621384143,0.29883252079294464,0.015,0.3017251435150449
EML basis K=6,6,44.33333333333333,0.3049066878515658,0.30907493045276824,0.015,0.30171707891586125
EML basis K=6,6,44.666666666666664,0.3049021883564407,0.30225418947303706,0.015,0.3017100977209313
EML basis K=6,6,45.0,0.3048984190881052,0.2922283525333312,0.015,0.30170405572549797
EML basis K=6,6,45.33333333333333,0.30489526283668167,0.30009786897053337,0.015,0.301698827699844
EML basis K=6,6,45.666666666666664,0.30489261867916095,0.29063662370164217,0.015,0.30169430492835625
EML basis K=6,6,46.0,0.30489040515176735,0.30498812993981356,0.015,0.30169039306186696
EML basis K=6,6,46.33333333333333,0.30488855264600034,0.2880305592325158,0.015,0.30168701024436234
EML basis K=6,6,46.666666666666664,0.3048870025648034,0.28849358702537475,0.015,0.30168408547981646
EML basis K=6,6,47.0,0.30488570528083603,0.32674013251041484,0.015,0.30168155720906464
EML basis K=6,6,47.33333333333333,0.30488461907481534,0.3040868557702352,0.015,0.3016793720702544
EML basis K=6,6,47.666666666666664,0.3048837099102726,0.30407517952819196,0.015,0.30167748381969156
EML basis K=6,6,48.0,0.30488294877442645,0.31255599507319076,0.015,0.30167585239271505
EML basis K=6,6,48.33333333333333,0.3048823102049094,0.2985694551666763,0.015,0.30167444308677016
EML basis K=6,6,48.666666666666664,0.3048817754240276,0.3014537449118552,0.015,0.3016732258510608
EML basis K=6,6,49.0,0.3048813269489772,0.3112585579789558,0.015,0.3016721746691033
EML basis K=6,6,49.33333333333333,0.30488095055973363,0.3091171881933997,0.015,0.3016712670222372
EML basis K=6,6,49.666666666666664,0.3048806350055795,0.287491184101593,0.015,0.3016704834236403
EML basis K=6,6,50.0,0.30488037003539437,0.3173805089854393,0.015,0.3016698070137215
EML basis K=6,6,50.33333333333333,0.30488014753809733,0.2960236233887617,0.015,0.3016692232089209
EML basis K=6,6,50.666666666666664,0.30487995964618864,0.2890387753914758,0.015,0.3016687193969686
EML basis K=6,6,51.0,0.30487980137002024,0.29137267532003447,0.015,0.30166828467252277
EML basis K=6,6,51.33333333333333,0.3048796681668733,0.29902148800154343,0.015,0.3016679096079212
EML basis K=6,6,51.666666666666664,0.3048795559990405,0.3292890598183865,0.015,0.3016675860544368
EML basis K=6,6,52.0,0.3048794615592696,0.2872464229854579,0.015,0.3016673069700133
EML basis K=6,6,52.33333333333333,0.3048793820486504,0.3072805204366655,0.015,0.3016670662700086
EML basis K=6,6,52.666666666666664,0.30487931548268365,0.272811950111325,0.015,0.3016668586978947
EML basis K=6,6,53.0,0.30487925871618105,0.3048557547190031,0.015,0.30166667971327715
EML basis K=6,6,53.33333333333333,0.30487921081072233,0.3183727070728624,0.015,0.30166652539494043
EML basis K=6,6,53.666666666666664,0.3048791697855726,0.3013292199546508,0.015,0.3016663923569179
EML basis K=6,6,54.0,0.3048791349292481,0.295438811070998,0.015,0.30166627767585646
EML basis K=6,6,54.33333333333333,0.30487910509782723,0.3083517710587053,0.015,0.301666178828169
EML basis K=6,6,54.666666666666664,0.3048790797398704,0.31538135600713013,0.015,0.3016660936356633
EML basis K=6,6,55.0,0.3048790581679226,0.3148339217331837,0.015,0.3016660202185223
EML basis K=6,6,55.33333333333333,0.3048790398046477,0.33446614761359456,0.015,0.3016659569546384
EML basis K=6,6,55.666666666666664,0.3048790243178554,0.30801653640289955,0.015,0.301665902444456
EML basis K=6,6,56.0,0.30487901109380555,0.29599285959751154,0.015,0.3016658554805909
EML basis K=6,6,56.33333333333333,0.30487899984033584,0.3029893119905362,0.015,0.30166581502156453
EML basis K=6,6,56.666666666666664,0.30487899027132936,0.3037915120870322,0.015,0.3016657801691049
EML basis K=6,6,57.0,0.3048789820228366,0.3065100427750084,0.015,0.30166575014854363
EML basis K=6,6,57.33333333333333,0.30487897504169514,0.3044285578432536,0.015,0.301665724291882
EML basis K=6,6,57.666666666666664,0.3048789689751772,0.30748845805862024,0.015,0.30166570202316423
EML basis K=6,6,58.0,0.30487896384297897,0.27981621293375225,0.015,0.30166568284584094
EML basis K=6,6,58.33333333333333,0.30487895940056875,0.3173233937411694,0.015,0.30166566633186487
EML basis K=6,6,58.666666666666664,0.3048789556277147,0.29625786659389924,0.015,0.30166565211227836
EML basis K=6,6,59.0,0.3048789524302733,0.2872815719835679,0.015,0.3016656398690838
EML basis K=6,6,59.33333333333333,0.30487894964315476,0.3144452170377763,0.015,0.30166562932823165
EML basis K=6,6,59.666666666666664,0.3048789472459721,0.3246388373567633,0.015,0.30166562025356636
EML basis K=6,6,60.0,0.30487894522895087,0.3122743674714425,0.015,0.30166561244160234
EML basis K=6,6,60.33333333333333,0.3048789434610555,0.3072963331687383,0.015,0.30166560571702183
EML basis K=6,6,60.666666666666664,0.3048789419149187,0.29089563733433943,0.015,0.30166559992878506
EML basis K=6,6,61.0,0.30487894062032317,0.34795245068752567,0.015,0.3016655949467794
EML basis K=6,6,61.33333333333333,0.3048789394843814,0.318082818794304,0.015,0.30166559065893206
EML basis K=6,6,61.666666666666664,0.30487893847929204,0.2877895184241474,0.015,0.301665586968712
EML basis K=6,6,62.0,0.3048789376385057,0.29318436889490956,0.015,0.3016655837929793
EML basis K=6,6,62.33333333333333,0.3048789369026106,0.30618362563118917,0.015,0.3016655810601356
EML basis K=6,6,62.666666666666664,0.30487893625260165,0.28155796927266186,0.015,0.3016655787085252
EML basis K=6,6,63.0,0.3048789357410413,0.307408391846199,0.015,0.30166557668505956
EML basis K=6,6,63.33333333333333,0.3048789353035901,0.2979928619678987,0.015,0.3016655749440234
EML basis K=6,6,63.666666666666664,0.3048789349214325,0.32327299392617576,0.015,0.30166557344605904
EML basis K=6,6,64.0,0.30487893457575055,0.3193112545301742,0.015,0.30166557215728707
EML basis K=6,6,64.33333333333333,0.3048789342570273,0.26420965269550567,0.015,0.30166557104853836
EML basis K=6,6,64.66666666666666,0.30487893402391086,0.3055044728143205,0.015,0.3016655700947039
EML basis K=6,6,65.0,0.30487893382118214,0.28061692132832683,0.015,0.3016655692741705
EML basis K=6,6,65.33333333333333,0.30487893363826113,0.32152350362698895,0.015,0.3016655685683347
EML basis K=6,6,65.66666666666666,0.3048789334645683,0.30740052150148567,0.015,0.30166556796118515
EML basis K=6,6,66.0,0.3048789332969004,0.3131050150797054,0.015,0.3016655674389434
EML basis K=6,6,66.33333333333333,0.3048789331775763,0.28890206224552684,0.015,0.3016655669897517
EML basis K=6,6,66.66666666666666,0.3048789330710169,0.3323053866409494,0.015,0.3016655666034053
EML basis K=6,6,67.0,0.3048789329723953,0.335180033479652,0.015,0.3016655662711214
EML basis K=6,6,67.33333333333333,0.30487893287688594,0.2889073672374928,0.015,0.30166556598534433
EML basis K=6,6,67.66666666666666,0.3048789327838892,0.310471159611884,0.015,0.30166556573957093
EML basis K=6,6,68.0,0.30487893271499855,0.29477939628914573,0.015,0.30166556552820906
EML basis K=6,6,68.33333333333333,0.3048789326528274,0.30452538359991643,0.015,0.301665565346448
EML basis K=6,6,68.66666666666666,0.30487893259549126,0.2858943779071228,0.015,0.30166556519014565
EML basis K=6,6,69.0,0.3048789325411059,0.33288611525981515,0.015,0.30166556505573916
EML basis K=6,6,69.33333333333333,0.3048789324907073,0.2903412398244673,0.015,0.3016655649401643
EML basis K=6,6,69.66666666666666,0.3048789324547425,0.3004376752297801,0.015,0.30166556484078416
EML basis K=6,6,70.0,0.3048789324210921,0.31240117638774995,0.015,0.30166556475533085
EML basis K=6,6,70.33333333333333,0.30487893238975516,0.2951655222135132,0.015,0.30166556468185685
EML basis K=6,6,70.66666666666666,0.3048789323607326,0.3012892459147481,0.015,0.3016655646186841
EML basis K=6,6,71.0,0.30487893233402374,0.2964243346376193,0.015,0.30166556456436905
EML basis K=6,6,71.33333333333333,0.30487893230962926,0.30287702098708486,0.015,0.30166556451767146
EML basis K=6,6,71.66666666666666,0.3048789322875487,0.28732079276104416,0.015,0.30166556447752524
EML basis K=6,6,72.0,0.30487893226778207,0.2983091111337476,0.015,0.30166556444301074
EML basis K=6,6,72.33333333333333,0.3048789322503298,0.30177553837964616,0.015,0.3016655644133371
EML basis K=6,6,72.66666666666666,0.30487893223519125,0.2998730421781292,0.015,0.30166556438782627
EML basis K=6,6,73.0,0.30487893222236684,0.3057292815457738,0.015,0.3016655643658952
EML basis K=6,6,73.33333333333333,0.30487893220753937,0.30048239891718853,0.015,0.3016655643470439
EML basis K=6,6,73.66666666666666,0.304878932193712,0.3161771033203027,0.015,0.30166556433083774
EML basis K=6,6,74.0,0.3048789321813976,0.30003099329461014,0.015,0.3016655643169047
EML basis K=6,6,74.33333333333333,0.3048789321705969,0.3028291882261587,0.015,0.30166556430492736
EML basis K=6,6,74.66666666666666,0.3048789321613099,0.2949072121213721,0.015,0.3016655642946329
EML basis K=6,6,75.0,0.3048789321535361,0.29698120955180757,0.015,0.3016655642857851
EML basis K=6,6,75.33333333333333,0.304878932147276,0.28591154028498034,0.015,0.30166556427818114
EML basis K=6,6,75.66666666666666,0.3048789321425289,0.3126607059556984,0.015,0.3016655642716443
EML basis K=6,6,76.0,0.30487893213929573,0.2877411618745084,0.015,0.3016655642660254
EML basis K=6,6,76.33333333333333,0.3048789321375758,0.2936910861647509,0.015,0.3016655642611951
EML basis K=6,6,76.66666666666666,0.3048789321373693,0.31026760191753733,0.015,0.30166556425704344
EML basis K=6,6,77.0,0.3048789321360732,0.3109175326252412,0.015,0.3016655642534755
EML basis K=6,6,77.33333333333333,0.30487893213377815,0.29887721086870206,0.015,0.30166556425040963
EML basis K=6,6,77.66666666666666,0.3048789321321268,0.2745899449747948,0.015,0.3016655642477742
EML basis K=6,6,78.0,0.30487893213111894,0.3111866314405526,0.015,0.30166556424550817
EML basis K=6,6,78.33333333333333,0.30487893213075523,0.30877238401413615,0.015,0.30166556424356095
EML basis K=6,6,78.66666666666666,0.30487893213103545,0.2836932138989588,0.015,0.3016655642418869
EML basis K=6,6,79.0,0.30487893213195916,0.3164337633738766,0.015,0.3016655642404489
EML basis K=6,6,79.33333333333333,0.30487893213352657,0.2943624351270252,0.015,0.3016655642392129
EML basis K=6,6,79.66666666666666,0.30487893213573813,0.28798611039343863,0.015,0.30166556423815116
EML basis K=6,6,80.0,0.3048789321385934,0.30631489280305724,0.015,0.30166556423724017
EML basis K=7,7,0.0,0.0,0.00518376288097179,0.015,0.43034570639772984
EML basis K=7,7,0.3333333333333333,1.996418388270995e-19,0.012324272152517374,0.015,0.14172441890775908
EML basis K=7,7,0.6666666666666666,1.5067218068481794e-13,0.004956556142901479,0.015,-0.05081999088602181
EML basis K=7,7,1.0,2.6786839432295806e-10,-0.01954735820619702,0.015,0.05665581336088087
EML basis K=7,7,1.3333333333333333,4.034807666019337e-08,0.013580378348173426,0.015,0.041958186243839776
EML basis K=7,7,1.6666666666666665,1.5754466915970215e-06,0.0066971940321517666,0.015,-0.009344263043048851
EML basis K=7,7,2.0,2.624270232688511e-05,-0.008028055828077392,0.015,-0.047429401580836014
EML basis K=7,7,2.333333333333333,0.00024325100608159044,0.008960022569026886,0.015,-0.05946143621574479
EML basis K=7,7,2.6666666666666665,0.0014699379530210633,0.006938523895812199,0.015,-0.045127576951223144
EML basis K=7,7,3.0,0.006405569629248328,0.010817557079081217,0.015,-0.006984314213406363
EML basis K=7,7,3.333333333333333,0.02150472680995173,0.02193106042968868,0.015,0.05200731148309274
EML basis K=7,7,3.6666666666666665,0.05804926393134114,0.06624995873052784,0.015,0.1288160347307967
EML basis K=7,7,4.0,0.12946450002070908,0.11841768871568407,0.015,0.22026726173964645
EML basis K=7,7,4.333333333333333,0.24323420888642322,0.24079055966652743,0.015,0.3229912294237891
EML basis K=7,7,4.666666666666666,0.3925194659439113,0.38528767625371163,0.015,0.43344890270865805
EML basis K=7,7,5.0,0.557248647537212,0.5662313407267314,0.015,0.5480149100765668
EML basis K=7,7,5.333333333333333,0.7152022565820915,0.7157980881943163,0.015,0.6630937033650248
EML basis K=7,7,5.666666666666666,0.8519461837622823,0.8475593324978059,0.015,0.7752526131497781
EML basis K=7,7,6.0,0.9626515191226164,0.9509228921872638,0.015,0.8813599015384154
EML basis K=7,7,6.333333333333333,1.0487571054702969,1.0448992218610138,0.015,0.9787169829742723
EML basis K=7,7,6.666666666666666,1.1142738062666002,1.1143959389743754,0.015,1.065173799781309
EML basis K=7,7,7.0,1.1635720916181556,1.159438048038665,0.015,1.1392166066239668
EML basis K=7,7,7.333333333333333,1.2004676809356598,1.2198786381516329,0.015,1.2000189806342594
EML basis K=7,7,7.666666666666666,1.228004697335542,1.243105562065129,0.015,1.2474498603092854
EML basis K=7,7,8.0,1.248518454965099,1.2078510177806094,0.015,1.2820364819981125
EML basis K=7,7,8.333333333333332,1.2637737142739782,1.2354385155844632,0.015,1.3048846285846345
EML basis K=7,7,8.666666666666666,1.2750990379698994,1.272477456589072,0.015,1.3175629534336364
EML basis K=7,7,9.0,1.283494865615177,1.2771620094415317,0.015,1.321961676067148
EML basis K=7,7,9.333333333333332,1.289714386585898,1.2929190315483772,0.015,1.3201382058533777
EML basis K=7,7,9.666666666666666,1.2943227262987067,1.2975825552640452,0.015,1.314162995966428
EML basis K=7,7,10.0,1.2977404247826734,1.329508006108439,0.015,1.305978157066051
EML basis K=7,7,10.333333333333332,1.3002758292171728,1.2835955177767886,0.015,1.2972792765838173
EML basis K=7,7,10.666666666666666,1.3021495009351247,1.2964854258282197,0.015,1.2894278626187887
EML basis K=7,7,11.0,1.3035125398070044,1.3341541139193893,0.015,1.2833983158251092
EML basis K=7,7,11.333333333333332,1.304459984587487,1.3141605295305145,0.015,1.2797597935511715
EML basis K=7,7,11.666666666666666,1.3050400662808914,1.3149860168665353,0.015,1.2786901763068732
EML basis K=7,7,12.0,1.305259946328965,1.297549850753653,0.015,1.280016880389186
EML basis K=7,7,12.333333333333332,1.3050885631065465,1.2803674355437118,0.015,1.2832776547343907
EML basis K=7,7,12.666666666666666,1.304457252835748,1.306969223999089,0.015,1.287793795418531
EML basis K=7,7,13.0,1.303258891652085,1.3048941029694083,0.015,1.292748334342126
EML basis K=7,7,13.333333333333332,1.3013463793479305,1.282936098534262,0.015,1.2972625528996211
EML basis K=7,7,13.666666666666666,1.298531383323379,1.2882829833966705,0.015,1.3004654331433552
EML basis K=7,7,14.0,1.2945843817483562,1.2935037265524478,0.015,1.3015521722874515
EML basis K=7,7,14.333333333333332,1.2892370382068818,1.2750657638609701,0.015,1.2998294523306764
EML basis K=7,7,14.666666666666666,1.282188016186188,1.2807139666684049,0.015,1.2947466129514824
EML basis K=7,7,15.0,1.2731131361884065,1.2745453816004484,0.015,1.2859131079216528
EML basis K=7,7,15.333333333333332,1.2616804765580754,1.2622142701139076,0.015,1.2731035677896951
EML basis K=7,7,15.666666666666666,1.2475704340717808,1.239976059197066,0.015,1.2562524239505908
EML basis K=7,7,16.0,1.230499948635101,1.2394061697118883,0.015,1.2354403867415322
EML basis K=7,7,16.333333333333332,1.2102491131401396,1.2236166174543746,0.015,1.2108751531895507
EML basis K=7,7,16.666666666666664,1.1866874209595009,1.1915001455279992,0.015,1.1828686029619981
EML basis K=7,7,17.0,1.1597962146390166,1.147522761228162,0.015,1.1518124831092016
EML basis K=7,7,17.333333333333332,1.1296837280462655,1.140658512303047,0.015,1.1181542398850879
EML basis K=7,7,17.666666666666664,1.0965897272133462,1.0890681269363405,0.015,1.0823742782726615
EML basis K=7,7,18.0,1.0608781577599196,1.0740655670342394,0.015,1.0449655555900068
EML basis K=7,7,18.333333333333332,1.023017967076654,1.0069411558234922,0.015,1.0064160724648017
EML basis K=7,7,18.666666666666664,0.9835544074027927,0.9972714154497244,0.015,0.9671945298921975
EML basis K=7,7,19.0,0.9430745120974806,0.9427735602782484,0.015,0.9277391834603206
EML basis K=7,7,19.333333333333332,0.9021712618448878,0.8834400284898716,0.015,0.8884497465615742
EML basis K=7,7,19.666666666666664,0.8614106995737918,0.856702207494289,0.015,0.8496820699244034
EML basis K=7,7,20.0,0.8213052769668949,0.8221168111484681,0.015,0.8117452483600377
EML basis K=7,7,20.333333333333332,0.7822952737608267,0.7863871438482936,0.015,0.7749007688750296
EML basis K=7,7,20.666666666666664,0.7447386703465231,0.7300058484724085,0.015,0.7393633084918629
EML basis K=7,7,21.0,0.7089086734014908,0.6922980776940129,0.015,0.7053028069086833
EML basis K=7,7,21.333333333333332,0.6749973396960893,0.6779911076887956,0.015,0.6728474711230598
EML basis K=7,7,21.666666666666664,0.6431234444693016,0.6361222002161045,0.015,0.6420874101622003
EML basis K=7,7,22.0,0.6133428148253325,0.6168753990012859,0.015,0.6130786432056502
EML basis K=7,7,22.333333333333332,0.5856596201579897,0.5970524129951653,0.015,0.5858472699848664
EML basis K=7,7,22.666666666666664,0.560037489598496,0.5353056791032318,0.015,0.5603936358154806
EML basis K=7,7,23.0,0.5364097288345331,0.5402255505822974,0.015,0.5366963632948618
EML basis K=7,7,23.333333333333332,0.5146882320517349,0.5330579365647709,0.015,0.5147161576411978
EML basis K=7,7,23.666666666666664,0.4947709007273773,0.4903079980618202,0.015,0.49439932247607016
EML basis K=7,7,24.0,0.47654761899324605,0.4643854002446825,0.015,0.4756809475742011
EML basis K=7,7,24.333333333333332,0.4599048874371906,0.4711885448448845,0.015,0.45848775000440994
EML basis K=7,7,24.666666666666664,0.4447292994357809,0.448530997178903,0.015,0.4427405656130348
EML basis K=7,7,25.0,0.430910033018312,0.4443482790799754,0.015,0.42835649948971033
EML basis K=7,7,25.333333333333332,0.41834057703262517,0.413162341381856,0.015,0.4152507524685706
EML basis K=7,7,25.666666666666664,0.4069198336119043,0.3846925595060712,0.015,0.40333814640799454
EML basis K=7,7,26.0,0.3965527455178114,0.3949025840471426,0.015,0.39253437447414685
EML basis K=7,7,26.333333333333332,0.38715059839092014,0.38046317609575164,0.015,0.3827570043913748
EML basis K=7,7,26.666666666666664,0.3786310340977743,0.3902608914284879,0.015,0.37392626302086013
EML basis K=7,7,27.0,0.370917933990888,0.3738224267165453,0.015,0.36596563003236793
EML basis K=7,7,27.333333333333332,0.363941148641294,0.3394784101547675,0.015,0.35880226712922314
EML basis K=7,7,27.666666666666664,0.3576361906386246,0.3397087444370766,0.015,0.35236730750713785
EML basis K=7,7,28.0,0.35194384727221706,0.3652006828210259,0.015,0.3465960281589713
EML basis K=7,7,28.333333333333332,0.34680982278327843,0.35700629804454614,0.015,0.34142792542441364
EML basis K=7,7,28.666666666666664,0.3421843462696138,0.3325806957809865,0.015,0.3368067119353634
EML basis K=7,7,29.0,0.33802182082315924,0.33800608887465,0.015,0.33268025090467085
EML basis K=7,7,29.333333333333332,0.3342804651856972,0.34096406849234,0.015,0.3290004416044406
EML basis K=7,7,29.666666666666664,0.33092199437904657,0.33794805941675576,0.015,0.3257230679176675
EML basis K=7,7,30.0,0.3279113298874511,0.34105496282916636,0.015,0.3228076200462189
EML basis K=7,7,30.333333333333332,0.3252163154045622,0.32906359981288563,0.015,0.3202170978300796
EML basis K=7,7,30.666666666666664,0.3228074794669231,0.3213850543823957,0.015,0.3179178026799631
EML basis K=7,7,31.0,0.3206578106968013,0.31677508972498364,0.015,0.315879123844074
EML basis K=7,7,31.333333333333332,0.31874255512534644,0.3345786971333452,0.015,0.3140733236120311
EML basis K=7,7,31.666666666666664,0.31703903310265436,0.2832762189764763,0.015,0.3124753250938831
EML basis K=7,7,32.0,0.3155264778079694,0.3134466479315993,0.015,0.3110625053871582
EML basis K=7,7,32.33333333333333,0.31418588806297143,0.31468088962273233,0.015,0.30981449624678953
EML basis K=7,7,32.666666666666664,0.31299989145598905,0.29161965704293624,0.015,0.30871299378795475
EML basis K=7,7,33.0,0.311952624603948,0.3169448288010187,0.015,0.3077415782672478
EML basis K=7,7,33.33333333333333,0.31102961884170055,0.30126040365504964,0.015,0.30688554459067735
EML basis K=7,7,33.666666666666664,0.31021769840222124,0.32315437034695743,0.015,0.30613174387599756
EML basis K=7,7,34.0,0.3095048841480541,0.3076210028875392,0.015,0.30546843614116376
EML basis K=7,7,34.33333333333333,0.3088803042276822,0.318917602839524,0.015,0.3048851539905565
EML basis K=7,7,34.666666666666664,0.3083341129674908,0.32661676704505915,0.015,0.30437257701734194
EML basis K=7,7,35.0,0.3078574141321624,0.3136013578728645,0.015,0.3039224165262692
EML basis K=7,7,35.33333333333333,0.30744218333101503,0.2943063661796724,0.015,0.30352731009961315
EML basis K=7,7,35.666666666666664,0.30708120142480877,0.2843664219492392,0.015,0.3031807254740338
EML basis K=7,7,36.0,0.30676799251056197,0.33306875427330757,0.015,0.30287687316272094
EML basis K=7,7,36.33333333333333,0.30649675822341216,0.3048273753255994,0.015,0.30261062724111565
EML basis K=7,7,36.666666666666664,0.30626231879262344,0.2959338445781086,0.015,0.3023774537120565
EML basis K=7,7,37.0,0.3060600626747674,0.30822391899567975,0.015,0.30217334587425415
EML basis K=7,7,37.33333333333333,0.3058858943095113,0.30301472435227156,0.015,0.3019947661341079
EML basis K=7,7,37.666666666666664,0.3057361843429822,0.31851831830617255,0.015,0.3018385937227977
EML basis K=7,7,38.0,0.3056077255385645,0.30611664827512103,0.015,0.3017020778066341
EML basis K=7,7,38.33333333333333,0.3054976914288756,0.3057039351831519,0.015,0.301582795507439
EML basis K=7,7,38.666666666666664,0.3054035999265705,0.29468490411107606,0.015,0.3014786143800511
EML basis K=7,7,39.0,0.3053232724135795,0.3123667938947919,0.015,0.3013876589250499
EML basis K=7,7,39.33333333333333,0.3052548035527307,0.289746802717406,0.015,0.30130828074577837
EML basis K=7,7,39.666666666666664,0.30519653345182585,0.31518487504828535,0.015,0.30123903198917124
EML basis K=7,7,40.0,0.3051470161513561,0.3280060788462081,0.015,0.301178641739317
EML basis K=7,7,40.33333333333333,0.30510499721572004,0.2822347066442328,0.015,0.301125995060863
EML basis K=7,7,40.666666666666664,0.3050693888104514,0.26807595034018167,0.015,0.3010801144161444
EML basis K=7,7,41.0,0.3050392526411918,0.3142924339685066,0.015,0.30104014320506045
EML basis K=7,7,41.33333333333333,0.30501377928638074,0.3432322465186276,0.015,0.30100533120020295
EML basis K=7,7,41.666666666666664,0.30499227231251935,0.28997839957944094,0.015,0.3009750216716342
EML basis K=7,7,42.0,0.3049741336859577,0.28621369730392787,0.015,0.30094864001588895
EML basis K=7,7,42.33333333333333,0.30495885219415864,0.3137933862008657,0.015,0.30092568372232803
EML basis K=7,7,42.666666666666664,0.3049459900361804,0.29233516618530575,0.015,0.3009057135270204
EML basis K=7,7,43.0,0.3049351762386874,0.2973447939796363,0.015,0.30088834561988154
EML basis K=7,7,43.33333333333333,0.3049260873509787,0.29970432535072206,0.015,0.3008732447849097
EML basis K=7,7,43.666666666666664,0.30491845706547593,0.3128984883598529,0.015,0.3008601183662262
EML basis K=7,7,44.0,0.30491205621384143,0.29883252079294464,0.015,0.3008487109642089
EML basis K=7,7,44.33333333333333,0.3049066878515658,0.30907493045276824,0.015,0.30083879977649447
EML basis K=7,7,44.666666666666664,0.3049021883564407,0.30225418947303706,0.015,0.30083019050807563
EML basis K=7,7,45.0,0.3048984190881052,0.2922283525333312,0.015,0.30082271378316733
EML basis K=7,7,45.33333333333333,0.30489526283668167,0.30009786897053337,0.015,0.30081622199913144
EML basis K=7,7,45.666666666666664,0.30489261867916095,0.29063662370164217,0.015,0.3008105865695547
EML basis K=7,7,46.0,0.30489040515176735,0.30498812993981356,0.015,0.3008056955096478
EML basis K=7,7,46.33333333333333,0.30488855264600034,0.2880305592325158,0.015,0.3008014513225529
EML basis K=7,7,46.666666666666664,0.3048870025648034,0.28849358702537475,0.015,0.3007977691499807
EML basis K=7,7,47.0,0.30488570528083603,0.32674013251041484,0.015,0.3007945751549035
EML basis K=7,7,47.33333333333333,0.30488461907481534,0.3040868557702352,0.015,0.3007918051078176
EML basis K=7,7,47.666666666666664,0.3048837099102726,0.30407517952819196,0.015,0.30078940315151786
EML basis K=7,7,48.0,0.30488294877442645,0.31255599507319076,0.015,0.3007873207222929
EML basis K=7,7,48.33333333333333,0.3048823102049094,0.2985694551666763,0.015,0.3007855156081184
EML basis K=7,7,48.666666666666664,0.3048817754240276,0.3014537449118552,0.015,0.3007839511267806
EML basis K=7,7,49.0,0.3048813269489772,0.3112585579789558,0.015,0.3007825954089187
EML basis K=7,7,49.33333333333333,0.30488095055973363,0.3091171881933997,0.015,0.3007814207728329
EML basis K=7,7,49.666666666666664,0.3048806350055795,0.287491184101593,0.015,0.300780403179498
EML basis K=7,7,50.0,0.30488037003539437,0.3173805089854393,0.015,0.30077952175766165
EML basis K=7,7,50.33333333333333,0.30488014753809733,0.2960236233887617,0.015,0.30077875839014284
EML basis K=7,7,50.666666666666664,0.30487995964618864,0.2890387753914758,0.015,0.30077809735356703
EML basis K=7,7,51.0,0.30487980137002024,0.29137267532003447,0.015,0.3007775250047146
EML basis K=7,7,51.33333333333333,0.3048796681668733,0.29902148800154343,0.015,0.3007770295075489
EML basis K=7,7,51.666666666666664,0.3048795559990405,0.3292890598183865,0.015,0.3007766005957148
EML basis K=7,7,52.0,0.3048794615592696,0.2872464229854579,0.015,0.3007762293659429
EML basis K=7,7,52.33333333333333,0.3048793820486504,0.3072805204366655,0.015,0.3007759080983994
EML basis K=7,7,52.666666666666664,0.30487931548268365,0.272811950111325,0.015,0.30077563010049974
EML basis K=7,7,53.0,0.30487925871618105,0.3048557547190031,0.015,0.3007753895711548
EML basis K=7,7,53.33333333333333,0.30487921081072233,0.3183727070728624,0.015,0.3007751814828121
EML basis K=7,7,53.666666666666664,0.3048791697855726,0.3013292199546508,0.015,0.3007750014789741
EML basis K=7,7,54.0,0.3048791349292481,0.295438811070998,0.015,0.300774845785192
EML basis K=7,7,54.33333333333333,0.30487910509782723,0.3083517710587053,0.015,0.3007747111317731
EML basis K=7,7,54.666666666666664,0.3048790797398704,0.31538135600713013,0.015,0.3007745946866774
EML basis K=7,7,55.0,0.3048790581679226,0.3148339217331837,0.015,0.30077449399727424
EML basis K=7,7,55.33333333333333,0.3048790398046477,0.33446614761359456,0.015,0.3007744069397921
EML basis K=7,7,55.666666666666664,0.3048790243178554,0.30801653640289955,0.015,0.3007743316754608
EML basis K=7,7,56.0,0.30487901109380555,0.29599285959751154,0.015,0.30077426661247
EML basis K=7,7,56.33333333333333,0.30487899984033584,0.3029893119905362,0.015,0.30077421037296853
EML basis K=7,7,56.666666666666664,0.30487899027132936,0.3037915120870322,0.015,0.30077416176444344
EML basis K=7,7,57.0,0.3048789820228366,0.3065100427750084,0.015,0.3007741197549113
EML basis K=7,7,57.33333333333333,0.30487897504169514,0.3044285578432536,0.015,0.3007740834514108
EML basis K=7,7,57.666666666666664,0.3048789689751772,0.30748845805862024,0.015,0.30077405208136176
EML basis K=7,7,58.0,0.30487896384297897,0.27981621293375225,0.015,0.30077402497640304
EML basis K=7,7,58.33333333333333,0.30487895940056875,0.3173233937411694,0.015,0.30077400155839495
EML basis K=7,7,58.666666666666664,0.3048789556277147,0.29625786659389924,0.015,0.30077398132729427
EML basis K=7,7,59.0,0.3048789524302733,0.2872815719835679,0.015,0.30077396385064487
EML basis K=7,7,59.33333333333333,0.30487894964315476,0.3144452170377763,0.015,0.3007739487544811
EML basis K=7,7,59.666666666666664,0.3048789472459721,0.3246388373567633,0.015,0.3007739357154452
EML basis K=7,7,60.0,0.30487894522895087,0.3122743674714425,0.015,0.300773924453964
EML basis K=7,7,60.33333333333333,0.3048789434610555,0.3072963331687383,0.015,0.3007739147283439
EML basis K=7,7,60.666666666666664,0.3048789419149187,0.29089563733433943,0.015,0.30077390632965434
EML basis K=7,7,61.0,0.30487894062032317,0.34795245068752567,0.015,0.3007738990773033
EML basis K=7,7,61.33333333333333,0.3048789394843814,0.318082818794304,0.015,0.30077389281520966
EML basis K=7,7,61.666666666666664,0.30487893847929204,0.2877895184241474,0.015,0.3007738874084834
EML basis K=7,7,62.0,0.3048789376385057,0.29318436889490956,0.015,0.3007738827405573
EML basis K=7,7,62.33333333333333,0.3048789369026106,0.30618362563118917,0.015,0.3007738787107076
EML basis K=7,7,62.666666666666664,0.30487893625260165,0.28155796927266186,0.015,0.30077387523190774
EML basis K=7,7,63.0,0.3048789357410413,0.307408391846199,0.015,0.3007738722289721
EML basis K=7,7,63.33333333333333,0.3048789353035901,0.2979928619678987,0.015,0.30077386963694347
EML basis K=7,7,63.666666666666664,0.3048789349214325,0.32327299392617576,0.015,0.300773867399711
EML basis K=7,7,64.0,0.30487893457575055,0.3193112545301742,0.015,0.3007738654688125
EML basis K=7,7,64.33333333333333,0.3048789342570273,0.26420965269550567,0.015,0.30077386380238663
EML basis K=7,7,64.66666666666666,0.30487893402391086,0.3055044728143205,0.015,0.30077386236427966
EML basis K=7,7,65.0,0.30487893382118214,0.28061692132832683,0.015,0.30077386112326937
EML basis K=7,7,65.33333333333333,0.30487893363826113,0.32152350362698895,0.015,0.30077386005239326
EML basis K=7,7,65.66666666666666,0.3048789334645683,0.30740052150148567,0.015,0.300773859128369
EML basis K=7,7,66.0,0.3048789332969004,0.3131050150797054,0.015,0.300773858331096
EML basis K=7,7,66.33333333333333,0.3048789331775763,0.28890206224552684,0.015,0.3007738576432186
EML basis K=7,7,66.66666666666666,0.3048789330710169,0.3323053866409494,0.015,0.3007738570497528
EML basis K=7,7,67.0,0.3048789329723953,0.335180033479652,0.015,0.30077385653776173
EML basis K=7,7,67.33333333333333,0.30487893287688594,0.2889073672374928,0.015,0.30077385609607854
EML basis K=7,7,67.66666666666666,0.3048789327838892,0.310471159611884,0.015,0.300773855715063
EML basis K=7,7,68.0,0.30487893271499855,0.29477939628914573,0.015,0.30077385538639656
EML basis K=7,7,68.33333333333333,0.3048789326528274,0.30452538359991643,0.015,0.3007738551028998
EML basis K=7,7,68.66666666666666,0.30487893259549126,0.2858943779071228,0.015,0.30077385485837355
EML basis K=7,7,69.0,0.3048789325411059,0.33288611525981515,0.015,0.3007738546474686
EML basis K=7,7,69.33333333333333,0.3048789324907073,0.2903412398244673,0.015,0.3007738544655685
EML basis K=7,7,69.66666666666666,0.3048789324547425,0.3004376752297801,0.015,0.3007738543086896
EML basis K=7,7,70.0,0.3048789324210921,0.31240117638774995,0.015,0.30077385417339403
EML basis K=7,7,70.33333333333333,0.30487893238975516,0.2951655222135132,0.015,0.3007738540567189
EML basis K=7,7,70.66666666666666,0.3048789323607326,0.3012892459147481,0.015,0.3007738539561045
EML basis K=7,7,71.0,0.30487893233402374,0.2964243346376193,0.015,0.30077385386934274
EML basis K=7,7,71.33333333333333,0.30487893230962926,0.30287702098708486,0.015,0.30077385379452953
EML basis K=7,7,71.66666666666666,0.3048789322875487,0.28732079276104416,0.015,0.3007738537300226
EML basis K=7,7,72.0,0.30487893226778207,0.2983091111337476,0.015,0.30077385367440274
EML basis K=7,7,72.33333333333333,0.3048789322503298,0.30177553837964616,0.015,0.30077385362644615
EML basis K=7,7,72.66666666666666,0.30487893223519125,0.2998730421781292,0.015,0.30077385358509817
EML basis K=7,7,73.0,0.30487893222236684,0.3057292815457738,0.015,0.3007738535494501
EML basis K=7,7,73.33333333333333,0.30487893220753937,0.30048239891718853,0.015,0.3007738535187186
EML basis K=7,7,73.66666666666666,0.304878932193712,0.3161771033203027,0.015,0.3007738534922244
EML basis K=7,7,74.0,0.3048789321813976,0.30003099329461014,0.015,0.30077385346938257
EML basis K=7,7,74.33333333333333,0.3048789321705969,0.3028291882261587,0.015,0.30077385344969154
EML basis K=7,7,74.66666666666666,0.3048789321613099,0.2949072121213721,0.015,0.3007738534327185
EML basis K=7,7,75.0,0.3048789321535361,0.29698120955180757,0.015,0.3007738534180891
EML basis K=7,7,75.33333333333333,0.304878932147276,0.28591154028498034,0.015,0.30077385340547974
EML basis K=7,7,75.66666666666666,0.3048789321425289,0.3126607059556984,0.015,0.30077385339461055
EML basis K=7,7,76.0,0.30487893213929573,0.2877411618745084,0.015,0.3007738533852416
EML basis K=7,7,76.33333333333333,0.3048789321375758,0.2936910861647509,0.015,0.30077385337716617
EML basis K=7,7,76.66666666666666,0.3048789321373693,0.31026760191753733,0.015,0.30077385337020585
EML basis K=7,7,77.0,0.3048789321360732,0.3109175326252412,0.015,0.30077385336420753
EML basis K=7,7,77.33333333333333,0.30487893213377815,0.29887721086870206,0.015,0.3007738533590384
EML basis K=7,7,77.66666666666666,0.3048789321321268,0.2745899449747948,0.015,0.30077385335458334
EML basis K=7,7,78.0,0.30487893213111894,0.3111866314405526,0.015,0.30077385335074325
EML basis K=7,7,78.33333333333333,0.30487893213075523,0.30877238401413615,0.015,0.3007738533474342
EML basis K=7,7,78.66666666666666,0.30487893213103545,0.2836932138989588,0.015,0.3007738533445819
EML basis K=7,7,79.0,0.30487893213195916,0.3164337633738766,0.015,0.30077385334212464
EML basis K=7,7,79.33333333333333,0.30487893213352657,0.2943624351270252,0.015,0.3007738533400075
EML basis K=7,7,79.66666666666666,0.30487893213573813,0.28798611039343863,0.015,0.3007738533381833
EML basis K=7,7,80.0,0.3048789321385934,0.30631489280305724,0.015,0.3007738533366129
EML basis K=8,8,0.0,0.0,0.00518376288097179,0.015,0.42039691919735905
EML basis K=8,8,0.3333333333333333,1.996418388270995e-19,0.012324272152517374,0.015,0.11941812694463329
EML basis K=8,8,0.6666666666666666,1.5067218068481794e-13,0.004956556142901479,0.015,-0.05749255229207726
EML basis K=8,8,1.0,2.6786839432295806e-10,-0.01954735820619702,0.015,0.07267381516763366
EML basis K=8,8,1.3333333333333333,4.034807666019337e-08,0.013580378348173426,0.015,0.04345135261560169
EML basis K=8,8,1.6666666666666665,1.5754466915970215e-06,0.0066971940321517666,0.015,-0.02104125478904762
EML basis K=8,8,2.0,2.624270232688511e-05,-0.008028055828077392,0.015,-0.06255226082892855
EML basis K=8,8,2.333333333333333,0.00024325100608159044,0.008960022569026886,0.015,-0.07112551651397193
EML basis K=8,8,2.6666666666666665,0.0014699379530210633,0.006938523895812199,0.015,-0.05013802819533782
EML basis K=8,8,3.0,0.006405569629248328,0.010817557079081217,0.015,-0.004714197633933846
EML basis K=8,8,3.333333333333333,0.02150472680995173,0.02193106042968868,0.015,0.06053627434697015
EML basis K=8,8,3.6666666666666665,0.05804926393134114,0.06624995873052784,0.015,0.14157136882861754
EML basis K=8,8,4.0,0.12946450002070908,0.11841768871568407,0.015,0.23472527542092084
EML basis K=8,8,4.333333333333333,0.24323420888642322,0.24079055966652743,0.015,0.33659608128379837
EML basis K=8,8,4.666666666666666,0.3925194659439113,0.38528767625371163,0.015,0.4439949966743885
EML basis K=8,8,5.0,0.557248647537212,0.5662313407267314,0.015,0.553921719765489
EML basis K=8,8,5.333333333333333,0.7152022565820915,0.7157980881943163,0.015,0.6635556636040721
EML basis K=8,8,5.666666666666666,0.8519461837622823,0.8475593324978059,0.015,0.7702658490651257
EML basis K=8,8,6.0,0.9626515191226164,0.9509228921872638,0.015,0.8716428727472791
EML basis K=8,8,6.333333333333333,1.0487571054702969,1.0448992218610138,0.015,0.9655514862249697
EML basis K=8,8,6.666666666666666,1.1142738062666002,1.1143959389743754,0.015,1.050196864425412
EML basis K=8,8,7.0,1.1635720916181556,1.159438048038665,0.015,1.124193903865197
EML basis K=8,8,7.333333333333333,1.2004676809356598,1.2198786381516329,0.015,1.1866275607573582
EML basis K=8,8,7.666666666666666,1.228004697335542,1.243105562065129,0.015,1.2370931646470804
EML basis K=8,8,8.0,1.248518454965099,1.2078510177806094,0.015,1.2757083037242662
EML basis K=8,8,8.333333333333332,1.2637737142739782,1.2354385155844632,0.015,1.3030916229843335
EML basis K=8,8,8.666666666666666,1.2750990379698994,1.272477456589072,0.015,1.3203080510057605
EML basis K=8,8,9.0,1.283494865615177,1.2771620094415317,0.015,1.3287839835703374
EML basis K=8,8,9.333333333333332,1.289714386585898,1.2929190315483772,0.015,1.330199317161581
EML basis K=8,8,9.666666666666666,1.2943227262987067,1.2975825552640452,0.015,1.3263655931442924
EML basis K=8,8,10.0,1.2977404247826734,1.329508006108439,0.015,1.3191006892856894
EML basis K=8,8,10.333333333333332,1.3002758292171728,1.2835955177767886,0.015,1.310110443399029
EML basis K=8,8,10.666666666666666,1.3021495009351247,1.2964854258282197,0.015,1.300886425948342
EML basis K=8,8,11.0,1.3035125398070044,1.3341541139193893,0.015,1.2926270262696171
EML basis K=8,8,11.333333333333332,1.304459984587487,1.3141605295305145,0.015,1.2861863927896762
EML basis K=8,8,11.666666666666666,1.3050400662808914,1.3149860168665353,0.015,1.2820529172056028
EML basis K=8,8,12.0,1.305259946328965,1.297549850753653,0.015,1.2803562094437901
EML basis K=8,8,12.333333333333332,1.3050885631065465,1.2803674355437118,0.015,1.2808991556670932
EML basis K=8,8,12.666666666666666,1.304457252835748,1.306969223999089,0.015,1.2832098869621766
EML basis K=8,8,13.0,1.303258891652085,1.3048941029694083,0.015,1.2866074192680699
EML basis K=8,8,13.333333333333332,1.3013463793479305,1.282936098534262,0.015,1.2902743701168393
EML basis K=8,8,13.666666666666666,1.298531383323379,1.2882829833966705,0.015,1.293330448760732
EML basis K=8,8,14.0,1.2945843817483562,1.2935037265524478,0.015,1.294901227401181
EML basis K=8,8,14.333333333333332,1.2892370382068818,1.2750657638609701,0.015,1.2941778717062913
EML basis K=8,8,14.666666666666666,1.282188016186188,1.2807139666684049,0.015,1.2904648675435246
EML basis K=8,8,15.0,1.2731131361884065,1.2745453816004484,0.015,1.2832141678244902
EML basis K=8,8,15.333333333333332,1.2616804765580754,1.2622142701139076,0.015,1.272045465288245
EML basis K=8,8,15.666666666666666,1.2475704340717808,1.239976059197066,0.015,1.2567533767515076
EML basis K=8,8,16.0,1.230499948635101,1.2394061697118883,0.015,1.237303143823024
EML basis K=8,8,16.333333333333332,1.2102491131401396,1.2236166174543746,0.015,1.213816993369337
EML basis K=8,8,16.666666666666664,1.1866874209595009,1.1915001455279992,0.015,1.1865535683720292
EML basis K=8,8,17.0,1.1597962146390166,1.147522761228162,0.015,1.1558828696429333
EML basis K=8,8,17.333333333333332,1.1296837280462655,1.140658512303047,0.015,1.1222589890625063
EML basis K=8,8,17.666666666666664,1.0965897272133462,1.0890681269363405,0.015,1.0861926198106315
EML basis K=8,8,18.0,1.0608781577599196,1.0740655670342394,0.015,1.0482249522219165
EML basis K=8,8,18.333333333333332,1.023017967076654,1.0069411558234922,0.015,1.0089041536475396
EML basis K=8,8,18.666666666666664,0.9835544074027927,0.9972714154497244,0.015,0.9687652265685813
EML basis K=8,8,19.0,0.9430745120974806,0.9427735602782484,0.015,0.9283136705416345
EML basis K=8,8,19.333333333333332,0.9021712618448878,0.8834400284898716,0.015,0.8880130594996688
EML basis K=8,8,19.666666666666664,0.8614106995737918,0.856702207494289,0.015,0.8482763963464394
EML basis K=8,8,20.0,0.8213052769668949,0.8221168111484681,0.015,0.8094609238605558
EML basis K=8,8,20.333333333333332,0.7822952737608267,0.7863871438482936,0.015,0.7718659510547232
EML basis K=8,8,20.666666666666664,0.7447386703465231,0.7300058484724085,0.015,0.7357331897933579
EML basis K=8,8,21.0,0.7089086734014908,0.6922980776940129,0.015,0.7012490779313325
EML basis K=8,8,21.333333333333332,0.6749973396960893,0.6779911076887956,0.015,0.6685485819827816
EML basis K=8,8,21.666666666666664,0.6431234444693016,0.6361222002161045,0.015,0.63772001412873
EML basis K=8,8,22.0,0.6133428148253325,0.6168753990012859,0.015,0.6088104560057191
EML basis K=8,8,22.333333333333332,0.5856596201579897,0.5970524129951653,0.015,0.5818314474039907
EML basis K=8,8,22.666666666666664,0.560037489598496,0.5353056791032318,0.015,0.5567646655783623
EML basis K=8,8,23.0,0.5364097288345331,0.5402255505822974,0.015,0.5335673857782566
EML basis K=8,8,23.333333333333332,0.5146882320517349,0.5330579365647709,0.015,0.5121775727441538
EML basis K=8,8,23.666666666666664,0.4947709007273773,0.4903079980618202,0.015,0.4925185044593306
EML basis K=8,8,24.0,0.47654761899324605,0.4643854002446825,0.015,0.4745028725620089
EML basis K=8,8,24.333333333333332,0.4599048874371906,0.4711885448448845,0.015,0.4580363384512431
EML basis K=8,8,24.666666666666664,0.4447292994357809,0.448530997178903,0.015,0.4430205507341215
EML basis K=8,8,25.0,0.430910033018312,0.4443482790799754,0.015,0.4293556490781176
EML basis K=8,8,25.333333333333332,0.41834057703262517,0.413162341381856,0.015,0.4169422927500739
EML basis K=8,8,25.666666666666664,0.4069198336119043,0.3846925595060712,0.015,0.4056832602045063
EML basis K=8,8,26.0,0.3965527455178114,0.3949025840471426,0.015,0.3954846700668123
EML basis K=8,8,26.333333333333332,0.38715059839092014,0.38046317609575164,0.015,0.3862568746988648
EML basis K=8,8,26.666666666666664,0.3786310340977743,0.3902608914284879,0.015,0.3779150760784393
EML basis K=8,8,27.0,0.370917933990888,0.3738224267165453,0.015,0.3703797106839422
EML basis K=8,8,27.333333333333332,0.363941148641294,0.3394784101547675,0.015,0.36357664603564255
EML basis K=8,8,27.666666666666664,0.3576361906386246,0.3397087444370766,0.015,0.3574372269642998
EML basis K=8,8,28.0,0.35194384727221706,0.3652006828210259,0.015,0.35189820490744916
EML basis K=8,8,28.333333333333332,0.34680982278327843,0.35700629804454614,0.015,0.3469015788273576
EML basis K=8,8,28.666666666666664,0.3421843462696138,0.3325806957809865,0.015,0.34239437187838895
EML basis K=8,8,29.0,0.33802182082315924,0.33800608887465,0.015,0.3383283638371339
EML basis K=8,8,29.333333333333332,0.3342804651856972,0.34096406849234,0.015,0.33465979560906217
EML basis K=8,8,29.666666666666664,0.33092199437904657,0.33794805941675576,0.015,0.33134905886623606
EML basis K=8,8,30.0,0.3279113298874511,0.34105496282916636,0.015,0.32836038105061227
EML basis K=8,8,30.333333333333332,0.3252163154045622,0.32906359981288563,0.015,0.32566151357744655
EML basis K=8,8,30.666666666666664,0.3228074794669231,0.3213850543823957,0.015,0.32322342906216067
EML basis K=8,8,31.0,0.3206578106968013,0.31677508972498364,0.015,0.3210200317341691
EML basis K=8,8,31.333333333333332,0.31874255512534644,0.3345786971333452,0.015,0.31902788385214187
EML basis K=8,8,31.666666666666664,0.31703903310265436,0.2832762189764763,0.015,0.31722594985635433
EML basis K=8,8,32.0,0.3155264778079694,0.3134466479315993,0.015,0.3155953591461484
EML basis K=8,8,32.33333333333333,0.31418588806297143,0.31468088962273233,0.015,0.31411918771799696
EML basis K=8,8,32.666666666666664,0.31299989145598905,0.29161965704293624,0.015,0.3127822584093119
EML basis K=8,8,33.0,0.311952624603948,0.3169448288010187,0.015,0.31157095913600036
EML basis K=8,8,33.33333333333333,0.31102961884170055,0.30126040365504964,0.015,0.31047307826253184
EML basis K=8,8,33.666666666666664,0.31021769840222124,0.32315437034695743,0.015,0.3094776560800256
EML basis K=8,8,34.0,0.3095048841480541,0.3076210028875392,0.015,0.3085748512723654
EML basis K=8,8,34.33333333333333,0.3088803042276822,0.318917602839524,0.015,0.30775582120702777
EML basis K=8,8,34.666666666666664,0.3083341129674908,0.32661676704505915,0.015,0.30701261488342013
EML basis K=8,8,35.0,0.3078574141321624,0.3136013578728645,0.015,0.30633807739677954
EML basis K=8,8,35.33333333333333,0.30744218333101503,0.2943063661796724,0.015,0.30572576482154196
EML basis K=8,8,35.666666666666664,0.30708120142480877,0.2843664219492392,0.015,0.3051698684779002
EML basis K=8,8,36.0,0.30676799251056197,0.33306875427330757,0.015,0.3046651476138106
EML basis K=8,8,36.33333333333333,0.30649675822341216,0.3048273753255994,0.015,0.30420686960786686
EML basis K=8,8,36.666666666666664,0.30626231879262344,0.2959338445781086,0.015,0.30379075687313317
EML basis K=8,8,37.0,0.3060600626747674,0.30822391899567975,0.015,0.30341293971600813
EML basis K=8,8,37.33333333333333,0.3058858943095113,0.30301472435227156,0.015,0.3030699144757536
EML basis K=8,8,37.666666666666664,0.3057361843429822,0.31851831830617255,0.015,0.30275850633832474
EML basis K=8,8,38.0,0.3056077255385645,0.30611664827512103,0.015,0.30247583628195557
EML basis K=8,8,38.33333333333333,0.3054976914288756,0.3057039351831519,0.015,0.30221929167104195
EML basis K=8,8,38.666666666666664,0.3054035999265705,0.29468490411107606,0.015,0.30198650006909256
EML basis K=8,8,39.0,0.3053232724135795,0.3123667938947919,0.015,0.3017753058908702
EML basis K=8,8,39.33333333333333,0.3052548035527307,0.289746802717406,0.015,0.3015837495584518
EML basis K=8,8,39.666666666666664,0.30519653345182585,0.31518487504828535,0.015,0.30141004886599293
EML basis K=8,8,40.0,0.3051470161513561,0.3280060788462081,0.015,0.3012525822937611
EML basis K=8,8,40.33333333333333,0.30510499721572004,0.2822347066442328,0.015,0.3011098740437813
EML basis K=8,8,40.666666666666664,0.3050693888104514,0.26807595034018167,0.015,0.30098058059758315
EML basis K=8,8,41.0,0.3050392526411918,0.3142924339685066,0.015,0.3008634786213816
EML basis K=8,8,41.33333333333333,0.30501377928638074,0.3432322465186276,0.015,0.3007574540658092
EML basis K=8,8,41.666666666666664,0.30499227231251935,0.28997839957944094,0.015,0.3006614923264168
EML basis K=8,8,42.0,0.3049741336859577,0.28621369730392787,0.015,0.30057466934786786
EML basis K=8,8,42.33333333333333,0.30495885219415864,0.3137933862008657,0.015,0.3004961435693337
EML basis K=8,8,42.666666666666664,0.3049459900361804,0.29233516618530575,0.015,0.30042514862125586
EML basis K=8,8,43.0,0.3049351762386874,0.2973447939796363,0.015,0.30036098669464273
EML basis K=8,8,43.33333333333333,0.3049260873509787,0.29970432535072206,0.015,0.30030302251366275
EML basis K=8,8,43.666666666666664,0.30491845706547593,0.3128984883598529,0.015,0.3002506778506075
EML basis K=8,8,44.0,0.30491205621384143,0.29883252079294464,0.015,0.30020342652945625
EML basis K=8,8,44.33333333333333,0.3049066878515658,0.30907493045276824,0.015,0.30016078987053224
EML basis K=8,8,44.666666666666664,0.3049021883564407,0.30225418947303706,0.015,0.3001223325341549
EML basis K=8,8,45.0,0.3048984190881052,0.2922283525333312,0.015,0.30008765872591325
EML basis K=8,8,45.33333333333333,0.30489526283668167,0.30009786897053337,0.015,0.30005640873024264
EML basis K=8,8,45.666666666666664,0.30489261867916095,0.29063662370164217,0.015,0.30002825574253944
EML basis K=8,8,46.0,0.30489040515176735,0.30498812993981356,0.015,0.30000290297317866
EML basis K=8,8,46.33333333333333,0.30488855264600034,0.2880305592325158,0.015,0.2999800809995058
EML basis K=8,8,46.666666666666664,0.3048870025648034,0.28849358702537475,0.015,0.2999595453442162
EML basis K=8,8,47.0,0.30488570528083603,0.32674013251041484,0.015,0.29994107426065547
EML basis K=8,8,47.33333333333333,0.30488461907481534,0.3040868557702352,0.015,0.2999244667074248
EML basis K=8,8,47.666666666666664,0.3048837099102726,0.30407517952819196,0.015,0.29990954049625973
EML basis K=8,8,48.0,0.30488294877442645,0.31255599507319076,0.015,0.29989613059864245
EML basis K=8,8,48.33333333333333,0.3048823102049094,0.2985694551666763,0.015,0.299884087597885
EML basis K=8,8,48.666666666666664,0.3048817754240276,0.3014537449118552,0.015,0.2998732762745476
EML basis K=8,8,49.0,0.3048813269489772,0.3112585579789558,0.015,0.29986357431412536
EML basis K=8,8,49.33333333333333,0.30488095055973363,0.3091171881933997,0.015,0.2998548711268529
EML basis K=8,8,49.666666666666664,0.3048806350055795,0.287491184101593,0.015,0.2998470667703169
EML basis K=8,8,50.0,0.30488037003539437,0.3173805089854393,0.015,0.2998400709663516
EML basis K=8,8,50.33333333333333,0.30488014753809733,0.2960236233887617,0.015,0.2998338022043585
EML basis K=8,8,50.666666666666664,0.30487995964618864,0.2890387753914758,0.015,0.29982818692383617
EML basis K=8,8,51.0,0.30487980137002024,0.29137267532003447,0.015,0.2998231587694995
EML basis K=8,8,51.33333333333333,0.3048796681668733,0.29902148800154343,0.015,0.2998186579128841
EML basis K=8,8,51.666666666666664,0.3048795559990405,0.3292890598183865,0.015,0.2998146304348272
EML basis K=8,8,52.0,0.3048794615592696,0.2872464229854579,0.015,0.29981102776366997
EML basis K=8,8,52.33333333333333,0.3048793820486504,0.3072805204366655,0.015,0.29980780616441105
EML basis K=8,8,52.666666666666664,0.30487931548268365,0.272811950111325,0.015,0.29980492627445543
EML basis K=8,8,53.0,0.30487925871618105,0.3048557547190031,0.015,0.29980235268195177
EML basis K=8,8,53.33333333333333,0.30487921081072233,0.3183727070728624,0.015,0.2998000535430118
EML basis K=8,8,53.666666666666664,0.3048791697855726,0.3013292199546508,0.015,0.299798000234428
EML basis K=8,8,54.0,0.3048791349292481,0.295438811070998,0.015,0.29979616703876727
EML basis K=8,8,54.33333333333333,0.30487910509782723,0.3083517710587053,0.015,0.2997945308589839
EML basis K=8,8,54.666666666666664,0.3048790797398704,0.31538135600713013,0.015,0.2997930709599291
EML basis K=8,8,55.0,0.3048790581679226,0.3148339217331837,0.015,0.2997917687343441
EML basis K=8,8,55.33333333333333,0.3048790398046477,0.33446614761359456,0.015,0.2997906074911443
EML basis K=8,8,55.666666666666664,0.3048790243178554,0.30801653640289955,0.015,0.29978957226398273
EML basis K=8,8,56.0,0.30487901109380555,0.29599285959751154,0.015,0.2997886496382049
EML basis K=8,8,56.33333333333333,0.30487899984033584,0.3029893119905362,0.015,0.2997878275945562
EML basis K=8,8,56.666666666666664,0.30487899027132936,0.3037915120870322,0.015,0.29978709536807713
EML basis K=8,8,57.0,0.3048789820228366,0.3065100427750084,0.015,0.2997864433207523
EML basis K=8,8,57.33333333333333,0.30487897504169514,0.3044285578432536,0.015,0.2997858628266791
EML basis K=8,8,57.666666666666664,0.3048789689751772,0.30748845805862024,0.015,0.29978534616854685
EML basis K=8,8,58.0,0.30487896384297897,0.27981621293375225,0.015,0.29978488644435214
EML basis K=8,8,58.33333333333333,0.30487895940056875,0.3173233937411694,0.015,0.29978447748340276
EML basis K=8,8,58.666666666666664,0.3048789556277147,0.29625786659389924,0.015,0.2997841137707116
EML basis K=8,8,59.0,0.3048789524302733,0.2872815719835679,0.015,0.2997837903789581
EML basis K=8,8,59.33333333333333,0.30487894964315476,0.3144452170377763,0.015,0.2997835029073243
EML basis K=8,8,59.666666666666664,0.3048789472459721,0.3246388373567633,0.015,0.29978324742651163
EML basis K=8,8,60.0,0.30487894522895087,0.3122743674714425,0.015,0.2997830204293261
EML basis K=8,8,60.33333333333333,0.3048789434610555,0.3072963331687383,0.015,0.29978281878631774
EML basis K=8,8,60.666666666666664,0.3048789419149187,0.29089563733433943,0.015,0.29978263970595204
EML basis K=8,8,61.0,0.30487894062032317,0.34795245068752567,0.015,0.2997824806988728
EML basis K=8,8,61.33333333333333,0.3048789394843814,0.318082818794304,0.015,0.29978233954584893
EML basis K=8,8,61.666666666666664,0.30487893847929204,0.2877895184241474,0.015,0.2997822142690483
EML basis K=8,8,62.0,0.3048789376385057,0.29318436889490956,0.015,0.2997821031062791
EML basis K=8,8,62.33333333333333,0.3048789369026106,0.30618362563118917,0.015,0.29978200448791975
EML basis K=8,8,62.666666666666664,0.30487893625260165,0.28155796927266186,0.015,0.29978191701626733
EML basis K=8,8,63.0,0.3048789357410413,0.307408391846199,0.015,0.2997818394470411
EML basis K=8,8,63.33333333333333,0.3048789353035901,0.2979928619678987,0.015,0.29978177067284
EML basis K=8,8,63.666666666666664,0.3048789349214325,0.32327299392617576,0.015,0.29978170970834184
EML basis K=8,8,64.0,0.30487893457575055,0.3193112545301742,0.015,0.2997816556770805
EML basis K=8,8,64.33333333333333,0.3048789342570273,0.26420965269550567,0.015,0.299781607799609
EML basis K=8,8,64.66666666666666,0.30487893402391086,0.3055044728143205,0.015,0.29978156538293604
EML basis K=8,8,65.0,0.30487893382118214,0.28061692132832683,0.015,0.2997815278110897
EML basis K=8,8,65.33333333333333,0.30487893363826113,0.32152350362698895,0.015,0.29978149453668046
EML basis K=8,8,65.66666666666666,0.3048789334645683,0.30740052150148567,0.015,0.2997814650733932
EML basis K=8,8,66.0,0.3048789332969004,0.3131050150797054,0.015,0.29978143898926773
EML basis K=8,8,66.33333333333333,0.3048789331775763,0.28890206224552684,0.015,0.29978141590070784
EML basis K=8,8,66.66666666666666,0.3048789330710169,0.3323053866409494,0.015,0.2997813954671527
EML basis K=8,8,67.0,0.3048789329723953,0.335180033479652,0.015,0.2997813773863058
EML basis K=8,8,67.33333333333333,0.30487893287688594,0.2889073672374928,0.015,0.29978136138989475
EML basis K=8,8,67.66666666666666,0.3048789327838892,0.310471159611884,0.015,0.2997813472399017
EML basis K=8,8,68.0,0.30487893271499855,0.29477939628914573,0.015,0.29978133472518464
EML basis K=8,8,68.33333333333333,0.3048789326528274,0.30452538359991643,0.015,0.2997813236584918
EML basis K=8,8,68.66666666666666,0.30487893259549126,0.2858943779071228,0.015,0.299781313873785
EML basis K=8,8,69.0,0.3048789325411059,0.33288611525981515,0.015,0.29978130522386615
EML basis K=8,8,69.33333333333333,0.3048789324907073,0.2903412398244673,0.015,0.299781297578271
EML basis K=8,8,69.66666666666666,0.3048789324547425,0.3004376752297801,0.015,0.2997812908213811
EML basis K=8,8,70.0,0.3048789324210921,0.31240117638774995,0.015,0.2997812848507603
EML basis K=8,8,70.33333333333333,0.30487893238975516,0.2951655222135132,0.015,0.2997812795756672
EML basis K=8,8,70.66666666666666,0.3048789323607326,0.3012892459147481,0.015,0.299781274915733
EML basis K=8,8,71.0,0.30487893233402374,0.2964243346376193,0.015,0.29978127079979044
EML basis K=8,8,71.33333333333333,0.30487893230962926,0.30287702098708486,0.015,0.29978126716482995
EML basis K=8,8,71.66666666666666,0.3048789322875487,0.28732079276104416,0.015,0.29978126395507354
EML basis K=8,8,72.0,0.30487893226778207,0.2983091111337476,0.015,0.2997812611211599
EML basis K=8,8,72.33333333333333,0.3048789322503298,0.30177553837964616,0.015,0.2997812586194073
EML basis K=8,8,72.66666666666666,0.30487893223519125,0.2998730421781292,0.015,0.29978125641116476
EML basis K=8,8,73.0,0.30487893222236684,0.3057292815457738,0.015,0.29978125446224335
EML basis K=8,8,73.33333333333333,0.30487893220753937,0.30048239891718853,0.015,0.29978125274240414
EML basis K=8,8,73.66666666666666,0.304878932193712,0.3161771033203027,0.015,0.2997812512249066
EML basis K=8,8,74.0,0.3048789321813976,0.30003099329461014,0.015,0.2997812498861064
EML basis K=8,8,74.33333333333333,0.3048789321705969,0.3028291882261587,0.015,0.2997812487051025
EML basis K=8,8,74.66666666666666,0.3048789321613099,0.2949072121213721,0.015,0.29978124766342157
EML basis K=8,8,75.0,0.3048789321535361,0.29698120955180757,0.015,0.2997812467447324
EML basis K=8,8,75.33333333333333,0.304878932147276,0.28591154028498034,0.015,0.2997812459346037
EML basis K=8,8,75.66666666666666,0.3048789321425289,0.3126607059556984,0.015,0.2997812452202892
EML basis K=8,8,76.0,0.30487893213929573,0.2877411618745084,0.015,0.2997812445905276
EML basis K=8,8,76.33333333333333,0.3048789321375758,0.2936910861647509,0.015,0.2997812440353693
EML basis K=8,8,76.66666666666666,0.3048789321373693,0.31026760191753733,0.015,0.29978124354602825
EML basis K=8,8,77.0,0.3048789321360732,0.3109175326252412,0.015,0.29978124311475035
EML basis K=8,8,77.33333333333333,0.30487893213377815,0.29887721086870206,0.015,0.29978124273468554
EML basis K=8,8,77.66666666666666,0.3048789321321268,0.2745899449747948,0.015,0.29978124239978576
EML basis K=8,8,78.0,0.30487893213111894,0.3111866314405526,0.015,0.2997812421047147
EML basis K=8,8,78.33333333333333,0.30487893213075523,0.30877238401413615,0.015,0.2997812418447613
EML basis K=8,8,78.66666666666666,0.30487893213103545,0.2836932138989588,0.015,0.29978124161577063
EML basis K=8,8,79.0,0.30487893213195916,0.3164337633738766,0.015,0.2997812414140723
EML basis K=8,8,79.33333333333333,0.30487893213352657,0.2943624351270252,0.015,0.299781241236429
EML basis K=8,8,79.66666666666666,0.30487893213573813,0.28798611039343863,0.015,0.2997812410799896
EML basis K=8,8,80.0,0.3048789321385934,0.30631489280305724,0.015,0.29978124094223507
EML basis K=9,9,0.0,0.0,0.00518376288097179,0.015,0.42068015757222443
EML basis K=9,9,0.3333333333333333,1.996418388270995e-19,0.012324272152517374,0.015,0.1146095695788022
EML basis K=9,9,0.6666666666666666,1.5067218068481794e-13,0.004956556142901479,0.015,-0.06175539621857329
EML basis K=9,9,1.0,2.6786839432295806e-10,-0.01954735820619702,0.015,0.07461871533844376
EML basis K=9,9,1.3333333333333333,4.034807666019337e-08,0.013580378348173426,0.015,0.045928188282313584
EML basis K=9,9,1.6666666666666665,1.5754466915970215e-06,0.0066971940321517666,0.015,-0.01876868480603716
EML basis K=9,9,2.0,2.624270232688511e-05,-0.008028055828077392,0.015,-0.06099429648272424
EML basis K=9,9,2.333333333333333,0.00024325100608159044,0.008960022569026886,0.015,-0.07089297040133481
EML basis K=9,9,2.6666666666666665,0.0014699379530210633,0.006938523895812199,0.015,-0.051372580076342635
EML basis K=9,9,3.0,0.006405569629248328,0.010817557079081217,0.015,-0.007033529812246484
EML basis K=9,9,3.333333333333333,0.02150472680995173,0.02193106042968868,0.015,0.05777438893173926
EML basis K=9,9,3.6666666666666665,0.05804926393134114,0.06624995873052784,0.015,0.13900281303847384
EML basis K=9,9,4.0,0.12946450002070908,0.11841768871568407,0.015,0.2328287442235034
EML basis K=9,9,4.333333333333333,0.24323420888642322,0.24079055966652743,0.015,0.3356483392757262
EML basis K=9,9,4.666666666666666,0.3925194659439113,0.38528767625371163,0.015,0.4440874872945502
EML basis K=9,9,5.0,0.557248647537212,0.5662313407267314,0.015,0.5550007650502548
EML basis K=9,9,5.333333333333333,0.7152022565820915,0.7157980881943163,0.015,0.6654648428071135
EML basis K=9,9,5.666666666666666,0.8519461837622823,0.8475593324978059,0.015,0.7727820724886835
EML basis K=9,9,6.0,0.9626515191226164,0.9509228921872638,0.015,0.8745049430733971
EML basis K=9,9,6.333333333333333,1.0487571054702969,1.0448992218610138,0.015,0.9684829079517762
EML basis K=9,9,6.666666666666666,1.1142738062666002,1.1143959389743754,0.015,1.0529251401788997
EML basis K=9,9,7.0,1.1635720916181556,1.159438048038665,0.015,1.1264678983917702
EML basis K=9,9,7.333333333333333,1.2004676809356598,1.2198786381516329,0.015,1.188233531651067
EML basis K=9,9,7.666666666666666,1.228004697335542,1.243105562065129,0.015,1.237869175177005
EML basis K=9,9,8.0,1.248518454965099,1.2078510177806094,0.015,1.2755561328895466
EML basis K=9,9,8.333333333333332,1.2637737142739782,1.2354385155844632,0.015,1.3019850245384765
EML basis K=9,9,8.666666666666666,1.2750990379698994,1.272477456589072,0.015,1.3182962682128794
EML basis K=9,9,9.0,1.283494865615177,1.2771620094415317,0.015,1.325989741875834
EML basis K=9,9,9.333333333333332,1.289714386585898,1.2929190315483772,0.015,1.3268110131253574
EML basis K=9,9,9.666666666666666,1.2943227262987067,1.2975825552640452,0.015,1.3226239853449933
EML basis K=9,9,10.0,1.2977404247826734,1.329508006108439,0.015,1.3152809855902843
EML basis K=9,9,10.333333333333332,1.3002758292171728,1.2835955177767886,0.015,1.306501187544021
EML basis K=9,9,10.666666666666666,1.3021495009351247,1.2964854258282197,0.015,1.2977669494787951
EML basis K=9,9,11.0,1.3035125398070044,1.3341541139193893,0.015,1.2902454063385274
EML basis K=9,9,11.333333333333332,1.304459984587487,1.3141605295305145,0.015,1.28473982449631
EML basis K=9,9,11.666666666666666,1.3050400662808914,1.3149860168665353,0.015,1.2816721793355803
EML basis K=9,9,12.0,1.305259946328965,1.297549850753653,0.015,1.2810955061464087
EML basis K=9,9,12.333333333333332,1.3050885631065465,1.2803674355437118,0.015,1.282732103048971
EML basis K=9,9,12.666666666666666,1.304457252835748,1.306969223999089,0.015,1.2860318426693165
EML basis K=9,9,13.0,1.303258891652085,1.3048941029694083,0.015,1.290243787392541
EML basis K=9,9,13.333333333333332,1.3013463793479305,1.282936098534262,0.015,1.294494010774105
EML basis K=9,9,13.666666666666666,1.298531383323379,1.2882829833966705,0.015,1.2978629277964868
EML basis K=9,9,14.0,1.2945843817483562,1.2935037265524478,0.015,1.299456387774709
EML basis K=9,9,14.333333333333332,1.2892370382068818,1.2750657638609701,0.015,1.298466107604624
EML basis K=9,9,14.666666666666666,1.282188016186188,1.2807139666684049,0.015,1.2942165315733682
EML basis K=9,9,15.0,1.2731131361884065,1.2745453816004484,0.015,1.2861967223025816
EML basis K=9,9,15.333333333333332,1.2616804765580754,1.2622142701139076,0.015,1.2740772712449895
EML basis K=9,9,15.666666666666666,1.2475704340717808,1.239976059197066,0.015,1.2577133627334431
EML basis K=9,9,16.0,1.230499948635101,1.2394061697118883,0.015,1.237135972882224
EML basis K=9,9,16.333333333333332,1.2102491131401396,1.2236166174543746,0.015,1.2125337148551578
EML basis K=9,9,16.666666666666664,1.1866874209595009,1.1915001455279992,0.015,1.1842280708086765
EML basis K=9,9,17.0,1.1597962146390166,1.147522761228162,0.015,1.1526447192248506
EML basis K=9,9,17.333333333333332,1.1296837280462655,1.140658512303047,0.015,1.1182834309468397
EML basis K=9,9,17.666666666666664,1.0965897272133462,1.0890681269363405,0.015,1.081688630923168
EML basis K=9,9,18.0,1.0608781577599196,1.0740655670342394,0.015,1.0434222670098847
EML basis K=9,9,18.333333333333332,1.023017967076654,1.0069411558234922,0.015,1.004040146708107
EML basis K=9,9,18.666666666666664,0.9835544074027927,0.9972714154497244,0.015,0.9640724414290434
EML basis K=9,9,19.0,0.9430745120974806,0.9427735602782484,0.015,0.9240086476899126
EML basis K=9,9,19.333333333333332,0.9021712618448878,0.8834400284898716,0.015,0.8842869554324959
EML basis K=9,9,19.666666666666664,0.8614106995737918,0.856702207494289,0.015,0.8452877145071672
EML basis K=9,9,20.0,0.8213052769668949,0.8221168111484681,0.015,0.8073305115261862
EML basis K=9,9,20.333333333333332,0.7822952737608267,0.7863871438482936,0.015,0.7706742644485485
EML basis K=9,9,20.666666666666664,0.7447386703465231,0.7300058484724085,0.015,0.7355197008192597
EML basis K=9,9,21.0,0.7089086734014908,0.6922980776940129,0.015,0.7020135947182987
EML basis K=9,9,21.333333333333332,0.6749973396960893,0.6779911076887956,0.015,0.6702541837966937
EML basis K=9,9,21.666666666666664,0.6431234444693016,0.6361222002161045,0.015,0.6402972586140128
EML basis K=9,9,22.0,0.6133428148253325,0.6168753990012859,0.015,0.612162500714785
EML basis K=9,9,22.333333333333332,0.5856596201579897,0.5970524129951653,0.015,0.585839734373614
EML basis K=9,9,22.666666666666664,0.560037489598496,0.5353056791032318,0.015,0.5612948427509389
EML basis K=9,9,23.0,0.5364097288345331,0.5402255505822974,0.015,0.5384751774811718
EML basis K=9,9,23.333333333333332,0.5146882320517349,0.5330579365647709,0.015,0.5173143584820873
EML basis K=9,9,23.666666666666664,0.4947709007273773,0.4903079980618202,0.015,0.497736416607867
EML basis K=9,9,24.0,0.47654761899324605,0.4643854002446825,0.015,0.47965927546214476
EML basis K=9,9,24.333333333333332,0.4599048874371906,0.4711885448448845,0.015,0.4629976009115855
EML basis K=9,9,24.666666666666664,0.4447292994357809,0.448530997178903,0.015,0.4476650688354961
EML basis K=9,9,25.0,0.430910033018312,0.4443482790799754,0.015,0.43357611496717574
EML basis K=9,9,25.333333333333332,0.41834057703262517,0.413162341381856,0.015,0.4206472369935662
EML basis K=9,9,25.666666666666664,0.4069198336119043,0.3846925595060712,0.015,0.4087979200088958
EML basis K=9,9,26.0,0.3965527455178114,0.3949025840471426,0.015,0.3979512534547002
EML basis K=9,9,26.333333333333332,0.38715059839092014,0.38046317609575164,0.015,0.38803430211496387
EML basis K=9,9,26.666666666666664,0.3786310340977743,0.3902608914284879,0.015,0.37897828663921684
EML basis K=9,9,27.0,0.370917933990888,0.3738224267165453,0.015,0.3707186212800808
EML basis K=9,9,27.333333333333332,0.363941148641294,0.3394784101547675,0.015,0.363194848685282
EML basis K=9,9,27.666666666666664,0.3576361906386246,0.3397087444370766,0.015,0.35635050412049013
EML basis K=9,9,28.0,0.35194384727221706,0.3652006828210259,0.015,0.3501329347041313
EML basis K=9,9,28.333333333333332,0.34680982278327843,0.35700629804454614,0.015,0.3444930932678312
EML basis K=9,9,28.666666666666664,0.3421843462696138,0.3325806957809865,0.015,0.3393853213789093
EML basis K=9,9,29.0,0.33802182082315924,0.33800608887465,0.015,0.33476713186646806
EML basis K=9,9,29.333333333333332,0.3342804651856972,0.34096406849234,0.015,0.33059899782507884
EML basis K=9,9,29.666666666666664,0.33092199437904657,0.33794805941675576,0.015,0.3268441524454859
EML basis K=9,9,30.0,0.3279113298874511,0.34105496282916636,0.015,0.3234684020409803
EML basis K=9,9,30.333333333333332,0.3252163154045622,0.32906359981288563,0.015,0.3204399531980399
EML basis K=9,9,30.666666666666664,0.3228074794669231,0.3213850543823957,0.015,0.3177292539805344
EML basis K=9,9,31.0,0.3206578106968013,0.31677508972498364,0.015,0.31530884846633517
EML basis K=9,9,31.333333333333332,0.31874255512534644,0.3345786971333452,0.015,0.3131532435124855
EML basis K=9,9,31.666666666666664,0.31703903310265436,0.2832762189764763,0.015,0.3112387864608999
EML basis K=9,9,32.0,0.3155264778079694,0.3134466479315993,0.015,0.30954355245356213
EML basis K=9,9,32.33333333333333,0.31418588806297143,0.31468088962273233,0.015,0.3080472400784727
EML basis K=9,9,32.666666666666664,0.31299989145598905,0.29161965704293624,0.015,0.30673107417909884
EML basis K=9,9,33.0,0.311952624603948,0.3169448288010187,0.015,0.3055777148038095
EML basis K=9,9,33.33333333333333,0.31102961884170055,0.30126040365504964,0.015,0.3045711714279593
EML basis K=9,9,33.666666666666664,0.31021769840222124,0.32315437034695743,0.015,0.3036967217360958
EML basis K=9,9,34.0,0.3095048841480541,0.3076210028875392,0.015,0.30294083439628217
EML basis K=9,9,34.33333333333333,0.3088803042276822,0.318917602839524,0.015,0.3022910953873685
EML basis K=9,9,34.666666666666664,0.3083341129674908,0.32661676704505915,0.015,0.30173613755047174
EML basis K=9,9,35.0,0.3078574141321624,0.3136013578728645,0.015,0.3012655731274228
EML basis K=9,9,35.33333333333333,0.30744218333101503,0.2943063661796724,0.015,0.3008699291219439
EML basis K=9,9,35.666666666666664,0.30708120142480877,0.2843664219492392,0.015,0.3005405853754206
EML basis K=9,9,36.0,0.30676799251056197,0.33306875427330757,0.015,0.30026971529021707
EML basis K=9,9,36.33333333333333,0.30649675822341216,0.3048273753255994,0.015,0.3000502291617898
EML basis K=9,9,36.666666666666664,0.30626231879262344,0.2959338445781086,0.015,0.29987572009843905
EML basis K=9,9,37.0,0.3060600626747674,0.30822391899567975,0.015,0.299740412516679
EML basis K=9,9,37.33333333333333,0.3058858943095113,0.30301472435227156,0.015,0.29963911320264686
EML basis K=9,9,37.666666666666664,0.3057361843429822,0.31851831830617255,0.015,0.2995671649274625
EML basis K=9,9,38.0,0.3056077255385645,0.30611664827512103,0.015,0.2995204025985142
EML basis K=9,9,38.33333333333333,0.3054976914288756,0.3057039351831519,0.015,0.2994951119204105
EML basis K=9,9,38.666666666666664,0.3054035999265705,0.29468490411107606,0.015,0.29948799052978076
EML basis K=9,9,39.0,0.3053232724135795,0.3123667938947919,0.015,0.29949611155814004
EML basis K=9,9,39.33333333333333,0.3052548035527307,0.289746802717406,0.015,0.2995168895671033
EML basis K=9,9,39.666666666666664,0.30519653345182585,0.31518487504828535,0.015,0.2995480487909222
EML basis K=9,9,40.0,0.3051470161513561,0.3280060788462081,0.015,0.2995875936128826
EML basis K=9,9,40.33333333333333,0.30510499721572004,0.2822347066442328,0.015,0.2996337811946913
EML basis K=9,9,40.666666666666664,0.3050693888104514,0.26807595034018167,0.015,0.2996850961718515
EML basis K=9,9,41.0,0.3050392526411918,0.3142924339685066,0.015,0.2997402273231305
EML basis K=9,9,41.33333333333333,0.30501377928638074,0.3432322465186276,0.015,0.2997980461185489
EML basis K=9,9,41.666666666666664,0.30499227231251935,0.28997839957944094,0.015,0.2998575870478545
EML basis K=9,9,42.0,0.3049741336859577,0.28621369730392787,0.015,0.29991802963012
EML basis K=9,9,42.33333333333333,0.30495885219415864,0.3137933862008657,0.015,0.29997868200481476
EML basis K=9,9,42.666666666666664,0.3049459900361804,0.29233516618530575,0.015,0.30003896600532043
EML basis K=9,9,43.0,0.3049351762386874,0.2973447939796363,0.015,0.300098403617254
EML basis K=9,9,43.33333333333333,0.3049260873509787,0.29970432535072206,0.015,0.30015660472614836
EML basis K=9,9,43.666666666666664,0.30491845706547593,0.3128984883598529,0.015,0.3002132560617621
EML basis K=9,9,44.0,0.30491205621384143,0.29883252079294464,0.015,0.30026811124945074
EML basis K=9,9,44.33333333333333,0.3049066878515658,0.30907493045276824,0.015,0.30032098188264705
EML basis K=9,9,44.666666666666664,0.3049021883564407,0.30225418947303706,0.015,0.30037172953436814
EML basis K=9,9,45.0,0.3048984190881052,0.2922283525333312,0.015,0.30042025862977806
EML basis K=9,9,45.33333333333333,0.30489526283668167,0.30009786897053337,0.015,0.30046651010603237
EML basis K=9,9,45.666666666666664,0.30489261867916095,0.29063662370164217,0.015,0.30051045578991686
EML basis K=9,9,46.0,0.30489040515176735,0.30498812993981356,0.015,0.30055209342813305
EML basis K=9,9,46.33333333333333,0.30488855264600034,0.2880305592325158,0.015,0.3005914423093589
EML basis K=9,9,46.666666666666664,0.3048870025648034,0.28849358702537475,0.015,0.3006285394213788
EML basis K=9,9,47.0,0.30488570528083603,0.32674013251041484,0.015,0.3006634360906987
EML basis K=9,9,47.33333333333333,0.30488461907481534,0.3040868557702352,0.015,0.30069619505604894
EML basis K=9,9,47.666666666666664,0.3048837099102726,0.30407517952819196,0.015,0.30072688793093005
EML basis K=9,9,48.0,0.30488294877442645,0.31255599507319076,0.015,0.30075559301404187
EML basis K=9,9,48.33333333333333,0.3048823102049094,0.2985694551666763,0.015,0.300782393409888
EML basis K=9,9,48.666666666666664,0.3048817754240276,0.3014537449118552,0.015,0.3008073754250795
EML basis K=9,9,49.0,0.3048813269489772,0.3112585579789558,0.015,0.30083062720898274
EML basis K=9,9,49.33333333333333,0.30488095055973363,0.3091171881933997,0.015,0.3008522376102131
EML basis K=9,9,49.666666666666664,0.3048806350055795,0.287491184101593,0.015,0.30087229522317105
EML basis K=9,9,50.0,0.30488037003539437,0.3173805089854393,0.015,0.3008908876013231
EML basis K=9,9,50.33333333333333,0.30488014753809733,0.2960236233887617,0.015,0.3009081006162441
EML basis K=9,9,50.666666666666664,0.30487995964618864,0.2890387753914758,0.015,0.3009240179435532
EML basis K=9,9,51.0,0.30487980137002024,0.29137267532003447,0.015,0.30093872065888133
EML basis K=9,9,51.33333333333333,0.3048796681668733,0.29902148800154343,0.015,0.3009522869287866
EML basis K=9,9,51.666666666666664,0.3048795559990405,0.3292890598183865,0.015,0.3009647917831975
EML basis K=9,9,52.0,0.3048794615592696,0.2872464229854579,0.015,0.30097630695746536
EML basis K=9,9,52.33333333333333,0.3048793820486504,0.3072805204366655,0.015,0.30098690079345775
EML basis K=9,9,52.666666666666664,0.30487931548268365,0.272811950111325,0.015,0.3009966381903845
EML basis K=9,9,53.0,0.30487925871618105,0.3048557547190031,0.015,0.3010055805971877
EML basis K=9,9,53.33333333333333,0.30487921081072233,0.3183727070728624,0.015,0.3010137860392858
EML basis K=9,9,53.666666666666664,0.3048791697855726,0.3013292199546508,0.015,0.30102130917342285
EML basis K=9,9,54.0,0.3048791349292481,0.295438811070998,0.015,0.30102820136515085
EML basis K=9,9,54.33333333333333,0.30487910509782723,0.3083517710587053,0.015,0.30103451078422483
EML basis K=9,9,54.666666666666664,0.3048790797398704,0.31538135600713013,0.015,0.3010402825138343
EML basis K=9,9,55.0,0.3048790581679226,0.3148339217331837,0.015,0.30104555867015936
EML basis K=9,9,55.33333333333333,0.3048790398046477,0.33446614761359456,0.015,0.3010503785292816
EML basis K=9,9,55.666666666666664,0.3048790243178554,0.30801653640289955,0.015,0.3010547786589173
EML basis K=9,9,56.0,0.30487901109380555,0.29599285959751154,0.015,0.30105879305279765
EML basis K=9,9,56.33333333333333,0.30487899984033584,0.3029893119905362,0.015,0.3010624532659584
EML basis K=9,9,56.666666666666664,0.30487899027132936,0.3037915120870322,0.015,0.30106578854944643
EML basis K=9,9,57.0,0.3048789820228366,0.3065100427750084,0.015,0.30106882598319534
EML basis K=9,9,57.33333333333333,0.30487897504169514,0.3044285578432536,0.015,0.30107159060615796
EML basis K=9,9,57.666666666666664,0.3048789689751772,0.30748845805862024,0.015,0.301074105542874
EML basis K=9,9,58.0,0.30487896384297897,0.27981621293375225,0.015,0.301076392125866
EML basis K=9,9,58.33333333333333,0.30487895940056875,0.3173233937411694,0.015,0.3010784700134358
EML basis K=9,9,58.666666666666664,0.3048789556277147,0.29625786659389924,0.015,0.3010803573025197
EML basis K=9,9,59.0,0.3048789524302733,0.2872815719835679,0.015,0.30108207063637027
EML basis K=9,9,59.33333333333333,0.30487894964315476,0.3144452170377763,0.015,0.30108362530696586
EML basis K=9,9,59.666666666666664,0.3048789472459721,0.3246388373567633,0.015,0.30108503535207554
EML basis K=9,9,60.0,0.30487894522895087,0.3122743674714425,0.015,0.30108631364696903
EML basis K=9,9,60.33333333333333,0.3048789434610555,0.3072963331687383,0.015,0.301087471990876
EML basis K=9,9,60.666666666666664,0.3048789419149187,0.29089563733433943,0.015,0.301088521188262
EML basis K=9,9,61.0,0.30487894062032317,0.34795245068752567,0.015,0.3010894711250691
EML basis K=9,9,61.33333333333333,0.3048789394843814,0.318082818794304,0.015,0.30109033084008346
EML basis K=9,9,61.666666666666664,0.30487893847929204,0.2877895184241474,0.015,0.30109110859161436
EML basis K=9,9,62.0,0.3048789376385057,0.29318436889490956,0.015,0.3010918119196598
EML basis K=9,9,62.33333333333333,0.3048789369026106,0.30618362563118917,0.015,0.3010924477037812
EML basis K=9,9,62.666666666666664,0.30487893625260165,0.28155796927266186,0.015,0.30109302221689666
EML basis K=9,9,63.0,0.3048789357410413,0.307408391846199,0.015,0.30109354117519166
EML basis K=9,9,63.33333333333333,0.3048789353035901,0.2979928619678987,0.015,0.3010940097843759
EML basis K=9,9,63.666666666666664,0.3048789349214325,0.32327299392617576,0.015,0.30109443278248604
EML basis K=9,9,64.0,0.30487893457575055,0.3193112545301742,0.015,0.301094814479456
EML basis K=9,9,64.33333333333333,0.3048789342570273,0.26420965269550567,0.015,0.3010951587936237
EML basis K=9,9,64.66666666666666,0.30487893402391086,0.3055044728143205,0.015,0.30109546928540704
EML basis K=9,9,65.0,0.30487893382118214,0.28061692132832683,0.015,0.3010957491883168
EML basis K=9,9,65.33333333333333,0.30487893363826113,0.32152350362698895,0.015,0.3010960014374796
EML basis K=9,9,65.66666666666666,0.3048789334645683,0.30740052150148567,0.015,0.3010962286958773
EML basis K=9,9,66.0,0.3048789332969004,0.3131050150797054,0.015,0.30109643337842085
EML basis K=9,9,66.33333333333333,0.3048789331775763,0.28890206224552684,0.015,0.3010966176740366
EML basis K=9,9,66.66666666666666,0.3048789330710169,0.3323053866409494,0.015,0.3010967835659297
EML basis K=9,9,67.0,0.3048789329723953,0.335180033479652,0.015,0.3010969328501143
EML basis K=9,9,67.33333333333333,0.30487893287688594,0.2889073672374928,0.015,0.30109706715238826
EML basis K=9,9,67.66666666666666,0.3048789327838892,0.310471159611884,0.015,0.30109718794385787
EML basis K=9,9,68.0,0.30487893271499855,0.29477939628914573,0.015,0.3010972965551051
EML basis K=9,9,68.33333333333333,0.3048789326528274,0.30452538359991643,0.015,0.3010973941891418
EML basis K=9,9,68.66666666666666,0.30487893259549126,0.2858943779071228,0.015,0.30109748193321456
EML basis K=9,9,69.0,0.3048789325411059,0.33288611525981515,0.015,0.30109756076957156
EML basis K=9,9,69.33333333333333,0.3048789324907073,0.2903412398244673,0.015,0.30109763158528224
EML basis K=9,9,69.66666666666666,0.3048789324547425,0.3004376752297801,0.015,0.30109769518116497
EML basis K=9,9,70.0,0.3048789324210921,0.31240117638774995,0.015,0.3010977522799244
EML basis K=9,9,70.33333333333333,0.30487893238975516,0.2951655222135132,0.015,0.3010978035335456
EML basis K=9,9,70.66666666666666,0.3048789323607326,0.3012892459147481,0.015,0.3010978495300151
EML basis K=9,9,71.0,0.30487893233402374,0.2964243346376193,0.015,0.30109789079943233
EML basis K=9,9,71.33333333333333,0.30487893230962926,0.30287702098708486,0.015,0.3010979278195525
EML basis K=9,9,71.66666666666666,0.3048789322875487,0.28732079276104416,0.015,0.30109796102081937
EML basis K=9,9,72.0,0.30487893226778207,0.2983091111337476,0.015,0.3010979907909405
EML basis K=9,9,72.33333333333333,0.3048789322503298,0.30177553837964616,0.015,0.30109801747901604
EML basis K=9,9,72.66666666666666,0.30487893223519125,0.2998730421781292,0.015,0.30109804139929225
EML basis K=9,9,73.0,0.30487893222236684,0.3057292815457738,0.015,0.301098062834563
EML basis K=9,9,73.33333333333333,0.30487893220753937,0.30048239891718853,0.015,0.30109808203924604
EML basis K=9,9,73.66666666666666,0.304878932193712,0.3161771033203027,0.015,0.3010980992421674
EML basis K=9,9,74.0,0.3048789321813976,0.30003099329461014,0.015,0.3010981146490782
EML basis K=9,9,74.33333333333333,0.3048789321705969,0.3028291882261587,0.015,0.3010981284449364
EML basis K=9,9,74.66666666666666,0.3048789321613099,0.2949072121213721,0.015,0.30109814079596464
EML basis K=9,9,75.0,0.3048789321535361,0.29698120955180757,0.015,0.30109815185150385
EML basis K=9,9,75.33333333333333,0.304878932147276,0.28591154028498034,0.015,0.3010981617456986
EML basis K=9,9,75.66666666666666,0.3048789321425289,0.3126607059556984,0.015,0.3010981705990185
EML basis K=9,9,76.0,0.30487893213929573,0.2877411618745084,0.015,0.30109817851962223
EML basis K=9,9,76.33333333333333,0.3048789321375758,0.2936910861647509,0.015,0.3010981856045901
EML basis K=9,9,76.66666666666666,0.3048789321373693,0.31026760191753733,0.015,0.30109819194104337
EML basis K=9,9,77.0,0.3048789321360732,0.3109175326252412,0.015,0.30109819760715095
EML basis K=9,9,77.33333333333333,0.30487893213377815,0.29887721086870206,0.015,0.30109820267302667
EML basis K=9,9,77.66666666666666,0.3048789321321268,0.2745899449747948,0.015,0.3010982072015473
EML basis K=9,9,78.0,0.30487893213111894,0.3111866314405526,0.015,0.30109821124909236
EML basis K=9,9,78.33333333333333,0.30487893213075523,0.30877238401413615,0.015,0.30109821486619986
EML basis K=9,9,78.66666666666666,0.30487893213103545,0.2836932138989588,0.015,0.30109821809816656
EML basis K=9,9,79.0,0.30487893213195916,0.3164337633738766,0.015,0.3010982209855776
EML basis K=9,9,79.33333333333333,0.30487893213352657,0.2943624351270252,0.015,0.30109822356479304
EML basis K=9,9,79.66666666666666,0.30487893213573813,0.28798611039343863,0.015,0.30109822586838647
EML basis K=9,9,80.0,0.3048789321385934,0.30631489280305724,0.015,0.30109822792552393
EML basis K=10,10,0.0,0.0,0.00518376288097179,0.015,0.42049761707602623
EML basis K=10,10,0.3333333333333333,1.996418388270995e-19,0.012324272152517374,0.015,0.11208875773801445
EML basis K=10,10,0.6666666666666666,1.5067218068481794e-13,0.004956556142901479,0.015,-0.06375254249978227
EML basis K=10,10,1.0,2.6786839432295806e-10,-0.01954735820619702,0.015,0.07574309347269542
EML basis K=10,10,1.3333333333333333,4.034807666019337e-08,0.013580378348173426,0.015,0.04721433779281238
EML basis K=10,10,1.6666666666666665,1.5754466915970215e-06,0.0066971940321517666,0.015,-0.017787852616320408
EML basis K=10,10,2.0,2.624270232688511e-05,-0.008028055828077392,0.015,-0.060577470867681976
EML basis K=10,10,2.333333333333333,0.00024325100608159044,0.008960022569026886,0.015,-0.07119643299148154
EML basis K=10,10,2.6666666666666665,0.0014699379530210633,0.006938523895812199,0.015,-0.052262275870762265
EML basis K=10,10,3.0,0.006405569629248328,0.010817557079081217,0.015,-0.008179423294461537
EML basis K=10,10,3.333333333333333,0.02150472680995173,0.02193106042968868,0.015,0.05671200632823947
EML basis K=10,10,3.6666666666666665,0.05804926393134114,0.06624995873052784,0.015,0.13825643095816093
EML basis K=10,10,4.0,0.12946450002070908,0.11841768871568407,0.015,0.23249875247927707
EML basis K=10,10,4.333333333333333,0.24323420888642322,0.24079055966652743,0.015,0.33573189908247003
EML basis K=10,10,4.666666666666666,0.3925194659439113,0.38528767625371163,0.015,0.4445215946120649
EML basis K=10,10,5.0,0.557248647537212,0.5662313407267314,0.015,0.5556975164404182
EML basis K=10,10,5.333333333333333,0.7152022565820915,0.7157980881943163,0.015,0.6663325000850452
EML basis K=10,10,5.666666666666666,0.8519461837622823,0.8475593324978059,0.015,0.7737340119042238
EML basis K=10,10,6.0,0.9626515191226164,0.9509228921872638,0.015,0.8754613540905284
EML basis K=10,10,6.333333333333333,1.0487571054702969,1.0448992218610138,0.015,0.9693697763965822
EML basis K=10,10,6.666666666666666,1.1142738062666002,1.1143959389743754,0.015,1.0536735613377026
EML basis K=10,10,7.0,1.1635720916181556,1.159438048038665,0.015,1.1270151802069097
EML basis K=10,10,7.333333333333333,1.2004676809356598,1.2198786381516329,0.015,1.1885263025433903
EML basis K=10,10,7.666666666666666,1.228004697335542,1.243105562065129,0.015,1.2378679051626722
EML basis K=10,10,8.0,1.248518454965099,1.2078510177806094,0.015,1.2752400676523539
EML basis K=10,10,8.333333333333332,1.2637737142739782,1.2354385155844632,0.015,1.30135643442771
EML basis K=10,10,8.666666666666666,1.2750990379698994,1.272477456589072,0.015,1.3173830408546843
EML basis K=10,10,9.0,1.283494865615177,1.2771620094415317,0.015,1.3248456217143147
EML basis K=10,10,9.333333333333332,1.289714386585898,1.2929190315483772,0.015,1.32551314803826
EML basis K=10,10,9.666666666666666,1.2943227262987067,1.2975825552640452,0.015,1.3212678225785701
EML basis K=10,10,10.0,1.2977404247826734,1.329508006108439,0.015,1.313972917545666
EML basis K=10,10,10.333333333333332,1.3002758292171728,1.2835955177767886,0.015,1.3053496419249182
EML basis K=10,10,10.666666666666666,1.3021495009351247,1.2964854258282197,0.015,1.2968728178717008
EML basis K=10,10,11.0,1.3035125398070044,1.3341541139193893,0.015,1.2896927926361976
EML basis K=10,10,11.333333333333332,1.304459984587487,1.3141605295305145,0.015,1.284588065350561
EML basis K=10,10,11.666666666666666,1.3050400662808914,1.3149860168665353,0.015,1.2819499520131519
EML basis K=10,10,12.0,1.305259946328965,1.297549850753653,0.015,1.2817976154176252
EML basis K=10,10,12.333333333333332,1.3050885631065465,1.2803674355437118,0.015,1.283819257411906
EML basis K=10,10,12.666666666666666,1.304457252835748,1.306969223999089,0.015,1.2874334254169932
EML basis K=10,10,13.0,1.303258891652085,1.3048941029694083,0.015,1.2918633343526555
EML basis K=10,10,13.333333333333332,1.3013463793479305,1.282936098534262,0.015,1.2962168549729567
EML basis K=10,10,13.666666666666666,1.298531383323379,1.2882829833966705,0.015,1.2995652858851003
EML basis K=10,10,14.0,1.2945843817483562,1.2935037265524478,0.015,1.301015058757615
EML basis K=10,10,14.333333333333332,1.2892370382068818,1.2750657638609701,0.015,1.299767936185083
EML basis K=10,10,14.666666666666666,1.282188016186188,1.2807139666684049,0.015,1.295166851625582
EML basis K=10,10,15.0,1.2731131361884065,1.2745453816004484,0.015,1.286726127837884
EML basis K=10,10,15.333333333333332,1.2616804765580754,1.2622142701139076,0.015,1.2741462441342475
EML basis K=10,10,15.666666666666666,1.2475704340717808,1.239976059197066,0.015,1.2573144965631815
EML basis K=10,10,16.0,1.230499948635101,1.2394061697118883,0.015,1.2362937483271765
EML basis K=10,10,16.333333333333332,1.2102491131401396,1.2236166174543746,0.015,1.2113019833955003
EML basis K=10,10,16.666666666666664,1.1866874209595009,1.1915001455279992,0.015,1.1826855737988278
EML basis K=10,10,17.0,1.1597962146390166,1.147522761228162,0.015,1.1508890964657807
EML basis K=10,10,17.333333333333332,1.1296837280462655,1.140658512303047,0.015,1.1164242507021203
EML basis K=10,10,17.666666666666664,1.0965897272133462,1.0890681269363405,0.015,1.0798400007334856
EML basis K=10,10,18.0,1.0608781577599196,1.0740655670342394,0.015,1.0416955653334712
EML basis K=10,10,18.333333333333332,1.023017967076654,1.0069411558234922,0.015,1.0025373566062066
EML basis K=10,10,18.666666666666664,0.9835544074027927,0.9972714154497244,0.015,0.9628804789027021
EML basis K=10,10,19.0,0.9430745120974806,0.9427735602782484,0.015,0.9231949697010741
EML basis K=10,10,19.333333333333332,0.9021712618448878,0.8834400284898716,0.015,0.8838966169713833
EML basis K=10,10,19.666666666666664,0.8614106995737918,0.856702207494289,0.015,0.8453419302255174
EML basis K=10,10,20.0,0.8213052769668949,0.8221168111484681,0.015,0.8078266737300153
EML basis K=10,10,20.333333333333332,0.7822952737608267,0.7863871438482936,0.015,0.7715872818543106
EML basis K=10,10,20.666666666666664,0.7447386703465231,0.7300058484724085,0.015,0.7368044554058296
EML basis K=10,10,21.0,0.7089086734014908,0.6922980776940129,0.015,0.7036082690565962
EML basis K=10,10,21.333333333333332,0.6749973396960893,0.6779911076887956,0.015,0.6720841882652981
EML basis K=10,10,21.666666666666664,0.6431234444693016,0.6361222002161045,0.015,0.6422794851770354
EML basis K=10,10,22.0,0.6133428148253325,0.6168753990012859,0.015,0.6142096445385403
EML basis K=10,10,22.333333333333332,0.5856596201579897,0.5970524129951653,0.015,0.587864452842886
EML basis K=10,10,22.666666666666664,0.560037489598496,0.5353056791032318,0.015,0.5632135594348348
EML basis K=10,10,23.0,0.5364097288345331,0.5402255505822974,0.015,0.5402113823373367
EML basis K=10,10,23.333333333333332,0.5146882320517349,0.5330579365647709,0.015,0.5188013014267528
EML basis K=10,10,23.666666666666664,0.4947709007273773,0.4903079980618202,0.015,0.4989191363757436
EML basis K=10,10,24.0,0.47654761899324605,0.4643854002446825,0.015,0.4804959469228558
EML basis K=10,10,24.333333333333332,0.4599048874371906,0.4711885448448845,0.015,0.4634602198678909
EML basis K=10,10,24.666666666666664,0.4447292994357809,0.448530997178903,0.015,0.4477395226449013
EML basis K=10,10,25.0,0.430910033018312,0.4443482790799754,0.015,0.4332617095615113
EML basis K=10,10,25.333333333333332,0.41834057703262517,0.413162341381856,0.015,0.4199557660091682
EML basis K=10,10,25.666666666666664,0.4069198336119043,0.3846925595060712,0.015,0.40775237019574706
EML basis K=10,10,26.0,0.3965527455178114,0.3949025840471426,0.015,0.3965842430311237
EML basis K=10,10,26.333333333333332,0.38715059839092014,0.38046317609575164,0.015,0.38638634620341095
EML basis K=10,10,26.666666666666664,0.3786310340977743,0.3902608914284879,0.015,0.37709597739127976
EML basis K=10,10,27.0,0.370917933990888,0.3738224267165453,0.015,0.36865280082872165
EML basis K=10,10,27.333333333333332,0.363941148641294,0.3394784101547675,0.015,0.36099884165682405
EML basis K=10,10,27.666666666666664,0.3576361906386246,0.3397087444370766,0.015,0.3540784640104207
EML basis K=10,10,28.0,0.35194384727221706,0.3652006828210259,0.015,0.34783834575375966
EML basis K=10,10,28.333333333333332,0.34680982278327843,0.35700629804454614,0.015,0.3422274572132277
EML basis K=10,10,28.666666666666664,0.3421843462696138,0.3325806957809865,0.015,0.33719704706976217
EML basis K=10,10,29.0,0.33802182082315924,0.33800608887465,0.015,0.332700635616963
EML basis K=10,10,29.333333333333332,0.3342804651856972,0.34096406849234,0.015,0.3286940136765843
EML basis K=10,10,29.666666666666664,0.33092199437904657,0.33794805941675576,0.015,0.32513524439242625
EML basis K=10,10,30.0,0.3279113298874511,0.34105496282916636,0.015,0.32198466470305653
EML basis K=10,10,30.333333333333332,0.3252163154045622,0.32906359981288563,0.015,0.3192048833462061
EML basis K=10,10,30.666666666666664,0.3228074794669231,0.3213850543823957,0.015,0.3167607726189668
EML basis K=10,10,31.0,0.3206578106968013,0.31677508972498364,0.015,0.3146194516800188
EML basis K=10,10,31.333333333333332,0.31874255512534644,0.3345786971333452,0.015,0.3127502598316974
EML basis K=10,10,31.666666666666664,0.31703903310265436,0.2832762189764763,0.015,0.3111247188842856
EML basis K=10,10,32.0,0.3155264778079694,0.3134466479315993,0.015,0.3097164843283264
EML basis K=10,10,32.33333333333333,0.31418588806297143,0.31468088962273233,0.015,0.30850128558805245
EML basis K=10,10,32.666666666666664,0.31299989145598905,0.29161965704293624,0.015,0.30745685608042506
EML basis K=10,10,33.0,0.311952624603948,0.3169448288010187,0.015,0.3065628541522735
EML basis K=10,10,33.33333333333333,0.31102961884170055,0.30126040365504964,0.015,0.3058007762139456
EML basis K=10,10,33.666666666666664,0.31021769840222124,0.32315437034695743,0.015,0.3051538635390301
EML basis K=10,10,34.0,0.3095048841480541,0.3076210028875392,0.015,0.3046070042675366
EML basis K=10,10,34.33333333333333,0.3088803042276822,0.318917602839524,0.015,0.3041466321476454
EML basis K=10,10,34.666666666666664,0.3083341129674908,0.32661676704505915,0.015,0.30376062349269156
EML basis K=10,10,35.0,0.3078574141321624,0.3136013578728645,0.015,0.3034381937291507
EML basis K=10,10,35.33333333333333,0.30744218333101503,0.2943063661796724,0.015,0.3031697947804333
EML basis K=10,10,35.666666666666664,0.30708120142480877,0.2843664219492392,0.015,0.30294701438141275
EML basis K=10,10,36.0,0.30676799251056197,0.33306875427330757,0.015,0.3027624782591554
EML basis K=10,10,36.33333333333333,0.30649675822341216,0.3048273753255994,0.015,0.30260975595403994
EML basis K=10,10,36.666666666666664,0.30626231879262344,0.2959338445781086,0.015,0.3024832708981942
EML basis K=10,10,37.0,0.3060600626747674,0.30822391899567975,0.015,0.3023782152196356
EML basis K=10,10,37.33333333333333,0.3058858943095113,0.30301472435227156,0.015,0.3022904696036359
EML basis K=10,10,37.666666666666664,0.3057361843429822,0.31851831830617255,0.015,0.3022165284196857
EML basis K=10,10,38.0,0.3056077255385645,0.30611664827512103,0.015,0.3021534302141477
EML basis K=10,10,38.33333333333333,0.3054976914288756,0.3057039351831519,0.015,0.30209869357541597
EML basis K=10,10,38.666666666666664,0.3054035999265705,0.29468490411107606,0.015,0.3020502582999092
EML basis K=10,10,39.0,0.3053232724135795,0.3123667938947919,0.015,0.3020064317228239
EML basis K=10,10,39.33333333333333,0.3052548035527307,0.289746802717406,0.015,0.30196584002620674
EML basis K=10,10,39.666666666666664,0.30519653345182585,0.31518487504828535,0.015,0.30192738429743593
EML basis K=10,10,40.0,0.3051470161513561,0.3280060788462081,0.015,0.3018902010822796
EML basis K=10,10,40.33333333333333,0.30510499721572004,0.2822347066442328,0.015,0.30185362715700575
EML basis K=10,10,40.666666666666664,0.3050693888104514,0.26807595034018167,0.015,0.3018171682323268
EML basis K=10,10,41.0,0.3050392526411918,0.3142924339685066,0.015,0.3017804712969831
EML basis K=10,10,41.33333333333333,0.30501377928638074,0.3432322465186276,0.015,0.30174330030931285
EML basis K=10,10,41.666666666666664,0.30499227231251935,0.28997839957944094,0.015,0.3017055149502492
EML basis K=10,10,42.0,0.3049741336859577,0.28621369730392787,0.015,0.30166705215982836
EML basis K=10,10,42.33333333333333,0.30495885219415864,0.3137933862008657,0.015,0.3016279101907112
EML basis K=10,10,42.666666666666664,0.3049459900361804,0.29233516618530575,0.015,0.3015881349256157
EML basis K=10,10,43.0,0.3049351762386874,0.2973447939796363,0.015,0.301547808220326
EML basis K=10,10,43.33333333333333,0.3049260873509787,0.29970432535072206,0.015,0.3015070380496652
EML basis K=10,10,43.666666666666664,0.30491845706547593,0.3128984883598529,0.015,0.30146595024992723
EML basis K=10,10,44.0,0.30491205621384143,0.29883252079294464,0.015,0.3014246816674304
EML basis K=10,10,44.33333333333333,0.3049066878515658,0.30907493045276824,0.015,0.3013833745388461
EML basis K=10,10,44.666666666666664,0.3049021883564407,0.30225418947303706,0.015,0.3013421719445338
EML basis K=10,10,45.0,0.3048984190881052,0.2922283525333312,0.015,0.30130121419109157
EML basis K=10,10,45.33333333333333,0.30489526283668167,0.30009786897053337,0.015,0.3012606359935446
EML basis K=10,10,45.666666666666664,0.30489261867916095,0.29063662370164217,0.015,0.3012205643410206
EML basis K=10,10,46.0,0.30489040515176735,0.30498812993981356,0.015,0.3011811169423667
EML basis K=10,10,46.33333333333333,0.30488855264600034,0.2880305592325158,0.015,0.30114240115981694
EML basis K=10,10,46.666666666666664,0.3048870025648034,0.28849358702537475,0.015,0.30110451334957206
EML basis K=10,10,47.0,0.30488570528083603,0.32674013251041484,0.015,0.3010675385380556
EML basis K=10,10,47.33333333333333,0.30488461907481534,0.3040868557702352,0.015,0.30103155037163415
EML basis K=10,10,47.666666666666664,0.3048837099102726,0.30407517952819196,0.015,0.30099661128572036
EML basis K=10,10,48.0,0.30488294877442645,0.31255599507319076,0.015,0.300962772846592
EML basis K=10,10,48.33333333333333,0.3048823102049094,0.2985694551666763,0.015,0.3009300762258761
EML basis K=10,10,48.666666666666664,0.3048817754240276,0.3014537449118552,0.015,0.30089855277353283
EML basis K=10,10,49.0,0.3048813269489772,0.3112585579789558,0.015,0.3008682246604763
EML basis K=10,10,49.33333333333333,0.30488095055973363,0.3091171881933997,0.015,0.30083910556659677
EML basis K=10,10,49.666666666666664,0.3048806350055795,0.287491184101593,0.015,0.3008112013940603
EML basis K=10,10,50.0,0.30488037003539437,0.3173805089854393,0.015,0.3007845109893516
EML basis K=10,10,50.33333333333333,0.30488014753809733,0.2960236233887617,0.015,0.3007590268606489
EML basis K=10,10,50.666666666666664,0.30487995964618864,0.2890387753914758,0.015,0.30073473587982696
EML basis K=10,10,51.0,0.30487980137002024,0.29137267532003447,0.015,0.3007116199607312
EML basis K=10,10,51.33333333333333,0.3048796681668733,0.29902148800154343,0.015,0.3006896567073707
EML basis K=10,10,51.666666666666664,0.3048795559990405,0.3292890598183865,0.015,0.30066882002736744
EML basis K=10,10,52.0,0.3048794615592696,0.2872464229854579,0.015,0.300649080707449
EML basis K=10,10,52.33333333333333,0.3048793820486504,0.3072805204366655,0.015,0.3006304069489462
EML basis K=10,10,52.666666666666664,0.30487931548268365,0.272811950111325,0.015,0.3006127648622852
EML basis K=10,10,53.0,0.30487925871618105,0.3048557547190031,0.015,0.3005961189202759
EML basis K=10,10,53.33333333333333,0.30487921081072233,0.3183727070728624,0.015,0.300580432370642
EML basis K=10,10,53.666666666666664,0.3048791697855726,0.3013292199546508,0.015,0.3005656676087732
EML basis K=10,10,54.0,0.3048791349292481,0.295438811070998,0.015,0.3005517865120844
EML basis K=10,10,54.33333333333333,0.30487910509782723,0.3083517710587053,0.015,0.30053875073767844
EML basis K=10,10,54.666666666666664,0.3048790797398704,0.31538135600713013,0.015,0.30052652198523766
EML basis K=10,10,55.0,0.3048790581679226,0.3148339217331837,0.015,0.3005150622272006
EML basis K=10,10,55.33333333333333,0.3048790398046477,0.33446614761359456,0.015,0.30050433390841175
EML basis K=10,10,55.666666666666664,0.3048790243178554,0.30801653640289955,0.015,0.30049430011745293
EML basis K=10,10,56.0,0.30487901109380555,0.29599285959751154,0.015,0.30048492473183447
EML basis K=10,10,56.33333333333333,0.30487899984033584,0.3029893119905362,0.015,0.3004761725392773
EML basis K=10,10,56.666666666666664,0.30487899027132936,0.3037915120870322,0.015,0.300468009337199
EML basis K=10,10,57.0,0.3048789820228366,0.3065100427750084,0.015,0.300460402012429
EML basis K=10,10,57.33333333333333,0.30487897504169514,0.3044285578432536,0.015,0.3004533186031781
EML basis K=10,10,57.666666666666664,0.3048789689751772,0.30748845805862024,0.015,0.30044672834509095
EML basis K=10,10,58.0,0.30487896384297897,0.27981621293375225,0.015,0.30044060170312586
EML basis K=10,10,58.33333333333333,0.30487895940056875,0.3173233937411694,0.015,0.3004349103909398
EML basis K=10,10,58.666666666666664,0.3048789556277147,0.29625786659389924,0.015,0.30042962737929774
EML basis K=10,10,59.0,0.3048789524302733,0.2872815719835679,0.015,0.30042472689490135
EML basis K=10,10,59.33333333333333,0.30487894964315476,0.3144452170377763,0.015,0.3004201844109781
EML basis K=10,10,59.666666666666664,0.3048789472459721,0.3246388373567633,0.015,0.30041597663080477
EML basis K=10,10,60.0,0.30487894522895087,0.3122743674714425,0.015,0.30041208146522863
EML basis K=10,10,60.33333333333333,0.3048789434610555,0.3072963331687383,0.015,0.300408478005217
EML basis K=10,10,60.666666666666664,0.3048789419149187,0.29089563733433943,0.015,0.30040514649029565
EML basis K=10,10,61.0,0.30487894062032317,0.34795245068752567,0.015,0.300402068273673
EML basis K=10,10,61.33333333333333,0.3048789394843814,0.318082818794304,0.015,0.3003992257847784
EML basis K=10,10,61.666666666666664,0.30487893847929204,0.2877895184241474,0.015,0.30039660248983907
EML basis K=10,10,62.0,0.3048789376385057,0.29318436889490956,0.015,0.300394182851043
EML basis K=10,10,62.33333333333333,0.3048789369026106,0.30618362563118917,0.015,0.30039195228479315
EML basis K=10,10,62.666666666666664,0.30487893625260165,0.28155796927266186,0.015,0.3003898971194785
EML basis K=10,10,63.0,0.3048789357410413,0.307408391846199,0.015,0.30038800455312237
EML basis K=10,10,63.33333333333333,0.3048789353035901,0.2979928619678987,0.015,0.30038626261123985
EML basis K=10,10,63.666666666666664,0.3048789349214325,0.32327299392617576,0.015,0.30038466010516446
EML basis K=10,10,64.0,0.30487893457575055,0.3193112545301742,0.015,0.3003831865910889
EML basis K=10,10,64.33333333333333,0.3048789342570273,0.26420965269550567,0.015,0.3003818323299764
EML basis K=10,10,64.66666666666666,0.30487893402391086,0.3055044728143205,0.015,0.3003805882485323
EML basis K=10,10,65.0,0.30487893382118214,0.28061692132832683,0.015,0.3003794459013508
EML basis K=10,10,65.33333333333333,0.30487893363826113,0.32152350362698895,0.015,0.3003783974343127
EML basis K=10,10,65.66666666666666,0.3048789334645683,0.30740052150148567,0.015,0.3003774355493573
EML basis K=10,10,66.0,0.3048789332969004,0.3131050150797054,0.015,0.30037655347062764
EML basis K=10,10,66.33333333333333,0.3048789331775763,0.28890206224552684,0.015,0.30037574491204627
EML basis K=10,10,66.66666666666666,0.3048789330710169,0.3323053866409494,0.015,0.3003750040463624
EML basis K=10,10,67.0,0.3048789329723953,0.335180033479652,0.015,0.300374325475628
EML basis K=10,10,67.33333333333333,0.30487893287688594,0.2889073672374928,0.015,0.3003737042031364
EML basis K=10,10,67.66666666666666,0.3048789327838892,0.310471159611884,0.015,0.30037313560680423
EML basis K=10,10,68.0,0.30487893271499855,0.29477939628914573,0.015,0.30037261541393573
EML basis K=10,10,68.33333333333333,0.3048789326528274,0.30452538359991643,0.015,0.3003721396773907
EML basis K=10,10,68.66666666666666,0.30487893259549126,0.2858943779071228,0.015,0.3003717047530694
EML basis K=10,10,69.0,0.3048789325411059,0.33288611525981515,0.015,0.30037130727871103
EML basis K=10,10,69.33333333333333,0.3048789324907073,0.2903412398244673,0.015,0.30037094415394333
EML basis K=10,10,69.66666666666666,0.3048789324547425,0.3004376752297801,0.015,0.30037061252153296
EML basis K=10,10,70.0,0.3048789324210921,0.31240117638774995,0.015,0.30037030974980244
EML basis K=10,10,70.33333333333333,0.30487893238975516,0.2951655222135132,0.015,0.3003700334161496
EML basis K=10,10,70.66666666666666,0.3048789323607326,0.3012892459147481,0.015,0.3003697812916212
EML basis K=10,10,71.0,0.30487893233402374,0.2964243346376193,0.015,0.30036955132650045
EML basis K=10,10,71.33333333333333,0.30487893230962926,0.30287702098708486,0.015,0.30036934163684087
EML basis K=10,10,71.66666666666666,0.3048789322875487,0.28732079276104416,0.015,0.30036915049191126
EML basis K=10,10,72.0,0.30487893226778207,0.2983091111337476,0.015,0.3003689763025045
EML basis K=10,10,72.33333333333333,0.3048789322503298,0.30177553837964616,0.015,0.30036881761003814
EML basis K=10,10,72.66666666666666,0.30487893223519125,0.2998730421781292,0.015,0.30036867307642806
EML basis K=10,10,73.0,0.30487893222236684,0.3057292815457738,0.015,0.30036854147468
EML basis K=10,10,73.33333333333333,0.30487893220753937,0.30048239891718853,0.015,0.30036842168015765
EML basis K=10,10,73.66666666666666,0.304878932193712,0.3161771033203027,0.015,0.30036831266247666
EML basis K=10,10,74.0,0.3048789321813976,0.30003099329461014,0.015,0.3003682134779974
EML basis K=10,10,74.33333333333333,0.3048789321705969,0.3028291882261587,0.015,0.30036812326287027
EML basis K=10,10,74.66666666666666,0.3048789321613099,0.2949072121213721,0.015,0.3003680412266035
EML basis K=10,10,75.0,0.3048789321535361,0.29698120955180757,0.015,0.30036796664610266
EML basis K=10,10,75.33333333333333,0.304878932147276,0.28591154028498034,0.015,0.3003678988601813
EML basis K=10,10,75.66666666666666,0.3048789321425289,0.3126607059556984,0.015,0.3003678372644838
EML basis K=10,10,76.0,0.30487893213929573,0.2877411618745084,0.015,0.300367781306798
EML basis K=10,10,76.33333333333333,0.3048789321375758,0.2936910861647509,0.015,0.3003677304827294
EML basis K=10,10,76.66666666666666,0.3048789321373693,0.31026760191753733,0.015,0.3003676843317234
EML basis K=10,10,77.0,0.3048789321360732,0.3109175326252412,0.015,0.30036764243340197
EML basis K=10,10,77.33333333333333,0.30487893213377815,0.29887721086870206,0.015,0.30036760440417226
EML basis K=10,10,77.66666666666666,0.3048789321321268,0.2745899449747948,0.015,0.30036756989413005
EML basis K=10,10,78.0,0.30487893213111894,0.3111866314405526,0.015,0.3003675385841996
EML basis K=10,10,78.33333333333333,0.30487893213075523,0.30877238401413615,0.015,0.300367510183507
EML basis K=10,10,78.66666666666666,0.30487893213103545,0.2836932138989588,0.015,0.30036748442696964
EML basis K=10,10,79.0,0.30487893213195916,0.3164337633738766,0.015,0.3003674610730767
EML basis K=10,10,79.33333333333333,0.30487893213352657,0.2943624351270252,0.015,0.3003674399018606
EML basis K=10,10,79.66666666666666,0.30487893213573813,0.28798611039343863,0.015,0.3003674207130357
EML basis K=10,10,80.0,0.3048789321385934,0.30631489280305724,0.015,0.300367403324281
